{"user_id": "000b3284-1858-4801-8db3-c631ea7760f8", "device": "desktop", "trace": [{"event_name": "load", "timestamp": "1658962223463", "position": {"x": 0, "y": 0}}, {"event_name": "pageshow", "timestamp": "1658962223463", "position": {"x": 0, "y": 0}}, {"event_name": "mouseover", "timestamp": "1658962223489", "position": {"x": 630, "y": 79}}, {"event_name": "mousemove", "timestamp": "1658962223489", "position": {"x": 630, "y": 79}}, {"event_name": "mouseout", "timestamp": "1658962223504", "position": {"x": 1031, "y": 544}}, {"event_name": "mouseover", "timestamp": "1658962223538", "position": {"x": 638, "y": 322}}, {"event_name": "mousemove", "timestamp": "1658962223538", "position": {"x": 638, "y": 322}}, {"event_name": "mouseout", "timestamp": "1658962223554", "position": {"x": 1183, "y": 8}}, {"event_name": "mouseover", "timestamp": "1658962223671", "position": {"x": 241, "y": 38}}, {"event_name": "mousemove", "timestamp": "1658962223672", "position": {"x": 241, "y": 38}}, {"event_name": "mouseout", "timestamp": "1658962223688", "position": {"x": 1754, "y": 469}}, {"event_name": "mouseover", "timestamp": "1658962223739", "position": {"x": 568, "y": 106}}, {"event_name": "mousemove", "timestamp": "1658962223739", "position": {"x": 568, "y": 106}}, {"event_name": "mouseout", "timestamp": "1658962223754", "position": {"x": 1427, "y": 296}}, {"event_name": "mouseover", "timestamp": "1658962223787", "position": {"x": 462, "y": 487}}, {"event_name": "mousemove", "timestamp": "1658962223787", "position": {"x": 462, "y": 487}}, {"event_name": "mouseout", "timestamp": "1658962223804", "position": {"x": 1130, "y": 535}}, {"event_name": "mouseover", "timestamp": "1658962223855", "position": {"x": 43, "y": 466}}, {"event_name": "mousemove", "timestamp": "1658962223855", "position": {"x": 43, "y": 466}}, {"event_name": "mouseout", "timestamp": "1658962223871", "position": {"x": 587, "y": 344}}, {"event_name": "mouseover", "timestamp": "1658962223871", "position": {"x": 587, "y": 344}}, {"event_name": "mousemove", "timestamp": "1658962223871", "position": {"x": 587, "y": 344}}, {"event_name": "mousemove", "timestamp": "1658962223887", "position": {"x": 525, "y": 384}}, {"event_name": "mouseout", "timestamp": "1658962223905", "position": {"x": 1118, "y": 701}}, {"event_name": "mouseover", "timestamp": "1658962223955", "position": {"x": 53, "y": 374}}, {"event_name": "mousemove", "timestamp": "1658962223955", "position": {"x": 53, "y": 374}}, {"event_name": "mouseout", "timestamp": "1658962223971", "position": {"x": 355, "y": 413}}, {"event_name": "mouseover", "timestamp": "1658962223971", "position": {"x": 355, "y": 413}}, {"event_name": "mousemove", "timestamp": "1658962223971", "position": {"x": 355, "y": 413}}, {"event_name": "mouseout", "timestamp": "1658962223988", "position": {"x": 1562, "y": 840}}, {"event_name": "mouseover", "timestamp": "1658962224005", "position": {"x": 229, "y": 462}}, {"event_name": "mousemove", "timestamp": "1658962224005", "position": {"x": 229, "y": 462}}, {"event_name": "mouseout", "timestamp": "1658962224021", "position": {"x": 575, "y": 661}}, {"event_name": "mouseover", "timestamp": "1658962224343", "position": {"x": 162, "y": 188}}, {"event_name": "mousemove", "timestamp": "1658962224343", "position": {"x": 162, "y": 188}}, {"event_name": "mouseout", "timestamp": "1658962224354", "position": {"x": 773, "y": 70}}, {"event_name": "mouseover", "timestamp": "1658962224354", "position": {"x": 773, "y": 70}}, {"event_name": "mousemove", "timestamp": "1658962224355", "position": {"x": 773, "y": 70}}, {"event_name": "mouseout", "timestamp": "1658962224371", "position": {"x": 202, "y": 410}}, {"event_name": "mouseover", "timestamp": "1658962224371", "position": {"x": 202, "y": 410}}, {"event_name": "mousemove", "timestamp": "1658962224371", "position": {"x": 202, "y": 410}}, {"event_name": "mouseout", "timestamp": "1658962224390", "position": {"x": 1269, "y": 201}}, {"event_name": "mouseover", "timestamp": "1658962224421", "position": {"x": 237, "y": 440}}, {"event_name": "mousemove", "timestamp": "1658962224421", "position": {"x": 237, "y": 440}}, {"event_name": "mouseout", "timestamp": "1658962224438", "position": {"x": 449, "y": 36}}, {"event_name": "mouseover", "timestamp": "1658962224438", "position": {"x": 449, "y": 36}}, {"event_name": "mousemove", "timestamp": "1658962224439", "position": {"x": 449, "y": 36}}, {"event_name": "mouseout", "timestamp": "1658962224460", "position": {"x": 956, "y": 32}}, {"event_name": "mouseover", "timestamp": "1658962224488", "position": {"x": 321, "y": 44}}, {"event_name": "mousemove", "timestamp": "1658962224488", "position": {"x": 321, "y": 44}}, {"event_name": "mouseout", "timestamp": "1658962224506", "position": {"x": 1591, "y": 525}}, {"event_name": "mouseover", "timestamp": "1658962224539", "position": {"x": 557, "y": 483}}, {"event_name": "mousemove", "timestamp": "1658962224540", "position": {"x": 557, "y": 483}}, {"event_name": "mouseout", "timestamp": "1658962224555", "position": {"x": 267, "y": 67}}, {"event_name": "mouseover", "timestamp": "1658962224555", "position": {"x": 267, "y": 67}}, {"event_name": "mousemove", "timestamp": "1658962224555", "position": {"x": 267, "y": 67}}, {"event_name": "mouseout", "timestamp": "1658962224571", "position": {"x": 950, "y": 812}}, {"event_name": "mouseover", "timestamp": "1658962224622", "position": {"x": 201, "y": 18}}, {"event_name": "mousemove", "timestamp": "1658962224622", "position": {"x": 201, "y": 18}}, {"event_name": "mouseout", "timestamp": "1658962224638", "position": {"x": 291, "y": 811}}, {"event_name": "mouseover", "timestamp": "1658962224655", "position": {"x": 664, "y": 186}}, {"event_name": "mousemove", "timestamp": "1658962224655", "position": {"x": 664, "y": 186}}, {"event_name": "mouseout", "timestamp": "1658962224671", "position": {"x": 248, "y": 766}}, {"event_name": "mouseover", "timestamp": "1658962224688", "position": {"x": 293, "y": 578}}, {"event_name": "mousemove", "timestamp": "1658962224689", "position": {"x": 293, "y": 578}}, {"event_name": "mouseout", "timestamp": "1658962224705", "position": {"x": 728, "y": 97}}, {"event_name": "mouseover", "timestamp": "1658962224705", "position": {"x": 728, "y": 97}}, {"event_name": "mousemove", "timestamp": "1658962224705", "position": {"x": 728, "y": 97}}, {"event_name": "mouseout", "timestamp": "1658962224722", "position": {"x": 1115, "y": 556}}, {"event_name": "mouseover", "timestamp": "1658962224754", "position": {"x": 429, "y": 329}}, {"event_name": "mousemove", "timestamp": "1658962224754", "position": {"x": 429, "y": 329}}, {"event_name": "mouseout", "timestamp": "1658962224772", "position": {"x": 1750, "y": 772}}, {"event_name": "mouseover", "timestamp": "1658962224787", "position": {"x": 462, "y": 488}}, {"event_name": "mousemove", "timestamp": "1658962224787", "position": {"x": 462, "y": 488}}, {"event_name": "mouseout", "timestamp": "1658962224804", "position": {"x": 944, "y": 799}}, {"event_name": "mouseover", "timestamp": "1658962224821", "position": {"x": 675, "y": 544}}, {"event_name": "mousemove", "timestamp": "1658962224821", "position": {"x": 675, "y": 544}}, {"event_name": "mouseout", "timestamp": "1658962224840", "position": {"x": 1364, "y": 725}}, {"event_name": "mouseover", "timestamp": "1658962224938", "position": {"x": 734, "y": 24}}, {"event_name": "mousemove", "timestamp": "1658962224938", "position": {"x": 734, "y": 24}}, {"event_name": "mouseout", "timestamp": "1658962224955", "position": {"x": 38, "y": 582}}, {"event_name": "mouseover", "timestamp": "1658962224955", "position": {"x": 38, "y": 582}}, {"event_name": "mousemove", "timestamp": "1658962224955", "position": {"x": 38, "y": 582}}, {"event_name": "mouseout", "timestamp": "1658962224971", "position": {"x": 631, "y": 841}}, {"event_name": "mouseover", "timestamp": "1658962225154", "position": {"x": 603, "y": 77}}, {"event_name": "mousemove", "timestamp": "1658962225155", "position": {"x": 603, "y": 77}}, {"event_name": "mousemove", "timestamp": "1658962225175", "position": {"x": 160, "y": 78}}, {"event_name": "mouseout", "timestamp": "1658962225189", "position": {"x": 207, "y": 701}}, {"event_name": "mouseover", "timestamp": "1658962225206", "position": {"x": 600, "y": 138}}, {"event_name": "mousemove", "timestamp": "1658962225206", "position": {"x": 600, "y": 138}}, {"event_name": "mouseout", "timestamp": "1658962225221", "position": {"x": 1062, "y": 564}}, {"event_name": "mouseover", "timestamp": "1658962225255", "position": {"x": 226, "y": 168}}, {"event_name": "mousemove", "timestamp": "1658962225255", "position": {"x": 226, "y": 168}}, {"event_name": "mouseout", "timestamp": "1658962225273", "position": {"x": 694, "y": 7}}, {"event_name": "mouseover", "timestamp": "1658962225274", "position": {"x": 694, "y": 7}}, {"event_name": "mousemove", "timestamp": "1658962225274", "position": {"x": 694, "y": 7}}, {"event_name": "mouseout", "timestamp": "1658962225288", "position": {"x": 1259, "y": 29}}, {"event_name": "mouseover", "timestamp": "1658962225339", "position": {"x": 765, "y": 65}}, {"event_name": "mousemove", "timestamp": "1658962225339", "position": {"x": 765, "y": 65}}, {"event_name": "mouseout", "timestamp": "1658962225354", "position": {"x": 704, "y": 249}}, {"event_name": "mouseover", "timestamp": "1658962225354", "position": {"x": 704, "y": 249}}, {"event_name": "mousemove", "timestamp": "1658962225355", "position": {"x": 704, "y": 249}}, {"event_name": "mouseout", "timestamp": "1658962225371", "position": {"x": 662, "y": 387}}, {"event_name": "mouseover", "timestamp": "1658962225371", "position": {"x": 662, "y": 387}}, {"event_name": "mousemove", "timestamp": "1658962225371", "position": {"x": 662, "y": 387}}, {"event_name": "mouseout", "timestamp": "1658962225388", "position": {"x": 756, "y": 463}}, {"event_name": "mouseover", "timestamp": "1658962225389", "position": {"x": 756, "y": 463}}, {"event_name": "mousemove", "timestamp": "1658962225389", "position": {"x": 756, "y": 463}}, {"event_name": "mouseout", "timestamp": "1658962225405", "position": {"x": 1645, "y": 790}}, {"event_name": "mouseover", "timestamp": "1658962225505", "position": {"x": 128, "y": 515}}, {"event_name": "mousemove", "timestamp": "1658962225505", "position": {"x": 128, "y": 515}}, {"event_name": "mouseout", "timestamp": "1658962225522", "position": {"x": 1302, "y": 238}}, {"event_name": "mouseover", "timestamp": "1658962225538", "position": {"x": 372, "y": 267}}, {"event_name": "mousemove", "timestamp": "1658962225538", "position": {"x": 372, "y": 267}}, {"event_name": "mousemove", "timestamp": "1658962225560", "position": {"x": 444, "y": 277}}, {"event_name": "mouseout", "timestamp": "1658962225572", "position": {"x": 289, "y": 618}}, {"event_name": "mouseover", "timestamp": "1658962225622", "position": {"x": 344, "y": 508}}, {"event_name": "mousemove", "timestamp": "1658962225622", "position": {"x": 344, "y": 508}}, {"event_name": "mouseout", "timestamp": "1658962225638", "position": {"x": 1037, "y": 420}}, {"event_name": "mouseover", "timestamp": "1658962225688", "position": {"x": 175, "y": 178}}, {"event_name": "mousemove", "timestamp": "1658962225688", "position": {"x": 175, "y": 178}}, {"event_name": "mouseout", "timestamp": "1658962225704", "position": {"x": 97, "y": 384}}, {"event_name": "mouseover", "timestamp": "1658962225704", "position": {"x": 97, "y": 384}}, {"event_name": "mousemove", "timestamp": "1658962225705", "position": {"x": 97, "y": 384}}, {"event_name": "mouseout", "timestamp": "1658962225722", "position": {"x": 1561, "y": 133}}, {"event_name": "mouseover", "timestamp": "1658962225755", "position": {"x": 122, "y": 132}}, {"event_name": "mousemove", "timestamp": "1658962225755", "position": {"x": 122, "y": 132}}, {"event_name": "mouseout", "timestamp": "1658962225771", "position": {"x": 794, "y": 341}}, {"event_name": "mouseover", "timestamp": "1658962225771", "position": {"x": 794, "y": 341}}, {"event_name": "mousemove", "timestamp": "1658962225771", "position": {"x": 794, "y": 341}}, {"event_name": "mouseout", "timestamp": "1658962225787", "position": {"x": 1513, "y": 204}}, {"event_name": "mouseover", "timestamp": "1658962225804", "position": {"x": 560, "y": 37}}, {"event_name": "mousemove", "timestamp": "1658962225804", "position": {"x": 560, "y": 37}}, {"event_name": "mouseout", "timestamp": "1658962225821", "position": {"x": 1495, "y": 223}}, {"event_name": "mouseover", "timestamp": "1658962225837", "position": {"x": 188, "y": 71}}, {"event_name": "mousemove", "timestamp": "1658962225838", "position": {"x": 188, "y": 71}}, {"event_name": "mouseout", "timestamp": "1658962225854", "position": {"x": 458, "y": 542}}, {"event_name": "mouseover", "timestamp": "1658962225854", "position": {"x": 458, "y": 542}}, {"event_name": "mousemove", "timestamp": "1658962225854", "position": {"x": 458, "y": 542}}, {"event_name": "mouseout", "timestamp": "1658962225871", "position": {"x": 1402, "y": 15}}, {"event_name": "mouseover", "timestamp": "1658962225887", "position": {"x": 85, "y": 39}}, {"event_name": "mousemove", "timestamp": "1658962225887", "position": {"x": 85, "y": 39}}, {"event_name": "mouseout", "timestamp": "1658962225904", "position": {"x": 410, "y": 231}}, {"event_name": "mouseover", "timestamp": "1658962225904", "position": {"x": 410, "y": 231}}, {"event_name": "mousemove", "timestamp": "1658962225904", "position": {"x": 410, "y": 231}}, {"event_name": "mouseout", "timestamp": "1658962225920", "position": {"x": 1370, "y": 881}}, {"event_name": "mouseover", "timestamp": "1658962225937", "position": {"x": 400, "y": 435}}, {"event_name": "mousemove", "timestamp": "1658962225937", "position": {"x": 400, "y": 435}}, {"event_name": "mouseout", "timestamp": "1658962225954", "position": {"x": 379, "y": 730}}, {"event_name": "mouseover", "timestamp": "1658962226009", "position": {"x": 512, "y": 154}}, {"event_name": "mousemove", "timestamp": "1658962226009", "position": {"x": 512, "y": 154}}, {"event_name": "mouseout", "timestamp": "1658962226021", "position": {"x": 298, "y": 484}}, {"event_name": "mouseover", "timestamp": "1658962226021", "position": {"x": 298, "y": 484}}, {"event_name": "mousemove", "timestamp": "1658962226021", "position": {"x": 298, "y": 484}}, {"event_name": "mouseout", "timestamp": "1658962226038", "position": {"x": 1029, "y": 532}}, {"event_name": "mouseover", "timestamp": "1658962226071", "position": {"x": 779, "y": 156}}, {"event_name": "mousemove", "timestamp": "1658962226071", "position": {"x": 779, "y": 156}}, {"event_name": "mouseout", "timestamp": "1658962226088", "position": {"x": 606, "y": 55}}, {"event_name": "mouseover", "timestamp": "1658962226088", "position": {"x": 606, "y": 55}}, {"event_name": "mousemove", "timestamp": "1658962226088", "position": {"x": 606, "y": 55}}, {"event_name": "mouseout", "timestamp": "1658962226104", "position": {"x": 1224, "y": 193}}, {"event_name": "mouseover", "timestamp": "1658962226204", "position": {"x": 345, "y": 72}}, {"event_name": "mousemove", "timestamp": "1658962226205", "position": {"x": 345, "y": 72}}, {"event_name": "mouseout", "timestamp": "1658962226222", "position": {"x": 1221, "y": 419}}, {"event_name": "mouseover", "timestamp": "1658962226289", "position": {"x": 335, "y": 101}}, {"event_name": "mousemove", "timestamp": "1658962226289", "position": {"x": 335, "y": 101}}, {"event_name": "mouseout", "timestamp": "1658962226305", "position": {"x": 596, "y": 673}}, {"event_name": "mouseover", "timestamp": "1658962226354", "position": {"x": 240, "y": 113}}, {"event_name": "mousemove", "timestamp": "1658962226355", "position": {"x": 240, "y": 113}}, {"event_name": "mouseout", "timestamp": "1658962226373", "position": {"x": 796, "y": 45}}, {"event_name": "mouseover", "timestamp": "1658962226373", "position": {"x": 796, "y": 45}}, {"event_name": "mousemove", "timestamp": "1658962226373", "position": {"x": 796, "y": 45}}, {"event_name": "mouseout", "timestamp": "1658962226389", "position": {"x": 1706, "y": 74}}, {"event_name": "mouseover", "timestamp": "1658962226404", "position": {"x": 684, "y": 239}}, {"event_name": "mousemove", "timestamp": "1658962226404", "position": {"x": 684, "y": 239}}, {"event_name": "mouseout", "timestamp": "1658962226421", "position": {"x": 1368, "y": 473}}, {"event_name": "mouseover", "timestamp": "1658962226605", "position": {"x": 3, "y": 170}}, {"event_name": "mousemove", "timestamp": "1658962226605", "position": {"x": 3, "y": 170}}, {"event_name": "mouseout", "timestamp": "1658962226621", "position": {"x": 871, "y": 261}}, {"event_name": "mouseover", "timestamp": "1658962226654", "position": {"x": 542, "y": 64}}, {"event_name": "mousemove", "timestamp": "1658962226654", "position": {"x": 542, "y": 64}}, {"event_name": "mouseout", "timestamp": "1658962226671", "position": {"x": 957, "y": 197}}, {"event_name": "mouseover", "timestamp": "1658962226721", "position": {"x": 526, "y": 33}}, {"event_name": "mousemove", "timestamp": "1658962226721", "position": {"x": 526, "y": 33}}, {"event_name": "mouseout", "timestamp": "1658962226737", "position": {"x": 1330, "y": 451}}, {"event_name": "mousemove", "timestamp": "1658962226788", "position": {"x": 129, "y": 364}}, {"event_name": "mouseover", "timestamp": "1658962226788", "position": {"x": 129, "y": 364}}, {"event_name": "mouseout", "timestamp": "1658962226803", "position": {"x": 1598, "y": 618}}, {"event_name": "mouseover", "timestamp": "1658962226855", "position": {"x": 418, "y": 225}}, {"event_name": "mousemove", "timestamp": "1658962226855", "position": {"x": 418, "y": 225}}, {"event_name": "mouseout", "timestamp": "1658962226872", "position": {"x": 627, "y": 563}}, {"event_name": "mouseover", "timestamp": "1658962226872", "position": {"x": 627, "y": 563}}, {"event_name": "mousemove", "timestamp": "1658962226873", "position": {"x": 627, "y": 563}}, {"event_name": "mouseout", "timestamp": "1658962226888", "position": {"x": 591, "y": 320}}, {"event_name": "mouseover", "timestamp": "1658962226888", "position": {"x": 591, "y": 320}}, {"event_name": "mousemove", "timestamp": "1658962226888", "position": {"x": 591, "y": 320}}, {"event_name": "mouseout", "timestamp": "1658962226904", "position": {"x": 229, "y": 556}}, {"event_name": "mouseover", "timestamp": "1658962226904", "position": {"x": 229, "y": 556}}, {"event_name": "mousemove", "timestamp": "1658962226905", "position": {"x": 229, "y": 556}}, {"event_name": "mouseout", "timestamp": "1658962226921", "position": {"x": 1322, "y": 332}}, {"event_name": "mouseover", "timestamp": "1658962226954", "position": {"x": 756, "y": 182}}, {"event_name": "mousemove", "timestamp": "1658962226954", "position": {"x": 756, "y": 182}}, {"event_name": "mouseout", "timestamp": "1658962226972", "position": {"x": 1180, "y": 204}}, {"event_name": "mouseover", "timestamp": "1658962226988", "position": {"x": 195, "y": 149}}, {"event_name": "mousemove", "timestamp": "1658962226988", "position": {"x": 195, "y": 149}}, {"event_name": "mouseout", "timestamp": "1658962227005", "position": {"x": 1751, "y": 841}}, {"event_name": "mouseover", "timestamp": "1658962227121", "position": {"x": 26, "y": 8}}, {"event_name": "mousemove", "timestamp": "1658962227122", "position": {"x": 26, "y": 8}}, {"event_name": "mouseout", "timestamp": "1658962227137", "position": {"x": 1212, "y": 749}}, {"event_name": "mouseover", "timestamp": "1658962227155", "position": {"x": 191, "y": 71}}, {"event_name": "mousemove", "timestamp": "1658962227155", "position": {"x": 191, "y": 71}}, {"event_name": "mousemove", "timestamp": "1658962227171", "position": {"x": 233, "y": 64}}, {"event_name": "mouseout", "timestamp": "1658962227187", "position": {"x": 183, "y": 212}}, {"event_name": "mouseover", "timestamp": "1658962227188", "position": {"x": 183, "y": 212}}, {"event_name": "mousemove", "timestamp": "1658962227188", "position": {"x": 183, "y": 212}}, {"event_name": "mouseout", "timestamp": "1658962227206", "position": {"x": 1101, "y": 747}}, {"event_name": "mouseover", "timestamp": "1658962227221", "position": {"x": 589, "y": 96}}, {"event_name": "mousemove", "timestamp": "1658962227221", "position": {"x": 589, "y": 96}}, {"event_name": "mouseout", "timestamp": "1658962227238", "position": {"x": 401, "y": 381}}, {"event_name": "mouseover", "timestamp": "1658962227238", "position": {"x": 401, "y": 381}}, {"event_name": "mousemove", "timestamp": "1658962227238", "position": {"x": 401, "y": 381}}, {"event_name": "mouseout", "timestamp": "1658962227254", "position": {"x": 600, "y": 81}}, {"event_name": "mouseover", "timestamp": "1658962227255", "position": {"x": 600, "y": 81}}, {"event_name": "mousemove", "timestamp": "1658962227255", "position": {"x": 600, "y": 81}}, {"event_name": "mouseout", "timestamp": "1658962227271", "position": {"x": 1247, "y": 327}}, {"event_name": "mouseover", "timestamp": "1658962227305", "position": {"x": 98, "y": 386}}, {"event_name": "mousemove", "timestamp": "1658962227305", "position": {"x": 98, "y": 386}}, {"event_name": "mouseout", "timestamp": "1658962227321", "position": {"x": 1633, "y": 326}}, {"event_name": "mouseover", "timestamp": "1658962227371", "position": {"x": 139, "y": 232}}, {"event_name": "mousemove", "timestamp": "1658962227372", "position": {"x": 139, "y": 232}}, {"event_name": "mouseout", "timestamp": "1658962227387", "position": {"x": 515, "y": 105}}, {"event_name": "mouseover", "timestamp": "1658962227387", "position": {"x": 515, "y": 105}}, {"event_name": "mousemove", "timestamp": "1658962227388", "position": {"x": 515, "y": 105}}, {"event_name": "mouseout", "timestamp": "1658962227405", "position": {"x": 770, "y": 599}}, {"event_name": "mouseover", "timestamp": "1658962227405", "position": {"x": 770, "y": 599}}, {"event_name": "mousemove", "timestamp": "1658962227405", "position": {"x": 770, "y": 599}}, {"event_name": "mouseout", "timestamp": "1658962227421", "position": {"x": 315, "y": 346}}, {"event_name": "mouseover", "timestamp": "1658962227421", "position": {"x": 315, "y": 346}}, {"event_name": "mousemove", "timestamp": "1658962227421", "position": {"x": 315, "y": 346}}, {"event_name": "mouseout", "timestamp": "1658962227437", "position": {"x": 64, "y": 111}}, {"event_name": "mouseover", "timestamp": "1658962227438", "position": {"x": 64, "y": 111}}, {"event_name": "mousemove", "timestamp": "1658962227438", "position": {"x": 64, "y": 111}}, {"event_name": "mouseout", "timestamp": "1658962227455", "position": {"x": 683, "y": 383}}, {"event_name": "mouseover", "timestamp": "1658962227455", "position": {"x": 683, "y": 383}}, {"event_name": "mousemove", "timestamp": "1658962227455", "position": {"x": 683, "y": 383}}, {"event_name": "mouseout", "timestamp": "1658962227472", "position": {"x": 1284, "y": 670}}, {"event_name": "mouseover", "timestamp": "1658962227487", "position": {"x": 102, "y": 361}}, {"event_name": "mousemove", "timestamp": "1658962227488", "position": {"x": 102, "y": 361}}, {"event_name": "mouseout", "timestamp": "1658962227504", "position": {"x": 49, "y": 323}}, {"event_name": "mouseover", "timestamp": "1658962227504", "position": {"x": 49, "y": 323}}, {"event_name": "mousemove", "timestamp": "1658962227504", "position": {"x": 49, "y": 323}}, {"event_name": "mouseout", "timestamp": "1658962227521", "position": {"x": 1390, "y": 441}}, {"event_name": "mouseover", "timestamp": "1658962227538", "position": {"x": 125, "y": 318}}, {"event_name": "mousemove", "timestamp": "1658962227538", "position": {"x": 125, "y": 318}}, {"event_name": "mouseout", "timestamp": "1658962227556", "position": {"x": 819, "y": 295}}, {"event_name": "mouseover", "timestamp": "1658962227588", "position": {"x": 747, "y": 380}}, {"event_name": "mousemove", "timestamp": "1658962227588", "position": {"x": 747, "y": 380}}, {"event_name": "mouseout", "timestamp": "1658962227604", "position": {"x": 1563, "y": 577}}, {"event_name": "mouseover", "timestamp": "1658962227621", "position": {"x": 193, "y": 273}}, {"event_name": "mousemove", "timestamp": "1658962227621", "position": {"x": 193, "y": 273}}, {"event_name": "mouseout", "timestamp": "1658962227638", "position": {"x": 721, "y": 386}}, {"event_name": "mouseover", "timestamp": "1658962227638", "position": {"x": 721, "y": 386}}, {"event_name": "mousemove", "timestamp": "1658962227638", "position": {"x": 721, "y": 386}}, {"event_name": "mouseout", "timestamp": "1658962227654", "position": {"x": 1002, "y": 797}}, {"event_name": "mouseover", "timestamp": "1658962227721", "position": {"x": 33, "y": 599}}, {"event_name": "mousemove", "timestamp": "1658962227721", "position": {"x": 33, "y": 599}}, {"event_name": "mouseout", "timestamp": "1658962227737", "position": {"x": 213, "y": 713}}, {"event_name": "mouseover", "timestamp": "1658962227870", "position": {"x": 487, "y": 539}}, {"event_name": "mousemove", "timestamp": "1658962227870", "position": {"x": 487, "y": 539}}, {"event_name": "mouseout", "timestamp": "1658962227887", "position": {"x": 1204, "y": 378}}, {"event_name": "mouseover", "timestamp": "1658962227920", "position": {"x": 124, "y": 17}}, {"event_name": "mousemove", "timestamp": "1658962227920", "position": {"x": 124, "y": 17}}, {"event_name": "mouseout", "timestamp": "1658962227937", "position": {"x": 1111, "y": 115}}, {"event_name": "mouseover", "timestamp": "1658962228121", "position": {"x": 254, "y": 423}}, {"event_name": "mousemove", "timestamp": "1658962228122", "position": {"x": 254, "y": 423}}, {"event_name": "mouseout", "timestamp": "1658962228137", "position": {"x": 426, "y": 568}}, {"event_name": "mouseover", "timestamp": "1658962228138", "position": {"x": 426, "y": 568}}, {"event_name": "mousemove", "timestamp": "1658962228138", "position": {"x": 426, "y": 568}}, {"event_name": "mouseout", "timestamp": "1658962228155", "position": {"x": 121, "y": 266}}, {"event_name": "mouseover", "timestamp": "1658962228155", "position": {"x": 121, "y": 266}}, {"event_name": "mousemove", "timestamp": "1658962228155", "position": {"x": 121, "y": 266}}, {"event_name": "mouseout", "timestamp": "1658962228171", "position": {"x": 986, "y": 492}}, {"event_name": "mouseover", "timestamp": "1658962228271", "position": {"x": 227, "y": 264}}, {"event_name": "mousemove", "timestamp": "1658962228271", "position": {"x": 227, "y": 264}}, {"event_name": "mouseout", "timestamp": "1658962228288", "position": {"x": 170, "y": 489}}, {"event_name": "mouseover", "timestamp": "1658962228288", "position": {"x": 170, "y": 489}}, {"event_name": "mousemove", "timestamp": "1658962228288", "position": {"x": 170, "y": 489}}, {"event_name": "mouseout", "timestamp": "1658962228304", "position": {"x": 709, "y": 870}}, {"event_name": "mouseover", "timestamp": "1658962228321", "position": {"x": 240, "y": 213}}, {"event_name": "mousemove", "timestamp": "1658962228321", "position": {"x": 240, "y": 213}}, {"event_name": "mouseout", "timestamp": "1658962228337", "position": {"x": 1185, "y": 63}}, {"event_name": "mouseover", "timestamp": "1658962228371", "position": {"x": 268, "y": 159}}, {"event_name": "mousemove", "timestamp": "1658962228371", "position": {"x": 268, "y": 159}}, {"event_name": "mouseout", "timestamp": "1658962228388", "position": {"x": 1072, "y": 2}}, {"event_name": "mouseover", "timestamp": "1658962228404", "position": {"x": 450, "y": 303}}, {"event_name": "mousemove", "timestamp": "1658962228404", "position": {"x": 450, "y": 303}}, {"event_name": "mouseout", "timestamp": "1658962228421", "position": {"x": 1486, "y": 57}}, {"event_name": "mouseover", "timestamp": "1658962228454", "position": {"x": 101, "y": 47}}, {"event_name": "mousemove", "timestamp": "1658962228455", "position": {"x": 101, "y": 47}}, {"event_name": "mouseout", "timestamp": "1658962228471", "position": {"x": 1734, "y": 464}}, {"event_name": "mouseover", "timestamp": "1658962228487", "position": {"x": 662, "y": 503}}, {"event_name": "mousemove", "timestamp": "1658962228487", "position": {"x": 662, "y": 503}}, {"event_name": "mouseout", "timestamp": "1658962228504", "position": {"x": 690, "y": 897}}, {"event_name": "mouseover", "timestamp": "1658962228587", "position": {"x": 688, "y": 26}}, {"event_name": "mousemove", "timestamp": "1658962228587", "position": {"x": 688, "y": 26}}, {"event_name": "mouseout", "timestamp": "1658962228604", "position": {"x": 1185, "y": 770}}, {"event_name": "mouseover", "timestamp": "1658962228672", "position": {"x": 81, "y": 262}}, {"event_name": "mousemove", "timestamp": "1658962228672", "position": {"x": 81, "y": 262}}, {"event_name": "mouseout", "timestamp": "1658962228687", "position": {"x": 658, "y": 49}}, {"event_name": "mouseover", "timestamp": "1658962228688", "position": {"x": 658, "y": 49}}, {"event_name": "mousemove", "timestamp": "1658962228688", "position": {"x": 658, "y": 49}}, {"event_name": "mouseout", "timestamp": "1658962228704", "position": {"x": 1479, "y": 895}}, {"event_name": "mouseover", "timestamp": "1658962228720", "position": {"x": 700, "y": 240}}, {"event_name": "mousemove", "timestamp": "1658962228721", "position": {"x": 700, "y": 240}}, {"event_name": "mouseout", "timestamp": "1658962228738", "position": {"x": 1797, "y": 687}}, {"event_name": "mouseover", "timestamp": "1658962228770", "position": {"x": 571, "y": 521}}, {"event_name": "mousemove", "timestamp": "1658962228771", "position": {"x": 571, "y": 521}}, {"event_name": "mouseout", "timestamp": "1658962228788", "position": {"x": 1351, "y": 259}}, {"event_name": "mouseover", "timestamp": "1658962228870", "position": {"x": 549, "y": 112}}, {"event_name": "mousemove", "timestamp": "1658962228870", "position": {"x": 549, "y": 112}}, {"event_name": "mouseout", "timestamp": "1658962228887", "position": {"x": 597, "y": 232}}, {"event_name": "mouseover", "timestamp": "1658962228887", "position": {"x": 597, "y": 232}}, {"event_name": "mousemove", "timestamp": "1658962228887", "position": {"x": 597, "y": 232}}, {"event_name": "mouseout", "timestamp": "1658962228904", "position": {"x": 1590, "y": 525}}, {"event_name": "mouseover", "timestamp": "1658962228923", "position": {"x": 549, "y": 153}}, {"event_name": "mousemove", "timestamp": "1658962228923", "position": {"x": 549, "y": 153}}, {"event_name": "mouseout", "timestamp": "1658962228938", "position": {"x": 189, "y": 810}}, {"event_name": "mouseover", "timestamp": "1658962228971", "position": {"x": 403, "y": 555}}, {"event_name": "mousemove", "timestamp": "1658962228971", "position": {"x": 403, "y": 555}}, {"event_name": "mouseout", "timestamp": "1658962228988", "position": {"x": 295, "y": 530}}, {"event_name": "mouseover", "timestamp": "1658962228988", "position": {"x": 295, "y": 530}}, {"event_name": "mousemove", "timestamp": "1658962228988", "position": {"x": 295, "y": 530}}, {"event_name": "mouseout", "timestamp": "1658962229004", "position": {"x": 333, "y": 300}}, {"event_name": "mouseover", "timestamp": "1658962229004", "position": {"x": 333, "y": 300}}, {"event_name": "mousemove", "timestamp": "1658962229004", "position": {"x": 333, "y": 300}}, {"event_name": "mouseout", "timestamp": "1658962229021", "position": {"x": 489, "y": 772}}, {"event_name": "mouseover", "timestamp": "1658962229054", "position": {"x": 609, "y": 201}}, {"event_name": "mousemove", "timestamp": "1658962229054", "position": {"x": 609, "y": 201}}, {"event_name": "mouseout", "timestamp": "1658962229072", "position": {"x": 1389, "y": 150}}, {"event_name": "mouseover", "timestamp": "1658962229171", "position": {"x": 230, "y": 45}}, {"event_name": "mousemove", "timestamp": "1658962229171", "position": {"x": 230, "y": 45}}, {"event_name": "mouseout", "timestamp": "1658962229187", "position": {"x": 770, "y": 112}}, {"event_name": "mouseover", "timestamp": "1658962229187", "position": {"x": 770, "y": 112}}, {"event_name": "mousemove", "timestamp": "1658962229187", "position": {"x": 770, "y": 112}}, {"event_name": "mouseout", "timestamp": "1658962229204", "position": {"x": 1780, "y": 461}}, {"event_name": "mouseover", "timestamp": "1658962229338", "position": {"x": 650, "y": 233}}, {"event_name": "mousemove", "timestamp": "1658962229338", "position": {"x": 650, "y": 233}}, {"event_name": "mouseout", "timestamp": "1658962229354", "position": {"x": 1179, "y": 272}}, {"event_name": "mouseover", "timestamp": "1658962229421", "position": {"x": 683, "y": 525}}, {"event_name": "mousemove", "timestamp": "1658962229422", "position": {"x": 683, "y": 525}}, {"event_name": "mouseout", "timestamp": "1658962229438", "position": {"x": 753, "y": 485}}, {"event_name": "mouseover", "timestamp": "1658962229438", "position": {"x": 753, "y": 485}}, {"event_name": "mousemove", "timestamp": "1658962229438", "position": {"x": 753, "y": 485}}, {"event_name": "mouseout", "timestamp": "1658962229462", "position": {"x": 1565, "y": 127}}, {"event_name": "mouseover", "timestamp": "1658962229479", "position": {"x": 770, "y": 245}}, {"event_name": "mousemove", "timestamp": "1658962229479", "position": {"x": 770, "y": 245}}, {"event_name": "mouseout", "timestamp": "1658962229492", "position": {"x": 876, "y": 152}}, {"event_name": "mouseover", "timestamp": "1658962229538", "position": {"x": 555, "y": 82}}, {"event_name": "mousemove", "timestamp": "1658962229538", "position": {"x": 555, "y": 82}}, {"event_name": "mouseout", "timestamp": "1658962229553", "position": {"x": 1161, "y": 791}}, {"event_name": "mouseover", "timestamp": "1658962229587", "position": {"x": 132, "y": 197}}, {"event_name": "mousemove", "timestamp": "1658962229588", "position": {"x": 132, "y": 197}}, {"event_name": "mouseout", "timestamp": "1658962229604", "position": {"x": 191, "y": 315}}, {"event_name": "mouseover", "timestamp": "1658962229604", "position": {"x": 191, "y": 315}}, {"event_name": "mousemove", "timestamp": "1658962229604", "position": {"x": 191, "y": 315}}, {"event_name": "mouseout", "timestamp": "1658962229620", "position": {"x": 1050, "y": 483}}, {"event_name": "mouseover", "timestamp": "1658962229739", "position": {"x": 175, "y": 39}}, {"event_name": "mousemove", "timestamp": "1658962229739", "position": {"x": 175, "y": 39}}, {"event_name": "mouseout", "timestamp": "1658962229754", "position": {"x": 1775, "y": 792}}, {"event_name": "mouseover", "timestamp": "1658962229804", "position": {"x": 742, "y": 445}}, {"event_name": "mousemove", "timestamp": "1658962229804", "position": {"x": 742, "y": 445}}, {"event_name": "mouseout", "timestamp": "1658962229821", "position": {"x": 1256, "y": 873}}, {"event_name": "mouseover", "timestamp": "1658962229854", "position": {"x": 352, "y": 86}}, {"event_name": "mousemove", "timestamp": "1658962229854", "position": {"x": 352, "y": 86}}, {"event_name": "mouseout", "timestamp": "1658962229871", "position": {"x": 651, "y": 829}}, {"event_name": "mouseover", "timestamp": "1658962229970", "position": {"x": 710, "y": 304}}, {"event_name": "mousemove", "timestamp": "1658962229971", "position": {"x": 710, "y": 304}}, {"event_name": "mouseout", "timestamp": "1658962229987", "position": {"x": 1671, "y": 844}}, {"event_name": "mouseover", "timestamp": "1658962230005", "position": {"x": 386, "y": 122}}, {"event_name": "mousemove", "timestamp": "1658962230005", "position": {"x": 386, "y": 122}}, {"event_name": "mouseout", "timestamp": "1658962230022", "position": {"x": 447, "y": 228}}, {"event_name": "mouseover", "timestamp": "1658962230022", "position": {"x": 447, "y": 228}}, {"event_name": "mousemove", "timestamp": "1658962230023", "position": {"x": 447, "y": 228}}, {"event_name": "mouseout", "timestamp": "1658962230038", "position": {"x": 872, "y": 447}}, {"event_name": "mouseover", "timestamp": "1658962230188", "position": {"x": 256, "y": 482}}, {"event_name": "mousemove", "timestamp": "1658962230189", "position": {"x": 256, "y": 482}}, {"event_name": "mouseout", "timestamp": "1658962230205", "position": {"x": 1788, "y": 302}}, {"event_name": "mouseover", "timestamp": "1658962230321", "position": {"x": 480, "y": 11}}, {"event_name": "mousemove", "timestamp": "1658962230322", "position": {"x": 480, "y": 11}}, {"event_name": "mouseout", "timestamp": "1658962230337", "position": {"x": 1489, "y": 94}}, {"event_name": "mouseover", "timestamp": "1658962230471", "position": {"x": 496, "y": 88}}, {"event_name": "mousemove", "timestamp": "1658962230471", "position": {"x": 496, "y": 88}}, {"event_name": "mouseout", "timestamp": "1658962230488", "position": {"x": 1684, "y": 534}}, {"event_name": "mouseover", "timestamp": "1658962230504", "position": {"x": 22, "y": 58}}, {"event_name": "mousemove", "timestamp": "1658962230504", "position": {"x": 22, "y": 58}}, {"event_name": "mouseout", "timestamp": "1658962230521", "position": {"x": 515, "y": 326}}, {"event_name": "mouseover", "timestamp": "1658962230521", "position": {"x": 515, "y": 326}}, {"event_name": "mousemove", "timestamp": "1658962230522", "position": {"x": 515, "y": 326}}, {"event_name": "mousemove", "timestamp": "1658962230538", "position": {"x": 474, "y": 350}}, {"event_name": "mouseout", "timestamp": "1658962230554", "position": {"x": 390, "y": 517}}, {"event_name": "mouseover", "timestamp": "1658962230555", "position": {"x": 390, "y": 517}}, {"event_name": "mousemove", "timestamp": "1658962230555", "position": {"x": 390, "y": 517}}, {"event_name": "mouseout", "timestamp": "1658962230571", "position": {"x": 1584, "y": 268}}, {"event_name": "mouseover", "timestamp": "1658962230704", "position": {"x": 78, "y": 441}}, {"event_name": "mousemove", "timestamp": "1658962230705", "position": {"x": 78, "y": 441}}, {"event_name": "mouseout", "timestamp": "1658962230721", "position": {"x": 34, "y": 82}}, {"event_name": "mouseover", "timestamp": "1658962230721", "position": {"x": 34, "y": 82}}, {"event_name": "mousemove", "timestamp": "1658962230721", "position": {"x": 34, "y": 82}}, {"event_name": "mouseout", "timestamp": "1658962230737", "position": {"x": 559, "y": 240}}, {"event_name": "mouseover", "timestamp": "1658962230737", "position": {"x": 559, "y": 240}}, {"event_name": "mousemove", "timestamp": "1658962230738", "position": {"x": 559, "y": 240}}, {"event_name": "mouseout", "timestamp": "1658962230754", "position": {"x": 89, "y": 174}}, {"event_name": "mouseover", "timestamp": "1658962230755", "position": {"x": 89, "y": 174}}, {"event_name": "mousemove", "timestamp": "1658962230755", "position": {"x": 89, "y": 174}}, {"event_name": "mouseout", "timestamp": "1658962230772", "position": {"x": 1446, "y": 624}}, {"event_name": "mouseover", "timestamp": "1658962230787", "position": {"x": 442, "y": 245}}, {"event_name": "mousemove", "timestamp": "1658962230787", "position": {"x": 442, "y": 245}}, {"event_name": "mouseout", "timestamp": "1658962230803", "position": {"x": 1169, "y": 796}}, {"event_name": "mouseover", "timestamp": "1658962230820", "position": {"x": 526, "y": 89}}, {"event_name": "mousemove", "timestamp": "1658962230821", "position": {"x": 526, "y": 89}}, {"event_name": "mouseout", "timestamp": "1658962230837", "position": {"x": 725, "y": 58}}, {"event_name": "mouseover", "timestamp": "1658962230837", "position": {"x": 725, "y": 58}}, {"event_name": "mousemove", "timestamp": "1658962230837", "position": {"x": 725, "y": 58}}, {"event_name": "mouseout", "timestamp": "1658962230854", "position": {"x": 920, "y": 694}}, {"event_name": "mouseover", "timestamp": "1658962230887", "position": {"x": 423, "y": 596}}, {"event_name": "mousemove", "timestamp": "1658962230887", "position": {"x": 423, "y": 596}}, {"event_name": "mouseout", "timestamp": "1658962230904", "position": {"x": 1102, "y": 792}}, {"event_name": "mouseover", "timestamp": "1658962230937", "position": {"x": 663, "y": 62}}, {"event_name": "mousemove", "timestamp": "1658962230937", "position": {"x": 663, "y": 62}}, {"event_name": "mouseout", "timestamp": "1658962230959", "position": {"x": 1442, "y": 430}}, {"event_name": "mouseover", "timestamp": "1658962231037", "position": {"x": 621, "y": 19}}, {"event_name": "mousemove", "timestamp": "1658962231038", "position": {"x": 621, "y": 19}}, {"event_name": "mouseout", "timestamp": "1658962231072", "position": {"x": 1526, "y": 83}}, {"event_name": "mouseover", "timestamp": "1658962231154", "position": {"x": 202, "y": 156}}, {"event_name": "mousemove", "timestamp": "1658962231154", "position": {"x": 202, "y": 156}}, {"event_name": "mouseout", "timestamp": "1658962231171", "position": {"x": 1654, "y": 449}}, {"event_name": "mouseover", "timestamp": "1658962231238", "position": {"x": 340, "y": 108}}, {"event_name": "mousemove", "timestamp": "1658962231239", "position": {"x": 340, "y": 108}}, {"event_name": "mouseout", "timestamp": "1658962231254", "position": {"x": 1106, "y": 644}}, {"event_name": "mouseover", "timestamp": "1658962231287", "position": {"x": 376, "y": 161}}, {"event_name": "mousemove", "timestamp": "1658962231287", "position": {"x": 376, "y": 161}}, {"event_name": "mouseout", "timestamp": "1658962231304", "position": {"x": 1541, "y": 663}}, {"event_name": "mouseover", "timestamp": "1658962231370", "position": {"x": 432, "y": 207}}, {"event_name": "mousemove", "timestamp": "1658962231371", "position": {"x": 432, "y": 207}}, {"event_name": "mousemove", "timestamp": "1658962231387", "position": {"x": 457, "y": 215}}, {"event_name": "mouseout", "timestamp": "1658962231403", "position": {"x": 1447, "y": 258}}, {"event_name": "mouseover", "timestamp": "1658962231504", "position": {"x": 752, "y": 454}}, {"event_name": "mousemove", "timestamp": "1658962231504", "position": {"x": 752, "y": 454}}, {"event_name": "mouseout", "timestamp": "1658962231520", "position": {"x": 1094, "y": 533}}, {"event_name": "mouseover", "timestamp": "1658962231655", "position": {"x": 754, "y": 528}}, {"event_name": "mousemove", "timestamp": "1658962231655", "position": {"x": 754, "y": 528}}, {"event_name": "mouseout", "timestamp": "1658962231671", "position": {"x": 1179, "y": 124}}, {"event_name": "mouseover", "timestamp": "1658962231687", "position": {"x": 282, "y": 345}}, {"event_name": "mousemove", "timestamp": "1658962231687", "position": {"x": 282, "y": 345}}, {"event_name": "mouseout", "timestamp": "1658962231704", "position": {"x": 1396, "y": 276}}, {"event_name": "mouseover", "timestamp": "1658962231721", "position": {"x": 213, "y": 512}}, {"event_name": "mousemove", "timestamp": "1658962231721", "position": {"x": 213, "y": 512}}, {"event_name": "mouseout", "timestamp": "1658962231738", "position": {"x": 198, "y": 657}}, {"event_name": "mouseover", "timestamp": "1658962231755", "position": {"x": 170, "y": 131}}, {"event_name": "mousemove", "timestamp": "1658962231755", "position": {"x": 170, "y": 131}}, {"event_name": "mouseout", "timestamp": "1658962231770", "position": {"x": 121, "y": 626}}, {"event_name": "mouseover", "timestamp": "1658962231787", "position": {"x": 413, "y": 257}}, {"event_name": "mousemove", "timestamp": "1658962231787", "position": {"x": 413, "y": 257}}, {"event_name": "mouseout", "timestamp": "1658962231803", "position": {"x": 1442, "y": 830}}, {"event_name": "mouseover", "timestamp": "1658962231820", "position": {"x": 725, "y": 32}}, {"event_name": "mousemove", "timestamp": "1658962231820", "position": {"x": 725, "y": 32}}, {"event_name": "mouseout", "timestamp": "1658962231837", "position": {"x": 1255, "y": 279}}, {"event_name": "mouseover", "timestamp": "1658962231853", "position": {"x": 430, "y": 345}}, {"event_name": "mousemove", "timestamp": "1658962231854", "position": {"x": 430, "y": 345}}, {"event_name": "mouseout", "timestamp": "1658962231870", "position": {"x": 494, "y": 649}}, {"event_name": "mouseover", "timestamp": "1658962231903", "position": {"x": 243, "y": 102}}, {"event_name": "mousemove", "timestamp": "1658962231904", "position": {"x": 243, "y": 102}}, {"event_name": "mouseout", "timestamp": "1658962231920", "position": {"x": 109, "y": 157}}, {"event_name": "mouseover", "timestamp": "1658962231920", "position": {"x": 109, "y": 157}}, {"event_name": "mousemove", "timestamp": "1658962231920", "position": {"x": 109, "y": 157}}, {"event_name": "mouseout", "timestamp": "1658962231939", "position": {"x": 1273, "y": 202}}, {"event_name": "mouseover", "timestamp": "1658962232004", "position": {"x": 205, "y": 32}}, {"event_name": "mousemove", "timestamp": "1658962232004", "position": {"x": 205, "y": 32}}, {"event_name": "mouseout", "timestamp": "1658962232020", "position": {"x": 1612, "y": 179}}, {"event_name": "mouseover", "timestamp": "1658962232055", "position": {"x": 595, "y": 359}}, {"event_name": "mousemove", "timestamp": "1658962232056", "position": {"x": 595, "y": 359}}, {"event_name": "mouseout", "timestamp": "1658962232071", "position": {"x": 49, "y": 348}}, {"event_name": "mouseover", "timestamp": "1658962232071", "position": {"x": 49, "y": 348}}, {"event_name": "mousemove", "timestamp": "1658962232071", "position": {"x": 49, "y": 348}}, {"event_name": "mouseout", "timestamp": "1658962232087", "position": {"x": 1275, "y": 221}}, {"event_name": "mouseover", "timestamp": "1658962232104", "position": {"x": 372, "y": 292}}, {"event_name": "mousemove", "timestamp": "1658962232104", "position": {"x": 372, "y": 292}}, {"event_name": "mouseout", "timestamp": "1658962232121", "position": {"x": 285, "y": 158}}, {"event_name": "mouseover", "timestamp": "1658962232121", "position": {"x": 285, "y": 158}}, {"event_name": "mousemove", "timestamp": "1658962232121", "position": {"x": 285, "y": 158}}, {"event_name": "mouseout", "timestamp": "1658962232139", "position": {"x": 223, "y": 58}}, {"event_name": "mouseover", "timestamp": "1658962232139", "position": {"x": 223, "y": 58}}, {"event_name": "mousemove", "timestamp": "1658962232140", "position": {"x": 223, "y": 58}}, {"event_name": "mouseout", "timestamp": "1658962232154", "position": {"x": 1791, "y": 556}}, {"event_name": "mouseover", "timestamp": "1658962232170", "position": {"x": 284, "y": 9}}, {"event_name": "mousemove", "timestamp": "1658962232171", "position": {"x": 284, "y": 9}}, {"event_name": "mouseout", "timestamp": "1658962232187", "position": {"x": 1171, "y": 639}}, {"event_name": "mouseover", "timestamp": "1658962232238", "position": {"x": 411, "y": 501}}, {"event_name": "mousemove", "timestamp": "1658962232238", "position": {"x": 411, "y": 501}}, {"event_name": "mouseout", "timestamp": "1658962232254", "position": {"x": 1673, "y": 228}}, {"event_name": "mouseover", "timestamp": "1658962232272", "position": {"x": 61, "y": 275}}, {"event_name": "mousemove", "timestamp": "1658962232272", "position": {"x": 61, "y": 275}}, {"event_name": "mouseout", "timestamp": "1658962232288", "position": {"x": 1043, "y": 548}}, {"event_name": "mouseover", "timestamp": "1658962232371", "position": {"x": 275, "y": 583}}, {"event_name": "mousemove", "timestamp": "1658962232371", "position": {"x": 275, "y": 583}}, {"event_name": "mouseout", "timestamp": "1658962232388", "position": {"x": 1592, "y": 282}}, {"event_name": "mouseover", "timestamp": "1658962232404", "position": {"x": 140, "y": 21}}, {"event_name": "mousemove", "timestamp": "1658962232405", "position": {"x": 140, "y": 21}}, {"event_name": "mouseout", "timestamp": "1658962232420", "position": {"x": 1453, "y": 219}}, {"event_name": "mouseover", "timestamp": "1658962232454", "position": {"x": 453, "y": 478}}, {"event_name": "mousemove", "timestamp": "1658962232454", "position": {"x": 453, "y": 478}}, {"event_name": "mouseout", "timestamp": "1658962232471", "position": {"x": 1065, "y": 478}}, {"event_name": "mouseover", "timestamp": "1658962232538", "position": {"x": 533, "y": 323}}, {"event_name": "mousemove", "timestamp": "1658962232538", "position": {"x": 533, "y": 323}}, {"event_name": "mouseout", "timestamp": "1658962232554", "position": {"x": 880, "y": 644}}, {"event_name": "mouseover", "timestamp": "1658962232604", "position": {"x": 14, "y": 474}}, {"event_name": "mousemove", "timestamp": "1658962232604", "position": {"x": 14, "y": 474}}, {"event_name": "mouseout", "timestamp": "1658962232621", "position": {"x": 572, "y": 21}}, {"event_name": "mouseover", "timestamp": "1658962232621", "position": {"x": 572, "y": 21}}, {"event_name": "mousemove", "timestamp": "1658962232621", "position": {"x": 572, "y": 21}}, {"event_name": "mouseout", "timestamp": "1658962232637", "position": {"x": 445, "y": 847}}, {"event_name": "mouseover", "timestamp": "1658962232671", "position": {"x": 663, "y": 351}}, {"event_name": "mousemove", "timestamp": "1658962232672", "position": {"x": 663, "y": 351}}, {"event_name": "mouseout", "timestamp": "1658962232687", "position": {"x": 1661, "y": 502}}, {"event_name": "mouseover", "timestamp": "1658962232804", "position": {"x": 661, "y": 497}}, {"event_name": "mousemove", "timestamp": "1658962232804", "position": {"x": 661, "y": 497}}, {"event_name": "mouseout", "timestamp": "1658962232821", "position": {"x": 1336, "y": 201}}, {"event_name": "mouseover", "timestamp": "1658962232871", "position": {"x": 367, "y": 215}}, {"event_name": "mousemove", "timestamp": "1658962232871", "position": {"x": 367, "y": 215}}, {"event_name": "mouseout", "timestamp": "1658962232887", "position": {"x": 1446, "y": 138}}, {"event_name": "mouseover", "timestamp": "1658962232920", "position": {"x": 366, "y": 481}}, {"event_name": "mousemove", "timestamp": "1658962232920", "position": {"x": 366, "y": 481}}, {"event_name": "mouseout", "timestamp": "1658962232937", "position": {"x": 1752, "y": 639}}, {"event_name": "mouseover", "timestamp": "1658962233005", "position": {"x": 215, "y": 440}}, {"event_name": "mousemove", "timestamp": "1658962233005", "position": {"x": 215, "y": 440}}, {"event_name": "mouseout", "timestamp": "1658962233021", "position": {"x": 794, "y": 491}}, {"event_name": "mouseover", "timestamp": "1658962233021", "position": {"x": 794, "y": 491}}, {"event_name": "mousemove", "timestamp": "1658962233021", "position": {"x": 794, "y": 491}}, {"event_name": "mouseout", "timestamp": "1658962233037", "position": {"x": 1674, "y": 221}}, {"event_name": "mouseover", "timestamp": "1658962233087", "position": {"x": 102, "y": 374}}, {"event_name": "mousemove", "timestamp": "1658962233088", "position": {"x": 102, "y": 374}}, {"event_name": "mouseout", "timestamp": "1658962233104", "position": {"x": 1038, "y": 735}}, {"event_name": "mouseover", "timestamp": "1658962233154", "position": {"x": 107, "y": 386}}, {"event_name": "mousemove", "timestamp": "1658962233154", "position": {"x": 107, "y": 386}}, {"event_name": "mousemove", "timestamp": "1658962233171", "position": {"x": 75, "y": 438}}, {"event_name": "mouseout", "timestamp": "1658962233188", "position": {"x": 1512, "y": 387}}, {"event_name": "mouseover", "timestamp": "1658962233238", "position": {"x": 524, "y": 272}}, {"event_name": "mousemove", "timestamp": "1658962233239", "position": {"x": 524, "y": 272}}, {"event_name": "mouseout", "timestamp": "1658962233255", "position": {"x": 220, "y": 545}}, {"event_name": "mouseover", "timestamp": "1658962233255", "position": {"x": 220, "y": 545}}, {"event_name": "mousemove", "timestamp": "1658962233256", "position": {"x": 220, "y": 545}}, {"event_name": "mouseout", "timestamp": "1658962233270", "position": {"x": 562, "y": 766}}, {"event_name": "mouseover", "timestamp": "1658962233321", "position": {"x": 482, "y": 593}}, {"event_name": "mousemove", "timestamp": "1658962233321", "position": {"x": 482, "y": 593}}, {"event_name": "mouseout", "timestamp": "1658962233338", "position": {"x": 354, "y": 68}}, {"event_name": "mouseover", "timestamp": "1658962233338", "position": {"x": 354, "y": 68}}, {"event_name": "mousemove", "timestamp": "1658962233338", "position": {"x": 354, "y": 68}}, {"event_name": "mouseout", "timestamp": "1658962233355", "position": {"x": 93, "y": 652}}, {"event_name": "mouseover", "timestamp": "1658962233453", "position": {"x": 340, "y": 193}}, {"event_name": "mousemove", "timestamp": "1658962233454", "position": {"x": 340, "y": 193}}, {"event_name": "mouseout", "timestamp": "1658962233471", "position": {"x": 1660, "y": 611}}, {"event_name": "mouseover", "timestamp": "1658962233487", "position": {"x": 327, "y": 388}}, {"event_name": "mousemove", "timestamp": "1658962233487", "position": {"x": 327, "y": 388}}, {"event_name": "mouseout", "timestamp": "1658962233503", "position": {"x": 1424, "y": 318}}, {"event_name": "mouseover", "timestamp": "1658962233537", "position": {"x": 610, "y": 389}}, {"event_name": "mousemove", "timestamp": "1658962233538", "position": {"x": 610, "y": 389}}, {"event_name": "mouseout", "timestamp": "1658962233554", "position": {"x": 69, "y": 899}}, {"event_name": "mouseover", "timestamp": "1658962233571", "position": {"x": 688, "y": 189}}, {"event_name": "mousemove", "timestamp": "1658962233571", "position": {"x": 688, "y": 189}}, {"event_name": "mousemove", "timestamp": "1658962233587", "position": {"x": 454, "y": 192}}, {"event_name": "mouseout", "timestamp": "1658962233603", "position": {"x": 1665, "y": 659}}, {"event_name": "mouseover", "timestamp": "1658962233803", "position": {"x": 690, "y": 290}}, {"event_name": "mousemove", "timestamp": "1658962233804", "position": {"x": 690, "y": 290}}, {"event_name": "mouseout", "timestamp": "1658962233820", "position": {"x": 1281, "y": 654}}, {"event_name": "mouseover", "timestamp": "1658962233854", "position": {"x": 733, "y": 570}}, {"event_name": "mousemove", "timestamp": "1658962233854", "position": {"x": 733, "y": 570}}, {"event_name": "mouseout", "timestamp": "1658962233870", "position": {"x": 1643, "y": 223}}, {"event_name": "mouseover", "timestamp": "1658962233954", "position": {"x": 64, "y": 434}}, {"event_name": "mousemove", "timestamp": "1658962233955", "position": {"x": 64, "y": 434}}, {"event_name": "mouseout", "timestamp": "1658962233970", "position": {"x": 1134, "y": 531}}, {"event_name": "mouseover", "timestamp": "1658962234005", "position": {"x": 617, "y": 442}}, {"event_name": "mousemove", "timestamp": "1658962234005", "position": {"x": 617, "y": 442}}, {"event_name": "mousemove", "timestamp": "1658962234021", "position": {"x": 409, "y": 353}}, {"event_name": "mouseout", "timestamp": "1658962234037", "position": {"x": 630, "y": 557}}, {"event_name": "mouseover", "timestamp": "1658962234038", "position": {"x": 630, "y": 557}}, {"event_name": "mousemove", "timestamp": "1658962234038", "position": {"x": 630, "y": 557}}, {"event_name": "mouseout", "timestamp": "1658962234054", "position": {"x": 423, "y": 853}}, {"event_name": "mouseover", "timestamp": "1658962234137", "position": {"x": 335, "y": 577}}, {"event_name": "mousemove", "timestamp": "1658962234138", "position": {"x": 335, "y": 577}}, {"event_name": "mouseout", "timestamp": "1658962234155", "position": {"x": 248, "y": 750}}, {"event_name": "mouseover", "timestamp": "1658962234203", "position": {"x": 341, "y": 156}}, {"event_name": "mousemove", "timestamp": "1658962234204", "position": {"x": 341, "y": 156}}, {"event_name": "mouseout", "timestamp": "1658962234221", "position": {"x": 24, "y": 871}}, {"event_name": "mouseover", "timestamp": "1658962234271", "position": {"x": 308, "y": 42}}, {"event_name": "mousemove", "timestamp": "1658962234272", "position": {"x": 308, "y": 42}}, {"event_name": "mouseout", "timestamp": "1658962234287", "position": {"x": 163, "y": 845}}, {"event_name": "mouseover", "timestamp": "1658962234321", "position": {"x": 757, "y": 131}}, {"event_name": "mousemove", "timestamp": "1658962234321", "position": {"x": 757, "y": 131}}, {"event_name": "mouseout", "timestamp": "1658962234338", "position": {"x": 1561, "y": 218}}, {"event_name": "mouseover", "timestamp": "1658962234370", "position": {"x": 614, "y": 374}}, {"event_name": "mousemove", "timestamp": "1658962234371", "position": {"x": 614, "y": 374}}, {"event_name": "mouseout", "timestamp": "1658962234388", "position": {"x": 320, "y": 317}}, {"event_name": "mouseover", "timestamp": "1658962234388", "position": {"x": 320, "y": 317}}, {"event_name": "mousemove", "timestamp": "1658962234388", "position": {"x": 320, "y": 317}}, {"event_name": "mouseout", "timestamp": "1658962234404", "position": {"x": 368, "y": 111}}, {"event_name": "mouseover", "timestamp": "1658962234404", "position": {"x": 368, "y": 111}}, {"event_name": "mousemove", "timestamp": "1658962234404", "position": {"x": 368, "y": 111}}, {"event_name": "mouseout", "timestamp": "1658962234420", "position": {"x": 1147, "y": 361}}, {"event_name": "mouseover", "timestamp": "1658962234454", "position": {"x": 452, "y": 599}}, {"event_name": "mousemove", "timestamp": "1658962234454", "position": {"x": 452, "y": 599}}, {"event_name": "mouseout", "timestamp": "1658962234471", "position": {"x": 874, "y": 82}}, {"event_name": "mouseover", "timestamp": "1658962234504", "position": {"x": 584, "y": 406}}, {"event_name": "mousemove", "timestamp": "1658962234504", "position": {"x": 584, "y": 406}}, {"event_name": "mouseout", "timestamp": "1658962234520", "position": {"x": 1651, "y": 170}}, {"event_name": "mouseover", "timestamp": "1658962234688", "position": {"x": 662, "y": 527}}, {"event_name": "mousemove", "timestamp": "1658962234688", "position": {"x": 662, "y": 527}}, {"event_name": "mouseout", "timestamp": "1658962234704", "position": {"x": 1651, "y": 211}}, {"event_name": "mouseover", "timestamp": "1658962234721", "position": {"x": 362, "y": 44}}, {"event_name": "mousemove", "timestamp": "1658962234721", "position": {"x": 362, "y": 44}}, {"event_name": "mouseout", "timestamp": "1658962234737", "position": {"x": 194, "y": 842}}, {"event_name": "mouseover", "timestamp": "1658962234837", "position": {"x": 311, "y": 274}}, {"event_name": "mousemove", "timestamp": "1658962234837", "position": {"x": 311, "y": 274}}, {"event_name": "mouseout", "timestamp": "1658962234854", "position": {"x": 478, "y": 591}}, {"event_name": "mouseover", "timestamp": "1658962234854", "position": {"x": 478, "y": 591}}, {"event_name": "mousemove", "timestamp": "1658962234854", "position": {"x": 478, "y": 591}}, {"event_name": "mouseout", "timestamp": "1658962234871", "position": {"x": 1520, "y": 494}}, {"event_name": "mouseover", "timestamp": "1658962234920", "position": {"x": 409, "y": 571}}, {"event_name": "mousemove", "timestamp": "1658962234920", "position": {"x": 409, "y": 571}}, {"event_name": "mouseout", "timestamp": "1658962234937", "position": {"x": 1374, "y": 104}}, {"event_name": "mouseover", "timestamp": "1658962234971", "position": {"x": 513, "y": 444}}, {"event_name": "mousemove", "timestamp": "1658962234971", "position": {"x": 513, "y": 444}}, {"event_name": "mouseout", "timestamp": "1658962234987", "position": {"x": 1112, "y": 717}}, {"event_name": "mouseover", "timestamp": "1658962235054", "position": {"x": 114, "y": 281}}, {"event_name": "mousemove", "timestamp": "1658962235055", "position": {"x": 114, "y": 281}}, {"event_name": "mouseout", "timestamp": "1658962235071", "position": {"x": 1351, "y": 559}}, {"event_name": "mouseover", "timestamp": "1658962235088", "position": {"x": 415, "y": 295}}, {"event_name": "mousemove", "timestamp": "1658962235088", "position": {"x": 415, "y": 295}}, {"event_name": "mouseout", "timestamp": "1658962235104", "position": {"x": 1561, "y": 785}}, {"event_name": "mouseover", "timestamp": "1658962235121", "position": {"x": 638, "y": 569}}, {"event_name": "mousemove", "timestamp": "1658962235121", "position": {"x": 638, "y": 569}}, {"event_name": "mouseout", "timestamp": "1658962235139", "position": {"x": 1328, "y": 481}}, {"event_name": "mouseover", "timestamp": "1658962235171", "position": {"x": 526, "y": 499}}, {"event_name": "mousemove", "timestamp": "1658962235171", "position": {"x": 526, "y": 499}}, {"event_name": "mouseout", "timestamp": "1658962235188", "position": {"x": 1406, "y": 132}}, {"event_name": "mouseover", "timestamp": "1658962235204", "position": {"x": 319, "y": 431}}, {"event_name": "mousemove", "timestamp": "1658962235205", "position": {"x": 319, "y": 431}}, {"event_name": "mouseout", "timestamp": "1658962235221", "position": {"x": 304, "y": 274}}, {"event_name": "mouseover", "timestamp": "1658962235221", "position": {"x": 304, "y": 274}}, {"event_name": "mousemove", "timestamp": "1658962235222", "position": {"x": 304, "y": 274}}, {"event_name": "mouseout", "timestamp": "1658962235237", "position": {"x": 87, "y": 66}}, {"event_name": "mouseover", "timestamp": "1658962235237", "position": {"x": 87, "y": 66}}, {"event_name": "mousemove", "timestamp": "1658962235238", "position": {"x": 87, "y": 66}}, {"event_name": "mouseout", "timestamp": "1658962235254", "position": {"x": 381, "y": 429}}, {"event_name": "mouseover", "timestamp": "1658962235254", "position": {"x": 381, "y": 429}}, {"event_name": "mousemove", "timestamp": "1658962235254", "position": {"x": 381, "y": 429}}, {"event_name": "mouseout", "timestamp": "1658962235270", "position": {"x": 1687, "y": 170}}, {"event_name": "mouseover", "timestamp": "1658962235337", "position": {"x": 793, "y": 277}}, {"event_name": "mousemove", "timestamp": "1658962235337", "position": {"x": 793, "y": 277}}, {"event_name": "mouseout", "timestamp": "1658962235354", "position": {"x": 874, "y": 403}}, {"event_name": "mouseover", "timestamp": "1658962235388", "position": {"x": 128, "y": 0}}, {"event_name": "mousemove", "timestamp": "1658962235388", "position": {"x": 128, "y": 0}}, {"event_name": "mouseout", "timestamp": "1658962235405", "position": {"x": 1393, "y": 642}}, {"event_name": "mouseover", "timestamp": "1658962235420", "position": {"x": 201, "y": 131}}, {"event_name": "mousemove", "timestamp": "1658962235421", "position": {"x": 201, "y": 131}}, {"event_name": "mouseout", "timestamp": "1658962235438", "position": {"x": 658, "y": 788}}, {"event_name": "mouseover", "timestamp": "1658962235488", "position": {"x": 206, "y": 222}}, {"event_name": "mousemove", "timestamp": "1658962235488", "position": {"x": 206, "y": 222}}, {"event_name": "mouseout", "timestamp": "1658962235504", "position": {"x": 16, "y": 513}}, {"event_name": "mouseover", "timestamp": "1658962235505", "position": {"x": 16, "y": 513}}, {"event_name": "mousemove", "timestamp": "1658962235505", "position": {"x": 16, "y": 513}}, {"event_name": "mouseout", "timestamp": "1658962235521", "position": {"x": 389, "y": 277}}, {"event_name": "mouseover", "timestamp": "1658962235521", "position": {"x": 389, "y": 277}}, {"event_name": "mousemove", "timestamp": "1658962235521", "position": {"x": 389, "y": 277}}, {"event_name": "mouseout", "timestamp": "1658962235537", "position": {"x": 775, "y": 230}}, {"event_name": "mouseover", "timestamp": "1658962235537", "position": {"x": 775, "y": 230}}, {"event_name": "mousemove", "timestamp": "1658962235537", "position": {"x": 775, "y": 230}}, {"event_name": "mouseout", "timestamp": "1658962235554", "position": {"x": 1662, "y": 863}}, {"event_name": "mouseover", "timestamp": "1658962235741", "position": {"x": 7, "y": 31}}, {"event_name": "mousemove", "timestamp": "1658962235741", "position": {"x": 7, "y": 31}}, {"event_name": "mouseout", "timestamp": "1658962235754", "position": {"x": 340, "y": 168}}, {"event_name": "mouseover", "timestamp": "1658962235754", "position": {"x": 340, "y": 168}}, {"event_name": "mousemove", "timestamp": "1658962235754", "position": {"x": 340, "y": 168}}, {"event_name": "mouseout", "timestamp": "1658962235770", "position": {"x": 1585, "y": 326}}, {"event_name": "mouseover", "timestamp": "1658962235804", "position": {"x": 738, "y": 77}}, {"event_name": "mousemove", "timestamp": "1658962235804", "position": {"x": 738, "y": 77}}, {"event_name": "mouseout", "timestamp": "1658962235820", "position": {"x": 747, "y": 466}}, {"event_name": "mouseover", "timestamp": "1658962235820", "position": {"x": 747, "y": 466}}, {"event_name": "mousemove", "timestamp": "1658962235820", "position": {"x": 747, "y": 466}}, {"event_name": "mouseout", "timestamp": "1658962235837", "position": {"x": 1368, "y": 841}}, {"event_name": "mouseover", "timestamp": "1658962235971", "position": {"x": 746, "y": 242}}, {"event_name": "mousemove", "timestamp": "1658962235971", "position": {"x": 746, "y": 242}}, {"event_name": "mouseout", "timestamp": "1658962235988", "position": {"x": 1681, "y": 155}}, {"event_name": "mouseover", "timestamp": "1658962236038", "position": {"x": 747, "y": 14}}, {"event_name": "mousemove", "timestamp": "1658962236038", "position": {"x": 747, "y": 14}}, {"event_name": "mouseout", "timestamp": "1658962236071", "position": {"x": 759, "y": 52}}, {"event_name": "mouseover", "timestamp": "1658962236071", "position": {"x": 759, "y": 52}}, {"event_name": "mousemove", "timestamp": "1658962236072", "position": {"x": 759, "y": 52}}, {"event_name": "mouseout", "timestamp": "1658962236087", "position": {"x": 786, "y": 850}}, {"event_name": "mouseover", "timestamp": "1658962236221", "position": {"x": 447, "y": 514}}, {"event_name": "mousemove", "timestamp": "1658962236221", "position": {"x": 447, "y": 514}}, {"event_name": "mouseout", "timestamp": "1658962236237", "position": {"x": 1607, "y": 11}}, {"event_name": "mouseover", "timestamp": "1658962236255", "position": {"x": 405, "y": 473}}, {"event_name": "mousemove", "timestamp": "1658962236255", "position": {"x": 405, "y": 473}}, {"event_name": "mouseout", "timestamp": "1658962236272", "position": {"x": 1463, "y": 851}}, {"event_name": "mouseover", "timestamp": "1658962236320", "position": {"x": 582, "y": 553}}, {"event_name": "mousemove", "timestamp": "1658962236321", "position": {"x": 582, "y": 553}}, {"event_name": "mouseout", "timestamp": "1658962236337", "position": {"x": 1740, "y": 471}}, {"event_name": "mouseover", "timestamp": "1658962236371", "position": {"x": 698, "y": 107}}, {"event_name": "mousemove", "timestamp": "1658962236372", "position": {"x": 698, "y": 107}}, {"event_name": "mouseout", "timestamp": "1658962236387", "position": {"x": 973, "y": 448}}, {"event_name": "mouseover", "timestamp": "1658962236438", "position": {"x": 447, "y": 321}}, {"event_name": "mousemove", "timestamp": "1658962236438", "position": {"x": 447, "y": 321}}, {"event_name": "mouseout", "timestamp": "1658962236454", "position": {"x": 1224, "y": 350}}, {"event_name": "mouseover", "timestamp": "1658962236554", "position": {"x": 689, "y": 40}}, {"event_name": "mousemove", "timestamp": "1658962236555", "position": {"x": 689, "y": 40}}, {"event_name": "mouseout", "timestamp": "1658962236570", "position": {"x": 1497, "y": 240}}, {"event_name": "mouseover", "timestamp": "1658962236641", "position": {"x": 743, "y": 228}}, {"event_name": "mousemove", "timestamp": "1658962236641", "position": {"x": 743, "y": 228}}, {"event_name": "mouseout", "timestamp": "1658962236654", "position": {"x": 367, "y": 435}}, {"event_name": "mouseover", "timestamp": "1658962236655", "position": {"x": 367, "y": 435}}, {"event_name": "mousemove", "timestamp": "1658962236655", "position": {"x": 367, "y": 435}}, {"event_name": "mouseout", "timestamp": "1658962236671", "position": {"x": 577, "y": 372}}, {"event_name": "mouseover", "timestamp": "1658962236671", "position": {"x": 577, "y": 372}}, {"event_name": "mousemove", "timestamp": "1658962236671", "position": {"x": 577, "y": 372}}, {"event_name": "mouseout", "timestamp": "1658962236687", "position": {"x": 991, "y": 520}}, {"event_name": "mouseover", "timestamp": "1658962236754", "position": {"x": 795, "y": 387}}, {"event_name": "mousemove", "timestamp": "1658962236754", "position": {"x": 795, "y": 387}}, {"event_name": "mouseout", "timestamp": "1658962236770", "position": {"x": 991, "y": 49}}, {"event_name": "mouseover", "timestamp": "1658962236836", "position": {"x": 580, "y": 98}}, {"event_name": "mousemove", "timestamp": "1658962236837", "position": {"x": 580, "y": 98}}, {"event_name": "mouseout", "timestamp": "1658962236854", "position": {"x": 1622, "y": 305}}, {"event_name": "mouseover", "timestamp": "1658962236920", "position": {"x": 687, "y": 22}}, {"event_name": "mousemove", "timestamp": "1658962236920", "position": {"x": 687, "y": 22}}, {"event_name": "mouseout", "timestamp": "1658962236937", "position": {"x": 1422, "y": 165}}, {"event_name": "mouseover", "timestamp": "1658962236954", "position": {"x": 500, "y": 226}}, {"event_name": "mousemove", "timestamp": "1658962236954", "position": {"x": 500, "y": 226}}, {"event_name": "mouseout", "timestamp": "1658962236970", "position": {"x": 1758, "y": 393}}, {"event_name": "mouseover", "timestamp": "1658962236987", "position": {"x": 247, "y": 353}}, {"event_name": "mousemove", "timestamp": "1658962236987", "position": {"x": 247, "y": 353}}, {"event_name": "mouseout", "timestamp": "1658962237004", "position": {"x": 82, "y": 19}}, {"event_name": "mouseover", "timestamp": "1658962237005", "position": {"x": 82, "y": 19}}, {"event_name": "mousemove", "timestamp": "1658962237005", "position": {"x": 82, "y": 19}}, {"event_name": "mouseout", "timestamp": "1658962237020", "position": {"x": 224, "y": 351}}, {"event_name": "mouseover", "timestamp": "1658962237021", "position": {"x": 224, "y": 351}}, {"event_name": "mousemove", "timestamp": "1658962237021", "position": {"x": 224, "y": 351}}, {"event_name": "mouseout", "timestamp": "1658962237039", "position": {"x": 475, "y": 454}}, {"event_name": "mouseover", "timestamp": "1658962237039", "position": {"x": 475, "y": 454}}, {"event_name": "mousemove", "timestamp": "1658962237040", "position": {"x": 475, "y": 454}}, {"event_name": "mouseout", "timestamp": "1658962237053", "position": {"x": 1778, "y": 259}}, {"event_name": "mouseover", "timestamp": "1658962237088", "position": {"x": 510, "y": 402}}, {"event_name": "mousemove", "timestamp": "1658962237088", "position": {"x": 510, "y": 402}}, {"event_name": "mouseout", "timestamp": "1658962237104", "position": {"x": 431, "y": 237}}, {"event_name": "mouseover", "timestamp": "1658962237104", "position": {"x": 431, "y": 237}}, {"event_name": "mousemove", "timestamp": "1658962237104", "position": {"x": 431, "y": 237}}, {"event_name": "mouseout", "timestamp": "1658962237121", "position": {"x": 1323, "y": 346}}, {"event_name": "mouseover", "timestamp": "1658962237172", "position": {"x": 499, "y": 148}}, {"event_name": "mousemove", "timestamp": "1658962237172", "position": {"x": 499, "y": 148}}, {"event_name": "mouseout", "timestamp": "1658962237187", "position": {"x": 1572, "y": 583}}, {"event_name": "mouseover", "timestamp": "1658962237287", "position": {"x": 738, "y": 514}}, {"event_name": "mousemove", "timestamp": "1658962237287", "position": {"x": 738, "y": 514}}, {"event_name": "mouseout", "timestamp": "1658962237304", "position": {"x": 121, "y": 768}}, {"event_name": "mouseover", "timestamp": "1658962237371", "position": {"x": 667, "y": 72}}, {"event_name": "mousemove", "timestamp": "1658962237371", "position": {"x": 667, "y": 72}}, {"event_name": "mouseout", "timestamp": "1658962237387", "position": {"x": 1508, "y": 403}}, {"event_name": "mouseover", "timestamp": "1658962237422", "position": {"x": 748, "y": 573}}, {"event_name": "mousemove", "timestamp": "1658962237422", "position": {"x": 748, "y": 573}}, {"event_name": "mouseout", "timestamp": "1658962237437", "position": {"x": 936, "y": 653}}, {"event_name": "mouseover", "timestamp": "1658962237471", "position": {"x": 598, "y": 384}}, {"event_name": "mousemove", "timestamp": "1658962237471", "position": {"x": 598, "y": 384}}, {"event_name": "mouseout", "timestamp": "1658962237488", "position": {"x": 445, "y": 32}}, {"event_name": "mouseover", "timestamp": "1658962237488", "position": {"x": 445, "y": 32}}, {"event_name": "mousemove", "timestamp": "1658962237488", "position": {"x": 445, "y": 32}}, {"event_name": "mouseout", "timestamp": "1658962237504", "position": {"x": 1493, "y": 340}}, {"event_name": "mouseover", "timestamp": "1658962237722", "position": {"x": 282, "y": 224}}, {"event_name": "mousemove", "timestamp": "1658962237722", "position": {"x": 282, "y": 224}}, {"event_name": "mouseout", "timestamp": "1658962237737", "position": {"x": 935, "y": 372}}, {"event_name": "mouseover", "timestamp": "1658962237787", "position": {"x": 595, "y": 524}}, {"event_name": "mousemove", "timestamp": "1658962237788", "position": {"x": 595, "y": 524}}, {"event_name": "mouseout", "timestamp": "1658962237803", "position": {"x": 1679, "y": 352}}, {"event_name": "mouseover", "timestamp": "1658962237870", "position": {"x": 199, "y": 90}}, {"event_name": "mousemove", "timestamp": "1658962237870", "position": {"x": 199, "y": 90}}, {"event_name": "mouseout", "timestamp": "1658962237887", "position": {"x": 156, "y": 727}}, {"event_name": "mouseover", "timestamp": "1658962237920", "position": {"x": 346, "y": 210}}, {"event_name": "mousemove", "timestamp": "1658962237920", "position": {"x": 346, "y": 210}}, {"event_name": "mouseout", "timestamp": "1658962237937", "position": {"x": 35, "y": 395}}, {"event_name": "mouseover", "timestamp": "1658962237937", "position": {"x": 35, "y": 395}}, {"event_name": "mousemove", "timestamp": "1658962237937", "position": {"x": 35, "y": 395}}, {"event_name": "mouseout", "timestamp": "1658962237954", "position": {"x": 36, "y": 852}}, {"event_name": "mouseover", "timestamp": "1658962237971", "position": {"x": 552, "y": 439}}, {"event_name": "mousemove", "timestamp": "1658962237971", "position": {"x": 552, "y": 439}}, {"event_name": "mouseout", "timestamp": "1658962237987", "position": {"x": 119, "y": 48}}, {"event_name": "mouseover", "timestamp": "1658962237987", "position": {"x": 119, "y": 48}}, {"event_name": "mousemove", "timestamp": "1658962237987", "position": {"x": 119, "y": 48}}, {"event_name": "mouseout", "timestamp": "1658962238004", "position": {"x": 618, "y": 137}}, {"event_name": "mouseover", "timestamp": "1658962238004", "position": {"x": 618, "y": 137}}, {"event_name": "mousemove", "timestamp": "1658962238004", "position": {"x": 618, "y": 137}}, {"event_name": "mouseout", "timestamp": "1658962238021", "position": {"x": 185, "y": 545}}, {"event_name": "mouseover", "timestamp": "1658962238021", "position": {"x": 185, "y": 545}}, {"event_name": "mousemove", "timestamp": "1658962238022", "position": {"x": 185, "y": 545}}, {"event_name": "mouseout", "timestamp": "1658962238037", "position": {"x": 1410, "y": 282}}, {"event_name": "mouseover", "timestamp": "1658962238071", "position": {"x": 366, "y": 327}}, {"event_name": "mousemove", "timestamp": "1658962238071", "position": {"x": 366, "y": 327}}, {"event_name": "mouseout", "timestamp": "1658962238088", "position": {"x": 1178, "y": 295}}, {"event_name": "mouseover", "timestamp": "1658962238170", "position": {"x": 728, "y": 117}}, {"event_name": "mousemove", "timestamp": "1658962238170", "position": {"x": 728, "y": 117}}, {"event_name": "mouseout", "timestamp": "1658962238187", "position": {"x": 1298, "y": 61}}, {"event_name": "mouseover", "timestamp": "1658962238204", "position": {"x": 2, "y": 302}}, {"event_name": "mousemove", "timestamp": "1658962238204", "position": {"x": 2, "y": 302}}, {"event_name": "mouseout", "timestamp": "1658962238221", "position": {"x": 481, "y": 262}}, {"event_name": "mouseover", "timestamp": "1658962238221", "position": {"x": 481, "y": 262}}, {"event_name": "mousemove", "timestamp": "1658962238221", "position": {"x": 481, "y": 262}}, {"event_name": "mouseout", "timestamp": "1658962238242", "position": {"x": 1421, "y": 596}}, {"event_name": "mouseover", "timestamp": "1658962238304", "position": {"x": 150, "y": 267}}, {"event_name": "mousemove", "timestamp": "1658962238304", "position": {"x": 150, "y": 267}}, {"event_name": "mouseout", "timestamp": "1658962238321", "position": {"x": 1508, "y": 709}}, {"event_name": "mouseover", "timestamp": "1658962238371", "position": {"x": 549, "y": 151}}, {"event_name": "mousemove", "timestamp": "1658962238371", "position": {"x": 549, "y": 151}}, {"event_name": "mouseout", "timestamp": "1658962238388", "position": {"x": 1597, "y": 661}}, {"event_name": "mouseover", "timestamp": "1658962238404", "position": {"x": 201, "y": 244}}, {"event_name": "mousemove", "timestamp": "1658962238404", "position": {"x": 201, "y": 244}}, {"event_name": "mouseout", "timestamp": "1658962238420", "position": {"x": 1500, "y": 678}}, {"event_name": "mouseover", "timestamp": "1658962238439", "position": {"x": 323, "y": 555}}, {"event_name": "mousemove", "timestamp": "1658962238439", "position": {"x": 323, "y": 555}}, {"event_name": "mouseout", "timestamp": "1658962238454", "position": {"x": 846, "y": 460}}, {"event_name": "mouseover", "timestamp": "1658962238471", "position": {"x": 140, "y": 555}}, {"event_name": "mousemove", "timestamp": "1658962238472", "position": {"x": 140, "y": 555}}, {"event_name": "mouseout", "timestamp": "1658962238487", "position": {"x": 1627, "y": 610}}, {"event_name": "mouseover", "timestamp": "1658962238504", "position": {"x": 585, "y": 313}}, {"event_name": "mousemove", "timestamp": "1658962238504", "position": {"x": 585, "y": 313}}, {"event_name": "mouseout", "timestamp": "1658962238520", "position": {"x": 726, "y": 506}}, {"event_name": "mouseover", "timestamp": "1658962238520", "position": {"x": 726, "y": 506}}, {"event_name": "mousemove", "timestamp": "1658962238520", "position": {"x": 726, "y": 506}}, {"event_name": "mouseout", "timestamp": "1658962238537", "position": {"x": 1462, "y": 804}}, {"event_name": "mouseover", "timestamp": "1658962238571", "position": {"x": 105, "y": 86}}, {"event_name": "mousemove", "timestamp": "1658962238571", "position": {"x": 105, "y": 86}}, {"event_name": "mouseout", "timestamp": "1658962238587", "position": {"x": 535, "y": 185}}, {"event_name": "mouseover", "timestamp": "1658962238587", "position": {"x": 535, "y": 185}}, {"event_name": "mousemove", "timestamp": "1658962238587", "position": {"x": 535, "y": 185}}, {"event_name": "mouseout", "timestamp": "1658962238603", "position": {"x": 36, "y": 492}}, {"event_name": "mouseover", "timestamp": "1658962238604", "position": {"x": 36, "y": 492}}, {"event_name": "mousemove", "timestamp": "1658962238604", "position": {"x": 36, "y": 492}}, {"event_name": "mouseout", "timestamp": "1658962238620", "position": {"x": 1456, "y": 538}}, {"event_name": "mouseover", "timestamp": "1658962238671", "position": {"x": 378, "y": 295}}, {"event_name": "mousemove", "timestamp": "1658962238671", "position": {"x": 378, "y": 295}}, {"event_name": "mouseout", "timestamp": "1658962238687", "position": {"x": 333, "y": 250}}, {"event_name": "mouseover", "timestamp": "1658962238688", "position": {"x": 333, "y": 250}}, {"event_name": "mousemove", "timestamp": "1658962238688", "position": {"x": 333, "y": 250}}, {"event_name": "mouseout", "timestamp": "1658962238704", "position": {"x": 869, "y": 421}}, {"event_name": "mouseover", "timestamp": "1658962238721", "position": {"x": 129, "y": 76}}, {"event_name": "mousemove", "timestamp": "1658962238721", "position": {"x": 129, "y": 76}}, {"event_name": "mouseout", "timestamp": "1658962238737", "position": {"x": 172, "y": 789}}, {"event_name": "mouseover", "timestamp": "1658962238820", "position": {"x": 619, "y": 506}}, {"event_name": "mousemove", "timestamp": "1658962238820", "position": {"x": 619, "y": 506}}, {"event_name": "mouseout", "timestamp": "1658962238836", "position": {"x": 1192, "y": 322}}, {"event_name": "mouseover", "timestamp": "1658962238853", "position": {"x": 620, "y": 30}}, {"event_name": "mousemove", "timestamp": "1658962238853", "position": {"x": 620, "y": 30}}, {"event_name": "mouseout", "timestamp": "1658962238870", "position": {"x": 149, "y": 322}}, {"event_name": "mouseover", "timestamp": "1658962238870", "position": {"x": 149, "y": 322}}, {"event_name": "mousemove", "timestamp": "1658962238870", "position": {"x": 149, "y": 322}}, {"event_name": "mouseout", "timestamp": "1658962238886", "position": {"x": 750, "y": 73}}, {"event_name": "mouseover", "timestamp": "1658962238887", "position": {"x": 750, "y": 73}}, {"event_name": "mousemove", "timestamp": "1658962238887", "position": {"x": 750, "y": 73}}, {"event_name": "mouseout", "timestamp": "1658962238903", "position": {"x": 536, "y": 257}}, {"event_name": "mouseover", "timestamp": "1658962238903", "position": {"x": 536, "y": 257}}, {"event_name": "mousemove", "timestamp": "1658962238904", "position": {"x": 536, "y": 257}}, {"event_name": "mouseout", "timestamp": "1658962238921", "position": {"x": 1593, "y": 134}}, {"event_name": "mouseover", "timestamp": "1658962238937", "position": {"x": 258, "y": 300}}, {"event_name": "mousemove", "timestamp": "1658962238938", "position": {"x": 258, "y": 300}}, {"event_name": "mouseout", "timestamp": "1658962238954", "position": {"x": 1330, "y": 757}}, {"event_name": "mouseover", "timestamp": "1658962238987", "position": {"x": 715, "y": 46}}, {"event_name": "mousemove", "timestamp": "1658962238987", "position": {"x": 715, "y": 46}}, {"event_name": "mouseout", "timestamp": "1658962239005", "position": {"x": 1271, "y": 162}}, {"event_name": "mouseover", "timestamp": "1658962239037", "position": {"x": 360, "y": 440}}, {"event_name": "mousemove", "timestamp": "1658962239037", "position": {"x": 360, "y": 440}}, {"event_name": "mouseout", "timestamp": "1658962239054", "position": {"x": 41, "y": 547}}, {"event_name": "mouseover", "timestamp": "1658962239054", "position": {"x": 41, "y": 547}}, {"event_name": "mousemove", "timestamp": "1658962239054", "position": {"x": 41, "y": 547}}, {"event_name": "mouseout", "timestamp": "1658962239070", "position": {"x": 526, "y": 708}}, {"event_name": "mouseover", "timestamp": "1658962239087", "position": {"x": 197, "y": 133}}, {"event_name": "mousemove", "timestamp": "1658962239087", "position": {"x": 197, "y": 133}}, {"event_name": "mouseout", "timestamp": "1658962239104", "position": {"x": 810, "y": 694}}, {"event_name": "mouseover", "timestamp": "1658962239140", "position": {"x": 764, "y": 45}}, {"event_name": "mousemove", "timestamp": "1658962239140", "position": {"x": 764, "y": 45}}, {"event_name": "mouseout", "timestamp": "1658962239154", "position": {"x": 1215, "y": 870}}, {"event_name": "mouseover", "timestamp": "1658962239187", "position": {"x": 716, "y": 337}}, {"event_name": "mousemove", "timestamp": "1658962239187", "position": {"x": 716, "y": 337}}, {"event_name": "mouseout", "timestamp": "1658962239204", "position": {"x": 1033, "y": 688}}, {"event_name": "mouseover", "timestamp": "1658962239221", "position": {"x": 233, "y": 64}}, {"event_name": "mousemove", "timestamp": "1658962239221", "position": {"x": 233, "y": 64}}, {"event_name": "mouseout", "timestamp": "1658962239238", "position": {"x": 1609, "y": 404}}, {"event_name": "mouseover", "timestamp": "1658962239304", "position": {"x": 746, "y": 462}}, {"event_name": "mousemove", "timestamp": "1658962239304", "position": {"x": 746, "y": 462}}, {"event_name": "mouseout", "timestamp": "1658962239321", "position": {"x": 1104, "y": 331}}, {"event_name": "mouseover", "timestamp": "1658962239370", "position": {"x": 284, "y": 417}}, {"event_name": "mousemove", "timestamp": "1658962239370", "position": {"x": 284, "y": 417}}, {"event_name": "mouseout", "timestamp": "1658962239387", "position": {"x": 1705, "y": 295}}, {"event_name": "mouseover", "timestamp": "1658962239457", "position": {"x": 772, "y": 420}}, {"event_name": "mousemove", "timestamp": "1658962239457", "position": {"x": 772, "y": 420}}, {"event_name": "mouseout", "timestamp": "1658962239470", "position": {"x": 707, "y": 274}}, {"event_name": "mouseover", "timestamp": "1658962239471", "position": {"x": 707, "y": 274}}, {"event_name": "mousemove", "timestamp": "1658962239471", "position": {"x": 707, "y": 274}}, {"event_name": "mouseout", "timestamp": "1658962239487", "position": {"x": 252, "y": 19}}, {"event_name": "mouseover", "timestamp": "1658962239487", "position": {"x": 252, "y": 19}}, {"event_name": "mousemove", "timestamp": "1658962239488", "position": {"x": 252, "y": 19}}, {"event_name": "mouseout", "timestamp": "1658962239504", "position": {"x": 343, "y": 415}}, {"event_name": "mouseover", "timestamp": "1658962239504", "position": {"x": 343, "y": 415}}, {"event_name": "mousemove", "timestamp": "1658962239505", "position": {"x": 343, "y": 415}}, {"event_name": "mouseout", "timestamp": "1658962239520", "position": {"x": 1676, "y": 454}}, {"event_name": "mouseover", "timestamp": "1658962239620", "position": {"x": 730, "y": 99}}, {"event_name": "mousemove", "timestamp": "1658962239620", "position": {"x": 730, "y": 99}}, {"event_name": "mouseout", "timestamp": "1658962239637", "position": {"x": 1006, "y": 381}}, {"event_name": "mouseover", "timestamp": "1658962239687", "position": {"x": 516, "y": 595}}, {"event_name": "mousemove", "timestamp": "1658962239687", "position": {"x": 516, "y": 595}}, {"event_name": "mouseout", "timestamp": "1658962239704", "position": {"x": 520, "y": 759}}, {"event_name": "mouseover", "timestamp": "1658962239737", "position": {"x": 510, "y": 55}}, {"event_name": "mousemove", "timestamp": "1658962239737", "position": {"x": 510, "y": 55}}, {"event_name": "mouseout", "timestamp": "1658962239753", "position": {"x": 1419, "y": 210}}]}