{"user_id": "00d816f5-f2b2-4f19-a772-c0df732c89ae", "device": "desktop", "trace": [{"event_name": "load", "timestamp": "1658962086250", "position": {"x": 0, "y": 0}}, {"event_name": "pageshow", "timestamp": "1658962086251", "position": {"x": 0, "y": 0}}, {"event_name": "mouseover", "timestamp": "1658962086254", "position": {"x": 27, "y": 373}}, {"event_name": "mousemove", "timestamp": "1658962086254", "position": {"x": 27, "y": 373}}, {"event_name": "mouseout", "timestamp": "1658962086265", "position": {"x": 498, "y": 273}}, {"event_name": "mouseover", "timestamp": "1658962086265", "position": {"x": 498, "y": 273}}, {"event_name": "mousemove", "timestamp": "1658962086266", "position": {"x": 498, "y": 273}}, {"event_name": "mouseout", "timestamp": "1658962086276", "position": {"x": 1189, "y": 586}}, {"event_name": "mouseover", "timestamp": "1658962086377", "position": {"x": 442, "y": 200}}, {"event_name": "mousemove", "timestamp": "1658962086377", "position": {"x": 442, "y": 200}}, {"event_name": "mouseout", "timestamp": "1658962086392", "position": {"x": 936, "y": 786}}, {"event_name": "mouseover", "timestamp": "1658962086409", "position": {"x": 90, "y": 397}}, {"event_name": "mousemove", "timestamp": "1658962086409", "position": {"x": 90, "y": 397}}, {"event_name": "mouseout", "timestamp": "1658962086426", "position": {"x": 997, "y": 402}}, {"event_name": "mouseover", "timestamp": "1658962086444", "position": {"x": 387, "y": 411}}, {"event_name": "mousemove", "timestamp": "1658962086444", "position": {"x": 387, "y": 411}}, {"event_name": "mouseout", "timestamp": "1658962086459", "position": {"x": 704, "y": 881}}, {"event_name": "mouseover", "timestamp": "1658962086476", "position": {"x": 588, "y": 187}}, {"event_name": "mousemove", "timestamp": "1658962086477", "position": {"x": 588, "y": 187}}, {"event_name": "mouseout", "timestamp": "1658962086493", "position": {"x": 1737, "y": 820}}, {"event_name": "mouseover", "timestamp": "1658962086544", "position": {"x": 763, "y": 192}}, {"event_name": "mousemove", "timestamp": "1658962086544", "position": {"x": 763, "y": 192}}, {"event_name": "mouseout", "timestamp": "1658962086559", "position": {"x": 1113, "y": 687}}, {"event_name": "mouseover", "timestamp": "1658962086627", "position": {"x": 104, "y": 535}}, {"event_name": "mousemove", "timestamp": "1658962086627", "position": {"x": 104, "y": 535}}, {"event_name": "mouseout", "timestamp": "1658962086643", "position": {"x": 1616, "y": 48}}, {"event_name": "mouseover", "timestamp": "1658962086726", "position": {"x": 154, "y": 11}}, {"event_name": "mousemove", "timestamp": "1658962086726", "position": {"x": 154, "y": 11}}, {"event_name": "mouseout", "timestamp": "1658962086743", "position": {"x": 586, "y": 670}}, {"event_name": "mouseover", "timestamp": "1658962086760", "position": {"x": 137, "y": 123}}, {"event_name": "mousemove", "timestamp": "1658962086760", "position": {"x": 137, "y": 123}}, {"event_name": "mouseout", "timestamp": "1658962086776", "position": {"x": 728, "y": 611}}, {"event_name": "mouseover", "timestamp": "1658962086793", "position": {"x": 450, "y": 79}}, {"event_name": "mousemove", "timestamp": "1658962086793", "position": {"x": 450, "y": 79}}, {"event_name": "mouseout", "timestamp": "1658962086810", "position": {"x": 1044, "y": 685}}, {"event_name": "mouseover", "timestamp": "1658962086844", "position": {"x": 530, "y": 104}}, {"event_name": "mousemove", "timestamp": "1658962086844", "position": {"x": 530, "y": 104}}, {"event_name": "mouseout", "timestamp": "1658962086860", "position": {"x": 471, "y": 215}}, {"event_name": "mouseover", "timestamp": "1658962086860", "position": {"x": 471, "y": 215}}, {"event_name": "mousemove", "timestamp": "1658962086860", "position": {"x": 471, "y": 215}}, {"event_name": "mouseout", "timestamp": "1658962086876", "position": {"x": 69, "y": 75}}, {"event_name": "mouseover", "timestamp": "1658962086876", "position": {"x": 69, "y": 75}}, {"event_name": "mousemove", "timestamp": "1658962086876", "position": {"x": 69, "y": 75}}, {"event_name": "mouseout", "timestamp": "1658962086893", "position": {"x": 1003, "y": 415}}, {"event_name": "mouseover", "timestamp": "1658962086910", "position": {"x": 697, "y": 338}}, {"event_name": "mousemove", "timestamp": "1658962086910", "position": {"x": 697, "y": 338}}, {"event_name": "mouseout", "timestamp": "1658962086927", "position": {"x": 887, "y": 731}}, {"event_name": "mouseover", "timestamp": "1658962087010", "position": {"x": 549, "y": 59}}, {"event_name": "mousemove", "timestamp": "1658962087010", "position": {"x": 549, "y": 59}}, {"event_name": "mouseout", "timestamp": "1658962087027", "position": {"x": 1306, "y": 198}}, {"event_name": "mouseover", "timestamp": "1658962087043", "position": {"x": 441, "y": 94}}, {"event_name": "mousemove", "timestamp": "1658962087043", "position": {"x": 441, "y": 94}}, {"event_name": "mouseout", "timestamp": "1658962087060", "position": {"x": 1488, "y": 220}}, {"event_name": "mouseover", "timestamp": "1658962087077", "position": {"x": 29, "y": 59}}, {"event_name": "mousemove", "timestamp": "1658962087077", "position": {"x": 29, "y": 59}}, {"event_name": "mouseout", "timestamp": "1658962087093", "position": {"x": 987, "y": 767}}, {"event_name": "mouseover", "timestamp": "1658962087259", "position": {"x": 728, "y": 84}}, {"event_name": "mousemove", "timestamp": "1658962087260", "position": {"x": 728, "y": 84}}, {"event_name": "mousemove", "timestamp": "1658962087276", "position": {"x": 290, "y": 73}}, {"event_name": "mouseout", "timestamp": "1658962087293", "position": {"x": 1713, "y": 437}}, {"event_name": "mouseover", "timestamp": "1658962087376", "position": {"x": 313, "y": 530}}, {"event_name": "mousemove", "timestamp": "1658962087377", "position": {"x": 313, "y": 530}}, {"event_name": "mouseout", "timestamp": "1658962087394", "position": {"x": 3, "y": 89}}, {"event_name": "mouseover", "timestamp": "1658962087394", "position": {"x": 3, "y": 89}}, {"event_name": "mousemove", "timestamp": "1658962087394", "position": {"x": 3, "y": 89}}, {"event_name": "mouseout", "timestamp": "1658962087410", "position": {"x": 1746, "y": 399}}, {"event_name": "mouseover", "timestamp": "1658962087659", "position": {"x": 547, "y": 67}}, {"event_name": "mousemove", "timestamp": "1658962087659", "position": {"x": 547, "y": 67}}, {"event_name": "mouseout", "timestamp": "1658962087676", "position": {"x": 877, "y": 541}}, {"event_name": "mouseover", "timestamp": "1658962087693", "position": {"x": 118, "y": 547}}, {"event_name": "mousemove", "timestamp": "1658962087693", "position": {"x": 118, "y": 547}}, {"event_name": "mouseout", "timestamp": "1658962087709", "position": {"x": 615, "y": 0}}, {"event_name": "mouseover", "timestamp": "1658962087709", "position": {"x": 615, "y": 0}}, {"event_name": "mousemove", "timestamp": "1658962087710", "position": {"x": 615, "y": 0}}, {"event_name": "mouseout", "timestamp": "1658962087726", "position": {"x": 1290, "y": 731}}, {"event_name": "mouseover", "timestamp": "1658962087776", "position": {"x": 542, "y": 518}}, {"event_name": "mousemove", "timestamp": "1658962087776", "position": {"x": 542, "y": 518}}, {"event_name": "mouseout", "timestamp": "1658962087793", "position": {"x": 1311, "y": 745}}, {"event_name": "mouseover", "timestamp": "1658962087810", "position": {"x": 250, "y": 202}}, {"event_name": "mousemove", "timestamp": "1658962087810", "position": {"x": 250, "y": 202}}, {"event_name": "mouseout", "timestamp": "1658962087826", "position": {"x": 371, "y": 568}}, {"event_name": "mouseover", "timestamp": "1658962087826", "position": {"x": 371, "y": 568}}, {"event_name": "mousemove", "timestamp": "1658962087827", "position": {"x": 371, "y": 568}}, {"event_name": "mouseout", "timestamp": "1658962087845", "position": {"x": 1546, "y": 889}}, {"event_name": "mouseover", "timestamp": "1658962087859", "position": {"x": 378, "y": 290}}, {"event_name": "mousemove", "timestamp": "1658962087860", "position": {"x": 378, "y": 290}}, {"event_name": "mousemove", "timestamp": "1658962087877", "position": {"x": 663, "y": 582}}, {"event_name": "mouseout", "timestamp": "1658962087893", "position": {"x": 447, "y": 367}}, {"event_name": "mouseover", "timestamp": "1658962087893", "position": {"x": 447, "y": 367}}, {"event_name": "mousemove", "timestamp": "1658962087894", "position": {"x": 447, "y": 367}}, {"event_name": "mouseout", "timestamp": "1658962087910", "position": {"x": 645, "y": 748}}, {"event_name": "mouseover", "timestamp": "1658962087960", "position": {"x": 721, "y": 43}}, {"event_name": "mousemove", "timestamp": "1658962087960", "position": {"x": 721, "y": 43}}, {"event_name": "mouseout", "timestamp": "1658962087976", "position": {"x": 1459, "y": 583}}, {"event_name": "mouseover", "timestamp": "1658962088078", "position": {"x": 45, "y": 424}}, {"event_name": "mousemove", "timestamp": "1658962088078", "position": {"x": 45, "y": 424}}, {"event_name": "mouseout", "timestamp": "1658962088094", "position": {"x": 1503, "y": 615}}, {"event_name": "mouseover", "timestamp": "1658962088110", "position": {"x": 157, "y": 402}}, {"event_name": "mousemove", "timestamp": "1658962088110", "position": {"x": 157, "y": 402}}, {"event_name": "mouseout", "timestamp": "1658962088127", "position": {"x": 1608, "y": 195}}, {"event_name": "mouseover", "timestamp": "1658962088159", "position": {"x": 29, "y": 151}}, {"event_name": "mousemove", "timestamp": "1658962088160", "position": {"x": 29, "y": 151}}, {"event_name": "mouseout", "timestamp": "1658962088177", "position": {"x": 1286, "y": 582}}, {"event_name": "mouseover", "timestamp": "1658962088209", "position": {"x": 785, "y": 241}}, {"event_name": "mousemove", "timestamp": "1658962088210", "position": {"x": 785, "y": 241}}, {"event_name": "mouseout", "timestamp": "1658962088226", "position": {"x": 7, "y": 46}}, {"event_name": "mouseover", "timestamp": "1658962088226", "position": {"x": 7, "y": 46}}, {"event_name": "mousemove", "timestamp": "1658962088227", "position": {"x": 7, "y": 46}}, {"event_name": "mouseout", "timestamp": "1658962088244", "position": {"x": 1125, "y": 198}}, {"event_name": "mouseover", "timestamp": "1658962088326", "position": {"x": 588, "y": 338}}, {"event_name": "mousemove", "timestamp": "1658962088327", "position": {"x": 588, "y": 338}}, {"event_name": "mouseout", "timestamp": "1658962088343", "position": {"x": 367, "y": 170}}, {"event_name": "mouseover", "timestamp": "1658962088343", "position": {"x": 367, "y": 170}}, {"event_name": "mousemove", "timestamp": "1658962088344", "position": {"x": 367, "y": 170}}, {"event_name": "mouseout", "timestamp": "1658962088359", "position": {"x": 1625, "y": 74}}, {"event_name": "mouseover", "timestamp": "1658962088376", "position": {"x": 377, "y": 454}}, {"event_name": "mousemove", "timestamp": "1658962088376", "position": {"x": 377, "y": 454}}, {"event_name": "mousemove", "timestamp": "1658962088393", "position": {"x": 221, "y": 382}}, {"event_name": "mouseout", "timestamp": "1658962088411", "position": {"x": 1434, "y": 430}}, {"event_name": "mouseover", "timestamp": "1658962088443", "position": {"x": 404, "y": 409}}, {"event_name": "mousemove", "timestamp": "1658962088443", "position": {"x": 404, "y": 409}}, {"event_name": "mouseout", "timestamp": "1658962088460", "position": {"x": 927, "y": 105}}, {"event_name": "mouseover", "timestamp": "1658962088493", "position": {"x": 408, "y": 388}}, {"event_name": "mousemove", "timestamp": "1658962088494", "position": {"x": 408, "y": 388}}, {"event_name": "mouseout", "timestamp": "1658962088510", "position": {"x": 1142, "y": 247}}, {"event_name": "mouseover", "timestamp": "1658962088559", "position": {"x": 444, "y": 61}}, {"event_name": "mousemove", "timestamp": "1658962088559", "position": {"x": 444, "y": 61}}, {"event_name": "mouseout", "timestamp": "1658962088576", "position": {"x": 1236, "y": 462}}, {"event_name": "mouseover", "timestamp": "1658962088626", "position": {"x": 762, "y": 360}}, {"event_name": "mousemove", "timestamp": "1658962088626", "position": {"x": 762, "y": 360}}, {"event_name": "mouseout", "timestamp": "1658962088643", "position": {"x": 1392, "y": 686}}, {"event_name": "mouseover", "timestamp": "1658962088860", "position": {"x": 233, "y": 380}}, {"event_name": "mousemove", "timestamp": "1658962088860", "position": {"x": 233, "y": 380}}, {"event_name": "mouseout", "timestamp": "1658962088876", "position": {"x": 445, "y": 665}}, {"event_name": "mouseover", "timestamp": "1658962088893", "position": {"x": 348, "y": 319}}, {"event_name": "mousemove", "timestamp": "1658962088893", "position": {"x": 348, "y": 319}}, {"event_name": "mouseout", "timestamp": "1658962088909", "position": {"x": 1679, "y": 476}}, {"event_name": "mouseover", "timestamp": "1658962088927", "position": {"x": 74, "y": 585}}, {"event_name": "mousemove", "timestamp": "1658962088927", "position": {"x": 74, "y": 585}}, {"event_name": "mouseout", "timestamp": "1658962088943", "position": {"x": 1669, "y": 272}}, {"event_name": "mouseover", "timestamp": "1658962089127", "position": {"x": 111, "y": 94}}, {"event_name": "mousemove", "timestamp": "1658962089127", "position": {"x": 111, "y": 94}}, {"event_name": "mouseout", "timestamp": "1658962089144", "position": {"x": 1238, "y": 559}}, {"event_name": "mouseover", "timestamp": "1658962089226", "position": {"x": 124, "y": 312}}, {"event_name": "mousemove", "timestamp": "1658962089226", "position": {"x": 124, "y": 312}}, {"event_name": "mouseout", "timestamp": "1658962089243", "position": {"x": 532, "y": 823}}, {"event_name": "mouseover", "timestamp": "1658962089278", "position": {"x": 638, "y": 420}}, {"event_name": "mousemove", "timestamp": "1658962089278", "position": {"x": 638, "y": 420}}, {"event_name": "mouseout", "timestamp": "1658962089293", "position": {"x": 1757, "y": 134}}, {"event_name": "mouseover", "timestamp": "1658962089326", "position": {"x": 88, "y": 177}}, {"event_name": "mousemove", "timestamp": "1658962089326", "position": {"x": 88, "y": 177}}, {"event_name": "mouseout", "timestamp": "1658962089343", "position": {"x": 402, "y": 442}}, {"event_name": "mouseover", "timestamp": "1658962089343", "position": {"x": 402, "y": 442}}, {"event_name": "mousemove", "timestamp": "1658962089344", "position": {"x": 402, "y": 442}}, {"event_name": "mouseout", "timestamp": "1658962089360", "position": {"x": 1445, "y": 302}}, {"event_name": "mouseover", "timestamp": "1658962089443", "position": {"x": 629, "y": 27}}, {"event_name": "mousemove", "timestamp": "1658962089444", "position": {"x": 629, "y": 27}}, {"event_name": "mouseout", "timestamp": "1658962089460", "position": {"x": 500, "y": 638}}, {"event_name": "mouseover", "timestamp": "1658962089476", "position": {"x": 160, "y": 334}}, {"event_name": "mousemove", "timestamp": "1658962089476", "position": {"x": 160, "y": 334}}, {"event_name": "mouseout", "timestamp": "1658962089493", "position": {"x": 1797, "y": 706}}, {"event_name": "mouseover", "timestamp": "1658962089526", "position": {"x": 579, "y": 578}}, {"event_name": "mousemove", "timestamp": "1658962089526", "position": {"x": 579, "y": 578}}, {"event_name": "mouseout", "timestamp": "1658962089543", "position": {"x": 832, "y": 108}}, {"event_name": "mouseover", "timestamp": "1658962089576", "position": {"x": 316, "y": 324}}, {"event_name": "mousemove", "timestamp": "1658962089576", "position": {"x": 316, "y": 324}}, {"event_name": "mouseout", "timestamp": "1658962089593", "position": {"x": 1532, "y": 750}}, {"event_name": "mouseover", "timestamp": "1658962089609", "position": {"x": 47, "y": 335}}, {"event_name": "mousemove", "timestamp": "1658962089609", "position": {"x": 47, "y": 335}}, {"event_name": "mouseout", "timestamp": "1658962089625", "position": {"x": 1495, "y": 338}}, {"event_name": "mouseover", "timestamp": "1658962089693", "position": {"x": 434, "y": 227}}, {"event_name": "mousemove", "timestamp": "1658962089693", "position": {"x": 434, "y": 227}}, {"event_name": "mouseout", "timestamp": "1658962089710", "position": {"x": 474, "y": 48}}, {"event_name": "mouseover", "timestamp": "1658962089710", "position": {"x": 474, "y": 48}}, {"event_name": "mousemove", "timestamp": "1658962089710", "position": {"x": 474, "y": 48}}, {"event_name": "mouseout", "timestamp": "1658962089726", "position": {"x": 105, "y": 418}}, {"event_name": "mouseover", "timestamp": "1658962089727", "position": {"x": 105, "y": 418}}, {"event_name": "mousemove", "timestamp": "1658962089727", "position": {"x": 105, "y": 418}}, {"event_name": "mouseout", "timestamp": "1658962089742", "position": {"x": 988, "y": 98}}, {"event_name": "mouseover", "timestamp": "1658962089760", "position": {"x": 739, "y": 99}}, {"event_name": "mousemove", "timestamp": "1658962089760", "position": {"x": 739, "y": 99}}, {"event_name": "mousemove", "timestamp": "1658962089777", "position": {"x": 677, "y": 81}}, {"event_name": "mouseout", "timestamp": "1658962089793", "position": {"x": 1512, "y": 709}}, {"event_name": "mouseover", "timestamp": "1658962089843", "position": {"x": 792, "y": 507}}, {"event_name": "mousemove", "timestamp": "1658962089843", "position": {"x": 792, "y": 507}}, {"event_name": "mouseout", "timestamp": "1658962089860", "position": {"x": 1011, "y": 421}}, {"event_name": "mouseover", "timestamp": "1658962089893", "position": {"x": 763, "y": 184}}, {"event_name": "mousemove", "timestamp": "1658962089893", "position": {"x": 763, "y": 184}}, {"event_name": "mouseout", "timestamp": "1658962089910", "position": {"x": 1734, "y": 28}}, {"event_name": "mouseover", "timestamp": "1658962089944", "position": {"x": 19, "y": 553}}, {"event_name": "mousemove", "timestamp": "1658962089944", "position": {"x": 19, "y": 553}}, {"event_name": "mouseout", "timestamp": "1658962089959", "position": {"x": 973, "y": 281}}, {"event_name": "mouseover", "timestamp": "1658962090013", "position": {"x": 177, "y": 196}}, {"event_name": "mousemove", "timestamp": "1658962090013", "position": {"x": 177, "y": 196}}, {"event_name": "mouseout", "timestamp": "1658962090026", "position": {"x": 1228, "y": 501}}, {"event_name": "mouseover", "timestamp": "1658962090059", "position": {"x": 193, "y": 458}}, {"event_name": "mousemove", "timestamp": "1658962090060", "position": {"x": 193, "y": 458}}, {"event_name": "mouseout", "timestamp": "1658962090076", "position": {"x": 1367, "y": 681}}, {"event_name": "mouseover", "timestamp": "1658962090144", "position": {"x": 86, "y": 561}}, {"event_name": "mousemove", "timestamp": "1658962090144", "position": {"x": 86, "y": 561}}, {"event_name": "mouseout", "timestamp": "1658962090160", "position": {"x": 554, "y": 708}}, {"event_name": "mouseover", "timestamp": "1658962090193", "position": {"x": 80, "y": 7}}, {"event_name": "mousemove", "timestamp": "1658962090193", "position": {"x": 80, "y": 7}}, {"event_name": "mouseout", "timestamp": "1658962090210", "position": {"x": 787, "y": 30}}, {"event_name": "mouseover", "timestamp": "1658962090210", "position": {"x": 787, "y": 30}}, {"event_name": "mousemove", "timestamp": "1658962090210", "position": {"x": 787, "y": 30}}, {"event_name": "mouseout", "timestamp": "1658962090226", "position": {"x": 1368, "y": 256}}, {"event_name": "mouseover", "timestamp": "1658962090243", "position": {"x": 719, "y": 179}}, {"event_name": "mousemove", "timestamp": "1658962090243", "position": {"x": 719, "y": 179}}, {"event_name": "mouseout", "timestamp": "1658962090259", "position": {"x": 1417, "y": 71}}, {"event_name": "mouseover", "timestamp": "1658962090293", "position": {"x": 683, "y": 173}}, {"event_name": "mousemove", "timestamp": "1658962090293", "position": {"x": 683, "y": 173}}, {"event_name": "mouseout", "timestamp": "1658962090310", "position": {"x": 1660, "y": 255}}, {"event_name": "mouseover", "timestamp": "1658962090359", "position": {"x": 350, "y": 220}}, {"event_name": "mousemove", "timestamp": "1658962090359", "position": {"x": 350, "y": 220}}, {"event_name": "mouseout", "timestamp": "1658962090377", "position": {"x": 1666, "y": 597}}, {"event_name": "mouseover", "timestamp": "1658962090444", "position": {"x": 505, "y": 61}}, {"event_name": "mousemove", "timestamp": "1658962090444", "position": {"x": 505, "y": 61}}, {"event_name": "mouseout", "timestamp": "1658962090460", "position": {"x": 195, "y": 749}}, {"event_name": "mouseover", "timestamp": "1658962090493", "position": {"x": 15, "y": 126}}, {"event_name": "mousemove", "timestamp": "1658962090493", "position": {"x": 15, "y": 126}}, {"event_name": "mouseout", "timestamp": "1658962090511", "position": {"x": 515, "y": 195}}, {"event_name": "mouseover", "timestamp": "1658962090511", "position": {"x": 515, "y": 195}}, {"event_name": "mousemove", "timestamp": "1658962090511", "position": {"x": 515, "y": 195}}, {"event_name": "mouseout", "timestamp": "1658962090528", "position": {"x": 1610, "y": 95}}, {"event_name": "mouseover", "timestamp": "1658962090576", "position": {"x": 433, "y": 169}}, {"event_name": "mousemove", "timestamp": "1658962090576", "position": {"x": 433, "y": 169}}, {"event_name": "mouseout", "timestamp": "1658962090593", "position": {"x": 733, "y": 411}}, {"event_name": "mouseover", "timestamp": "1658962090593", "position": {"x": 733, "y": 411}}, {"event_name": "mousemove", "timestamp": "1658962090593", "position": {"x": 733, "y": 411}}, {"event_name": "mouseout", "timestamp": "1658962090610", "position": {"x": 1251, "y": 666}}, {"event_name": "mouseover", "timestamp": "1658962090626", "position": {"x": 440, "y": 105}}, {"event_name": "mousemove", "timestamp": "1658962090626", "position": {"x": 440, "y": 105}}, {"event_name": "mouseout", "timestamp": "1658962090644", "position": {"x": 934, "y": 83}}, {"event_name": "mouseover", "timestamp": "1658962090676", "position": {"x": 369, "y": 335}}, {"event_name": "mousemove", "timestamp": "1658962090676", "position": {"x": 369, "y": 335}}, {"event_name": "mouseout", "timestamp": "1658962090693", "position": {"x": 137, "y": 34}}, {"event_name": "mouseover", "timestamp": "1658962090693", "position": {"x": 137, "y": 34}}, {"event_name": "mousemove", "timestamp": "1658962090693", "position": {"x": 137, "y": 34}}, {"event_name": "mouseout", "timestamp": "1658962090709", "position": {"x": 1299, "y": 479}}, {"event_name": "mouseover", "timestamp": "1658962090726", "position": {"x": 786, "y": 495}}, {"event_name": "mousemove", "timestamp": "1658962090726", "position": {"x": 786, "y": 495}}, {"event_name": "mouseout", "timestamp": "1658962090743", "position": {"x": 704, "y": 138}}, {"event_name": "mouseover", "timestamp": "1658962090743", "position": {"x": 704, "y": 138}}, {"event_name": "mousemove", "timestamp": "1658962090743", "position": {"x": 704, "y": 138}}, {"event_name": "mouseout", "timestamp": "1658962090760", "position": {"x": 1421, "y": 606}}, {"event_name": "mouseover", "timestamp": "1658962090827", "position": {"x": 27, "y": 167}}, {"event_name": "mousemove", "timestamp": "1658962090827", "position": {"x": 27, "y": 167}}, {"event_name": "mouseout", "timestamp": "1658962090844", "position": {"x": 896, "y": 410}}, {"event_name": "mouseover", "timestamp": "1658962090860", "position": {"x": 391, "y": 517}}, {"event_name": "mousemove", "timestamp": "1658962090860", "position": {"x": 391, "y": 517}}, {"event_name": "mouseout", "timestamp": "1658962090877", "position": {"x": 1118, "y": 690}}, {"event_name": "mouseover", "timestamp": "1658962090976", "position": {"x": 90, "y": 546}}, {"event_name": "mousemove", "timestamp": "1658962090976", "position": {"x": 90, "y": 546}}, {"event_name": "mouseout", "timestamp": "1658962090993", "position": {"x": 1294, "y": 362}}, {"event_name": "mouseover", "timestamp": "1658962091109", "position": {"x": 385, "y": 97}}, {"event_name": "mousemove", "timestamp": "1658962091109", "position": {"x": 385, "y": 97}}, {"event_name": "mouseout", "timestamp": "1658962091127", "position": {"x": 1779, "y": 244}}, {"event_name": "mouseover", "timestamp": "1658962091159", "position": {"x": 492, "y": 450}}, {"event_name": "mousemove", "timestamp": "1658962091160", "position": {"x": 492, "y": 450}}, {"event_name": "mouseout", "timestamp": "1658962091176", "position": {"x": 774, "y": 36}}, {"event_name": "mouseover", "timestamp": "1658962091176", "position": {"x": 774, "y": 36}}, {"event_name": "mousemove", "timestamp": "1658962091176", "position": {"x": 774, "y": 36}}, {"event_name": "mouseout", "timestamp": "1658962091193", "position": {"x": 1283, "y": 81}}, {"event_name": "mouseover", "timestamp": "1658962091213", "position": {"x": 322, "y": 112}}, {"event_name": "mousemove", "timestamp": "1658962091213", "position": {"x": 322, "y": 112}}, {"event_name": "mousemove", "timestamp": "1658962091228", "position": {"x": 44, "y": 84}}, {"event_name": "mouseout", "timestamp": "1658962091244", "position": {"x": 1277, "y": 551}}, {"event_name": "mouseover", "timestamp": "1658962091293", "position": {"x": 295, "y": 457}}, {"event_name": "mousemove", "timestamp": "1658962091293", "position": {"x": 295, "y": 457}}, {"event_name": "mouseout", "timestamp": "1658962091309", "position": {"x": 62, "y": 638}}, {"event_name": "mouseover", "timestamp": "1658962091359", "position": {"x": 237, "y": 511}}, {"event_name": "mousemove", "timestamp": "1658962091359", "position": {"x": 237, "y": 511}}, {"event_name": "mouseout", "timestamp": "1658962091376", "position": {"x": 217, "y": 667}}, {"event_name": "mouseover", "timestamp": "1658962091426", "position": {"x": 236, "y": 101}}, {"event_name": "mousemove", "timestamp": "1658962091427", "position": {"x": 236, "y": 101}}, {"event_name": "mouseout", "timestamp": "1658962091445", "position": {"x": 574, "y": 707}}, {"event_name": "mouseover", "timestamp": "1658962091477", "position": {"x": 126, "y": 357}}, {"event_name": "mousemove", "timestamp": "1658962091477", "position": {"x": 126, "y": 357}}, {"event_name": "mouseout", "timestamp": "1658962091493", "position": {"x": 1526, "y": 96}}, {"event_name": "mouseover", "timestamp": "1658962091526", "position": {"x": 452, "y": 82}}, {"event_name": "mousemove", "timestamp": "1658962091526", "position": {"x": 452, "y": 82}}, {"event_name": "mouseout", "timestamp": "1658962091543", "position": {"x": 1255, "y": 138}}, {"event_name": "mouseover", "timestamp": "1658962091576", "position": {"x": 360, "y": 91}}, {"event_name": "mousemove", "timestamp": "1658962091576", "position": {"x": 360, "y": 91}}, {"event_name": "mouseout", "timestamp": "1658962091596", "position": {"x": 330, "y": 587}}, {"event_name": "mouseover", "timestamp": "1658962091596", "position": {"x": 330, "y": 587}}, {"event_name": "mousemove", "timestamp": "1658962091596", "position": {"x": 330, "y": 587}}, {"event_name": "mouseout", "timestamp": "1658962091610", "position": {"x": 1083, "y": 582}}, {"event_name": "mouseover", "timestamp": "1658962091659", "position": {"x": 429, "y": 75}}, {"event_name": "mousemove", "timestamp": "1658962091659", "position": {"x": 429, "y": 75}}, {"event_name": "mouseout", "timestamp": "1658962091676", "position": {"x": 1522, "y": 150}}, {"event_name": "mouseover", "timestamp": "1658962091693", "position": {"x": 330, "y": 271}}, {"event_name": "mousemove", "timestamp": "1658962091693", "position": {"x": 330, "y": 271}}, {"event_name": "mousemove", "timestamp": "1658962091710", "position": {"x": 97, "y": 276}}, {"event_name": "mouseout", "timestamp": "1658962091726", "position": {"x": 6, "y": 307}}, {"event_name": "mouseover", "timestamp": "1658962091726", "position": {"x": 6, "y": 307}}, {"event_name": "mousemove", "timestamp": "1658962091726", "position": {"x": 6, "y": 307}}, {"event_name": "mouseout", "timestamp": "1658962091742", "position": {"x": 1725, "y": 413}}, {"event_name": "mouseover", "timestamp": "1658962091776", "position": {"x": 102, "y": 511}}, {"event_name": "mousemove", "timestamp": "1658962091776", "position": {"x": 102, "y": 511}}, {"event_name": "mouseout", "timestamp": "1658962091792", "position": {"x": 671, "y": 897}}, {"event_name": "mouseover", "timestamp": "1658962091859", "position": {"x": 38, "y": 395}}, {"event_name": "mousemove", "timestamp": "1658962091859", "position": {"x": 38, "y": 395}}, {"event_name": "mouseout", "timestamp": "1658962091876", "position": {"x": 59, "y": 606}}, {"event_name": "mouseover", "timestamp": "1658962092059", "position": {"x": 262, "y": 275}}, {"event_name": "mousemove", "timestamp": "1658962092060", "position": {"x": 262, "y": 275}}, {"event_name": "mouseout", "timestamp": "1658962092076", "position": {"x": 1197, "y": 799}}, {"event_name": "mouseover", "timestamp": "1658962092109", "position": {"x": 627, "y": 254}}, {"event_name": "mousemove", "timestamp": "1658962092110", "position": {"x": 627, "y": 254}}, {"event_name": "mouseout", "timestamp": "1658962092126", "position": {"x": 1182, "y": 870}}, {"event_name": "mouseover", "timestamp": "1658962092143", "position": {"x": 574, "y": 248}}, {"event_name": "mousemove", "timestamp": "1658962092143", "position": {"x": 574, "y": 248}}, {"event_name": "mouseout", "timestamp": "1658962092160", "position": {"x": 671, "y": 418}}, {"event_name": "mouseover", "timestamp": "1658962092160", "position": {"x": 671, "y": 418}}, {"event_name": "mousemove", "timestamp": "1658962092160", "position": {"x": 671, "y": 418}}, {"event_name": "mouseout", "timestamp": "1658962092177", "position": {"x": 1531, "y": 824}}, {"event_name": "mouseover", "timestamp": "1658962092226", "position": {"x": 473, "y": 535}}, {"event_name": "mousemove", "timestamp": "1658962092227", "position": {"x": 473, "y": 535}}, {"event_name": "mouseout", "timestamp": "1658962092244", "position": {"x": 989, "y": 602}}, {"event_name": "mouseover", "timestamp": "1658962092343", "position": {"x": 793, "y": 515}}, {"event_name": "mousemove", "timestamp": "1658962092343", "position": {"x": 793, "y": 515}}, {"event_name": "mouseout", "timestamp": "1658962092360", "position": {"x": 1474, "y": 627}}, {"event_name": "mouseover", "timestamp": "1658962092427", "position": {"x": 438, "y": 191}}, {"event_name": "mousemove", "timestamp": "1658962092427", "position": {"x": 438, "y": 191}}, {"event_name": "mouseout", "timestamp": "1658962092443", "position": {"x": 1627, "y": 37}}, {"event_name": "mouseover", "timestamp": "1658962092659", "position": {"x": 258, "y": 367}}, {"event_name": "mousemove", "timestamp": "1658962092659", "position": {"x": 258, "y": 367}}, {"event_name": "mouseout", "timestamp": "1658962092676", "position": {"x": 1181, "y": 481}}, {"event_name": "mouseover", "timestamp": "1658962092726", "position": {"x": 210, "y": 6}}, {"event_name": "mousemove", "timestamp": "1658962092726", "position": {"x": 210, "y": 6}}, {"event_name": "mouseout", "timestamp": "1658962092743", "position": {"x": 1618, "y": 646}}, {"event_name": "mouseover", "timestamp": "1658962092810", "position": {"x": 484, "y": 411}}, {"event_name": "mousemove", "timestamp": "1658962092811", "position": {"x": 484, "y": 411}}, {"event_name": "mouseout", "timestamp": "1658962092827", "position": {"x": 633, "y": 695}}, {"event_name": "mouseover", "timestamp": "1658962092860", "position": {"x": 244, "y": 522}}, {"event_name": "mousemove", "timestamp": "1658962092860", "position": {"x": 244, "y": 522}}, {"event_name": "mouseout", "timestamp": "1658962092876", "position": {"x": 1398, "y": 627}}, {"event_name": "mouseover", "timestamp": "1658962092893", "position": {"x": 775, "y": 321}}, {"event_name": "mousemove", "timestamp": "1658962092893", "position": {"x": 775, "y": 321}}, {"event_name": "mouseout", "timestamp": "1658962092916", "position": {"x": 1311, "y": 808}}, {"event_name": "mouseover", "timestamp": "1658962092943", "position": {"x": 133, "y": 17}}, {"event_name": "mousemove", "timestamp": "1658962092943", "position": {"x": 133, "y": 17}}, {"event_name": "mouseout", "timestamp": "1658962092959", "position": {"x": 1178, "y": 347}}, {"event_name": "mouseover", "timestamp": "1658962092975", "position": {"x": 797, "y": 107}}, {"event_name": "mousemove", "timestamp": "1658962092975", "position": {"x": 797, "y": 107}}, {"event_name": "mouseout", "timestamp": "1658962092992", "position": {"x": 1725, "y": 485}}, {"event_name": "mouseover", "timestamp": "1658962093009", "position": {"x": 623, "y": 157}}, {"event_name": "mousemove", "timestamp": "1658962093009", "position": {"x": 623, "y": 157}}, {"event_name": "mouseout", "timestamp": "1658962093027", "position": {"x": 1650, "y": 82}}, {"event_name": "mouseover", "timestamp": "1658962093043", "position": {"x": 399, "y": 368}}, {"event_name": "mousemove", "timestamp": "1658962093043", "position": {"x": 399, "y": 368}}, {"event_name": "mouseout", "timestamp": "1658962093060", "position": {"x": 24, "y": 360}}, {"event_name": "mouseover", "timestamp": "1658962093061", "position": {"x": 24, "y": 360}}, {"event_name": "mousemove", "timestamp": "1658962093061", "position": {"x": 24, "y": 360}}, {"event_name": "mouseout", "timestamp": "1658962093077", "position": {"x": 1765, "y": 771}}, {"event_name": "mouseover", "timestamp": "1658962093093", "position": {"x": 103, "y": 132}}, {"event_name": "mousemove", "timestamp": "1658962093093", "position": {"x": 103, "y": 132}}, {"event_name": "mouseout", "timestamp": "1658962093110", "position": {"x": 95, "y": 707}}, {"event_name": "mouseover", "timestamp": "1658962093127", "position": {"x": 115, "y": 444}}, {"event_name": "mousemove", "timestamp": "1658962093127", "position": {"x": 115, "y": 444}}, {"event_name": "mouseout", "timestamp": "1658962093143", "position": {"x": 1718, "y": 153}}, {"event_name": "mouseover", "timestamp": "1658962093210", "position": {"x": 495, "y": 422}}, {"event_name": "mousemove", "timestamp": "1658962093210", "position": {"x": 495, "y": 422}}, {"event_name": "mouseout", "timestamp": "1658962093226", "position": {"x": 939, "y": 601}}, {"event_name": "mouseover", "timestamp": "1658962093277", "position": {"x": 449, "y": 453}}, {"event_name": "mousemove", "timestamp": "1658962093278", "position": {"x": 449, "y": 453}}, {"event_name": "mouseout", "timestamp": "1658962093294", "position": {"x": 543, "y": 722}}, {"event_name": "mouseover", "timestamp": "1658962093393", "position": {"x": 287, "y": 512}}, {"event_name": "mousemove", "timestamp": "1658962093394", "position": {"x": 287, "y": 512}}, {"event_name": "mouseout", "timestamp": "1658962093410", "position": {"x": 4, "y": 788}}, {"event_name": "mouseover", "timestamp": "1658962093443", "position": {"x": 471, "y": 239}}, {"event_name": "mousemove", "timestamp": "1658962093444", "position": {"x": 471, "y": 239}}, {"event_name": "mouseout", "timestamp": "1658962093459", "position": {"x": 283, "y": 335}}, {"event_name": "mouseover", "timestamp": "1658962093460", "position": {"x": 283, "y": 335}}, {"event_name": "mousemove", "timestamp": "1658962093460", "position": {"x": 283, "y": 335}}, {"event_name": "mouseout", "timestamp": "1658962093477", "position": {"x": 1776, "y": 353}}, {"event_name": "mouseover", "timestamp": "1658962093493", "position": {"x": 180, "y": 67}}, {"event_name": "mousemove", "timestamp": "1658962093493", "position": {"x": 180, "y": 67}}, {"event_name": "mouseout", "timestamp": "1658962093510", "position": {"x": 1360, "y": 563}}, {"event_name": "mouseover", "timestamp": "1658962093576", "position": {"x": 98, "y": 317}}, {"event_name": "mousemove", "timestamp": "1658962093576", "position": {"x": 98, "y": 317}}, {"event_name": "mouseout", "timestamp": "1658962093592", "position": {"x": 401, "y": 833}}, {"event_name": "mouseover", "timestamp": "1658962093659", "position": {"x": 628, "y": 151}}, {"event_name": "mousemove", "timestamp": "1658962093659", "position": {"x": 628, "y": 151}}, {"event_name": "mouseout", "timestamp": "1658962093675", "position": {"x": 974, "y": 362}}, {"event_name": "mouseover", "timestamp": "1658962093759", "position": {"x": 430, "y": 387}}, {"event_name": "mousemove", "timestamp": "1658962093759", "position": {"x": 430, "y": 387}}, {"event_name": "mouseout", "timestamp": "1658962093780", "position": {"x": 1147, "y": 594}}, {"event_name": "mouseover", "timestamp": "1658962093828", "position": {"x": 219, "y": 236}}, {"event_name": "mousemove", "timestamp": "1658962093829", "position": {"x": 219, "y": 236}}, {"event_name": "mouseout", "timestamp": "1658962093846", "position": {"x": 1685, "y": 871}}, {"event_name": "mouseover", "timestamp": "1658962093860", "position": {"x": 494, "y": 72}}, {"event_name": "mousemove", "timestamp": "1658962093860", "position": {"x": 494, "y": 72}}, {"event_name": "mouseout", "timestamp": "1658962093877", "position": {"x": 483, "y": 353}}, {"event_name": "mouseover", "timestamp": "1658962093877", "position": {"x": 483, "y": 353}}, {"event_name": "mousemove", "timestamp": "1658962093877", "position": {"x": 483, "y": 353}}, {"event_name": "mouseout", "timestamp": "1658962093892", "position": {"x": 1031, "y": 838}}, {"event_name": "mouseover", "timestamp": "1658962093992", "position": {"x": 303, "y": 173}}, {"event_name": "mousemove", "timestamp": "1658962093992", "position": {"x": 303, "y": 173}}, {"event_name": "mouseout", "timestamp": "1658962094009", "position": {"x": 222, "y": 842}}, {"event_name": "mouseover", "timestamp": "1658962094092", "position": {"x": 242, "y": 97}}, {"event_name": "mousemove", "timestamp": "1658962094093", "position": {"x": 242, "y": 97}}, {"event_name": "mouseout", "timestamp": "1658962094109", "position": {"x": 1405, "y": 327}}, {"event_name": "mouseover", "timestamp": "1658962094179", "position": {"x": 528, "y": 545}}, {"event_name": "mousemove", "timestamp": "1658962094179", "position": {"x": 528, "y": 545}}, {"event_name": "mouseout", "timestamp": "1658962094194", "position": {"x": 1000, "y": 608}}, {"event_name": "mouseover", "timestamp": "1658962094243", "position": {"x": 170, "y": 303}}, {"event_name": "mousemove", "timestamp": "1658962094243", "position": {"x": 170, "y": 303}}, {"event_name": "mouseout", "timestamp": "1658962094260", "position": {"x": 395, "y": 599}}, {"event_name": "mouseover", "timestamp": "1658962094260", "position": {"x": 395, "y": 599}}, {"event_name": "mousemove", "timestamp": "1658962094260", "position": {"x": 395, "y": 599}}, {"event_name": "mouseout", "timestamp": "1658962094277", "position": {"x": 1707, "y": 339}}, {"event_name": "mouseover", "timestamp": "1658962094343", "position": {"x": 784, "y": 127}}, {"event_name": "mousemove", "timestamp": "1658962094343", "position": {"x": 784, "y": 127}}, {"event_name": "mouseout", "timestamp": "1658962094359", "position": {"x": 576, "y": 310}}, {"event_name": "mouseover", "timestamp": "1658962094360", "position": {"x": 576, "y": 310}}, {"event_name": "mousemove", "timestamp": "1658962094360", "position": {"x": 576, "y": 310}}, {"event_name": "mouseout", "timestamp": "1658962094376", "position": {"x": 1788, "y": 382}}, {"event_name": "mouseover", "timestamp": "1658962094394", "position": {"x": 170, "y": 154}}, {"event_name": "mousemove", "timestamp": "1658962094394", "position": {"x": 170, "y": 154}}, {"event_name": "mouseout", "timestamp": "1658962094410", "position": {"x": 755, "y": 208}}, {"event_name": "mouseover", "timestamp": "1658962094410", "position": {"x": 755, "y": 208}}, {"event_name": "mousemove", "timestamp": "1658962094410", "position": {"x": 755, "y": 208}}, {"event_name": "mouseout", "timestamp": "1658962094427", "position": {"x": 1045, "y": 319}}, {"event_name": "mouseover", "timestamp": "1658962094443", "position": {"x": 423, "y": 157}}, {"event_name": "mousemove", "timestamp": "1658962094444", "position": {"x": 423, "y": 157}}, {"event_name": "mouseout", "timestamp": "1658962094462", "position": {"x": 1011, "y": 635}}, {"event_name": "mouseover", "timestamp": "1658962094526", "position": {"x": 703, "y": 337}}, {"event_name": "mousemove", "timestamp": "1658962094527", "position": {"x": 703, "y": 337}}, {"event_name": "mouseout", "timestamp": "1658962094545", "position": {"x": 1713, "y": 698}}, {"event_name": "mouseover", "timestamp": "1658962094577", "position": {"x": 301, "y": 288}}, {"event_name": "mousemove", "timestamp": "1658962094577", "position": {"x": 301, "y": 288}}, {"event_name": "mouseout", "timestamp": "1658962094596", "position": {"x": 512, "y": 531}}, {"event_name": "mouseover", "timestamp": "1658962094596", "position": {"x": 512, "y": 531}}, {"event_name": "mousemove", "timestamp": "1658962094596", "position": {"x": 512, "y": 531}}, {"event_name": "mouseout", "timestamp": "1658962094609", "position": {"x": 1693, "y": 31}}, {"event_name": "mouseover", "timestamp": "1658962094627", "position": {"x": 284, "y": 258}}, {"event_name": "mousemove", "timestamp": "1658962094627", "position": {"x": 284, "y": 258}}, {"event_name": "mouseout", "timestamp": "1658962094647", "position": {"x": 1351, "y": 760}}, {"event_name": "mouseover", "timestamp": "1658962094710", "position": {"x": 620, "y": 269}}, {"event_name": "mousemove", "timestamp": "1658962094710", "position": {"x": 620, "y": 269}}, {"event_name": "mouseout", "timestamp": "1658962094726", "position": {"x": 1486, "y": 81}}, {"event_name": "mouseover", "timestamp": "1658962094793", "position": {"x": 785, "y": 426}}, {"event_name": "mousemove", "timestamp": "1658962094793", "position": {"x": 785, "y": 426}}, {"event_name": "mouseout", "timestamp": "1658962094809", "position": {"x": 1055, "y": 583}}, {"event_name": "mouseover", "timestamp": "1658962094877", "position": {"x": 690, "y": 32}}, {"event_name": "mousemove", "timestamp": "1658962094878", "position": {"x": 690, "y": 32}}, {"event_name": "mouseout", "timestamp": "1658962094929", "position": {"x": 804, "y": 459}}, {"event_name": "mouseover", "timestamp": "1658962094993", "position": {"x": 161, "y": 109}}, {"event_name": "mousemove", "timestamp": "1658962094994", "position": {"x": 161, "y": 109}}, {"event_name": "mouseout", "timestamp": "1658962095010", "position": {"x": 297, "y": 274}}, {"event_name": "mouseover", "timestamp": "1658962095010", "position": {"x": 297, "y": 274}}, {"event_name": "mousemove", "timestamp": "1658962095010", "position": {"x": 297, "y": 274}}, {"event_name": "mouseout", "timestamp": "1658962095027", "position": {"x": 26, "y": 234}}, {"event_name": "mouseover", "timestamp": "1658962095027", "position": {"x": 26, "y": 234}}, {"event_name": "mousemove", "timestamp": "1658962095027", "position": {"x": 26, "y": 234}}, {"event_name": "mouseout", "timestamp": "1658962095043", "position": {"x": 1726, "y": 842}}, {"event_name": "mousemove", "timestamp": "1658962095077", "position": {"x": 322, "y": 440}}, {"event_name": "mouseover", "timestamp": "1658962095077", "position": {"x": 322, "y": 440}}, {"event_name": "mouseout", "timestamp": "1658962095093", "position": {"x": 1612, "y": 442}}, {"event_name": "mouseover", "timestamp": "1658962095143", "position": {"x": 535, "y": 370}}, {"event_name": "mousemove", "timestamp": "1658962095143", "position": {"x": 535, "y": 370}}, {"event_name": "mousemove", "timestamp": "1658962095159", "position": {"x": 727, "y": 329}}, {"event_name": "mouseout", "timestamp": "1658962095177", "position": {"x": 1502, "y": 601}}, {"event_name": "mouseover", "timestamp": "1658962095193", "position": {"x": 436, "y": 274}}, {"event_name": "mousemove", "timestamp": "1658962095193", "position": {"x": 436, "y": 274}}, {"event_name": "mouseout", "timestamp": "1658962095209", "position": {"x": 1524, "y": 696}}, {"event_name": "mouseover", "timestamp": "1658962095293", "position": {"x": 676, "y": 320}}, {"event_name": "mousemove", "timestamp": "1658962095293", "position": {"x": 676, "y": 320}}, {"event_name": "mouseout", "timestamp": "1658962095310", "position": {"x": 773, "y": 482}}, {"event_name": "mouseover", "timestamp": "1658962095311", "position": {"x": 773, "y": 482}}, {"event_name": "mousemove", "timestamp": "1658962095311", "position": {"x": 773, "y": 482}}, {"event_name": "mouseout", "timestamp": "1658962095326", "position": {"x": 857, "y": 868}}, {"event_name": "mouseover", "timestamp": "1658962095360", "position": {"x": 135, "y": 428}}, {"event_name": "mousemove", "timestamp": "1658962095360", "position": {"x": 135, "y": 428}}, {"event_name": "mouseout", "timestamp": "1658962095376", "position": {"x": 1073, "y": 406}}, {"event_name": "mouseover", "timestamp": "1658962095494", "position": {"x": 104, "y": 82}}, {"event_name": "mousemove", "timestamp": "1658962095494", "position": {"x": 104, "y": 82}}, {"event_name": "mouseout", "timestamp": "1658962095511", "position": {"x": 1461, "y": 81}}, {"event_name": "mouseover", "timestamp": "1658962095526", "position": {"x": 73, "y": 392}}, {"event_name": "mousemove", "timestamp": "1658962095526", "position": {"x": 73, "y": 392}}, {"event_name": "mouseout", "timestamp": "1658962095550", "position": {"x": 736, "y": 213}}, {"event_name": "mouseover", "timestamp": "1658962095550", "position": {"x": 736, "y": 213}}, {"event_name": "mousemove", "timestamp": "1658962095550", "position": {"x": 736, "y": 213}}, {"event_name": "mouseout", "timestamp": "1658962095559", "position": {"x": 148, "y": 707}}, {"event_name": "mouseover", "timestamp": "1658962095726", "position": {"x": 631, "y": 119}}, {"event_name": "mousemove", "timestamp": "1658962095726", "position": {"x": 631, "y": 119}}, {"event_name": "mouseout", "timestamp": "1658962095743", "position": {"x": 1566, "y": 452}}, {"event_name": "mouseover", "timestamp": "1658962095776", "position": {"x": 370, "y": 401}}, {"event_name": "mousemove", "timestamp": "1658962095776", "position": {"x": 370, "y": 401}}, {"event_name": "mouseout", "timestamp": "1658962095792", "position": {"x": 382, "y": 158}}, {"event_name": "mouseover", "timestamp": "1658962095793", "position": {"x": 382, "y": 158}}, {"event_name": "mousemove", "timestamp": "1658962095793", "position": {"x": 382, "y": 158}}, {"event_name": "mouseout", "timestamp": "1658962095809", "position": {"x": 1046, "y": 344}}, {"event_name": "mouseover", "timestamp": "1658962095859", "position": {"x": 65, "y": 449}}, {"event_name": "mousemove", "timestamp": "1658962095860", "position": {"x": 65, "y": 449}}, {"event_name": "mouseout", "timestamp": "1658962095878", "position": {"x": 1285, "y": 431}}, {"event_name": "mouseover", "timestamp": "1658962095997", "position": {"x": 320, "y": 129}}, {"event_name": "mousemove", "timestamp": "1658962095997", "position": {"x": 320, "y": 129}}, {"event_name": "mouseout", "timestamp": "1658962096011", "position": {"x": 879, "y": 665}}, {"event_name": "mouseover", "timestamp": "1658962096060", "position": {"x": 636, "y": 538}}, {"event_name": "mousemove", "timestamp": "1658962096060", "position": {"x": 636, "y": 538}}, {"event_name": "mousemove", "timestamp": "1658962096076", "position": {"x": 251, "y": 313}}, {"event_name": "mouseout", "timestamp": "1658962096093", "position": {"x": 60, "y": 769}}, {"event_name": "mouseover", "timestamp": "1658962096109", "position": {"x": 403, "y": 398}}, {"event_name": "mousemove", "timestamp": "1658962096110", "position": {"x": 403, "y": 398}}, {"event_name": "mouseout", "timestamp": "1658962096127", "position": {"x": 541, "y": 716}}, {"event_name": "mouseover", "timestamp": "1658962096177", "position": {"x": 377, "y": 2}}, {"event_name": "mousemove", "timestamp": "1658962096178", "position": {"x": 377, "y": 2}}, {"event_name": "mouseout", "timestamp": "1658962096193", "position": {"x": 1129, "y": 368}}, {"event_name": "mouseover", "timestamp": "1658962096210", "position": {"x": 329, "y": 435}}, {"event_name": "mousemove", "timestamp": "1658962096210", "position": {"x": 329, "y": 435}}, {"event_name": "mouseout", "timestamp": "1658962096227", "position": {"x": 1316, "y": 489}}, {"event_name": "mouseover", "timestamp": "1658962096294", "position": {"x": 734, "y": 82}}, {"event_name": "mousemove", "timestamp": "1658962096294", "position": {"x": 734, "y": 82}}, {"event_name": "mouseout", "timestamp": "1658962096312", "position": {"x": 387, "y": 682}}, {"event_name": "mouseover", "timestamp": "1658962096543", "position": {"x": 319, "y": 84}}, {"event_name": "mousemove", "timestamp": "1658962096543", "position": {"x": 319, "y": 84}}, {"event_name": "mouseout", "timestamp": "1658962096559", "position": {"x": 930, "y": 424}}, {"event_name": "mouseover", "timestamp": "1658962096609", "position": {"x": 317, "y": 110}}, {"event_name": "mousemove", "timestamp": "1658962096610", "position": {"x": 317, "y": 110}}, {"event_name": "mouseout", "timestamp": "1658962096625", "position": {"x": 884, "y": 234}}, {"event_name": "mouseover", "timestamp": "1658962096642", "position": {"x": 547, "y": 292}}, {"event_name": "mousemove", "timestamp": "1658962096642", "position": {"x": 547, "y": 292}}, {"event_name": "mouseout", "timestamp": "1658962096659", "position": {"x": 535, "y": 199}}, {"event_name": "mouseover", "timestamp": "1658962096659", "position": {"x": 535, "y": 199}}, {"event_name": "mousemove", "timestamp": "1658962096659", "position": {"x": 535, "y": 199}}, {"event_name": "mouseout", "timestamp": "1658962096677", "position": {"x": 149, "y": 518}}, {"event_name": "mouseover", "timestamp": "1658962096677", "position": {"x": 149, "y": 518}}, {"event_name": "mousemove", "timestamp": "1658962096677", "position": {"x": 149, "y": 518}}, {"event_name": "mouseout", "timestamp": "1658962096693", "position": {"x": 764, "y": 863}}, {"event_name": "mouseover", "timestamp": "1658962096710", "position": {"x": 798, "y": 100}}, {"event_name": "mousemove", "timestamp": "1658962096710", "position": {"x": 798, "y": 100}}, {"event_name": "mouseout", "timestamp": "1658962096726", "position": {"x": 1478, "y": 821}}, {"event_name": "mouseover", "timestamp": "1658962096943", "position": {"x": 337, "y": 592}}, {"event_name": "mousemove", "timestamp": "1658962096943", "position": {"x": 337, "y": 592}}, {"event_name": "mouseout", "timestamp": "1658962096959", "position": {"x": 1356, "y": 17}}, {"event_name": "mouseover", "timestamp": "1658962097026", "position": {"x": 681, "y": 112}}, {"event_name": "mousemove", "timestamp": "1658962097026", "position": {"x": 681, "y": 112}}, {"event_name": "mouseout", "timestamp": "1658962097043", "position": {"x": 1491, "y": 242}}, {"event_name": "mouseover", "timestamp": "1658962097193", "position": {"x": 109, "y": 527}}, {"event_name": "mousemove", "timestamp": "1658962097193", "position": {"x": 109, "y": 527}}, {"event_name": "mouseout", "timestamp": "1658962097211", "position": {"x": 1774, "y": 704}}, {"event_name": "mouseover", "timestamp": "1658962097227", "position": {"x": 45, "y": 388}}, {"event_name": "mousemove", "timestamp": "1658962097227", "position": {"x": 45, "y": 388}}, {"event_name": "mouseout", "timestamp": "1658962097243", "position": {"x": 1333, "y": 808}}, {"event_name": "mouseover", "timestamp": "1658962097277", "position": {"x": 558, "y": 576}}, {"event_name": "mousemove", "timestamp": "1658962097277", "position": {"x": 558, "y": 576}}, {"event_name": "mouseout", "timestamp": "1658962097295", "position": {"x": 1756, "y": 58}}, {"event_name": "mouseover", "timestamp": "1658962097311", "position": {"x": 483, "y": 534}}, {"event_name": "mousemove", "timestamp": "1658962097311", "position": {"x": 483, "y": 534}}, {"event_name": "mouseout", "timestamp": "1658962097326", "position": {"x": 1508, "y": 411}}, {"event_name": "mouseover", "timestamp": "1658962097493", "position": {"x": 328, "y": 202}}, {"event_name": "mousemove", "timestamp": "1658962097493", "position": {"x": 328, "y": 202}}, {"event_name": "mouseout", "timestamp": "1658962097510", "position": {"x": 1220, "y": 290}}, {"event_name": "mouseover", "timestamp": "1658962097543", "position": {"x": 192, "y": 543}}, {"event_name": "mousemove", "timestamp": "1658962097543", "position": {"x": 192, "y": 543}}, {"event_name": "mouseout", "timestamp": "1658962097561", "position": {"x": 252, "y": 750}}, {"event_name": "mousemove", "timestamp": "1658962097609", "position": {"x": 620, "y": 55}}, {"event_name": "mouseover", "timestamp": "1658962097609", "position": {"x": 620, "y": 55}}, {"event_name": "mouseout", "timestamp": "1658962097627", "position": {"x": 1669, "y": 8}}, {"event_name": "mouseover", "timestamp": "1658962097660", "position": {"x": 743, "y": 508}}, {"event_name": "mousemove", "timestamp": "1658962097660", "position": {"x": 743, "y": 508}}, {"event_name": "mouseout", "timestamp": "1658962097676", "position": {"x": 1494, "y": 673}}, {"event_name": "mouseover", "timestamp": "1658962097776", "position": {"x": 93, "y": 441}}, {"event_name": "mousemove", "timestamp": "1658962097776", "position": {"x": 93, "y": 441}}, {"event_name": "mouseout", "timestamp": "1658962097792", "position": {"x": 226, "y": 40}}, {"event_name": "mouseover", "timestamp": "1658962097792", "position": {"x": 226, "y": 40}}, {"event_name": "mousemove", "timestamp": "1658962097793", "position": {"x": 226, "y": 40}}, {"event_name": "mouseout", "timestamp": "1658962097809", "position": {"x": 1558, "y": 852}}, {"event_name": "mouseover", "timestamp": "1658962097827", "position": {"x": 43, "y": 377}}, {"event_name": "mousemove", "timestamp": "1658962097827", "position": {"x": 43, "y": 377}}, {"event_name": "mouseout", "timestamp": "1658962097843", "position": {"x": 1074, "y": 897}}, {"event_name": "mouseover", "timestamp": "1658962097926", "position": {"x": 216, "y": 186}}, {"event_name": "mousemove", "timestamp": "1658962097926", "position": {"x": 216, "y": 186}}, {"event_name": "mouseout", "timestamp": "1658962097948", "position": {"x": 784, "y": 177}}, {"event_name": "mouseover", "timestamp": "1658962097949", "position": {"x": 784, "y": 177}}, {"event_name": "mousemove", "timestamp": "1658962097949", "position": {"x": 784, "y": 177}}, {"event_name": "mouseout", "timestamp": "1658962097960", "position": {"x": 1449, "y": 399}}, {"event_name": "mouseover", "timestamp": "1658962098060", "position": {"x": 76, "y": 319}}, {"event_name": "mousemove", "timestamp": "1658962098060", "position": {"x": 76, "y": 319}}, {"event_name": "mouseout", "timestamp": "1658962098079", "position": {"x": 57, "y": 738}}, {"event_name": "mouseover", "timestamp": "1658962098094", "position": {"x": 243, "y": 558}}, {"event_name": "mousemove", "timestamp": "1658962098094", "position": {"x": 243, "y": 558}}, {"event_name": "mouseout", "timestamp": "1658962098109", "position": {"x": 163, "y": 825}}, {"event_name": "mouseover", "timestamp": "1658962098260", "position": {"x": 467, "y": 24}}, {"event_name": "mousemove", "timestamp": "1658962098261", "position": {"x": 467, "y": 24}}, {"event_name": "mouseout", "timestamp": "1658962098277", "position": {"x": 1679, "y": 438}}, {"event_name": "mouseover", "timestamp": "1658962098393", "position": {"x": 264, "y": 538}}, {"event_name": "mousemove", "timestamp": "1658962098393", "position": {"x": 264, "y": 538}}, {"event_name": "mouseout", "timestamp": "1658962098410", "position": {"x": 885, "y": 742}}, {"event_name": "mouseover", "timestamp": "1658962098459", "position": {"x": 283, "y": 536}}, {"event_name": "mousemove", "timestamp": "1658962098460", "position": {"x": 283, "y": 536}}, {"event_name": "mouseout", "timestamp": "1658962098478", "position": {"x": 960, "y": 85}}, {"event_name": "mouseover", "timestamp": "1658962098492", "position": {"x": 769, "y": 99}}, {"event_name": "mousemove", "timestamp": "1658962098493", "position": {"x": 769, "y": 99}}, {"event_name": "mouseout", "timestamp": "1658962098510", "position": {"x": 654, "y": 20}}, {"event_name": "mouseover", "timestamp": "1658962098510", "position": {"x": 654, "y": 20}}, {"event_name": "mousemove", "timestamp": "1658962098510", "position": {"x": 654, "y": 20}}, {"event_name": "mouseout", "timestamp": "1658962098526", "position": {"x": 305, "y": 82}}, {"event_name": "mouseover", "timestamp": "1658962098527", "position": {"x": 305, "y": 82}}, {"event_name": "mousemove", "timestamp": "1658962098527", "position": {"x": 305, "y": 82}}, {"event_name": "mouseout", "timestamp": "1658962098543", "position": {"x": 193, "y": 187}}, {"event_name": "mouseover", "timestamp": "1658962098544", "position": {"x": 193, "y": 187}}, {"event_name": "mousemove", "timestamp": "1658962098544", "position": {"x": 193, "y": 187}}, {"event_name": "mouseout", "timestamp": "1658962098559", "position": {"x": 1373, "y": 177}}, {"event_name": "mouseover", "timestamp": "1658962098593", "position": {"x": 712, "y": 393}}, {"event_name": "mousemove", "timestamp": "1658962098593", "position": {"x": 712, "y": 393}}, {"event_name": "mouseout", "timestamp": "1658962098610", "position": {"x": 1422, "y": 413}}, {"event_name": "mouseover", "timestamp": "1658962098676", "position": {"x": 566, "y": 30}}, {"event_name": "mousemove", "timestamp": "1658962098676", "position": {"x": 566, "y": 30}}, {"event_name": "mouseout", "timestamp": "1658962098693", "position": {"x": 1356, "y": 82}}, {"event_name": "mouseover", "timestamp": "1658962098743", "position": {"x": 153, "y": 476}}, {"event_name": "mousemove", "timestamp": "1658962098743", "position": {"x": 153, "y": 476}}, {"event_name": "mouseout", "timestamp": "1658962098761", "position": {"x": 972, "y": 371}}, {"event_name": "mouseover", "timestamp": "1658962098826", "position": {"x": 238, "y": 579}}, {"event_name": "mousemove", "timestamp": "1658962098826", "position": {"x": 238, "y": 579}}, {"event_name": "mouseout", "timestamp": "1658962098842", "position": {"x": 925, "y": 64}}, {"event_name": "mouseover", "timestamp": "1658962098859", "position": {"x": 740, "y": 307}}, {"event_name": "mousemove", "timestamp": "1658962098860", "position": {"x": 740, "y": 307}}, {"event_name": "mouseout", "timestamp": "1658962098877", "position": {"x": 1290, "y": 650}}, {"event_name": "mouseover", "timestamp": "1658962098894", "position": {"x": 295, "y": 381}}, {"event_name": "mousemove", "timestamp": "1658962098894", "position": {"x": 295, "y": 381}}, {"event_name": "mouseout", "timestamp": "1658962098909", "position": {"x": 639, "y": 415}}, {"event_name": "mouseover", "timestamp": "1658962098909", "position": {"x": 639, "y": 415}}, {"event_name": "mousemove", "timestamp": "1658962098909", "position": {"x": 639, "y": 415}}, {"event_name": "mouseout", "timestamp": "1658962098926", "position": {"x": 1032, "y": 23}}, {"event_name": "mouseover", "timestamp": "1658962098959", "position": {"x": 593, "y": 485}}, {"event_name": "mousemove", "timestamp": "1658962098959", "position": {"x": 593, "y": 485}}, {"event_name": "mouseout", "timestamp": "1658962098976", "position": {"x": 1718, "y": 589}}, {"event_name": "mouseover", "timestamp": "1658962099010", "position": {"x": 54, "y": 590}}, {"event_name": "mousemove", "timestamp": "1658962099011", "position": {"x": 54, "y": 590}}, {"event_name": "mouseout", "timestamp": "1658962099029", "position": {"x": 1419, "y": 273}}, {"event_name": "mouseover", "timestamp": "1658962099043", "position": {"x": 753, "y": 557}}, {"event_name": "mousemove", "timestamp": "1658962099043", "position": {"x": 753, "y": 557}}, {"event_name": "mouseout", "timestamp": "1658962099059", "position": {"x": 921, "y": 226}}, {"event_name": "mouseover", "timestamp": "1658962099093", "position": {"x": 677, "y": 330}}, {"event_name": "mousemove", "timestamp": "1658962099093", "position": {"x": 677, "y": 330}}, {"event_name": "mouseout", "timestamp": "1658962099110", "position": {"x": 1667, "y": 888}}, {"event_name": "mouseover", "timestamp": "1658962099226", "position": {"x": 105, "y": 91}}, {"event_name": "mousemove", "timestamp": "1658962099226", "position": {"x": 105, "y": 91}}, {"event_name": "mouseout", "timestamp": "1658962099243", "position": {"x": 1053, "y": 148}}, {"event_name": "mouseover", "timestamp": "1658962099293", "position": {"x": 261, "y": 373}}, {"event_name": "mousemove", "timestamp": "1658962099293", "position": {"x": 261, "y": 373}}, {"event_name": "mouseout", "timestamp": "1658962099310", "position": {"x": 408, "y": 556}}, {"event_name": "mouseover", "timestamp": "1658962099310", "position": {"x": 408, "y": 556}}, {"event_name": "mousemove", "timestamp": "1658962099310", "position": {"x": 408, "y": 556}}, {"event_name": "mouseout", "timestamp": "1658962099326", "position": {"x": 728, "y": 333}}, {"event_name": "mouseover", "timestamp": "1658962099326", "position": {"x": 728, "y": 333}}, {"event_name": "mousemove", "timestamp": "1658962099326", "position": {"x": 728, "y": 333}}, {"event_name": "mouseout", "timestamp": "1658962099343", "position": {"x": 472, "y": 587}}, {"event_name": "mouseover", "timestamp": "1658962099343", "position": {"x": 472, "y": 587}}, {"event_name": "mousemove", "timestamp": "1658962099344", "position": {"x": 472, "y": 587}}, {"event_name": "mouseout", "timestamp": "1658962099360", "position": {"x": 262, "y": 630}}, {"event_name": "mouseover", "timestamp": "1658962099444", "position": {"x": 563, "y": 35}}, {"event_name": "mousemove", "timestamp": "1658962099444", "position": {"x": 563, "y": 35}}, {"event_name": "mouseout", "timestamp": "1658962099459", "position": {"x": 629, "y": 418}}, {"event_name": "mouseover", "timestamp": "1658962099459", "position": {"x": 629, "y": 418}}, {"event_name": "mousemove", "timestamp": "1658962099460", "position": {"x": 629, "y": 418}}, {"event_name": "mouseout", "timestamp": "1658962099476", "position": {"x": 1486, "y": 455}}, {"event_name": "mouseover", "timestamp": "1658962099576", "position": {"x": 729, "y": 412}}, {"event_name": "mousemove", "timestamp": "1658962099577", "position": {"x": 729, "y": 412}}, {"event_name": "mousemove", "timestamp": "1658962099593", "position": {"x": 529, "y": 413}}, {"event_name": "mouseout", "timestamp": "1658962099610", "position": {"x": 1150, "y": 659}}, {"event_name": "mouseover", "timestamp": "1658962099643", "position": {"x": 735, "y": 173}}, {"event_name": "mousemove", "timestamp": "1658962099643", "position": {"x": 735, "y": 173}}, {"event_name": "mouseout", "timestamp": "1658962099659", "position": {"x": 589, "y": 256}}, {"event_name": "mouseover", "timestamp": "1658962099659", "position": {"x": 589, "y": 256}}, {"event_name": "mousemove", "timestamp": "1658962099659", "position": {"x": 589, "y": 256}}, {"event_name": "mouseout", "timestamp": "1658962099675", "position": {"x": 1145, "y": 512}}, {"event_name": "mouseover", "timestamp": "1658962099692", "position": {"x": 185, "y": 179}}, {"event_name": "mousemove", "timestamp": "1658962099692", "position": {"x": 185, "y": 179}}, {"event_name": "mouseout", "timestamp": "1658962099709", "position": {"x": 313, "y": 85}}, {"event_name": "mouseover", "timestamp": "1658962099709", "position": {"x": 313, "y": 85}}, {"event_name": "mousemove", "timestamp": "1658962099709", "position": {"x": 313, "y": 85}}, {"event_name": "mouseout", "timestamp": "1658962099726", "position": {"x": 1257, "y": 138}}, {"event_name": "mouseover", "timestamp": "1658962099759", "position": {"x": 678, "y": 321}}, {"event_name": "mousemove", "timestamp": "1658962099759", "position": {"x": 678, "y": 321}}, {"event_name": "mouseout", "timestamp": "1658962099776", "position": {"x": 1180, "y": 353}}, {"event_name": "mouseover", "timestamp": "1658962099859", "position": {"x": 597, "y": 566}}, {"event_name": "mousemove", "timestamp": "1658962099859", "position": {"x": 597, "y": 566}}, {"event_name": "mousemove", "timestamp": "1658962099875", "position": {"x": 246, "y": 324}}, {"event_name": "mouseout", "timestamp": "1658962099892", "position": {"x": 196, "y": 536}}, {"event_name": "mouseover", "timestamp": "1658962099892", "position": {"x": 196, "y": 536}}, {"event_name": "mousemove", "timestamp": "1658962099893", "position": {"x": 196, "y": 536}}, {"event_name": "mouseout", "timestamp": "1658962099909", "position": {"x": 484, "y": 614}}, {"event_name": "mouseover", "timestamp": "1658962099976", "position": {"x": 28, "y": 517}}, {"event_name": "mousemove", "timestamp": "1658962099976", "position": {"x": 28, "y": 517}}, {"event_name": "mouseout", "timestamp": "1658962099993", "position": {"x": 226, "y": 273}}, {"event_name": "mouseover", "timestamp": "1658962099994", "position": {"x": 226, "y": 273}}, {"event_name": "mousemove", "timestamp": "1658962099994", "position": {"x": 226, "y": 273}}, {"event_name": "mouseout", "timestamp": "1658962100010", "position": {"x": 197, "y": 663}}, {"event_name": "mouseover", "timestamp": "1658962100043", "position": {"x": 24, "y": 527}}, {"event_name": "mousemove", "timestamp": "1658962100043", "position": {"x": 24, "y": 527}}, {"event_name": "mouseout", "timestamp": "1658962100059", "position": {"x": 1309, "y": 443}}, {"event_name": "mouseover", "timestamp": "1658962100209", "position": {"x": 392, "y": 596}}, {"event_name": "mousemove", "timestamp": "1658962100209", "position": {"x": 392, "y": 596}}, {"event_name": "mouseout", "timestamp": "1658962100226", "position": {"x": 201, "y": 628}}, {"event_name": "mouseover", "timestamp": "1658962100277", "position": {"x": 13, "y": 525}}, {"event_name": "mousemove", "timestamp": "1658962100277", "position": {"x": 13, "y": 525}}, {"event_name": "mouseout", "timestamp": "1658962100293", "position": {"x": 1799, "y": 199}}, {"event_name": "mouseover", "timestamp": "1658962100326", "position": {"x": 502, "y": 543}}, {"event_name": "mousemove", "timestamp": "1658962100326", "position": {"x": 502, "y": 543}}, {"event_name": "mouseout", "timestamp": "1658962100343", "position": {"x": 338, "y": 481}}, {"event_name": "mouseover", "timestamp": "1658962100343", "position": {"x": 338, "y": 481}}, {"event_name": "mousemove", "timestamp": "1658962100343", "position": {"x": 338, "y": 481}}, {"event_name": "mouseout", "timestamp": "1658962100359", "position": {"x": 1387, "y": 406}}, {"event_name": "mouseover", "timestamp": "1658962100376", "position": {"x": 220, "y": 2}}, {"event_name": "mousemove", "timestamp": "1658962100376", "position": {"x": 220, "y": 2}}, {"event_name": "mouseout", "timestamp": "1658962100393", "position": {"x": 1025, "y": 374}}, {"event_name": "mouseover", "timestamp": "1658962100409", "position": {"x": 338, "y": 260}}, {"event_name": "mousemove", "timestamp": "1658962100409", "position": {"x": 338, "y": 260}}, {"event_name": "mouseout", "timestamp": "1658962100425", "position": {"x": 324, "y": 152}}, {"event_name": "mouseover", "timestamp": "1658962100426", "position": {"x": 324, "y": 152}}, {"event_name": "mousemove", "timestamp": "1658962100426", "position": {"x": 324, "y": 152}}, {"event_name": "mouseout", "timestamp": "1658962100442", "position": {"x": 1467, "y": 417}}, {"event_name": "mouseover", "timestamp": "1658962100511", "position": {"x": 68, "y": 345}}, {"event_name": "mousemove", "timestamp": "1658962100511", "position": {"x": 68, "y": 345}}, {"event_name": "mouseout", "timestamp": "1658962100528", "position": {"x": 798, "y": 179}}, {"event_name": "mouseover", "timestamp": "1658962100528", "position": {"x": 798, "y": 179}}, {"event_name": "mousemove", "timestamp": "1658962100528", "position": {"x": 798, "y": 179}}, {"event_name": "mousemove", "timestamp": "1658962100543", "position": {"x": 782, "y": 99}}, {"event_name": "mouseout", "timestamp": "1658962100559", "position": {"x": 1564, "y": 108}}, {"event_name": "mouseover", "timestamp": "1658962100659", "position": {"x": 493, "y": 459}}, {"event_name": "mousemove", "timestamp": "1658962100659", "position": {"x": 493, "y": 459}}, {"event_name": "mouseout", "timestamp": "1658962100676", "position": {"x": 1125, "y": 200}}, {"event_name": "mouseover", "timestamp": "1658962100709", "position": {"x": 595, "y": 73}}, {"event_name": "mousemove", "timestamp": "1658962100709", "position": {"x": 595, "y": 73}}, {"event_name": "mouseout", "timestamp": "1658962100726", "position": {"x": 1095, "y": 611}}, {"event_name": "mouseover", "timestamp": "1658962100776", "position": {"x": 270, "y": 57}}, {"event_name": "mousemove", "timestamp": "1658962100776", "position": {"x": 270, "y": 57}}, {"event_name": "mouseout", "timestamp": "1658962100792", "position": {"x": 822, "y": 593}}, {"event_name": "mouseover", "timestamp": "1658962100826", "position": {"x": 16, "y": 337}}, {"event_name": "mousemove", "timestamp": "1658962100826", "position": {"x": 16, "y": 337}}, {"event_name": "mouseout", "timestamp": "1658962100843", "position": {"x": 262, "y": 599}}, {"event_name": "mouseover", "timestamp": "1658962100843", "position": {"x": 262, "y": 599}}, {"event_name": "mousemove", "timestamp": "1658962100843", "position": {"x": 262, "y": 599}}, {"event_name": "mouseout", "timestamp": "1658962100859", "position": {"x": 1387, "y": 768}}, {"event_name": "mouseover", "timestamp": "1658962100975", "position": {"x": 303, "y": 20}}, {"event_name": "mousemove", "timestamp": "1658962100976", "position": {"x": 303, "y": 20}}, {"event_name": "mouseout", "timestamp": "1658962100992", "position": {"x": 1471, "y": 226}}, {"event_name": "mouseover", "timestamp": "1658962101010", "position": {"x": 219, "y": 516}}, {"event_name": "mousemove", "timestamp": "1658962101010", "position": {"x": 219, "y": 516}}, {"event_name": "mouseout", "timestamp": "1658962101025", "position": {"x": 1362, "y": 882}}, {"event_name": "mouseover", "timestamp": "1658962101109", "position": {"x": 426, "y": 596}}, {"event_name": "mousemove", "timestamp": "1658962101110", "position": {"x": 426, "y": 596}}, {"event_name": "mouseout", "timestamp": "1658962101126", "position": {"x": 487, "y": 297}}, {"event_name": "mouseover", "timestamp": "1658962101126", "position": {"x": 487, "y": 297}}, {"event_name": "mousemove", "timestamp": "1658962101126", "position": {"x": 487, "y": 297}}, {"event_name": "mouseout", "timestamp": "1658962101143", "position": {"x": 142, "y": 531}}, {"event_name": "mouseover", "timestamp": "1658962101143", "position": {"x": 142, "y": 531}}, {"event_name": "mousemove", "timestamp": "1658962101143", "position": {"x": 142, "y": 531}}, {"event_name": "mouseout", "timestamp": "1658962101159", "position": {"x": 459, "y": 327}}, {"event_name": "mouseover", "timestamp": "1658962101159", "position": {"x": 459, "y": 327}}, {"event_name": "mousemove", "timestamp": "1658962101160", "position": {"x": 459, "y": 327}}, {"event_name": "mouseout", "timestamp": "1658962101176", "position": {"x": 279, "y": 200}}, {"event_name": "mouseover", "timestamp": "1658962101176", "position": {"x": 279, "y": 200}}, {"event_name": "mousemove", "timestamp": "1658962101176", "position": {"x": 279, "y": 200}}, {"event_name": "mouseout", "timestamp": "1658962101193", "position": {"x": 1378, "y": 846}}, {"event_name": "mouseover", "timestamp": "1658962101259", "position": {"x": 417, "y": 327}}, {"event_name": "mousemove", "timestamp": "1658962101259", "position": {"x": 417, "y": 327}}, {"event_name": "mousemove", "timestamp": "1658962101276", "position": {"x": 507, "y": 480}}, {"event_name": "mouseout", "timestamp": "1658962101293", "position": {"x": 1681, "y": 286}}, {"event_name": "mouseover", "timestamp": "1658962101326", "position": {"x": 140, "y": 76}}, {"event_name": "mousemove", "timestamp": "1658962101326", "position": {"x": 140, "y": 76}}, {"event_name": "mouseout", "timestamp": "1658962101343", "position": {"x": 146, "y": 746}}, {"event_name": "mouseover", "timestamp": "1658962101409", "position": {"x": 401, "y": 41}}, {"event_name": "mousemove", "timestamp": "1658962101410", "position": {"x": 401, "y": 41}}, {"event_name": "mouseout", "timestamp": "1658962101426", "position": {"x": 167, "y": 838}}, {"event_name": "mouseover", "timestamp": "1658962101542", "position": {"x": 33, "y": 299}}, {"event_name": "mousemove", "timestamp": "1658962101542", "position": {"x": 33, "y": 299}}, {"event_name": "mouseout", "timestamp": "1658962101559", "position": {"x": 1765, "y": 643}}, {"event_name": "mouseover", "timestamp": "1658962101709", "position": {"x": 205, "y": 500}}, {"event_name": "mousemove", "timestamp": "1658962101709", "position": {"x": 205, "y": 500}}, {"event_name": "mouseout", "timestamp": "1658962101726", "position": {"x": 1361, "y": 565}}, {"event_name": "mouseover", "timestamp": "1658962101826", "position": {"x": 504, "y": 332}}, {"event_name": "mousemove", "timestamp": "1658962101826", "position": {"x": 504, "y": 332}}, {"event_name": "mouseout", "timestamp": "1658962101842", "position": {"x": 427, "y": 803}}, {"event_name": "mouseover", "timestamp": "1658962101892", "position": {"x": 76, "y": 107}}, {"event_name": "mousemove", "timestamp": "1658962101892", "position": {"x": 76, "y": 107}}, {"event_name": "mouseout", "timestamp": "1658962101910", "position": {"x": 1052, "y": 243}}, {"event_name": "mouseover", "timestamp": "1658962102026", "position": {"x": 275, "y": 145}}, {"event_name": "mousemove", "timestamp": "1658962102026", "position": {"x": 275, "y": 145}}, {"event_name": "mouseout", "timestamp": "1658962102043", "position": {"x": 1003, "y": 329}}, {"event_name": "mouseover", "timestamp": "1658962102059", "position": {"x": 183, "y": 536}}, {"event_name": "mousemove", "timestamp": "1658962102059", "position": {"x": 183, "y": 536}}, {"event_name": "mouseout", "timestamp": "1658962102076", "position": {"x": 1297, "y": 35}}, {"event_name": "mouseover", "timestamp": "1658962102093", "position": {"x": 39, "y": 377}}, {"event_name": "mousemove", "timestamp": "1658962102093", "position": {"x": 39, "y": 377}}, {"event_name": "mouseout", "timestamp": "1658962102110", "position": {"x": 1255, "y": 327}}, {"event_name": "mouseover", "timestamp": "1658962102126", "position": {"x": 659, "y": 32}}, {"event_name": "mousemove", "timestamp": "1658962102126", "position": {"x": 659, "y": 32}}, {"event_name": "mouseout", "timestamp": "1658962102143", "position": {"x": 668, "y": 857}}, {"event_name": "mouseover", "timestamp": "1658962102176", "position": {"x": 98, "y": 223}}, {"event_name": "mousemove", "timestamp": "1658962102176", "position": {"x": 98, "y": 223}}, {"event_name": "mouseout", "timestamp": "1658962102193", "position": {"x": 924, "y": 712}}, {"event_name": "mouseover", "timestamp": "1658962102209", "position": {"x": 45, "y": 550}}, {"event_name": "mousemove", "timestamp": "1658962102209", "position": {"x": 45, "y": 550}}, {"event_name": "mouseout", "timestamp": "1658962102226", "position": {"x": 651, "y": 133}}, {"event_name": "mouseover", "timestamp": "1658962102226", "position": {"x": 651, "y": 133}}, {"event_name": "mousemove", "timestamp": "1658962102226", "position": {"x": 651, "y": 133}}, {"event_name": "mouseout", "timestamp": "1658962102242", "position": {"x": 186, "y": 566}}, {"event_name": "mouseover", "timestamp": "1658962102242", "position": {"x": 186, "y": 566}}, {"event_name": "mousemove", "timestamp": "1658962102243", "position": {"x": 186, "y": 566}}, {"event_name": "mouseout", "timestamp": "1658962102260", "position": {"x": 358, "y": 322}}, {"event_name": "mouseover", "timestamp": "1658962102261", "position": {"x": 358, "y": 322}}, {"event_name": "mousemove", "timestamp": "1658962102261", "position": {"x": 358, "y": 322}}, {"event_name": "mouseout", "timestamp": "1658962102276", "position": {"x": 982, "y": 761}}, {"event_name": "mouseover", "timestamp": "1658962102326", "position": {"x": 119, "y": 497}}, {"event_name": "mousemove", "timestamp": "1658962102326", "position": {"x": 119, "y": 497}}, {"event_name": "mouseout", "timestamp": "1658962102342", "position": {"x": 875, "y": 752}}, {"event_name": "mouseover", "timestamp": "1658962102359", "position": {"x": 522, "y": 532}}, {"event_name": "mousemove", "timestamp": "1658962102360", "position": {"x": 522, "y": 532}}, {"event_name": "mouseout", "timestamp": "1658962102376", "position": {"x": 1508, "y": 131}}, {"event_name": "mouseover", "timestamp": "1658962102426", "position": {"x": 209, "y": 282}}, {"event_name": "mousemove", "timestamp": "1658962102426", "position": {"x": 209, "y": 282}}, {"event_name": "mouseout", "timestamp": "1658962102442", "position": {"x": 1575, "y": 532}}, {"event_name": "mouseover", "timestamp": "1658962102542", "position": {"x": 285, "y": 243}}, {"event_name": "mousemove", "timestamp": "1658962102542", "position": {"x": 285, "y": 243}}, {"event_name": "mouseout", "timestamp": "1658962102559", "position": {"x": 1578, "y": 572}}, {"event_name": "mouseover", "timestamp": "1658962102576", "position": {"x": 110, "y": 138}}, {"event_name": "mousemove", "timestamp": "1658962102576", "position": {"x": 110, "y": 138}}, {"event_name": "mouseout", "timestamp": "1658962102592", "position": {"x": 109, "y": 72}}, {"event_name": "mouseover", "timestamp": "1658962102592", "position": {"x": 109, "y": 72}}, {"event_name": "mousemove", "timestamp": "1658962102592", "position": {"x": 109, "y": 72}}]}