{"user_id": "02c8a109-fe06-46ee-ab51-f01440d0cbfe", "device": "desktop", "trace": [{"event_name": "load", "timestamp": "1658961929668", "position": {"x": 0, "y": 0}}, {"event_name": "pageshow", "timestamp": "1658961929668", "position": {"x": 0, "y": 0}}, {"event_name": "mouseover", "timestamp": "1658961929733", "position": {"x": 226, "y": 377}}, {"event_name": "mousemove", "timestamp": "1658961929733", "position": {"x": 226, "y": 377}}, {"event_name": "mouseout", "timestamp": "1658961929749", "position": {"x": 790, "y": 213}}, {"event_name": "mouseover", "timestamp": "1658961929750", "position": {"x": 790, "y": 213}}, {"event_name": "mousemove", "timestamp": "1658961929750", "position": {"x": 790, "y": 213}}, {"event_name": "mouseout", "timestamp": "1658961929772", "position": {"x": 852, "y": 818}}, {"event_name": "mouseover", "timestamp": "1658961929899", "position": {"x": 203, "y": 101}}, {"event_name": "mousemove", "timestamp": "1658961929900", "position": {"x": 203, "y": 101}}, {"event_name": "mouseout", "timestamp": "1658961929916", "position": {"x": 634, "y": 502}}, {"event_name": "mouseover", "timestamp": "1658961929917", "position": {"x": 634, "y": 502}}, {"event_name": "mousemove", "timestamp": "1658961929917", "position": {"x": 634, "y": 502}}, {"event_name": "mouseout", "timestamp": "1658961929933", "position": {"x": 121, "y": 637}}, {"event_name": "mouseover", "timestamp": "1658961929949", "position": {"x": 152, "y": 97}}, {"event_name": "mousemove", "timestamp": "1658961929950", "position": {"x": 152, "y": 97}}, {"event_name": "mouseout", "timestamp": "1658961929966", "position": {"x": 1487, "y": 642}}, {"event_name": "mouseover", "timestamp": "1658961930000", "position": {"x": 473, "y": 427}}, {"event_name": "mousemove", "timestamp": "1658961930000", "position": {"x": 473, "y": 427}}, {"event_name": "mouseout", "timestamp": "1658961930016", "position": {"x": 9, "y": 898}}, {"event_name": "mouseover", "timestamp": "1658961930049", "position": {"x": 512, "y": 307}}, {"event_name": "mousemove", "timestamp": "1658961930049", "position": {"x": 512, "y": 307}}, {"event_name": "mouseout", "timestamp": "1658961930066", "position": {"x": 957, "y": 108}}, {"event_name": "mouseover", "timestamp": "1658961930105", "position": {"x": 366, "y": 37}}, {"event_name": "mousemove", "timestamp": "1658961930105", "position": {"x": 366, "y": 37}}, {"event_name": "mouseout", "timestamp": "1658961930117", "position": {"x": 686, "y": 192}}, {"event_name": "mouseover", "timestamp": "1658961930117", "position": {"x": 686, "y": 192}}, {"event_name": "mousemove", "timestamp": "1658961930117", "position": {"x": 686, "y": 192}}, {"event_name": "mouseout", "timestamp": "1658961930132", "position": {"x": 926, "y": 254}}, {"event_name": "mouseover", "timestamp": "1658961930149", "position": {"x": 193, "y": 155}}, {"event_name": "mousemove", "timestamp": "1658961930149", "position": {"x": 193, "y": 155}}, {"event_name": "mouseout", "timestamp": "1658961930166", "position": {"x": 1521, "y": 184}}, {"event_name": "mouseover", "timestamp": "1658961930182", "position": {"x": 107, "y": 370}}, {"event_name": "mousemove", "timestamp": "1658961930182", "position": {"x": 107, "y": 370}}, {"event_name": "mouseout", "timestamp": "1658961930199", "position": {"x": 1440, "y": 406}}, {"event_name": "mouseover", "timestamp": "1658961930216", "position": {"x": 738, "y": 160}}, {"event_name": "mousemove", "timestamp": "1658961930216", "position": {"x": 738, "y": 160}}, {"event_name": "mouseout", "timestamp": "1658961930232", "position": {"x": 438, "y": 770}}, {"event_name": "mouseover", "timestamp": "1658961930266", "position": {"x": 78, "y": 507}}, {"event_name": "mousemove", "timestamp": "1658961930267", "position": {"x": 78, "y": 507}}, {"event_name": "mouseout", "timestamp": "1658961930282", "position": {"x": 381, "y": 296}}, {"event_name": "mouseover", "timestamp": "1658961930283", "position": {"x": 381, "y": 296}}, {"event_name": "mousemove", "timestamp": "1658961930283", "position": {"x": 381, "y": 296}}, {"event_name": "mouseout", "timestamp": "1658961930299", "position": {"x": 820, "y": 798}}, {"event_name": "mouseover", "timestamp": "1658961930383", "position": {"x": 778, "y": 273}}, {"event_name": "mousemove", "timestamp": "1658961930383", "position": {"x": 778, "y": 273}}, {"event_name": "mouseout", "timestamp": "1658961930400", "position": {"x": 1614, "y": 820}}, {"event_name": "mouseover", "timestamp": "1658961930450", "position": {"x": 490, "y": 161}}, {"event_name": "mousemove", "timestamp": "1658961930450", "position": {"x": 490, "y": 161}}, {"event_name": "mouseout", "timestamp": "1658961930466", "position": {"x": 259, "y": 468}}, {"event_name": "mouseover", "timestamp": "1658961930466", "position": {"x": 259, "y": 468}}, {"event_name": "mousemove", "timestamp": "1658961930467", "position": {"x": 259, "y": 468}}, {"event_name": "mouseout", "timestamp": "1658961930482", "position": {"x": 829, "y": 725}}, {"event_name": "mouseover", "timestamp": "1658961930516", "position": {"x": 182, "y": 555}}, {"event_name": "mousemove", "timestamp": "1658961930516", "position": {"x": 182, "y": 555}}, {"event_name": "mouseout", "timestamp": "1658961930533", "position": {"x": 1042, "y": 540}}, {"event_name": "mouseover", "timestamp": "1658961930550", "position": {"x": 567, "y": 348}}, {"event_name": "mousemove", "timestamp": "1658961930550", "position": {"x": 567, "y": 348}}, {"event_name": "mouseout", "timestamp": "1658961930566", "position": {"x": 980, "y": 551}}, {"event_name": "mouseover", "timestamp": "1658961930600", "position": {"x": 12, "y": 422}}, {"event_name": "mousemove", "timestamp": "1658961930600", "position": {"x": 12, "y": 422}}, {"event_name": "mouseout", "timestamp": "1658961930616", "position": {"x": 370, "y": 119}}, {"event_name": "mouseover", "timestamp": "1658961930616", "position": {"x": 370, "y": 119}}, {"event_name": "mousemove", "timestamp": "1658961930617", "position": {"x": 370, "y": 119}}, {"event_name": "mouseout", "timestamp": "1658961930632", "position": {"x": 1045, "y": 84}}, {"event_name": "mouseover", "timestamp": "1658961930650", "position": {"x": 136, "y": 101}}, {"event_name": "mousemove", "timestamp": "1658961930650", "position": {"x": 136, "y": 101}}, {"event_name": "mouseout", "timestamp": "1658961930666", "position": {"x": 837, "y": 745}}, {"event_name": "mouseover", "timestamp": "1658961930682", "position": {"x": 60, "y": 253}}, {"event_name": "mousemove", "timestamp": "1658961930683", "position": {"x": 60, "y": 253}}, {"event_name": "mouseout", "timestamp": "1658961930700", "position": {"x": 1048, "y": 468}}, {"event_name": "mouseover", "timestamp": "1658961930766", "position": {"x": 245, "y": 243}}, {"event_name": "mousemove", "timestamp": "1658961930766", "position": {"x": 245, "y": 243}}, {"event_name": "mouseout", "timestamp": "1658961930782", "position": {"x": 708, "y": 125}}, {"event_name": "mouseover", "timestamp": "1658961930783", "position": {"x": 708, "y": 125}}, {"event_name": "mousemove", "timestamp": "1658961930783", "position": {"x": 708, "y": 125}}, {"event_name": "mouseout", "timestamp": "1658961930801", "position": {"x": 1003, "y": 296}}, {"event_name": "mouseover", "timestamp": "1658961930833", "position": {"x": 1, "y": 244}}, {"event_name": "mousemove", "timestamp": "1658961930833", "position": {"x": 1, "y": 244}}, {"event_name": "mousemove", "timestamp": "1658961930849", "position": {"x": 786, "y": 236}}, {"event_name": "mouseout", "timestamp": "1658961930866", "position": {"x": 743, "y": 361}}, {"event_name": "mouseover", "timestamp": "1658961930867", "position": {"x": 743, "y": 361}}, {"event_name": "mousemove", "timestamp": "1658961930867", "position": {"x": 743, "y": 361}}, {"event_name": "mouseout", "timestamp": "1658961930882", "position": {"x": 1685, "y": 311}}, {"event_name": "mouseover", "timestamp": "1658961931033", "position": {"x": 695, "y": 247}}, {"event_name": "mousemove", "timestamp": "1658961931033", "position": {"x": 695, "y": 247}}, {"event_name": "mouseout", "timestamp": "1658961931049", "position": {"x": 1385, "y": 679}}, {"event_name": "mouseover", "timestamp": "1658961931083", "position": {"x": 249, "y": 55}}, {"event_name": "mousemove", "timestamp": "1658961931083", "position": {"x": 249, "y": 55}}, {"event_name": "mouseout", "timestamp": "1658961931099", "position": {"x": 1371, "y": 133}}, {"event_name": "mouseover", "timestamp": "1658961931115", "position": {"x": 464, "y": 401}}, {"event_name": "mousemove", "timestamp": "1658961931116", "position": {"x": 464, "y": 401}}, {"event_name": "mouseout", "timestamp": "1658961931133", "position": {"x": 1690, "y": 39}}, {"event_name": "mouseover", "timestamp": "1658961931233", "position": {"x": 384, "y": 548}}, {"event_name": "mousemove", "timestamp": "1658961931233", "position": {"x": 384, "y": 548}}, {"event_name": "mouseout", "timestamp": "1658961931249", "position": {"x": 1300, "y": 234}}, {"event_name": "mouseover", "timestamp": "1658961931366", "position": {"x": 258, "y": 80}}, {"event_name": "mousemove", "timestamp": "1658961931366", "position": {"x": 258, "y": 80}}, {"event_name": "mouseout", "timestamp": "1658961931383", "position": {"x": 1481, "y": 827}}, {"event_name": "mouseover", "timestamp": "1658961931432", "position": {"x": 51, "y": 213}}, {"event_name": "mousemove", "timestamp": "1658961931432", "position": {"x": 51, "y": 213}}, {"event_name": "mouseout", "timestamp": "1658961931449", "position": {"x": 394, "y": 333}}, {"event_name": "mouseover", "timestamp": "1658961931450", "position": {"x": 394, "y": 333}}, {"event_name": "mousemove", "timestamp": "1658961931450", "position": {"x": 394, "y": 333}}, {"event_name": "mouseout", "timestamp": "1658961931466", "position": {"x": 646, "y": 648}}, {"event_name": "mouseover", "timestamp": "1658961931533", "position": {"x": 150, "y": 46}}, {"event_name": "mousemove", "timestamp": "1658961931533", "position": {"x": 150, "y": 46}}, {"event_name": "mouseout", "timestamp": "1658961931549", "position": {"x": 533, "y": 809}}, {"event_name": "mouseover", "timestamp": "1658961931666", "position": {"x": 763, "y": 392}}, {"event_name": "mousemove", "timestamp": "1658961931666", "position": {"x": 763, "y": 392}}, {"event_name": "mouseout", "timestamp": "1658961931682", "position": {"x": 1393, "y": 9}}, {"event_name": "mouseover", "timestamp": "1658961931816", "position": {"x": 145, "y": 260}}, {"event_name": "mousemove", "timestamp": "1658961931816", "position": {"x": 145, "y": 260}}, {"event_name": "mouseout", "timestamp": "1658961931832", "position": {"x": 321, "y": 4}}, {"event_name": "mouseover", "timestamp": "1658961931832", "position": {"x": 321, "y": 4}}, {"event_name": "mousemove", "timestamp": "1658961931833", "position": {"x": 321, "y": 4}}, {"event_name": "mouseout", "timestamp": "1658961931849", "position": {"x": 505, "y": 361}}, {"event_name": "mouseover", "timestamp": "1658961931849", "position": {"x": 505, "y": 361}}, {"event_name": "mousemove", "timestamp": "1658961931849", "position": {"x": 505, "y": 361}}, {"event_name": "mouseout", "timestamp": "1658961931866", "position": {"x": 1407, "y": 429}}, {"event_name": "mouseover", "timestamp": "1658961931932", "position": {"x": 736, "y": 232}}, {"event_name": "mousemove", "timestamp": "1658961931932", "position": {"x": 736, "y": 232}}, {"event_name": "mouseout", "timestamp": "1658961931949", "position": {"x": 718, "y": 74}}, {"event_name": "mouseover", "timestamp": "1658961931949", "position": {"x": 718, "y": 74}}, {"event_name": "mousemove", "timestamp": "1658961931950", "position": {"x": 718, "y": 74}}, {"event_name": "mouseout", "timestamp": "1658961931966", "position": {"x": 884, "y": 825}}, {"event_name": "mouseover", "timestamp": "1658961931983", "position": {"x": 191, "y": 449}}, {"event_name": "mousemove", "timestamp": "1658961931983", "position": {"x": 191, "y": 449}}, {"event_name": "mouseout", "timestamp": "1658961931999", "position": {"x": 663, "y": 18}}, {"event_name": "mouseover", "timestamp": "1658961931999", "position": {"x": 663, "y": 18}}, {"event_name": "mousemove", "timestamp": "1658961932000", "position": {"x": 663, "y": 18}}, {"event_name": "mouseout", "timestamp": "1658961932016", "position": {"x": 999, "y": 648}}, {"event_name": "mouseover", "timestamp": "1658961932053", "position": {"x": 67, "y": 559}}, {"event_name": "mousemove", "timestamp": "1658961932053", "position": {"x": 67, "y": 559}}, {"event_name": "mouseout", "timestamp": "1658961932067", "position": {"x": 991, "y": 69}}, {"event_name": "mouseover", "timestamp": "1658961932082", "position": {"x": 63, "y": 470}}, {"event_name": "mousemove", "timestamp": "1658961932083", "position": {"x": 63, "y": 470}}, {"event_name": "mouseout", "timestamp": "1658961932107", "position": {"x": 651, "y": 430}}, {"event_name": "mouseover", "timestamp": "1658961932107", "position": {"x": 651, "y": 430}}, {"event_name": "mousemove", "timestamp": "1658961932107", "position": {"x": 651, "y": 430}}, {"event_name": "mouseout", "timestamp": "1658961932120", "position": {"x": 621, "y": 524}}, {"event_name": "mouseover", "timestamp": "1658961932120", "position": {"x": 621, "y": 524}}, {"event_name": "mousemove", "timestamp": "1658961932120", "position": {"x": 621, "y": 524}}, {"event_name": "mouseout", "timestamp": "1658961932133", "position": {"x": 111, "y": 692}}, {"event_name": "mouseover", "timestamp": "1658961932299", "position": {"x": 28, "y": 280}}, {"event_name": "mousemove", "timestamp": "1658961932299", "position": {"x": 28, "y": 280}}, {"event_name": "mouseout", "timestamp": "1658961932316", "position": {"x": 1281, "y": 683}}, {"event_name": "mouseover", "timestamp": "1658961932350", "position": {"x": 305, "y": 109}}, {"event_name": "mousemove", "timestamp": "1658961932350", "position": {"x": 305, "y": 109}}, {"event_name": "mouseout", "timestamp": "1658961932366", "position": {"x": 1440, "y": 836}}, {"event_name": "mouseover", "timestamp": "1658961932416", "position": {"x": 395, "y": 386}}, {"event_name": "mousemove", "timestamp": "1658961932416", "position": {"x": 395, "y": 386}}, {"event_name": "mouseout", "timestamp": "1658961932432", "position": {"x": 287, "y": 779}}, {"event_name": "mouseover", "timestamp": "1658961932466", "position": {"x": 251, "y": 379}}, {"event_name": "mousemove", "timestamp": "1658961932466", "position": {"x": 251, "y": 379}}, {"event_name": "mouseout", "timestamp": "1658961932482", "position": {"x": 964, "y": 47}}, {"event_name": "mouseover", "timestamp": "1658961932516", "position": {"x": 133, "y": 337}}, {"event_name": "mousemove", "timestamp": "1658961932517", "position": {"x": 133, "y": 337}}, {"event_name": "mouseout", "timestamp": "1658961932533", "position": {"x": 1311, "y": 891}}, {"event_name": "mouseover", "timestamp": "1658961932566", "position": {"x": 242, "y": 423}}, {"event_name": "mousemove", "timestamp": "1658961932566", "position": {"x": 242, "y": 423}}, {"event_name": "mouseout", "timestamp": "1658961932582", "position": {"x": 1537, "y": 499}}, {"event_name": "mouseover", "timestamp": "1658961932732", "position": {"x": 303, "y": 454}}, {"event_name": "mousemove", "timestamp": "1658961932732", "position": {"x": 303, "y": 454}}, {"event_name": "mouseout", "timestamp": "1658961932750", "position": {"x": 465, "y": 890}}, {"event_name": "mouseover", "timestamp": "1658961932783", "position": {"x": 598, "y": 142}}, {"event_name": "mousemove", "timestamp": "1658961932783", "position": {"x": 598, "y": 142}}, {"event_name": "mouseout", "timestamp": "1658961932799", "position": {"x": 295, "y": 235}}, {"event_name": "mouseover", "timestamp": "1658961932800", "position": {"x": 295, "y": 235}}, {"event_name": "mousemove", "timestamp": "1658961932800", "position": {"x": 295, "y": 235}}, {"event_name": "mousemove", "timestamp": "1658961932816", "position": {"x": 733, "y": 226}}, {"event_name": "mouseout", "timestamp": "1658961932832", "position": {"x": 1679, "y": 582}}, {"event_name": "mouseover", "timestamp": "1658961932850", "position": {"x": 426, "y": 505}}, {"event_name": "mousemove", "timestamp": "1658961932850", "position": {"x": 426, "y": 505}}, {"event_name": "mouseout", "timestamp": "1658961932866", "position": {"x": 1349, "y": 578}}, {"event_name": "mouseover", "timestamp": "1658961932883", "position": {"x": 335, "y": 550}}, {"event_name": "mousemove", "timestamp": "1658961932883", "position": {"x": 335, "y": 550}}, {"event_name": "mouseout", "timestamp": "1658961932900", "position": {"x": 1349, "y": 167}}, {"event_name": "mouseover", "timestamp": "1658961932916", "position": {"x": 98, "y": 238}}, {"event_name": "mousemove", "timestamp": "1658961932916", "position": {"x": 98, "y": 238}}, {"event_name": "mouseout", "timestamp": "1658961932932", "position": {"x": 274, "y": 19}}, {"event_name": "mouseover", "timestamp": "1658961932933", "position": {"x": 274, "y": 19}}, {"event_name": "mousemove", "timestamp": "1658961932933", "position": {"x": 274, "y": 19}}, {"event_name": "mouseout", "timestamp": "1658961932949", "position": {"x": 1307, "y": 182}}, {"event_name": "mouseover", "timestamp": "1658961932966", "position": {"x": 463, "y": 173}}, {"event_name": "mousemove", "timestamp": "1658961932966", "position": {"x": 463, "y": 173}}, {"event_name": "mouseout", "timestamp": "1658961932982", "position": {"x": 897, "y": 556}}, {"event_name": "mouseover", "timestamp": "1658961933033", "position": {"x": 368, "y": 94}}, {"event_name": "mousemove", "timestamp": "1658961933034", "position": {"x": 368, "y": 94}}, {"event_name": "mouseout", "timestamp": "1658961933049", "position": {"x": 469, "y": 255}}, {"event_name": "mouseover", "timestamp": "1658961933050", "position": {"x": 469, "y": 255}}, {"event_name": "mousemove", "timestamp": "1658961933050", "position": {"x": 469, "y": 255}}, {"event_name": "mouseout", "timestamp": "1658961933066", "position": {"x": 1039, "y": 209}}, {"event_name": "mousemove", "timestamp": "1658961933149", "position": {"x": 140, "y": 572}}, {"event_name": "mouseover", "timestamp": "1658961933149", "position": {"x": 140, "y": 572}}, {"event_name": "mouseout", "timestamp": "1658961933166", "position": {"x": 1632, "y": 608}}, {"event_name": "mouseover", "timestamp": "1658961933182", "position": {"x": 581, "y": 307}}, {"event_name": "mousemove", "timestamp": "1658961933182", "position": {"x": 581, "y": 307}}, {"event_name": "mouseout", "timestamp": "1658961933199", "position": {"x": 1413, "y": 604}}, {"event_name": "mouseover", "timestamp": "1658961933249", "position": {"x": 294, "y": 67}}, {"event_name": "mousemove", "timestamp": "1658961933249", "position": {"x": 294, "y": 67}}, {"event_name": "mouseout", "timestamp": "1658961933266", "position": {"x": 627, "y": 329}}, {"event_name": "mouseover", "timestamp": "1658961933266", "position": {"x": 627, "y": 329}}, {"event_name": "mousemove", "timestamp": "1658961933266", "position": {"x": 627, "y": 329}}, {"event_name": "mouseout", "timestamp": "1658961933282", "position": {"x": 1755, "y": 359}}, {"event_name": "mouseover", "timestamp": "1658961933333", "position": {"x": 384, "y": 309}}, {"event_name": "mousemove", "timestamp": "1658961933333", "position": {"x": 384, "y": 309}}, {"event_name": "mouseout", "timestamp": "1658961933349", "position": {"x": 1653, "y": 798}}, {"event_name": "mouseover", "timestamp": "1658961933449", "position": {"x": 180, "y": 141}}, {"event_name": "mousemove", "timestamp": "1658961933449", "position": {"x": 180, "y": 141}}, {"event_name": "mouseout", "timestamp": "1658961933466", "position": {"x": 232, "y": 395}}, {"event_name": "mouseover", "timestamp": "1658961933467", "position": {"x": 232, "y": 395}}, {"event_name": "mousemove", "timestamp": "1658961933467", "position": {"x": 232, "y": 395}}, {"event_name": "mouseout", "timestamp": "1658961933482", "position": {"x": 1617, "y": 136}}, {"event_name": "mouseover", "timestamp": "1658961933618", "position": {"x": 316, "y": 17}}, {"event_name": "mousemove", "timestamp": "1658961933618", "position": {"x": 316, "y": 17}}, {"event_name": "mouseout", "timestamp": "1658961933632", "position": {"x": 1627, "y": 657}}, {"event_name": "mouseover", "timestamp": "1658961933683", "position": {"x": 440, "y": 581}}, {"event_name": "mousemove", "timestamp": "1658961933683", "position": {"x": 440, "y": 581}}, {"event_name": "mouseout", "timestamp": "1658961933700", "position": {"x": 1406, "y": 593}}, {"event_name": "mouseover", "timestamp": "1658961933733", "position": {"x": 175, "y": 587}}, {"event_name": "mousemove", "timestamp": "1658961933733", "position": {"x": 175, "y": 587}}, {"event_name": "mouseout", "timestamp": "1658961933749", "position": {"x": 185, "y": 114}}, {"event_name": "mouseover", "timestamp": "1658961933750", "position": {"x": 185, "y": 114}}, {"event_name": "mousemove", "timestamp": "1658961933750", "position": {"x": 185, "y": 114}}, {"event_name": "mouseout", "timestamp": "1658961933766", "position": {"x": 685, "y": 495}}, {"event_name": "mouseover", "timestamp": "1658961933766", "position": {"x": 685, "y": 495}}, {"event_name": "mousemove", "timestamp": "1658961933766", "position": {"x": 685, "y": 495}}, {"event_name": "mouseout", "timestamp": "1658961933782", "position": {"x": 431, "y": 849}}, {"event_name": "mouseover", "timestamp": "1658961933932", "position": {"x": 757, "y": 156}}, {"event_name": "mousemove", "timestamp": "1658961933932", "position": {"x": 757, "y": 156}}, {"event_name": "mouseout", "timestamp": "1658961933949", "position": {"x": 934, "y": 63}}, {"event_name": "mouseover", "timestamp": "1658961933966", "position": {"x": 774, "y": 380}}, {"event_name": "mousemove", "timestamp": "1658961933967", "position": {"x": 774, "y": 380}}, {"event_name": "mouseout", "timestamp": "1658961933982", "position": {"x": 80, "y": 374}}, {"event_name": "mouseover", "timestamp": "1658961933983", "position": {"x": 80, "y": 374}}, {"event_name": "mousemove", "timestamp": "1658961933983", "position": {"x": 80, "y": 374}}, {"event_name": "mouseout", "timestamp": "1658961934001", "position": {"x": 615, "y": 481}}, {"event_name": "mouseover", "timestamp": "1658961934001", "position": {"x": 615, "y": 481}}, {"event_name": "mousemove", "timestamp": "1658961934001", "position": {"x": 615, "y": 481}}, {"event_name": "mouseout", "timestamp": "1658961934016", "position": {"x": 1545, "y": 372}}, {"event_name": "mouseover", "timestamp": "1658961934165", "position": {"x": 437, "y": 262}}, {"event_name": "mousemove", "timestamp": "1658961934165", "position": {"x": 437, "y": 262}}, {"event_name": "mouseout", "timestamp": "1658961934182", "position": {"x": 923, "y": 366}}, {"event_name": "mouseover", "timestamp": "1658961934199", "position": {"x": 297, "y": 144}}, {"event_name": "mousemove", "timestamp": "1658961934199", "position": {"x": 297, "y": 144}}, {"event_name": "mouseout", "timestamp": "1658961934215", "position": {"x": 73, "y": 688}}, {"event_name": "mouseover", "timestamp": "1658961934383", "position": {"x": 116, "y": 286}}, {"event_name": "mousemove", "timestamp": "1658961934383", "position": {"x": 116, "y": 286}}, {"event_name": "mouseout", "timestamp": "1658961934399", "position": {"x": 592, "y": 270}}, {"event_name": "mouseover", "timestamp": "1658961934399", "position": {"x": 592, "y": 270}}, {"event_name": "mousemove", "timestamp": "1658961934399", "position": {"x": 592, "y": 270}}, {"event_name": "mousemove", "timestamp": "1658961934417", "position": {"x": 276, "y": 266}}, {"event_name": "mouseout", "timestamp": "1658961934433", "position": {"x": 1771, "y": 437}}, {"event_name": "mouseover", "timestamp": "1658961934549", "position": {"x": 470, "y": 464}}, {"event_name": "mousemove", "timestamp": "1658961934549", "position": {"x": 470, "y": 464}}, {"event_name": "mouseout", "timestamp": "1658961934566", "position": {"x": 514, "y": 100}}, {"event_name": "mouseover", "timestamp": "1658961934566", "position": {"x": 514, "y": 100}}, {"event_name": "mousemove", "timestamp": "1658961934566", "position": {"x": 514, "y": 100}}, {"event_name": "mouseout", "timestamp": "1658961934583", "position": {"x": 1049, "y": 448}}, {"event_name": "mouseover", "timestamp": "1658961934649", "position": {"x": 593, "y": 585}}, {"event_name": "mousemove", "timestamp": "1658961934649", "position": {"x": 593, "y": 585}}, {"event_name": "mouseout", "timestamp": "1658961934667", "position": {"x": 585, "y": 449}}, {"event_name": "mouseover", "timestamp": "1658961934667", "position": {"x": 585, "y": 449}}, {"event_name": "mousemove", "timestamp": "1658961934667", "position": {"x": 585, "y": 449}}, {"event_name": "mouseout", "timestamp": "1658961934682", "position": {"x": 114, "y": 648}}, {"event_name": "mouseover", "timestamp": "1658961934733", "position": {"x": 35, "y": 122}}, {"event_name": "mousemove", "timestamp": "1658961934733", "position": {"x": 35, "y": 122}}, {"event_name": "mouseout", "timestamp": "1658961934749", "position": {"x": 757, "y": 6}}, {"event_name": "mouseover", "timestamp": "1658961934749", "position": {"x": 757, "y": 6}}, {"event_name": "mousemove", "timestamp": "1658961934750", "position": {"x": 757, "y": 6}}, {"event_name": "mouseout", "timestamp": "1658961934766", "position": {"x": 19, "y": 66}}, {"event_name": "mouseover", "timestamp": "1658961934766", "position": {"x": 19, "y": 66}}, {"event_name": "mousemove", "timestamp": "1658961934766", "position": {"x": 19, "y": 66}}, {"event_name": "mouseout", "timestamp": "1658961934782", "position": {"x": 660, "y": 649}}, {"event_name": "mouseover", "timestamp": "1658961934817", "position": {"x": 780, "y": 8}}, {"event_name": "mousemove", "timestamp": "1658961934817", "position": {"x": 780, "y": 8}}, {"event_name": "mouseout", "timestamp": "1658961934832", "position": {"x": 64, "y": 564}}, {"event_name": "mouseover", "timestamp": "1658961934833", "position": {"x": 64, "y": 564}}, {"event_name": "mousemove", "timestamp": "1658961934833", "position": {"x": 64, "y": 564}}, {"event_name": "mouseout", "timestamp": "1658961934849", "position": {"x": 1440, "y": 515}}, {"event_name": "mouseover", "timestamp": "1658961934933", "position": {"x": 327, "y": 22}}, {"event_name": "mousemove", "timestamp": "1658961934933", "position": {"x": 327, "y": 22}}, {"event_name": "mouseout", "timestamp": "1658961934950", "position": {"x": 1453, "y": 290}}, {"event_name": "mouseover", "timestamp": "1658961935315", "position": {"x": 755, "y": 145}}, {"event_name": "mousemove", "timestamp": "1658961935315", "position": {"x": 755, "y": 145}}, {"event_name": "mouseout", "timestamp": "1658961935332", "position": {"x": 1753, "y": 560}}, {"event_name": "mouseover", "timestamp": "1658961935382", "position": {"x": 22, "y": 434}}, {"event_name": "mousemove", "timestamp": "1658961935383", "position": {"x": 22, "y": 434}}, {"event_name": "mouseout", "timestamp": "1658961935399", "position": {"x": 909, "y": 484}}, {"event_name": "mouseover", "timestamp": "1658961935415", "position": {"x": 50, "y": 11}}, {"event_name": "mousemove", "timestamp": "1658961935416", "position": {"x": 50, "y": 11}}, {"event_name": "mouseout", "timestamp": "1658961935432", "position": {"x": 1190, "y": 814}}, {"event_name": "mouseover", "timestamp": "1658961935516", "position": {"x": 513, "y": 324}}, {"event_name": "mousemove", "timestamp": "1658961935516", "position": {"x": 513, "y": 324}}, {"event_name": "mouseout", "timestamp": "1658961935532", "position": {"x": 392, "y": 54}}, {"event_name": "mouseover", "timestamp": "1658961935532", "position": {"x": 392, "y": 54}}, {"event_name": "mousemove", "timestamp": "1658961935532", "position": {"x": 392, "y": 54}}, {"event_name": "mouseout", "timestamp": "1658961935549", "position": {"x": 1423, "y": 786}}, {"event_name": "mouseover", "timestamp": "1658961935600", "position": {"x": 460, "y": 177}}, {"event_name": "mousemove", "timestamp": "1658961935600", "position": {"x": 460, "y": 177}}, {"event_name": "mouseout", "timestamp": "1658961935616", "position": {"x": 877, "y": 133}}, {"event_name": "mouseover", "timestamp": "1658961935666", "position": {"x": 726, "y": 264}}, {"event_name": "mousemove", "timestamp": "1658961935666", "position": {"x": 726, "y": 264}}, {"event_name": "mouseout", "timestamp": "1658961935682", "position": {"x": 1241, "y": 11}}, {"event_name": "mouseover", "timestamp": "1658961935802", "position": {"x": 565, "y": 145}}, {"event_name": "mousemove", "timestamp": "1658961935802", "position": {"x": 565, "y": 145}}, {"event_name": "mouseout", "timestamp": "1658961935817", "position": {"x": 1506, "y": 283}}, {"event_name": "mouseover", "timestamp": "1658961935933", "position": {"x": 241, "y": 181}}, {"event_name": "mousemove", "timestamp": "1658961935933", "position": {"x": 241, "y": 181}}, {"event_name": "mouseout", "timestamp": "1658961935949", "position": {"x": 1311, "y": 313}}, {"event_name": "mouseover", "timestamp": "1658961935985", "position": {"x": 723, "y": 42}}, {"event_name": "mousemove", "timestamp": "1658961935986", "position": {"x": 723, "y": 42}}, {"event_name": "mouseout", "timestamp": "1658961936017", "position": {"x": 1069, "y": 502}}, {"event_name": "mouseover", "timestamp": "1658961936036", "position": {"x": 193, "y": 101}}, {"event_name": "mousemove", "timestamp": "1658961936037", "position": {"x": 193, "y": 101}}, {"event_name": "mouseout", "timestamp": "1658961936049", "position": {"x": 131, "y": 274}}, {"event_name": "mouseover", "timestamp": "1658961936049", "position": {"x": 131, "y": 274}}, {"event_name": "mousemove", "timestamp": "1658961936050", "position": {"x": 131, "y": 274}}, {"event_name": "mouseout", "timestamp": "1658961936069", "position": {"x": 1599, "y": 380}}, {"event_name": "mouseover", "timestamp": "1658961936199", "position": {"x": 769, "y": 329}}, {"event_name": "mousemove", "timestamp": "1658961936199", "position": {"x": 769, "y": 329}}, {"event_name": "mouseout", "timestamp": "1658961936216", "position": {"x": 640, "y": 641}}, {"event_name": "mouseover", "timestamp": "1658961936449", "position": {"x": 209, "y": 580}}, {"event_name": "mousemove", "timestamp": "1658961936450", "position": {"x": 209, "y": 580}}, {"event_name": "mouseout", "timestamp": "1658961936466", "position": {"x": 1135, "y": 360}}, {"event_name": "mouseover", "timestamp": "1658961936499", "position": {"x": 75, "y": 205}}, {"event_name": "mousemove", "timestamp": "1658961936500", "position": {"x": 75, "y": 205}}, {"event_name": "mouseout", "timestamp": "1658961936517", "position": {"x": 1060, "y": 767}}, {"event_name": "mouseover", "timestamp": "1658961936532", "position": {"x": 550, "y": 131}}, {"event_name": "mousemove", "timestamp": "1658961936533", "position": {"x": 550, "y": 131}}, {"event_name": "mouseout", "timestamp": "1658961936549", "position": {"x": 794, "y": 104}}, {"event_name": "mouseover", "timestamp": "1658961936549", "position": {"x": 794, "y": 104}}, {"event_name": "mousemove", "timestamp": "1658961936550", "position": {"x": 794, "y": 104}}, {"event_name": "mouseout", "timestamp": "1658961936566", "position": {"x": 105, "y": 209}}, {"event_name": "mouseover", "timestamp": "1658961936567", "position": {"x": 105, "y": 209}}, {"event_name": "mousemove", "timestamp": "1658961936567", "position": {"x": 105, "y": 209}}, {"event_name": "mouseout", "timestamp": "1658961936584", "position": {"x": 1791, "y": 773}}, {"event_name": "mouseover", "timestamp": "1658961936616", "position": {"x": 86, "y": 142}}, {"event_name": "mousemove", "timestamp": "1658961936616", "position": {"x": 86, "y": 142}}, {"event_name": "mouseout", "timestamp": "1658961936633", "position": {"x": 121, "y": 336}}, {"event_name": "mouseover", "timestamp": "1658961936633", "position": {"x": 121, "y": 336}}, {"event_name": "mousemove", "timestamp": "1658961936633", "position": {"x": 121, "y": 336}}, {"event_name": "mouseout", "timestamp": "1658961936649", "position": {"x": 395, "y": 177}}, {"event_name": "mouseover", "timestamp": "1658961936649", "position": {"x": 395, "y": 177}}, {"event_name": "mousemove", "timestamp": "1658961936649", "position": {"x": 395, "y": 177}}, {"event_name": "mouseout", "timestamp": "1658961936666", "position": {"x": 1384, "y": 347}}, {"event_name": "mouseover", "timestamp": "1658961936684", "position": {"x": 762, "y": 110}}, {"event_name": "mousemove", "timestamp": "1658961936684", "position": {"x": 762, "y": 110}}, {"event_name": "mouseout", "timestamp": "1658961936700", "position": {"x": 267, "y": 288}}, {"event_name": "mouseover", "timestamp": "1658961936700", "position": {"x": 267, "y": 288}}, {"event_name": "mousemove", "timestamp": "1658961936700", "position": {"x": 267, "y": 288}}, {"event_name": "mouseout", "timestamp": "1658961936716", "position": {"x": 227, "y": 277}}, {"event_name": "mouseover", "timestamp": "1658961936716", "position": {"x": 227, "y": 277}}, {"event_name": "mousemove", "timestamp": "1658961936716", "position": {"x": 227, "y": 277}}, {"event_name": "mouseout", "timestamp": "1658961936732", "position": {"x": 1117, "y": 392}}, {"event_name": "mouseover", "timestamp": "1658961936766", "position": {"x": 88, "y": 33}}, {"event_name": "mousemove", "timestamp": "1658961936767", "position": {"x": 88, "y": 33}}, {"event_name": "mouseout", "timestamp": "1658961936783", "position": {"x": 1477, "y": 419}}, {"event_name": "mouseover", "timestamp": "1658961936817", "position": {"x": 62, "y": 498}}, {"event_name": "mousemove", "timestamp": "1658961936817", "position": {"x": 62, "y": 498}}, {"event_name": "mouseout", "timestamp": "1658961936833", "position": {"x": 1636, "y": 788}}, {"event_name": "mouseover", "timestamp": "1658961936882", "position": {"x": 747, "y": 6}}, {"event_name": "mousemove", "timestamp": "1658961936882", "position": {"x": 747, "y": 6}}, {"event_name": "mouseout", "timestamp": "1658961936900", "position": {"x": 341, "y": 83}}, {"event_name": "mouseover", "timestamp": "1658961936900", "position": {"x": 341, "y": 83}}, {"event_name": "mousemove", "timestamp": "1658961936900", "position": {"x": 341, "y": 83}}, {"event_name": "mouseout", "timestamp": "1658961936916", "position": {"x": 726, "y": 242}}, {"event_name": "mouseover", "timestamp": "1658961936916", "position": {"x": 726, "y": 242}}, {"event_name": "mousemove", "timestamp": "1658961936916", "position": {"x": 726, "y": 242}}, {"event_name": "mouseout", "timestamp": "1658961936932", "position": {"x": 1130, "y": 32}}, {"event_name": "mouseover", "timestamp": "1658961936948", "position": {"x": 443, "y": 407}}, {"event_name": "mousemove", "timestamp": "1658961936949", "position": {"x": 443, "y": 407}}, {"event_name": "mouseout", "timestamp": "1658961936965", "position": {"x": 1688, "y": 772}}, {"event_name": "mouseover", "timestamp": "1658961936983", "position": {"x": 227, "y": 383}}, {"event_name": "mousemove", "timestamp": "1658961936983", "position": {"x": 227, "y": 383}}, {"event_name": "mouseout", "timestamp": "1658961936999", "position": {"x": 175, "y": 786}}, {"event_name": "mouseover", "timestamp": "1658961937033", "position": {"x": 766, "y": 96}}, {"event_name": "mousemove", "timestamp": "1658961937033", "position": {"x": 766, "y": 96}}, {"event_name": "mouseout", "timestamp": "1658961937050", "position": {"x": 459, "y": 185}}, {"event_name": "mouseover", "timestamp": "1658961937050", "position": {"x": 459, "y": 185}}, {"event_name": "mousemove", "timestamp": "1658961937050", "position": {"x": 459, "y": 185}}, {"event_name": "mouseout", "timestamp": "1658961937067", "position": {"x": 1352, "y": 167}}, {"event_name": "mouseover", "timestamp": "1658961937084", "position": {"x": 319, "y": 461}}, {"event_name": "mousemove", "timestamp": "1658961937085", "position": {"x": 319, "y": 461}}, {"event_name": "mouseout", "timestamp": "1658961937101", "position": {"x": 1543, "y": 540}}, {"event_name": "mouseover", "timestamp": "1658961937165", "position": {"x": 69, "y": 338}}, {"event_name": "mousemove", "timestamp": "1658961937166", "position": {"x": 69, "y": 338}}, {"event_name": "mouseout", "timestamp": "1658961937182", "position": {"x": 1303, "y": 606}}, {"event_name": "mouseover", "timestamp": "1658961937232", "position": {"x": 335, "y": 372}}, {"event_name": "mousemove", "timestamp": "1658961937232", "position": {"x": 335, "y": 372}}, {"event_name": "mouseout", "timestamp": "1658961937249", "position": {"x": 1368, "y": 222}}, {"event_name": "mouseover", "timestamp": "1658961937282", "position": {"x": 199, "y": 528}}, {"event_name": "mousemove", "timestamp": "1658961937282", "position": {"x": 199, "y": 528}}, {"event_name": "mouseout", "timestamp": "1658961937300", "position": {"x": 1596, "y": 643}}, {"event_name": "mouseover", "timestamp": "1658961937350", "position": {"x": 312, "y": 570}}, {"event_name": "mousemove", "timestamp": "1658961937350", "position": {"x": 312, "y": 570}}, {"event_name": "mouseout", "timestamp": "1658961937366", "position": {"x": 1622, "y": 798}}, {"event_name": "mouseover", "timestamp": "1658961937449", "position": {"x": 224, "y": 345}}, {"event_name": "mousemove", "timestamp": "1658961937450", "position": {"x": 224, "y": 345}}, {"event_name": "mouseout", "timestamp": "1658961937468", "position": {"x": 659, "y": 284}}, {"event_name": "mouseover", "timestamp": "1658961937468", "position": {"x": 659, "y": 284}}, {"event_name": "mousemove", "timestamp": "1658961937469", "position": {"x": 659, "y": 284}}, {"event_name": "mouseout", "timestamp": "1658961937482", "position": {"x": 1717, "y": 364}}, {"event_name": "mouseover", "timestamp": "1658961937599", "position": {"x": 23, "y": 536}}, {"event_name": "mousemove", "timestamp": "1658961937600", "position": {"x": 23, "y": 536}}, {"event_name": "mouseout", "timestamp": "1658961937616", "position": {"x": 1134, "y": 829}}, {"event_name": "mouseover", "timestamp": "1658961937733", "position": {"x": 293, "y": 348}}, {"event_name": "mousemove", "timestamp": "1658961937733", "position": {"x": 293, "y": 348}}, {"event_name": "mouseout", "timestamp": "1658961937749", "position": {"x": 137, "y": 697}}, {"event_name": "mouseover", "timestamp": "1658961937782", "position": {"x": 705, "y": 405}}, {"event_name": "mousemove", "timestamp": "1658961937782", "position": {"x": 705, "y": 405}}, {"event_name": "mouseout", "timestamp": "1658961937801", "position": {"x": 1440, "y": 455}}, {"event_name": "mouseover", "timestamp": "1658961937816", "position": {"x": 437, "y": 443}}, {"event_name": "mousemove", "timestamp": "1658961937817", "position": {"x": 437, "y": 443}}, {"event_name": "mouseout", "timestamp": "1658961937832", "position": {"x": 328, "y": 63}}, {"event_name": "mouseover", "timestamp": "1658961937833", "position": {"x": 328, "y": 63}}, {"event_name": "mousemove", "timestamp": "1658961937833", "position": {"x": 328, "y": 63}}, {"event_name": "mouseout", "timestamp": "1658961937849", "position": {"x": 392, "y": 299}}, {"event_name": "mouseover", "timestamp": "1658961937849", "position": {"x": 392, "y": 299}}, {"event_name": "mousemove", "timestamp": "1658961937850", "position": {"x": 392, "y": 299}}, {"event_name": "mouseout", "timestamp": "1658961937867", "position": {"x": 1245, "y": 97}}, {"event_name": "mouseover", "timestamp": "1658961937882", "position": {"x": 666, "y": 468}}, {"event_name": "mousemove", "timestamp": "1658961937883", "position": {"x": 666, "y": 468}}, {"event_name": "mouseout", "timestamp": "1658961937899", "position": {"x": 544, "y": 519}}, {"event_name": "mouseover", "timestamp": "1658961937899", "position": {"x": 544, "y": 519}}, {"event_name": "mousemove", "timestamp": "1658961937900", "position": {"x": 544, "y": 519}}, {"event_name": "mouseout", "timestamp": "1658961937916", "position": {"x": 1175, "y": 885}}, {"event_name": "mouseover", "timestamp": "1658961938017", "position": {"x": 321, "y": 396}}, {"event_name": "mousemove", "timestamp": "1658961938017", "position": {"x": 321, "y": 396}}, {"event_name": "mouseout", "timestamp": "1658961938032", "position": {"x": 1533, "y": 145}}, {"event_name": "mouseover", "timestamp": "1658961938117", "position": {"x": 613, "y": 137}}, {"event_name": "mousemove", "timestamp": "1658961938117", "position": {"x": 613, "y": 137}}, {"event_name": "mouseout", "timestamp": "1658961938133", "position": {"x": 1456, "y": 135}}, {"event_name": "mouseover", "timestamp": "1658961938182", "position": {"x": 479, "y": 597}}, {"event_name": "mousemove", "timestamp": "1658961938182", "position": {"x": 479, "y": 597}}, {"event_name": "mouseout", "timestamp": "1658961938199", "position": {"x": 403, "y": 422}}, {"event_name": "mouseover", "timestamp": "1658961938200", "position": {"x": 403, "y": 422}}, {"event_name": "mousemove", "timestamp": "1658961938200", "position": {"x": 403, "y": 422}}, {"event_name": "mouseout", "timestamp": "1658961938215", "position": {"x": 832, "y": 464}}, {"event_name": "mouseover", "timestamp": "1658961938232", "position": {"x": 401, "y": 429}}, {"event_name": "mousemove", "timestamp": "1658961938232", "position": {"x": 401, "y": 429}}, {"event_name": "mouseout", "timestamp": "1658961938250", "position": {"x": 1508, "y": 104}}, {"event_name": "mouseover", "timestamp": "1658961938282", "position": {"x": 675, "y": 61}}, {"event_name": "mousemove", "timestamp": "1658961938282", "position": {"x": 675, "y": 61}}, {"event_name": "mouseout", "timestamp": "1658961938298", "position": {"x": 1380, "y": 180}}, {"event_name": "mouseover", "timestamp": "1658961938366", "position": {"x": 643, "y": 290}}, {"event_name": "mousemove", "timestamp": "1658961938366", "position": {"x": 643, "y": 290}}, {"event_name": "mouseout", "timestamp": "1658961938382", "position": {"x": 1793, "y": 1}}, {"event_name": "mouseover", "timestamp": "1658961938432", "position": {"x": 405, "y": 82}}, {"event_name": "mousemove", "timestamp": "1658961938433", "position": {"x": 405, "y": 82}}, {"event_name": "mouseout", "timestamp": "1658961938450", "position": {"x": 1659, "y": 706}}, {"event_name": "mouseover", "timestamp": "1658961938466", "position": {"x": 303, "y": 7}}, {"event_name": "mousemove", "timestamp": "1658961938466", "position": {"x": 303, "y": 7}}, {"event_name": "mouseout", "timestamp": "1658961938482", "position": {"x": 1725, "y": 785}}, {"event_name": "mouseover", "timestamp": "1658961938533", "position": {"x": 43, "y": 480}}, {"event_name": "mousemove", "timestamp": "1658961938533", "position": {"x": 43, "y": 480}}, {"event_name": "mouseout", "timestamp": "1658961938549", "position": {"x": 926, "y": 818}}, {"event_name": "mouseover", "timestamp": "1658961938599", "position": {"x": 652, "y": 240}}, {"event_name": "mousemove", "timestamp": "1658961938600", "position": {"x": 652, "y": 240}}, {"event_name": "mouseout", "timestamp": "1658961938615", "position": {"x": 1435, "y": 735}}, {"event_name": "mouseover", "timestamp": "1658961938716", "position": {"x": 443, "y": 289}}, {"event_name": "mousemove", "timestamp": "1658961938716", "position": {"x": 443, "y": 289}}, {"event_name": "mouseout", "timestamp": "1658961938733", "position": {"x": 22, "y": 598}}, {"event_name": "mouseover", "timestamp": "1658961938733", "position": {"x": 22, "y": 598}}, {"event_name": "mousemove", "timestamp": "1658961938733", "position": {"x": 22, "y": 598}}, {"event_name": "mouseout", "timestamp": "1658961938749", "position": {"x": 1492, "y": 692}}, {"event_name": "mouseover", "timestamp": "1658961938783", "position": {"x": 632, "y": 406}}, {"event_name": "mousemove", "timestamp": "1658961938783", "position": {"x": 632, "y": 406}}, {"event_name": "mouseout", "timestamp": "1658961938799", "position": {"x": 1714, "y": 155}}, {"event_name": "mouseover", "timestamp": "1658961938849", "position": {"x": 27, "y": 534}}, {"event_name": "mousemove", "timestamp": "1658961938849", "position": {"x": 27, "y": 534}}, {"event_name": "mouseout", "timestamp": "1658961938865", "position": {"x": 261, "y": 836}}, {"event_name": "mouseover", "timestamp": "1658961938933", "position": {"x": 218, "y": 277}}, {"event_name": "mousemove", "timestamp": "1658961938933", "position": {"x": 218, "y": 277}}, {"event_name": "mouseout", "timestamp": "1658961938950", "position": {"x": 563, "y": 30}}, {"event_name": "mouseover", "timestamp": "1658961938950", "position": {"x": 563, "y": 30}}, {"event_name": "mousemove", "timestamp": "1658961938951", "position": {"x": 563, "y": 30}}, {"event_name": "mouseout", "timestamp": "1658961938966", "position": {"x": 235, "y": 736}}, {"event_name": "mouseover", "timestamp": "1658961939101", "position": {"x": 509, "y": 52}}, {"event_name": "mousemove", "timestamp": "1658961939101", "position": {"x": 509, "y": 52}}, {"event_name": "mouseout", "timestamp": "1658961939115", "position": {"x": 111, "y": 700}}, {"event_name": "mouseover", "timestamp": "1658961939182", "position": {"x": 19, "y": 20}}, {"event_name": "mousemove", "timestamp": "1658961939182", "position": {"x": 19, "y": 20}}, {"event_name": "mouseout", "timestamp": "1658961939199", "position": {"x": 209, "y": 491}}, {"event_name": "mouseover", "timestamp": "1658961939199", "position": {"x": 209, "y": 491}}, {"event_name": "mousemove", "timestamp": "1658961939199", "position": {"x": 209, "y": 491}}, {"event_name": "mouseout", "timestamp": "1658961939215", "position": {"x": 76, "y": 561}}, {"event_name": "mouseover", "timestamp": "1658961939215", "position": {"x": 76, "y": 561}}, {"event_name": "mousemove", "timestamp": "1658961939216", "position": {"x": 76, "y": 561}}, {"event_name": "mouseout", "timestamp": "1658961939232", "position": {"x": 1514, "y": 434}}, {"event_name": "mouseover", "timestamp": "1658961939249", "position": {"x": 741, "y": 44}}, {"event_name": "mousemove", "timestamp": "1658961939249", "position": {"x": 741, "y": 44}}, {"event_name": "mouseout", "timestamp": "1658961939265", "position": {"x": 474, "y": 458}}, {"event_name": "mouseover", "timestamp": "1658961939265", "position": {"x": 474, "y": 458}}, {"event_name": "mousemove", "timestamp": "1658961939265", "position": {"x": 474, "y": 458}}, {"event_name": "mouseout", "timestamp": "1658961939282", "position": {"x": 1325, "y": 402}}, {"event_name": "mouseover", "timestamp": "1658961939332", "position": {"x": 336, "y": 579}}, {"event_name": "mousemove", "timestamp": "1658961939332", "position": {"x": 336, "y": 579}}, {"event_name": "mouseout", "timestamp": "1658961939348", "position": {"x": 511, "y": 702}}, {"event_name": "mouseover", "timestamp": "1658961939365", "position": {"x": 510, "y": 448}}, {"event_name": "mousemove", "timestamp": "1658961939365", "position": {"x": 510, "y": 448}}, {"event_name": "mouseout", "timestamp": "1658961939382", "position": {"x": 1423, "y": 39}}, {"event_name": "mouseover", "timestamp": "1658961939516", "position": {"x": 785, "y": 195}}, {"event_name": "mousemove", "timestamp": "1658961939516", "position": {"x": 785, "y": 195}}, {"event_name": "mouseout", "timestamp": "1658961939533", "position": {"x": 1291, "y": 33}}, {"event_name": "mouseover", "timestamp": "1658961939582", "position": {"x": 267, "y": 508}}, {"event_name": "mousemove", "timestamp": "1658961939582", "position": {"x": 267, "y": 508}}, {"event_name": "mouseout", "timestamp": "1658961939599", "position": {"x": 1616, "y": 764}}, {"event_name": "mouseover", "timestamp": "1658961939632", "position": {"x": 407, "y": 144}}, {"event_name": "mousemove", "timestamp": "1658961939633", "position": {"x": 407, "y": 144}}, {"event_name": "mouseout", "timestamp": "1658961939649", "position": {"x": 1336, "y": 210}}, {"event_name": "mouseover", "timestamp": "1658961939699", "position": {"x": 199, "y": 306}}, {"event_name": "mousemove", "timestamp": "1658961939699", "position": {"x": 199, "y": 306}}, {"event_name": "mouseout", "timestamp": "1658961939715", "position": {"x": 28, "y": 625}}, {"event_name": "mouseover", "timestamp": "1658961939733", "position": {"x": 576, "y": 594}}, {"event_name": "mousemove", "timestamp": "1658961939733", "position": {"x": 576, "y": 594}}, {"event_name": "mouseout", "timestamp": "1658961939749", "position": {"x": 158, "y": 826}}, {"event_name": "mouseover", "timestamp": "1658961939766", "position": {"x": 528, "y": 456}}, {"event_name": "mousemove", "timestamp": "1658961939766", "position": {"x": 528, "y": 456}}, {"event_name": "mouseout", "timestamp": "1658961939782", "position": {"x": 512, "y": 602}}, {"event_name": "mouseover", "timestamp": "1658961939800", "position": {"x": 213, "y": 11}}, {"event_name": "mousemove", "timestamp": "1658961939800", "position": {"x": 213, "y": 11}}, {"event_name": "mouseout", "timestamp": "1658961939816", "position": {"x": 135, "y": 740}}, {"event_name": "mouseover", "timestamp": "1658961939882", "position": {"x": 415, "y": 120}}, {"event_name": "mousemove", "timestamp": "1658961939882", "position": {"x": 415, "y": 120}}, {"event_name": "mouseout", "timestamp": "1658961939899", "position": {"x": 490, "y": 426}}, {"event_name": "mouseover", "timestamp": "1658961939899", "position": {"x": 490, "y": 426}}, {"event_name": "mousemove", "timestamp": "1658961939899", "position": {"x": 490, "y": 426}}, {"event_name": "mouseout", "timestamp": "1658961939916", "position": {"x": 1439, "y": 553}}, {"event_name": "mouseover", "timestamp": "1658961939950", "position": {"x": 500, "y": 226}}, {"event_name": "mousemove", "timestamp": "1658961939950", "position": {"x": 500, "y": 226}}, {"event_name": "mouseout", "timestamp": "1658961939966", "position": {"x": 210, "y": 57}}, {"event_name": "mouseover", "timestamp": "1658961939966", "position": {"x": 210, "y": 57}}, {"event_name": "mousemove", "timestamp": "1658961939966", "position": {"x": 210, "y": 57}}, {"event_name": "mouseout", "timestamp": "1658961939982", "position": {"x": 1253, "y": 537}}, {"event_name": "mouseover", "timestamp": "1658961940082", "position": {"x": 43, "y": 227}}, {"event_name": "mousemove", "timestamp": "1658961940082", "position": {"x": 43, "y": 227}}, {"event_name": "mouseout", "timestamp": "1658961940105", "position": {"x": 550, "y": 376}}, {"event_name": "mouseover", "timestamp": "1658961940105", "position": {"x": 550, "y": 376}}, {"event_name": "mousemove", "timestamp": "1658961940105", "position": {"x": 550, "y": 376}}, {"event_name": "mouseout", "timestamp": "1658961940117", "position": {"x": 1736, "y": 566}}, {"event_name": "mouseover", "timestamp": "1658961940133", "position": {"x": 576, "y": 337}}, {"event_name": "mousemove", "timestamp": "1658961940133", "position": {"x": 576, "y": 337}}, {"event_name": "mouseout", "timestamp": "1658961940148", "position": {"x": 404, "y": 698}}, {"event_name": "mouseover", "timestamp": "1658961940248", "position": {"x": 106, "y": 156}}, {"event_name": "mousemove", "timestamp": "1658961940248", "position": {"x": 106, "y": 156}}, {"event_name": "mouseout", "timestamp": "1658961940265", "position": {"x": 1759, "y": 672}}, {"event_name": "mouseover", "timestamp": "1658961940383", "position": {"x": 238, "y": 557}}, {"event_name": "mousemove", "timestamp": "1658961940383", "position": {"x": 238, "y": 557}}, {"event_name": "mouseout", "timestamp": "1658961940399", "position": {"x": 1660, "y": 261}}, {"event_name": "mouseover", "timestamp": "1658961940449", "position": {"x": 779, "y": 328}}, {"event_name": "mousemove", "timestamp": "1658961940449", "position": {"x": 779, "y": 328}}, {"event_name": "mouseout", "timestamp": "1658961940466", "position": {"x": 389, "y": 512}}, {"event_name": "mouseover", "timestamp": "1658961940466", "position": {"x": 389, "y": 512}}, {"event_name": "mousemove", "timestamp": "1658961940466", "position": {"x": 389, "y": 512}}, {"event_name": "mouseout", "timestamp": "1658961940482", "position": {"x": 822, "y": 304}}, {"event_name": "mouseover", "timestamp": "1658961940533", "position": {"x": 721, "y": 203}}, {"event_name": "mousemove", "timestamp": "1658961940533", "position": {"x": 721, "y": 203}}, {"event_name": "mouseout", "timestamp": "1658961940549", "position": {"x": 889, "y": 707}}, {"event_name": "mouseover", "timestamp": "1658961940602", "position": {"x": 452, "y": 136}}, {"event_name": "mousemove", "timestamp": "1658961940603", "position": {"x": 452, "y": 136}}, {"event_name": "mouseout", "timestamp": "1658961940617", "position": {"x": 1153, "y": 9}}, {"event_name": "mouseover", "timestamp": "1658961940633", "position": {"x": 637, "y": 375}}, {"event_name": "mousemove", "timestamp": "1658961940633", "position": {"x": 637, "y": 375}}, {"event_name": "mouseout", "timestamp": "1658961940649", "position": {"x": 873, "y": 790}}, {"event_name": "mouseover", "timestamp": "1658961940666", "position": {"x": 684, "y": 27}}, {"event_name": "mousemove", "timestamp": "1658961940667", "position": {"x": 684, "y": 27}}, {"event_name": "mouseout", "timestamp": "1658961940705", "position": {"x": 1744, "y": 325}}, {"event_name": "mouseover", "timestamp": "1658961940801", "position": {"x": 633, "y": 305}}, {"event_name": "mousemove", "timestamp": "1658961940802", "position": {"x": 633, "y": 305}}, {"event_name": "mouseout", "timestamp": "1658961940815", "position": {"x": 81, "y": 380}}, {"event_name": "mouseover", "timestamp": "1658961940816", "position": {"x": 81, "y": 380}}, {"event_name": "mousemove", "timestamp": "1658961940816", "position": {"x": 81, "y": 380}}, {"event_name": "mouseout", "timestamp": "1658961940832", "position": {"x": 105, "y": 11}}, {"event_name": "mouseover", "timestamp": "1658961940833", "position": {"x": 105, "y": 11}}, {"event_name": "mousemove", "timestamp": "1658961940833", "position": {"x": 105, "y": 11}}, {"event_name": "mouseout", "timestamp": "1658961940849", "position": {"x": 988, "y": 565}}, {"event_name": "mouseover", "timestamp": "1658961940882", "position": {"x": 395, "y": 374}}, {"event_name": "mousemove", "timestamp": "1658961940882", "position": {"x": 395, "y": 374}}, {"event_name": "mouseout", "timestamp": "1658961940906", "position": {"x": 1249, "y": 407}}, {"event_name": "mouseover", "timestamp": "1658961940932", "position": {"x": 580, "y": 570}}, {"event_name": "mousemove", "timestamp": "1658961940933", "position": {"x": 580, "y": 570}}, {"event_name": "mouseout", "timestamp": "1658961940949", "position": {"x": 952, "y": 466}}, {"event_name": "mouseover", "timestamp": "1658961941032", "position": {"x": 31, "y": 341}}, {"event_name": "mousemove", "timestamp": "1658961941033", "position": {"x": 31, "y": 341}}, {"event_name": "mouseout", "timestamp": "1658961941049", "position": {"x": 1318, "y": 899}}, {"event_name": "mouseover", "timestamp": "1658961941182", "position": {"x": 48, "y": 161}}, {"event_name": "mousemove", "timestamp": "1658961941182", "position": {"x": 48, "y": 161}}, {"event_name": "mouseout", "timestamp": "1658961941199", "position": {"x": 1544, "y": 79}}, {"event_name": "mouseover", "timestamp": "1658961941249", "position": {"x": 651, "y": 151}}, {"event_name": "mousemove", "timestamp": "1658961941249", "position": {"x": 651, "y": 151}}, {"event_name": "mouseout", "timestamp": "1658961941266", "position": {"x": 344, "y": 725}}, {"event_name": "mouseover", "timestamp": "1658961941298", "position": {"x": 700, "y": 82}}, {"event_name": "mousemove", "timestamp": "1658961941298", "position": {"x": 700, "y": 82}}, {"event_name": "mouseout", "timestamp": "1658961941315", "position": {"x": 199, "y": 298}}, {"event_name": "mouseover", "timestamp": "1658961941315", "position": {"x": 199, "y": 298}}, {"event_name": "mousemove", "timestamp": "1658961941315", "position": {"x": 199, "y": 298}}, {"event_name": "mouseout", "timestamp": "1658961941332", "position": {"x": 1319, "y": 675}}, {"event_name": "mouseover", "timestamp": "1658961941366", "position": {"x": 28, "y": 529}}, {"event_name": "mousemove", "timestamp": "1658961941366", "position": {"x": 28, "y": 529}}, {"event_name": "mouseout", "timestamp": "1658961941382", "position": {"x": 1421, "y": 807}}, {"event_name": "mouseover", "timestamp": "1658961941399", "position": {"x": 560, "y": 95}}, {"event_name": "mousemove", "timestamp": "1658961941400", "position": {"x": 560, "y": 95}}, {"event_name": "mouseout", "timestamp": "1658961941416", "position": {"x": 1487, "y": 65}}, {"event_name": "mouseover", "timestamp": "1658961941449", "position": {"x": 213, "y": 245}}, {"event_name": "mousemove", "timestamp": "1658961941449", "position": {"x": 213, "y": 245}}, {"event_name": "mouseout", "timestamp": "1658961941467", "position": {"x": 828, "y": 99}}, {"event_name": "mouseover", "timestamp": "1658961941483", "position": {"x": 799, "y": 399}}, {"event_name": "mousemove", "timestamp": "1658961941483", "position": {"x": 799, "y": 399}}, {"event_name": "mouseout", "timestamp": "1658961941502", "position": {"x": 1293, "y": 136}}, {"event_name": "mouseover", "timestamp": "1658961941603", "position": {"x": 287, "y": 590}}, {"event_name": "mousemove", "timestamp": "1658961941603", "position": {"x": 287, "y": 590}}, {"event_name": "mouseout", "timestamp": "1658961941616", "position": {"x": 200, "y": 365}}, {"event_name": "mouseover", "timestamp": "1658961941616", "position": {"x": 200, "y": 365}}, {"event_name": "mousemove", "timestamp": "1658961941616", "position": {"x": 200, "y": 365}}, {"event_name": "mouseout", "timestamp": "1658961941632", "position": {"x": 26, "y": 553}}, {"event_name": "mouseover", "timestamp": "1658961941632", "position": {"x": 26, "y": 553}}, {"event_name": "mousemove", "timestamp": "1658961941633", "position": {"x": 26, "y": 553}}, {"event_name": "mouseout", "timestamp": "1658961941648", "position": {"x": 1034, "y": 81}}, {"event_name": "mouseover", "timestamp": "1658961941716", "position": {"x": 713, "y": 248}}, {"event_name": "mousemove", "timestamp": "1658961941716", "position": {"x": 713, "y": 248}}, {"event_name": "mouseout", "timestamp": "1658961941733", "position": {"x": 418, "y": 102}}, {"event_name": "mouseover", "timestamp": "1658961941733", "position": {"x": 418, "y": 102}}, {"event_name": "mousemove", "timestamp": "1658961941733", "position": {"x": 418, "y": 102}}, {"event_name": "mouseout", "timestamp": "1658961941749", "position": {"x": 431, "y": 508}}, {"event_name": "mouseover", "timestamp": "1658961941749", "position": {"x": 431, "y": 508}}, {"event_name": "mousemove", "timestamp": "1658961941750", "position": {"x": 431, "y": 508}}, {"event_name": "mouseout", "timestamp": "1658961941766", "position": {"x": 1653, "y": 233}}, {"event_name": "mouseover", "timestamp": "1658961941800", "position": {"x": 497, "y": 99}}, {"event_name": "mousemove", "timestamp": "1658961941801", "position": {"x": 497, "y": 99}}, {"event_name": "mouseout", "timestamp": "1658961941816", "position": {"x": 275, "y": 669}}, {"event_name": "mouseover", "timestamp": "1658961941850", "position": {"x": 561, "y": 503}}, {"event_name": "mousemove", "timestamp": "1658961941850", "position": {"x": 561, "y": 503}}, {"event_name": "mouseout", "timestamp": "1658961941866", "position": {"x": 820, "y": 317}}, {"event_name": "mouseover", "timestamp": "1658961941882", "position": {"x": 753, "y": 444}}, {"event_name": "mousemove", "timestamp": "1658961941882", "position": {"x": 753, "y": 444}}, {"event_name": "mouseout", "timestamp": "1658961941905", "position": {"x": 1027, "y": 747}}, {"event_name": "mouseover", "timestamp": "1658961941949", "position": {"x": 783, "y": 233}}, {"event_name": "mousemove", "timestamp": "1658961941950", "position": {"x": 783, "y": 233}}, {"event_name": "mousemove", "timestamp": "1658961941965", "position": {"x": 23, "y": 461}}, {"event_name": "mouseout", "timestamp": "1658961941982", "position": {"x": 93, "y": 394}}, {"event_name": "mouseover", "timestamp": "1658961941983", "position": {"x": 93, "y": 394}}, {"event_name": "mousemove", "timestamp": "1658961941983", "position": {"x": 93, "y": 394}}, {"event_name": "mouseout", "timestamp": "1658961941999", "position": {"x": 845, "y": 805}}, {"event_name": "mouseover", "timestamp": "1658961942148", "position": {"x": 319, "y": 326}}, {"event_name": "mousemove", "timestamp": "1658961942148", "position": {"x": 319, "y": 326}}, {"event_name": "mouseout", "timestamp": "1658961942165", "position": {"x": 1439, "y": 790}}, {"event_name": "mouseover", "timestamp": "1658961942198", "position": {"x": 594, "y": 168}}, {"event_name": "mousemove", "timestamp": "1658961942198", "position": {"x": 594, "y": 168}}, {"event_name": "mouseout", "timestamp": "1658961942215", "position": {"x": 1229, "y": 655}}, {"event_name": "mouseover", "timestamp": "1658961942248", "position": {"x": 452, "y": 52}}, {"event_name": "mousemove", "timestamp": "1658961942249", "position": {"x": 452, "y": 52}}, {"event_name": "mouseout", "timestamp": "1658961942269", "position": {"x": 239, "y": 891}}, {"event_name": "mouseover", "timestamp": "1658961942299", "position": {"x": 765, "y": 269}}, {"event_name": "mousemove", "timestamp": "1658961942299", "position": {"x": 765, "y": 269}}, {"event_name": "mouseout", "timestamp": "1658961942316", "position": {"x": 1703, "y": 737}}, {"event_name": "mouseover", "timestamp": "1658961942366", "position": {"x": 169, "y": 366}}, {"event_name": "mousemove", "timestamp": "1658961942367", "position": {"x": 169, "y": 366}}, {"event_name": "mouseout", "timestamp": "1658961942384", "position": {"x": 790, "y": 638}}, {"event_name": "mouseover", "timestamp": "1658961942499", "position": {"x": 41, "y": 333}}, {"event_name": "mousemove", "timestamp": "1658961942499", "position": {"x": 41, "y": 333}}, {"event_name": "mouseout", "timestamp": "1658961942516", "position": {"x": 1218, "y": 778}}, {"event_name": "mouseover", "timestamp": "1658961942582", "position": {"x": 36, "y": 393}}, {"event_name": "mousemove", "timestamp": "1658961942583", "position": {"x": 36, "y": 393}}, {"event_name": "mouseout", "timestamp": "1658961942598", "position": {"x": 1697, "y": 114}}, {"event_name": "mouseover", "timestamp": "1658961942698", "position": {"x": 495, "y": 390}}, {"event_name": "mousemove", "timestamp": "1658961942698", "position": {"x": 495, "y": 390}}, {"event_name": "mouseout", "timestamp": "1658961942716", "position": {"x": 330, "y": 514}}, {"event_name": "mouseover", "timestamp": "1658961942716", "position": {"x": 330, "y": 514}}, {"event_name": "mousemove", "timestamp": "1658961942716", "position": {"x": 330, "y": 514}}, {"event_name": "mouseout", "timestamp": "1658961942732", "position": {"x": 1661, "y": 749}}, {"event_name": "mouseover", "timestamp": "1658961942782", "position": {"x": 172, "y": 421}}, {"event_name": "mousemove", "timestamp": "1658961942782", "position": {"x": 172, "y": 421}}, {"event_name": "mouseout", "timestamp": "1658961942800", "position": {"x": 1679, "y": 418}}, {"event_name": "mouseover", "timestamp": "1658961942849", "position": {"x": 550, "y": 165}}, {"event_name": "mousemove", "timestamp": "1658961942849", "position": {"x": 550, "y": 165}}, {"event_name": "mouseout", "timestamp": "1658961942869", "position": {"x": 1264, "y": 292}}, {"event_name": "mouseover", "timestamp": "1658961942899", "position": {"x": 319, "y": 472}}, {"event_name": "mousemove", "timestamp": "1658961942899", "position": {"x": 319, "y": 472}}, {"event_name": "mouseout", "timestamp": "1658961942917", "position": {"x": 684, "y": 321}}, {"event_name": "mouseover", "timestamp": "1658961942917", "position": {"x": 684, "y": 321}}, {"event_name": "mousemove", "timestamp": "1658961942918", "position": {"x": 684, "y": 321}}, {"event_name": "mouseout", "timestamp": "1658961942933", "position": {"x": 1390, "y": 478}}, {"event_name": "mouseover", "timestamp": "1658961942967", "position": {"x": 773, "y": 317}}, {"event_name": "mousemove", "timestamp": "1658961942967", "position": {"x": 773, "y": 317}}, {"event_name": "mouseout", "timestamp": "1658961942983", "position": {"x": 1282, "y": 196}}, {"event_name": "mouseover", "timestamp": "1658961943016", "position": {"x": 483, "y": 151}}, {"event_name": "mousemove", "timestamp": "1658961943017", "position": {"x": 483, "y": 151}}, {"event_name": "mouseout", "timestamp": "1658961943034", "position": {"x": 1346, "y": 62}}, {"event_name": "mouseover", "timestamp": "1658961943049", "position": {"x": 762, "y": 253}}, {"event_name": "mousemove", "timestamp": "1658961943050", "position": {"x": 762, "y": 253}}, {"event_name": "mouseout", "timestamp": "1658961943067", "position": {"x": 1423, "y": 420}}, {"event_name": "mouseover", "timestamp": "1658961943082", "position": {"x": 617, "y": 318}}, {"event_name": "mousemove", "timestamp": "1658961943082", "position": {"x": 617, "y": 318}}, {"event_name": "mouseout", "timestamp": "1658961943100", "position": {"x": 1578, "y": 235}}, {"event_name": "mouseover", "timestamp": "1658961943132", "position": {"x": 502, "y": 232}}, {"event_name": "mousemove", "timestamp": "1658961943132", "position": {"x": 502, "y": 232}}, {"event_name": "mouseout", "timestamp": "1658961943149", "position": {"x": 186, "y": 448}}, {"event_name": "mouseover", "timestamp": "1658961943149", "position": {"x": 186, "y": 448}}, {"event_name": "mousemove", "timestamp": "1658961943149", "position": {"x": 186, "y": 448}}, {"event_name": "mouseout", "timestamp": "1658961943166", "position": {"x": 1721, "y": 344}}, {"event_name": "mouseover", "timestamp": "1658961943232", "position": {"x": 277, "y": 284}}, {"event_name": "mousemove", "timestamp": "1658961943232", "position": {"x": 277, "y": 284}}, {"event_name": "mouseout", "timestamp": "1658961943252", "position": {"x": 991, "y": 835}}, {"event_name": "mouseover", "timestamp": "1658961943265", "position": {"x": 625, "y": 21}}, {"event_name": "mousemove", "timestamp": "1658961943265", "position": {"x": 625, "y": 21}}, {"event_name": "mouseout", "timestamp": "1658961943282", "position": {"x": 413, "y": 868}}, {"event_name": "mouseover", "timestamp": "1658961943332", "position": {"x": 272, "y": 221}}, {"event_name": "mousemove", "timestamp": "1658961943332", "position": {"x": 272, "y": 221}}, {"event_name": "mouseout", "timestamp": "1658961943350", "position": {"x": 538, "y": 488}}, {"event_name": "mouseover", "timestamp": "1658961943350", "position": {"x": 538, "y": 488}}, {"event_name": "mousemove", "timestamp": "1658961943350", "position": {"x": 538, "y": 488}}, {"event_name": "mouseout", "timestamp": "1658961943366", "position": {"x": 1782, "y": 844}}, {"event_name": "mouseover", "timestamp": "1658961943516", "position": {"x": 611, "y": 116}}, {"event_name": "mousemove", "timestamp": "1658961943516", "position": {"x": 611, "y": 116}}, {"event_name": "mouseout", "timestamp": "1658961943533", "position": {"x": 402, "y": 370}}, {"event_name": "mouseover", "timestamp": "1658961943533", "position": {"x": 402, "y": 370}}, {"event_name": "mousemove", "timestamp": "1658961943533", "position": {"x": 402, "y": 370}}, {"event_name": "mouseout", "timestamp": "1658961943549", "position": {"x": 531, "y": 280}}, {"event_name": "mouseover", "timestamp": "1658961943550", "position": {"x": 531, "y": 280}}, {"event_name": "mousemove", "timestamp": "1658961943550", "position": {"x": 531, "y": 280}}, {"event_name": "mouseout", "timestamp": "1658961943566", "position": {"x": 1172, "y": 430}}, {"event_name": "mouseover", "timestamp": "1658961943585", "position": {"x": 717, "y": 20}}, {"event_name": "mousemove", "timestamp": "1658961943585", "position": {"x": 717, "y": 20}}, {"event_name": "mouseout", "timestamp": "1658961943602", "position": {"x": 748, "y": 485}}, {"event_name": "mouseover", "timestamp": "1658961943602", "position": {"x": 748, "y": 485}}, {"event_name": "mousemove", "timestamp": "1658961943602", "position": {"x": 748, "y": 485}}, {"event_name": "mouseout", "timestamp": "1658961943616", "position": {"x": 1623, "y": 41}}, {"event_name": "mouseover", "timestamp": "1658961943633", "position": {"x": 289, "y": 135}}, {"event_name": "mousemove", "timestamp": "1658961943633", "position": {"x": 289, "y": 135}}, {"event_name": "mouseout", "timestamp": "1658961943649", "position": {"x": 120, "y": 641}}, {"event_name": "mouseover", "timestamp": "1658961943683", "position": {"x": 697, "y": 350}}, {"event_name": "mousemove", "timestamp": "1658961943683", "position": {"x": 697, "y": 350}}, {"event_name": "mouseout", "timestamp": "1658961943699", "position": {"x": 1541, "y": 452}}, {"event_name": "mouseover", "timestamp": "1658961943733", "position": {"x": 96, "y": 560}}, {"event_name": "mousemove", "timestamp": "1658961943737", "position": {"x": 96, "y": 560}}, {"event_name": "mouseout", "timestamp": "1658961943749", "position": {"x": 1512, "y": 364}}, {"event_name": "mouseover", "timestamp": "1658961943766", "position": {"x": 264, "y": 435}}, {"event_name": "mousemove", "timestamp": "1658961943767", "position": {"x": 264, "y": 435}}, {"event_name": "mouseout", "timestamp": "1658961943783", "position": {"x": 778, "y": 339}}, {"event_name": "mouseover", "timestamp": "1658961943783", "position": {"x": 778, "y": 339}}, {"event_name": "mousemove", "timestamp": "1658961943784", "position": {"x": 778, "y": 339}}, {"event_name": "mouseout", "timestamp": "1658961943799", "position": {"x": 1136, "y": 755}}, {"event_name": "mouseover", "timestamp": "1658961943817", "position": {"x": 173, "y": 342}}, {"event_name": "mousemove", "timestamp": "1658961943817", "position": {"x": 173, "y": 342}}, {"event_name": "mouseout", "timestamp": "1658961943833", "position": {"x": 1392, "y": 380}}, {"event_name": "mouseover", "timestamp": "1658961943867", "position": {"x": 309, "y": 507}}, {"event_name": "mousemove", "timestamp": "1658961943868", "position": {"x": 309, "y": 507}}, {"event_name": "mouseout", "timestamp": "1658961943883", "position": {"x": 1122, "y": 237}}, {"event_name": "mouseover", "timestamp": "1658961943917", "position": {"x": 149, "y": 179}}, {"event_name": "mousemove", "timestamp": "1658961943917", "position": {"x": 149, "y": 179}}, {"event_name": "mouseout", "timestamp": "1658961943933", "position": {"x": 576, "y": 431}}, {"event_name": "mouseover", "timestamp": "1658961943933", "position": {"x": 576, "y": 431}}, {"event_name": "mousemove", "timestamp": "1658961943933", "position": {"x": 576, "y": 431}}, {"event_name": "mouseout", "timestamp": "1658961943949", "position": {"x": 1561, "y": 643}}, {"event_name": "mouseover", "timestamp": "1658961943967", "position": {"x": 207, "y": 397}}, {"event_name": "mousemove", "timestamp": "1658961943967", "position": {"x": 207, "y": 397}}, {"event_name": "mouseout", "timestamp": "1658961943985", "position": {"x": 953, "y": 119}}, {"event_name": "mouseover", "timestamp": "1658961943999", "position": {"x": 773, "y": 212}}, {"event_name": "mousemove", "timestamp": "1658961943999", "position": {"x": 773, "y": 212}}, {"event_name": "mouseout", "timestamp": "1658961944016", "position": {"x": 115, "y": 32}}, {"event_name": "mouseover", "timestamp": "1658961944016", "position": {"x": 115, "y": 32}}, {"event_name": "mousemove", "timestamp": "1658961944016", "position": {"x": 115, "y": 32}}, {"event_name": "mouseout", "timestamp": "1658961944033", "position": {"x": 177, "y": 312}}, {"event_name": "mouseover", "timestamp": "1658961944033", "position": {"x": 177, "y": 312}}, {"event_name": "mousemove", "timestamp": "1658961944033", "position": {"x": 177, "y": 312}}, {"event_name": "mouseout", "timestamp": "1658961944049", "position": {"x": 914, "y": 834}}, {"event_name": "mouseover", "timestamp": "1658961944200", "position": {"x": 393, "y": 266}}, {"event_name": "mousemove", "timestamp": "1658961944200", "position": {"x": 393, "y": 266}}, {"event_name": "mouseout", "timestamp": "1658961944215", "position": {"x": 1624, "y": 26}}, {"event_name": "mouseover", "timestamp": "1658961944298", "position": {"x": 636, "y": 473}}, {"event_name": "mousemove", "timestamp": "1658961944298", "position": {"x": 636, "y": 473}}, {"event_name": "mouseout", "timestamp": "1658961944315", "position": {"x": 889, "y": 658}}, {"event_name": "mouseover", "timestamp": "1658961944332", "position": {"x": 549, "y": 383}}, {"event_name": "mousemove", "timestamp": "1658961944332", "position": {"x": 549, "y": 383}}, {"event_name": "mouseout", "timestamp": "1658961944349", "position": {"x": 1331, "y": 193}}, {"event_name": "mouseover", "timestamp": "1658961944383", "position": {"x": 607, "y": 558}}, {"event_name": "mousemove", "timestamp": "1658961944383", "position": {"x": 607, "y": 558}}, {"event_name": "mouseout", "timestamp": "1658961944399", "position": {"x": 1710, "y": 203}}, {"event_name": "mouseover", "timestamp": "1658961944432", "position": {"x": 376, "y": 378}}, {"event_name": "mousemove", "timestamp": "1658961944433", "position": {"x": 376, "y": 378}}, {"event_name": "mouseout", "timestamp": "1658961944450", "position": {"x": 390, "y": 95}}, {"event_name": "mouseover", "timestamp": "1658961944450", "position": {"x": 390, "y": 95}}, {"event_name": "mousemove", "timestamp": "1658961944451", "position": {"x": 390, "y": 95}}, {"event_name": "mouseout", "timestamp": "1658961944469", "position": {"x": 1132, "y": 589}}, {"event_name": "mouseover", "timestamp": "1658961944516", "position": {"x": 205, "y": 532}}, {"event_name": "mousemove", "timestamp": "1658961944516", "position": {"x": 205, "y": 532}}, {"event_name": "mouseout", "timestamp": "1658961944532", "position": {"x": 1033, "y": 367}}, {"event_name": "mouseover", "timestamp": "1658961944600", "position": {"x": 442, "y": 238}}, {"event_name": "mousemove", "timestamp": "1658961944600", "position": {"x": 442, "y": 238}}, {"event_name": "mouseout", "timestamp": "1658961944615", "position": {"x": 12, "y": 346}}, {"event_name": "mouseover", "timestamp": "1658961944615", "position": {"x": 12, "y": 346}}, {"event_name": "mousemove", "timestamp": "1658961944615", "position": {"x": 12, "y": 346}}, {"event_name": "mouseout", "timestamp": "1658961944632", "position": {"x": 1164, "y": 45}}, {"event_name": "mouseover", "timestamp": "1658961944665", "position": {"x": 303, "y": 539}}, {"event_name": "mousemove", "timestamp": "1658961944666", "position": {"x": 303, "y": 539}}, {"event_name": "mouseout", "timestamp": "1658961944682", "position": {"x": 231, "y": 313}}, {"event_name": "mouseover", "timestamp": "1658961944682", "position": {"x": 231, "y": 313}}, {"event_name": "mousemove", "timestamp": "1658961944682", "position": {"x": 231, "y": 313}}, {"event_name": "mouseout", "timestamp": "1658961944699", "position": {"x": 541, "y": 45}}, {"event_name": "mouseover", "timestamp": "1658961944699", "position": {"x": 541, "y": 45}}, {"event_name": "mousemove", "timestamp": "1658961944700", "position": {"x": 541, "y": 45}}, {"event_name": "mouseout", "timestamp": "1658961944716", "position": {"x": 1624, "y": 809}}, {"event_name": "mouseover", "timestamp": "1658961944732", "position": {"x": 475, "y": 151}}, {"event_name": "mousemove", "timestamp": "1658961944732", "position": {"x": 475, "y": 151}}, {"event_name": "mouseout", "timestamp": "1658961944750", "position": {"x": 264, "y": 505}}, {"event_name": "mouseover", "timestamp": "1658961944750", "position": {"x": 264, "y": 505}}, {"event_name": "mousemove", "timestamp": "1658961944750", "position": {"x": 264, "y": 505}}, {"event_name": "mouseout", "timestamp": "1658961944765", "position": {"x": 477, "y": 192}}, {"event_name": "mouseover", "timestamp": "1658961944766", "position": {"x": 477, "y": 192}}, {"event_name": "mousemove", "timestamp": "1658961944766", "position": {"x": 477, "y": 192}}, {"event_name": "mouseout", "timestamp": "1658961944782", "position": {"x": 1123, "y": 304}}, {"event_name": "mouseover", "timestamp": "1658961944832", "position": {"x": 269, "y": 64}}, {"event_name": "mousemove", "timestamp": "1658961944833", "position": {"x": 269, "y": 64}}, {"event_name": "mouseout", "timestamp": "1658961944849", "position": {"x": 809, "y": 196}}, {"event_name": "mouseover", "timestamp": "1658961944866", "position": {"x": 526, "y": 578}}, {"event_name": "mousemove", "timestamp": "1658961944867", "position": {"x": 526, "y": 578}}, {"event_name": "mouseout", "timestamp": "1658961944882", "position": {"x": 750, "y": 194}}, {"event_name": "mouseover", "timestamp": "1658961944882", "position": {"x": 750, "y": 194}}, {"event_name": "mousemove", "timestamp": "1658961944882", "position": {"x": 750, "y": 194}}, {"event_name": "mouseout", "timestamp": "1658961944899", "position": {"x": 332, "y": 265}}, {"event_name": "mouseover", "timestamp": "1658961944899", "position": {"x": 332, "y": 265}}, {"event_name": "mousemove", "timestamp": "1658961944899", "position": {"x": 332, "y": 265}}, {"event_name": "mouseout", "timestamp": "1658961944916", "position": {"x": 989, "y": 339}}, {"event_name": "mouseover", "timestamp": "1658961944933", "position": {"x": 375, "y": 519}}, {"event_name": "mousemove", "timestamp": "1658961944933", "position": {"x": 375, "y": 519}}, {"event_name": "mouseout", "timestamp": "1658961944949", "position": {"x": 1687, "y": 675}}, {"event_name": "mouseover", "timestamp": "1658961944965", "position": {"x": 485, "y": 4}}, {"event_name": "mousemove", "timestamp": "1658961944966", "position": {"x": 485, "y": 4}}, {"event_name": "mouseout", "timestamp": "1658961944982", "position": {"x": 1107, "y": 228}}, {"event_name": "mouseover", "timestamp": "1658961945016", "position": {"x": 774, "y": 15}}, {"event_name": "mousemove", "timestamp": "1658961945017", "position": {"x": 774, "y": 15}}, {"event_name": "mouseout", "timestamp": "1658961945032", "position": {"x": 1236, "y": 90}}, {"event_name": "mouseover", "timestamp": "1658961945065", "position": {"x": 594, "y": 513}}, {"event_name": "mousemove", "timestamp": "1658961945066", "position": {"x": 594, "y": 513}}, {"event_name": "mouseout", "timestamp": "1658961945082", "position": {"x": 1343, "y": 23}}, {"event_name": "mouseover", "timestamp": "1658961945232", "position": {"x": 664, "y": 392}}, {"event_name": "mousemove", "timestamp": "1658961945232", "position": {"x": 664, "y": 392}}, {"event_name": "mouseout", "timestamp": "1658961945249", "position": {"x": 927, "y": 294}}, {"event_name": "mouseover", "timestamp": "1658961945283", "position": {"x": 8, "y": 233}}, {"event_name": "mousemove", "timestamp": "1658961945284", "position": {"x": 8, "y": 233}}, {"event_name": "mouseout", "timestamp": "1658961945299", "position": {"x": 841, "y": 740}}, {"event_name": "mouseover", "timestamp": "1658961945400", "position": {"x": 718, "y": 168}}, {"event_name": "mousemove", "timestamp": "1658961945401", "position": {"x": 718, "y": 168}}, {"event_name": "mouseout", "timestamp": "1658961945416", "position": {"x": 79, "y": 822}}, {"event_name": "mouseover", "timestamp": "1658961945467", "position": {"x": 161, "y": 244}}, {"event_name": "mousemove", "timestamp": "1658961945467", "position": {"x": 161, "y": 244}}, {"event_name": "mouseout", "timestamp": "1658961945483", "position": {"x": 486, "y": 649}}, {"event_name": "mouseover", "timestamp": "1658961945550", "position": {"x": 35, "y": 490}}, {"event_name": "mousemove", "timestamp": "1658961945551", "position": {"x": 35, "y": 490}}, {"event_name": "mousemove", "timestamp": "1658961945570", "position": {"x": 772, "y": 494}}, {"event_name": "mouseout", "timestamp": "1658961945582", "position": {"x": 932, "y": 390}}, {"event_name": "mouseover", "timestamp": "1658961945632", "position": {"x": 647, "y": 172}}, {"event_name": "mousemove", "timestamp": "1658961945633", "position": {"x": 647, "y": 172}}, {"event_name": "mouseout", "timestamp": "1658961945649", "position": {"x": 551, "y": 379}}, {"event_name": "mouseover", "timestamp": "1658961945649", "position": {"x": 551, "y": 379}}, {"event_name": "mousemove", "timestamp": "1658961945649", "position": {"x": 551, "y": 379}}, {"event_name": "mouseout", "timestamp": "1658961945666", "position": {"x": 1725, "y": 154}}, {"event_name": "mouseover", "timestamp": "1658961945749", "position": {"x": 527, "y": 201}}, {"event_name": "mousemove", "timestamp": "1658961945750", "position": {"x": 527, "y": 201}}, {"event_name": "mouseout", "timestamp": "1658961945765", "position": {"x": 1337, "y": 645}}, {"event_name": "mouseover", "timestamp": "1658961945866", "position": {"x": 734, "y": 406}}, {"event_name": "mousemove", "timestamp": "1658961945866", "position": {"x": 734, "y": 406}}, {"event_name": "mouseout", "timestamp": "1658961945882", "position": {"x": 206, "y": 750}}, {"event_name": "mouseover", "timestamp": "1658961945915", "position": {"x": 609, "y": 69}}, {"event_name": "mousemove", "timestamp": "1658961945916", "position": {"x": 609, "y": 69}}, {"event_name": "mouseout", "timestamp": "1658961945933", "position": {"x": 274, "y": 872}}, {"event_name": "mouseover", "timestamp": "1658961945999", "position": {"x": 470, "y": 519}}, {"event_name": "mousemove", "timestamp": "1658961945999", "position": {"x": 470, "y": 519}}, {"event_name": "mouseout", "timestamp": "1658961946016", "position": {"x": 666, "y": 579}}, {"event_name": "mouseover", "timestamp": "1658961946016", "position": {"x": 666, "y": 579}}, {"event_name": "mousemove", "timestamp": "1658961946016", "position": {"x": 666, "y": 579}}, {"event_name": "mouseout", "timestamp": "1658961946033", "position": {"x": 246, "y": 832}}, {"event_name": "mouseover", "timestamp": "1658961946066", "position": {"x": 692, "y": 320}}, {"event_name": "mousemove", "timestamp": "1658961946066", "position": {"x": 692, "y": 320}}, {"event_name": "mouseout", "timestamp": "1658961946082", "position": {"x": 49, "y": 481}}, {"event_name": "mouseover", "timestamp": "1658961946082", "position": {"x": 49, "y": 481}}, {"event_name": "mousemove", "timestamp": "1658961946083", "position": {"x": 49, "y": 481}}, {"event_name": "mouseout", "timestamp": "1658961946098", "position": {"x": 703, "y": 565}}, {"event_name": "mouseover", "timestamp": "1658961946099", "position": {"x": 703, "y": 565}}, {"event_name": "mousemove", "timestamp": "1658961946099", "position": {"x": 703, "y": 565}}]}