{"user_id": "048f0f81-a89e-49f2-a1cf-009730e374f0", "device": "desktop", "trace": [{"event_name": "load", "timestamp": "1658962497913", "position": {"x": 0, "y": 0}}, {"event_name": "pageshow", "timestamp": "1658962497914", "position": {"x": 0, "y": 0}}, {"event_name": "mouseover", "timestamp": "1658962497960", "position": {"x": 154, "y": 40}}, {"event_name": "mousemove", "timestamp": "1658962497960", "position": {"x": 154, "y": 40}}, {"event_name": "mouseout", "timestamp": "1658962497976", "position": {"x": 1727, "y": 548}}, {"event_name": "mouseover", "timestamp": "1658962498060", "position": {"x": 789, "y": 413}}, {"event_name": "mousemove", "timestamp": "1658962498060", "position": {"x": 789, "y": 413}}, {"event_name": "mouseout", "timestamp": "1658962498077", "position": {"x": 804, "y": 873}}, {"event_name": "mouseover", "timestamp": "1658962498143", "position": {"x": 220, "y": 466}}, {"event_name": "mousemove", "timestamp": "1658962498143", "position": {"x": 220, "y": 466}}, {"event_name": "mouseout", "timestamp": "1658962498160", "position": {"x": 161, "y": 49}}, {"event_name": "mouseover", "timestamp": "1658962498160", "position": {"x": 161, "y": 49}}, {"event_name": "mousemove", "timestamp": "1658962498161", "position": {"x": 161, "y": 49}}, {"event_name": "mouseout", "timestamp": "1658962498177", "position": {"x": 237, "y": 596}}, {"event_name": "mouseover", "timestamp": "1658962498177", "position": {"x": 237, "y": 596}}, {"event_name": "mousemove", "timestamp": "1658962498178", "position": {"x": 237, "y": 596}}, {"event_name": "mouseout", "timestamp": "1658962498194", "position": {"x": 166, "y": 837}}, {"event_name": "mouseover", "timestamp": "1658962498293", "position": {"x": 647, "y": 110}}, {"event_name": "mousemove", "timestamp": "1658962498294", "position": {"x": 647, "y": 110}}, {"event_name": "mouseout", "timestamp": "1658962498310", "position": {"x": 1094, "y": 223}}, {"event_name": "mouseover", "timestamp": "1658962498376", "position": {"x": 720, "y": 520}}, {"event_name": "mousemove", "timestamp": "1658962498376", "position": {"x": 720, "y": 520}}, {"event_name": "mouseout", "timestamp": "1658962498393", "position": {"x": 1429, "y": 538}}, {"event_name": "mouseover", "timestamp": "1658962498493", "position": {"x": 160, "y": 531}}, {"event_name": "mousemove", "timestamp": "1658962498493", "position": {"x": 160, "y": 531}}, {"event_name": "mouseout", "timestamp": "1658962498511", "position": {"x": 451, "y": 809}}, {"event_name": "mouseover", "timestamp": "1658962498527", "position": {"x": 236, "y": 171}}, {"event_name": "mousemove", "timestamp": "1658962498527", "position": {"x": 236, "y": 171}}, {"event_name": "mouseout", "timestamp": "1658962498545", "position": {"x": 1419, "y": 418}}, {"event_name": "mouseover", "timestamp": "1658962498577", "position": {"x": 184, "y": 594}}, {"event_name": "mousemove", "timestamp": "1658962498577", "position": {"x": 184, "y": 594}}, {"event_name": "mouseout", "timestamp": "1658962498594", "position": {"x": 1081, "y": 97}}, {"event_name": "mouseover", "timestamp": "1658962498615", "position": {"x": 230, "y": 174}}, {"event_name": "mousemove", "timestamp": "1658962498615", "position": {"x": 230, "y": 174}}, {"event_name": "mouseout", "timestamp": "1658962498627", "position": {"x": 1176, "y": 651}}, {"event_name": "mouseover", "timestamp": "1658962498660", "position": {"x": 226, "y": 367}}, {"event_name": "mousemove", "timestamp": "1658962498660", "position": {"x": 226, "y": 367}}, {"event_name": "mouseout", "timestamp": "1658962498677", "position": {"x": 1239, "y": 517}}, {"event_name": "mouseover", "timestamp": "1658962498694", "position": {"x": 509, "y": 387}}, {"event_name": "mousemove", "timestamp": "1658962498695", "position": {"x": 509, "y": 387}}, {"event_name": "mouseout", "timestamp": "1658962498711", "position": {"x": 1795, "y": 382}}, {"event_name": "mouseover", "timestamp": "1658962498844", "position": {"x": 279, "y": 495}}, {"event_name": "mousemove", "timestamp": "1658962498845", "position": {"x": 279, "y": 495}}, {"event_name": "mouseout", "timestamp": "1658962498860", "position": {"x": 670, "y": 302}}, {"event_name": "mouseover", "timestamp": "1658962498860", "position": {"x": 670, "y": 302}}, {"event_name": "mousemove", "timestamp": "1658962498860", "position": {"x": 670, "y": 302}}, {"event_name": "mouseout", "timestamp": "1658962498878", "position": {"x": 1616, "y": 464}}, {"event_name": "mouseover", "timestamp": "1658962498910", "position": {"x": 123, "y": 297}}, {"event_name": "mousemove", "timestamp": "1658962498910", "position": {"x": 123, "y": 297}}, {"event_name": "mouseout", "timestamp": "1658962498927", "position": {"x": 683, "y": 29}}, {"event_name": "mouseover", "timestamp": "1658962498927", "position": {"x": 683, "y": 29}}, {"event_name": "mousemove", "timestamp": "1658962498928", "position": {"x": 683, "y": 29}}, {"event_name": "mouseout", "timestamp": "1658962498943", "position": {"x": 353, "y": 233}}, {"event_name": "mouseover", "timestamp": "1658962498944", "position": {"x": 353, "y": 233}}, {"event_name": "mousemove", "timestamp": "1658962498944", "position": {"x": 353, "y": 233}}, {"event_name": "mouseout", "timestamp": "1658962498960", "position": {"x": 843, "y": 694}}, {"event_name": "mouseover", "timestamp": "1658962498995", "position": {"x": 512, "y": 399}}, {"event_name": "mousemove", "timestamp": "1658962498995", "position": {"x": 512, "y": 399}}, {"event_name": "mouseout", "timestamp": "1658962499010", "position": {"x": 1543, "y": 3}}, {"event_name": "mouseover", "timestamp": "1658962499061", "position": {"x": 491, "y": 294}}, {"event_name": "mousemove", "timestamp": "1658962499061", "position": {"x": 491, "y": 294}}, {"event_name": "mouseout", "timestamp": "1658962499077", "position": {"x": 73, "y": 293}}, {"event_name": "mouseover", "timestamp": "1658962499077", "position": {"x": 73, "y": 293}}, {"event_name": "mousemove", "timestamp": "1658962499078", "position": {"x": 73, "y": 293}}, {"event_name": "mouseout", "timestamp": "1658962499093", "position": {"x": 673, "y": 257}}, {"event_name": "mouseover", "timestamp": "1658962499094", "position": {"x": 673, "y": 257}}, {"event_name": "mousemove", "timestamp": "1658962499094", "position": {"x": 673, "y": 257}}, {"event_name": "mouseout", "timestamp": "1658962499110", "position": {"x": 1337, "y": 887}}, {"event_name": "mouseover", "timestamp": "1658962499160", "position": {"x": 192, "y": 233}}, {"event_name": "mousemove", "timestamp": "1658962499160", "position": {"x": 192, "y": 233}}, {"event_name": "mouseout", "timestamp": "1658962499177", "position": {"x": 1077, "y": 452}}, {"event_name": "mouseover", "timestamp": "1658962499244", "position": {"x": 504, "y": 408}}, {"event_name": "mousemove", "timestamp": "1658962499244", "position": {"x": 504, "y": 408}}, {"event_name": "mouseout", "timestamp": "1658962499260", "position": {"x": 233, "y": 227}}, {"event_name": "mouseover", "timestamp": "1658962499260", "position": {"x": 233, "y": 227}}, {"event_name": "mousemove", "timestamp": "1658962499260", "position": {"x": 233, "y": 227}}, {"event_name": "mouseout", "timestamp": "1658962499277", "position": {"x": 999, "y": 748}}, {"event_name": "mouseover", "timestamp": "1658962499327", "position": {"x": 520, "y": 396}}, {"event_name": "mousemove", "timestamp": "1658962499327", "position": {"x": 520, "y": 396}}, {"event_name": "mouseout", "timestamp": "1658962499344", "position": {"x": 1384, "y": 354}}, {"event_name": "mouseover", "timestamp": "1658962499644", "position": {"x": 499, "y": 525}}, {"event_name": "mousemove", "timestamp": "1658962499644", "position": {"x": 499, "y": 525}}, {"event_name": "mouseout", "timestamp": "1658962499660", "position": {"x": 511, "y": 391}}, {"event_name": "mousemove", "timestamp": "1658962499661", "position": {"x": 511, "y": 391}}, {"event_name": "mouseover", "timestamp": "1658962499661", "position": {"x": 511, "y": 391}}, {"event_name": "mouseout", "timestamp": "1658962499678", "position": {"x": 1261, "y": 134}}, {"event_name": "mouseover", "timestamp": "1658962499694", "position": {"x": 140, "y": 454}}, {"event_name": "mousemove", "timestamp": "1658962499694", "position": {"x": 140, "y": 454}}, {"event_name": "mouseout", "timestamp": "1658962499711", "position": {"x": 948, "y": 16}}, {"event_name": "mouseover", "timestamp": "1658962499778", "position": {"x": 401, "y": 318}}, {"event_name": "mousemove", "timestamp": "1658962499778", "position": {"x": 401, "y": 318}}, {"event_name": "mouseout", "timestamp": "1658962499794", "position": {"x": 1565, "y": 699}}, {"event_name": "mouseover", "timestamp": "1658962499810", "position": {"x": 428, "y": 589}}, {"event_name": "mousemove", "timestamp": "1658962499812", "position": {"x": 428, "y": 589}}, {"event_name": "mouseout", "timestamp": "1658962499827", "position": {"x": 566, "y": 266}}, {"event_name": "mouseover", "timestamp": "1658962499827", "position": {"x": 566, "y": 266}}, {"event_name": "mousemove", "timestamp": "1658962499827", "position": {"x": 566, "y": 266}}, {"event_name": "mouseout", "timestamp": "1658962499843", "position": {"x": 1603, "y": 250}}, {"event_name": "mouseover", "timestamp": "1658962500026", "position": {"x": 175, "y": 345}}, {"event_name": "mousemove", "timestamp": "1658962500027", "position": {"x": 175, "y": 345}}, {"event_name": "mouseout", "timestamp": "1658962500044", "position": {"x": 198, "y": 833}}, {"event_name": "mouseover", "timestamp": "1658962500146", "position": {"x": 537, "y": 479}}, {"event_name": "mousemove", "timestamp": "1658962500146", "position": {"x": 537, "y": 479}}, {"event_name": "mouseout", "timestamp": "1658962500160", "position": {"x": 959, "y": 52}}, {"event_name": "mouseover", "timestamp": "1658962500194", "position": {"x": 437, "y": 404}}, {"event_name": "mousemove", "timestamp": "1658962500194", "position": {"x": 437, "y": 404}}, {"event_name": "mouseout", "timestamp": "1658962500210", "position": {"x": 1287, "y": 765}}, {"event_name": "mouseover", "timestamp": "1658962500228", "position": {"x": 156, "y": 452}}, {"event_name": "mousemove", "timestamp": "1658962500228", "position": {"x": 156, "y": 452}}, {"event_name": "mouseout", "timestamp": "1658962500243", "position": {"x": 841, "y": 747}}, {"event_name": "mouseover", "timestamp": "1658962500260", "position": {"x": 0, "y": 568}}, {"event_name": "mousemove", "timestamp": "1658962500260", "position": {"x": 0, "y": 568}}, {"event_name": "mouseout", "timestamp": "1658962500277", "position": {"x": 972, "y": 197}}, {"event_name": "mouseover", "timestamp": "1658962500294", "position": {"x": 312, "y": 18}}, {"event_name": "mousemove", "timestamp": "1658962500295", "position": {"x": 312, "y": 18}}, {"event_name": "mouseout", "timestamp": "1658962500310", "position": {"x": 1244, "y": 802}}, {"event_name": "mouseover", "timestamp": "1658962500326", "position": {"x": 177, "y": 5}}, {"event_name": "mousemove", "timestamp": "1658962500326", "position": {"x": 177, "y": 5}}, {"event_name": "mouseout", "timestamp": "1658962500343", "position": {"x": 1262, "y": 748}}, {"event_name": "mouseover", "timestamp": "1658962500410", "position": {"x": 137, "y": 357}}, {"event_name": "mousemove", "timestamp": "1658962500410", "position": {"x": 137, "y": 357}}, {"event_name": "mouseout", "timestamp": "1658962500426", "position": {"x": 494, "y": 730}}, {"event_name": "mouseover", "timestamp": "1658962500511", "position": {"x": 443, "y": 156}}, {"event_name": "mousemove", "timestamp": "1658962500511", "position": {"x": 443, "y": 156}}, {"event_name": "mouseout", "timestamp": "1658962500527", "position": {"x": 503, "y": 701}}, {"event_name": "mouseover", "timestamp": "1658962500548", "position": {"x": 747, "y": 551}}, {"event_name": "mousemove", "timestamp": "1658962500548", "position": {"x": 747, "y": 551}}, {"event_name": "mouseout", "timestamp": "1658962500562", "position": {"x": 398, "y": 90}}, {"event_name": "mouseover", "timestamp": "1658962500563", "position": {"x": 398, "y": 90}}, {"event_name": "mousemove", "timestamp": "1658962500563", "position": {"x": 398, "y": 90}}, {"event_name": "mouseout", "timestamp": "1658962500578", "position": {"x": 1113, "y": 208}}, {"event_name": "mouseover", "timestamp": "1658962500644", "position": {"x": 630, "y": 443}}, {"event_name": "mousemove", "timestamp": "1658962500644", "position": {"x": 630, "y": 443}}, {"event_name": "mouseout", "timestamp": "1658962500660", "position": {"x": 1099, "y": 22}}, {"event_name": "mouseover", "timestamp": "1658962500760", "position": {"x": 121, "y": 342}}, {"event_name": "mousemove", "timestamp": "1658962500760", "position": {"x": 121, "y": 342}}, {"event_name": "mouseout", "timestamp": "1658962500777", "position": {"x": 897, "y": 78}}, {"event_name": "mouseover", "timestamp": "1658962500793", "position": {"x": 182, "y": 499}}, {"event_name": "mousemove", "timestamp": "1658962500794", "position": {"x": 182, "y": 499}}, {"event_name": "mouseout", "timestamp": "1658962500810", "position": {"x": 1739, "y": 10}}, {"event_name": "mouseover", "timestamp": "1658962501043", "position": {"x": 486, "y": 540}}, {"event_name": "mousemove", "timestamp": "1658962501044", "position": {"x": 486, "y": 540}}, {"event_name": "mouseout", "timestamp": "1658962501060", "position": {"x": 1604, "y": 52}}, {"event_name": "mouseover", "timestamp": "1658962501110", "position": {"x": 512, "y": 236}}, {"event_name": "mousemove", "timestamp": "1658962501110", "position": {"x": 512, "y": 236}}, {"event_name": "mouseout", "timestamp": "1658962501127", "position": {"x": 1555, "y": 556}}, {"event_name": "mouseover", "timestamp": "1658962501177", "position": {"x": 790, "y": 508}}, {"event_name": "mousemove", "timestamp": "1658962501177", "position": {"x": 790, "y": 508}}, {"event_name": "mouseout", "timestamp": "1658962501193", "position": {"x": 1289, "y": 890}}, {"event_name": "mouseover", "timestamp": "1658962501210", "position": {"x": 184, "y": 182}}, {"event_name": "mousemove", "timestamp": "1658962501210", "position": {"x": 184, "y": 182}}, {"event_name": "mouseout", "timestamp": "1658962501229", "position": {"x": 1457, "y": 98}}, {"event_name": "mouseover", "timestamp": "1658962501294", "position": {"x": 772, "y": 492}}, {"event_name": "mousemove", "timestamp": "1658962501294", "position": {"x": 772, "y": 492}}, {"event_name": "mouseout", "timestamp": "1658962501310", "position": {"x": 656, "y": 720}}, {"event_name": "mouseover", "timestamp": "1658962501444", "position": {"x": 203, "y": 164}}, {"event_name": "mousemove", "timestamp": "1658962501445", "position": {"x": 203, "y": 164}}, {"event_name": "mouseout", "timestamp": "1658962501460", "position": {"x": 896, "y": 378}}, {"event_name": "mouseover", "timestamp": "1658962501477", "position": {"x": 271, "y": 318}}, {"event_name": "mousemove", "timestamp": "1658962501478", "position": {"x": 271, "y": 318}}, {"event_name": "mouseout", "timestamp": "1658962501494", "position": {"x": 1693, "y": 169}}, {"event_name": "mouseover", "timestamp": "1658962501610", "position": {"x": 50, "y": 29}}, {"event_name": "mousemove", "timestamp": "1658962501610", "position": {"x": 50, "y": 29}}, {"event_name": "mouseout", "timestamp": "1658962501628", "position": {"x": 1785, "y": 127}}, {"event_name": "mouseover", "timestamp": "1658962501677", "position": {"x": 79, "y": 307}}, {"event_name": "mousemove", "timestamp": "1658962501677", "position": {"x": 79, "y": 307}}, {"event_name": "mouseout", "timestamp": "1658962501693", "position": {"x": 962, "y": 411}}, {"event_name": "mouseover", "timestamp": "1658962501761", "position": {"x": 450, "y": 437}}, {"event_name": "mousemove", "timestamp": "1658962501761", "position": {"x": 450, "y": 437}}, {"event_name": "mouseout", "timestamp": "1658962501777", "position": {"x": 998, "y": 752}}, {"event_name": "mouseover", "timestamp": "1658962501793", "position": {"x": 216, "y": 265}}, {"event_name": "mousemove", "timestamp": "1658962501794", "position": {"x": 216, "y": 265}}, {"event_name": "mouseout", "timestamp": "1658962501811", "position": {"x": 1639, "y": 369}}, {"event_name": "mouseover", "timestamp": "1658962501910", "position": {"x": 65, "y": 303}}, {"event_name": "mousemove", "timestamp": "1658962501910", "position": {"x": 65, "y": 303}}, {"event_name": "mouseout", "timestamp": "1658962501927", "position": {"x": 1744, "y": 845}}, {"event_name": "mouseover", "timestamp": "1658962501980", "position": {"x": 157, "y": 99}}, {"event_name": "mousemove", "timestamp": "1658962501980", "position": {"x": 157, "y": 99}}, {"event_name": "mouseout", "timestamp": "1658962501993", "position": {"x": 671, "y": 744}}, {"event_name": "mouseover", "timestamp": "1658962502010", "position": {"x": 252, "y": 423}}, {"event_name": "mousemove", "timestamp": "1658962502010", "position": {"x": 252, "y": 423}}, {"event_name": "mouseout", "timestamp": "1658962502027", "position": {"x": 607, "y": 379}}, {"event_name": "mouseover", "timestamp": "1658962502027", "position": {"x": 607, "y": 379}}, {"event_name": "mousemove", "timestamp": "1658962502027", "position": {"x": 607, "y": 379}}, {"event_name": "mouseout", "timestamp": "1658962502044", "position": {"x": 86, "y": 404}}, {"event_name": "mouseover", "timestamp": "1658962502044", "position": {"x": 86, "y": 404}}, {"event_name": "mousemove", "timestamp": "1658962502045", "position": {"x": 86, "y": 404}}, {"event_name": "mouseout", "timestamp": "1658962502063", "position": {"x": 879, "y": 597}}, {"event_name": "mouseover", "timestamp": "1658962502110", "position": {"x": 666, "y": 460}}, {"event_name": "mousemove", "timestamp": "1658962502111", "position": {"x": 666, "y": 460}}, {"event_name": "mouseout", "timestamp": "1658962502127", "position": {"x": 1519, "y": 406}}, {"event_name": "mousemove", "timestamp": "1658962502327", "position": {"x": 181, "y": 190}}, {"event_name": "mouseover", "timestamp": "1658962502327", "position": {"x": 181, "y": 190}}, {"event_name": "mouseout", "timestamp": "1658962502343", "position": {"x": 1565, "y": 897}}, {"event_name": "mouseover", "timestamp": "1658962502377", "position": {"x": 679, "y": 259}}, {"event_name": "mousemove", "timestamp": "1658962502377", "position": {"x": 679, "y": 259}}, {"event_name": "mouseout", "timestamp": "1658962502393", "position": {"x": 281, "y": 524}}, {"event_name": "mouseover", "timestamp": "1658962502393", "position": {"x": 281, "y": 524}}, {"event_name": "mousemove", "timestamp": "1658962502393", "position": {"x": 281, "y": 524}}, {"event_name": "mouseout", "timestamp": "1658962502410", "position": {"x": 1377, "y": 371}}, {"event_name": "mouseover", "timestamp": "1658962502510", "position": {"x": 59, "y": 196}}, {"event_name": "mousemove", "timestamp": "1658962502510", "position": {"x": 59, "y": 196}}, {"event_name": "mouseout", "timestamp": "1658962502526", "position": {"x": 154, "y": 822}}, {"event_name": "mouseover", "timestamp": "1658962502576", "position": {"x": 531, "y": 348}}, {"event_name": "mousemove", "timestamp": "1658962502577", "position": {"x": 531, "y": 348}}, {"event_name": "mouseout", "timestamp": "1658962502593", "position": {"x": 994, "y": 869}}, {"event_name": "mouseover", "timestamp": "1658962502694", "position": {"x": 309, "y": 564}}, {"event_name": "mousemove", "timestamp": "1658962502694", "position": {"x": 309, "y": 564}}, {"event_name": "mouseout", "timestamp": "1658962502711", "position": {"x": 529, "y": 464}}, {"event_name": "mouseover", "timestamp": "1658962502712", "position": {"x": 529, "y": 464}}, {"event_name": "mousemove", "timestamp": "1658962502712", "position": {"x": 529, "y": 464}}, {"event_name": "mouseout", "timestamp": "1658962502727", "position": {"x": 1058, "y": 348}}, {"event_name": "mouseover", "timestamp": "1658962502781", "position": {"x": 637, "y": 540}}, {"event_name": "mousemove", "timestamp": "1658962502782", "position": {"x": 637, "y": 540}}, {"event_name": "mouseout", "timestamp": "1658962502794", "position": {"x": 1092, "y": 183}}, {"event_name": "mouseover", "timestamp": "1658962502877", "position": {"x": 402, "y": 249}}, {"event_name": "mousemove", "timestamp": "1658962502877", "position": {"x": 402, "y": 249}}, {"event_name": "mouseout", "timestamp": "1658962502894", "position": {"x": 655, "y": 670}}, {"event_name": "mouseover", "timestamp": "1658962502911", "position": {"x": 194, "y": 215}}, {"event_name": "mousemove", "timestamp": "1658962502912", "position": {"x": 194, "y": 215}}, {"event_name": "mouseout", "timestamp": "1658962502927", "position": {"x": 1727, "y": 864}}, {"event_name": "mouseover", "timestamp": "1658962503010", "position": {"x": 163, "y": 178}}, {"event_name": "mousemove", "timestamp": "1658962503011", "position": {"x": 163, "y": 178}}, {"event_name": "mouseout", "timestamp": "1658962503028", "position": {"x": 1403, "y": 751}}, {"event_name": "mouseover", "timestamp": "1658962503060", "position": {"x": 613, "y": 190}}, {"event_name": "mousemove", "timestamp": "1658962503060", "position": {"x": 613, "y": 190}}, {"event_name": "mouseout", "timestamp": "1658962503076", "position": {"x": 28, "y": 59}}, {"event_name": "mouseover", "timestamp": "1658962503076", "position": {"x": 28, "y": 59}}, {"event_name": "mousemove", "timestamp": "1658962503077", "position": {"x": 28, "y": 59}}, {"event_name": "mouseout", "timestamp": "1658962503093", "position": {"x": 318, "y": 9}}, {"event_name": "mouseover", "timestamp": "1658962503093", "position": {"x": 318, "y": 9}}, {"event_name": "mousemove", "timestamp": "1658962503094", "position": {"x": 318, "y": 9}}, {"event_name": "mouseout", "timestamp": "1658962503110", "position": {"x": 368, "y": 778}}, {"event_name": "mouseover", "timestamp": "1658962503228", "position": {"x": 499, "y": 115}}, {"event_name": "mousemove", "timestamp": "1658962503229", "position": {"x": 499, "y": 115}}, {"event_name": "mouseout", "timestamp": "1658962503244", "position": {"x": 1399, "y": 83}}, {"event_name": "mouseover", "timestamp": "1658962503293", "position": {"x": 414, "y": 482}}, {"event_name": "mousemove", "timestamp": "1658962503293", "position": {"x": 414, "y": 482}}, {"event_name": "mouseout", "timestamp": "1658962503309", "position": {"x": 743, "y": 0}}, {"event_name": "mouseover", "timestamp": "1658962503309", "position": {"x": 743, "y": 0}}, {"event_name": "mousemove", "timestamp": "1658962503310", "position": {"x": 743, "y": 0}}, {"event_name": "mouseout", "timestamp": "1658962503326", "position": {"x": 231, "y": 564}}, {"event_name": "mouseover", "timestamp": "1658962503326", "position": {"x": 231, "y": 564}}, {"event_name": "mousemove", "timestamp": "1658962503327", "position": {"x": 231, "y": 564}}, {"event_name": "mouseout", "timestamp": "1658962503343", "position": {"x": 1412, "y": 54}}, {"event_name": "mouseover", "timestamp": "1658962503392", "position": {"x": 544, "y": 3}}, {"event_name": "mousemove", "timestamp": "1658962503393", "position": {"x": 544, "y": 3}}, {"event_name": "mouseout", "timestamp": "1658962503409", "position": {"x": 64, "y": 351}}, {"event_name": "mouseover", "timestamp": "1658962503409", "position": {"x": 64, "y": 351}}, {"event_name": "mousemove", "timestamp": "1658962503409", "position": {"x": 64, "y": 351}}, {"event_name": "mouseout", "timestamp": "1658962503426", "position": {"x": 1230, "y": 606}}, {"event_name": "mouseover", "timestamp": "1658962503460", "position": {"x": 493, "y": 373}}, {"event_name": "mousemove", "timestamp": "1658962503460", "position": {"x": 493, "y": 373}}, {"event_name": "mouseout", "timestamp": "1658962503476", "position": {"x": 1268, "y": 106}}, {"event_name": "mouseover", "timestamp": "1658962503494", "position": {"x": 796, "y": 159}}, {"event_name": "mousemove", "timestamp": "1658962503494", "position": {"x": 796, "y": 159}}, {"event_name": "mouseout", "timestamp": "1658962503509", "position": {"x": 223, "y": 95}}, {"event_name": "mouseover", "timestamp": "1658962503509", "position": {"x": 223, "y": 95}}, {"event_name": "mousemove", "timestamp": "1658962503509", "position": {"x": 223, "y": 95}}, {"event_name": "mouseout", "timestamp": "1658962503527", "position": {"x": 791, "y": 751}}, {"event_name": "mouseover", "timestamp": "1658962503679", "position": {"x": 21, "y": 116}}, {"event_name": "mousemove", "timestamp": "1658962503679", "position": {"x": 21, "y": 116}}, {"event_name": "mouseout", "timestamp": "1658962503694", "position": {"x": 836, "y": 869}}, {"event_name": "mouseover", "timestamp": "1658962503760", "position": {"x": 740, "y": 96}}, {"event_name": "mousemove", "timestamp": "1658962503760", "position": {"x": 740, "y": 96}}, {"event_name": "mouseout", "timestamp": "1658962503776", "position": {"x": 190, "y": 12}}, {"event_name": "mouseover", "timestamp": "1658962503777", "position": {"x": 190, "y": 12}}, {"event_name": "mousemove", "timestamp": "1658962503777", "position": {"x": 190, "y": 12}}, {"event_name": "mouseout", "timestamp": "1658962503793", "position": {"x": 1489, "y": 811}}, {"event_name": "mouseover", "timestamp": "1658962503860", "position": {"x": 296, "y": 464}}, {"event_name": "mousemove", "timestamp": "1658962503860", "position": {"x": 296, "y": 464}}, {"event_name": "mouseout", "timestamp": "1658962503877", "position": {"x": 1623, "y": 249}}, {"event_name": "mouseover", "timestamp": "1658962503928", "position": {"x": 328, "y": 15}}, {"event_name": "mousemove", "timestamp": "1658962503928", "position": {"x": 328, "y": 15}}, {"event_name": "mouseout", "timestamp": "1658962503943", "position": {"x": 1186, "y": 514}}, {"event_name": "mouseover", "timestamp": "1658962503959", "position": {"x": 445, "y": 446}}, {"event_name": "mousemove", "timestamp": "1658962503960", "position": {"x": 445, "y": 446}}, {"event_name": "mouseout", "timestamp": "1658962503976", "position": {"x": 173, "y": 435}}, {"event_name": "mouseover", "timestamp": "1658962503976", "position": {"x": 173, "y": 435}}, {"event_name": "mousemove", "timestamp": "1658962503976", "position": {"x": 173, "y": 435}}, {"event_name": "mouseout", "timestamp": "1658962503993", "position": {"x": 1022, "y": 85}}, {"event_name": "mouseover", "timestamp": "1658962504176", "position": {"x": 171, "y": 364}}, {"event_name": "mousemove", "timestamp": "1658962504176", "position": {"x": 171, "y": 364}}, {"event_name": "mouseout", "timestamp": "1658962504193", "position": {"x": 1756, "y": 19}}, {"event_name": "mouseover", "timestamp": "1658962504293", "position": {"x": 701, "y": 217}}, {"event_name": "mousemove", "timestamp": "1658962504293", "position": {"x": 701, "y": 217}}, {"event_name": "mouseout", "timestamp": "1658962504316", "position": {"x": 1123, "y": 808}}, {"event_name": "mouseover", "timestamp": "1658962504365", "position": {"x": 646, "y": 102}}, {"event_name": "mousemove", "timestamp": "1658962504365", "position": {"x": 646, "y": 102}}, {"event_name": "mouseout", "timestamp": "1658962504376", "position": {"x": 558, "y": 318}}, {"event_name": "mouseover", "timestamp": "1658962504376", "position": {"x": 558, "y": 318}}, {"event_name": "mousemove", "timestamp": "1658962504377", "position": {"x": 558, "y": 318}}, {"event_name": "mouseout", "timestamp": "1658962504393", "position": {"x": 366, "y": 636}}, {"event_name": "mouseover", "timestamp": "1658962504426", "position": {"x": 31, "y": 389}}, {"event_name": "mousemove", "timestamp": "1658962504426", "position": {"x": 31, "y": 389}}, {"event_name": "mouseout", "timestamp": "1658962504443", "position": {"x": 414, "y": 513}}, {"event_name": "mouseover", "timestamp": "1658962504443", "position": {"x": 414, "y": 513}}, {"event_name": "mousemove", "timestamp": "1658962504443", "position": {"x": 414, "y": 513}}, {"event_name": "mouseout", "timestamp": "1658962504460", "position": {"x": 375, "y": 788}}, {"event_name": "mouseover", "timestamp": "1658962504476", "position": {"x": 376, "y": 354}}, {"event_name": "mousemove", "timestamp": "1658962504477", "position": {"x": 376, "y": 354}}, {"event_name": "mouseout", "timestamp": "1658962504494", "position": {"x": 607, "y": 95}}, {"event_name": "mouseover", "timestamp": "1658962504494", "position": {"x": 607, "y": 95}}, {"event_name": "mousemove", "timestamp": "1658962504494", "position": {"x": 607, "y": 95}}, {"event_name": "mouseout", "timestamp": "1658962504510", "position": {"x": 200, "y": 323}}, {"event_name": "mouseover", "timestamp": "1658962504510", "position": {"x": 200, "y": 323}}, {"event_name": "mousemove", "timestamp": "1658962504510", "position": {"x": 200, "y": 323}}, {"event_name": "mouseout", "timestamp": "1658962504528", "position": {"x": 970, "y": 281}}, {"event_name": "mouseover", "timestamp": "1658962504544", "position": {"x": 743, "y": 435}}, {"event_name": "mousemove", "timestamp": "1658962504544", "position": {"x": 743, "y": 435}}, {"event_name": "mouseout", "timestamp": "1658962504561", "position": {"x": 896, "y": 494}}, {"event_name": "mouseover", "timestamp": "1658962504663", "position": {"x": 698, "y": 311}}, {"event_name": "mousemove", "timestamp": "1658962504663", "position": {"x": 698, "y": 311}}, {"event_name": "mouseout", "timestamp": "1658962504670", "position": {"x": 703, "y": 257}}, {"event_name": "mouseover", "timestamp": "1658962504670", "position": {"x": 703, "y": 257}}, {"event_name": "mousemove", "timestamp": "1658962504671", "position": {"x": 703, "y": 257}}, {"event_name": "mouseout", "timestamp": "1658962504677", "position": {"x": 532, "y": 40}}, {"event_name": "mouseover", "timestamp": "1658962504677", "position": {"x": 532, "y": 40}}, {"event_name": "mousemove", "timestamp": "1658962504677", "position": {"x": 532, "y": 40}}, {"event_name": "mouseout", "timestamp": "1658962504693", "position": {"x": 69, "y": 650}}, {"event_name": "mouseover", "timestamp": "1658962504776", "position": {"x": 72, "y": 315}}, {"event_name": "mousemove", "timestamp": "1658962504776", "position": {"x": 72, "y": 315}}, {"event_name": "mouseout", "timestamp": "1658962504793", "position": {"x": 1166, "y": 498}}, {"event_name": "mouseover", "timestamp": "1658962504810", "position": {"x": 428, "y": 434}}, {"event_name": "mousemove", "timestamp": "1658962504811", "position": {"x": 428, "y": 434}}, {"event_name": "mouseout", "timestamp": "1658962504826", "position": {"x": 253, "y": 579}}, {"event_name": "mouseover", "timestamp": "1658962504826", "position": {"x": 253, "y": 579}}, {"event_name": "mousemove", "timestamp": "1658962504827", "position": {"x": 253, "y": 579}}, {"event_name": "mouseout", "timestamp": "1658962504844", "position": {"x": 661, "y": 90}}, {"event_name": "mouseover", "timestamp": "1658962504844", "position": {"x": 661, "y": 90}}, {"event_name": "mousemove", "timestamp": "1658962504844", "position": {"x": 661, "y": 90}}, {"event_name": "mouseout", "timestamp": "1658962504860", "position": {"x": 1607, "y": 701}}, {"event_name": "mouseover", "timestamp": "1658962505060", "position": {"x": 163, "y": 196}}, {"event_name": "mousemove", "timestamp": "1658962505060", "position": {"x": 163, "y": 196}}, {"event_name": "mouseout", "timestamp": "1658962505078", "position": {"x": 45, "y": 480}}, {"event_name": "mouseover", "timestamp": "1658962505078", "position": {"x": 45, "y": 480}}, {"event_name": "mousemove", "timestamp": "1658962505078", "position": {"x": 45, "y": 480}}, {"event_name": "mouseout", "timestamp": "1658962505093", "position": {"x": 988, "y": 184}}, {"event_name": "mouseover", "timestamp": "1658962505109", "position": {"x": 118, "y": 1}}, {"event_name": "mousemove", "timestamp": "1658962505110", "position": {"x": 118, "y": 1}}, {"event_name": "mouseout", "timestamp": "1658962505127", "position": {"x": 231, "y": 360}}, {"event_name": "mouseover", "timestamp": "1658962505127", "position": {"x": 231, "y": 360}}, {"event_name": "mousemove", "timestamp": "1658962505127", "position": {"x": 231, "y": 360}}, {"event_name": "mouseout", "timestamp": "1658962505144", "position": {"x": 902, "y": 193}}, {"event_name": "mouseover", "timestamp": "1658962505160", "position": {"x": 493, "y": 298}}, {"event_name": "mousemove", "timestamp": "1658962505160", "position": {"x": 493, "y": 298}}, {"event_name": "mouseout", "timestamp": "1658962505176", "position": {"x": 1773, "y": 532}}, {"event_name": "mouseover", "timestamp": "1658962505193", "position": {"x": 283, "y": 217}}, {"event_name": "mousemove", "timestamp": "1658962505193", "position": {"x": 283, "y": 217}}, {"event_name": "mouseout", "timestamp": "1658962505211", "position": {"x": 1297, "y": 657}}, {"event_name": "mouseover", "timestamp": "1658962505260", "position": {"x": 616, "y": 596}}, {"event_name": "mousemove", "timestamp": "1658962505260", "position": {"x": 616, "y": 596}}, {"event_name": "mousemove", "timestamp": "1658962505277", "position": {"x": 85, "y": 340}}, {"event_name": "mouseout", "timestamp": "1658962505294", "position": {"x": 1296, "y": 534}}, {"event_name": "mouseover", "timestamp": "1658962505310", "position": {"x": 168, "y": 445}}, {"event_name": "mousemove", "timestamp": "1658962505310", "position": {"x": 168, "y": 445}}, {"event_name": "mouseout", "timestamp": "1658962505327", "position": {"x": 1201, "y": 183}}, {"event_name": "mouseover", "timestamp": "1658962505343", "position": {"x": 371, "y": 331}}, {"event_name": "mousemove", "timestamp": "1658962505343", "position": {"x": 371, "y": 331}}, {"event_name": "mouseout", "timestamp": "1658962505360", "position": {"x": 1503, "y": 574}}, {"event_name": "mouseover", "timestamp": "1658962505376", "position": {"x": 272, "y": 549}}, {"event_name": "mousemove", "timestamp": "1658962505377", "position": {"x": 272, "y": 549}}, {"event_name": "mouseout", "timestamp": "1658962505393", "position": {"x": 77, "y": 673}}, {"event_name": "mouseover", "timestamp": "1658962505443", "position": {"x": 306, "y": 280}}, {"event_name": "mousemove", "timestamp": "1658962505443", "position": {"x": 306, "y": 280}}, {"event_name": "mouseout", "timestamp": "1658962505460", "position": {"x": 1365, "y": 143}}, {"event_name": "mouseover", "timestamp": "1658962505476", "position": {"x": 100, "y": 243}}, {"event_name": "mousemove", "timestamp": "1658962505476", "position": {"x": 100, "y": 243}}, {"event_name": "mouseout", "timestamp": "1658962505493", "position": {"x": 420, "y": 257}}, {"event_name": "mouseover", "timestamp": "1658962505493", "position": {"x": 420, "y": 257}}, {"event_name": "mousemove", "timestamp": "1658962505493", "position": {"x": 420, "y": 257}}, {"event_name": "mouseout", "timestamp": "1658962505510", "position": {"x": 742, "y": 829}}, {"event_name": "mouseover", "timestamp": "1658962505543", "position": {"x": 131, "y": 582}}, {"event_name": "mousemove", "timestamp": "1658962505544", "position": {"x": 131, "y": 582}}, {"event_name": "mouseout", "timestamp": "1658962505560", "position": {"x": 1259, "y": 193}}, {"event_name": "mouseover", "timestamp": "1658962505577", "position": {"x": 608, "y": 131}}, {"event_name": "mousemove", "timestamp": "1658962505577", "position": {"x": 608, "y": 131}}, {"event_name": "mouseout", "timestamp": "1658962505594", "position": {"x": 726, "y": 633}}, {"event_name": "mouseover", "timestamp": "1658962505727", "position": {"x": 607, "y": 327}}, {"event_name": "mousemove", "timestamp": "1658962505727", "position": {"x": 607, "y": 327}}, {"event_name": "mouseout", "timestamp": "1658962505743", "position": {"x": 89, "y": 630}}, {"event_name": "mouseover", "timestamp": "1658962505793", "position": {"x": 287, "y": 152}}, {"event_name": "mousemove", "timestamp": "1658962505794", "position": {"x": 287, "y": 152}}, {"event_name": "mouseout", "timestamp": "1658962505812", "position": {"x": 1550, "y": 82}}, {"event_name": "mouseover", "timestamp": "1658962505977", "position": {"x": 640, "y": 346}}, {"event_name": "mousemove", "timestamp": "1658962505977", "position": {"x": 640, "y": 346}}, {"event_name": "mouseout", "timestamp": "1658962505993", "position": {"x": 1465, "y": 378}}, {"event_name": "mouseover", "timestamp": "1658962506043", "position": {"x": 465, "y": 504}}, {"event_name": "mousemove", "timestamp": "1658962506044", "position": {"x": 465, "y": 504}}, {"event_name": "mouseout", "timestamp": "1658962506059", "position": {"x": 555, "y": 467}}, {"event_name": "mouseover", "timestamp": "1658962506060", "position": {"x": 555, "y": 467}}, {"event_name": "mousemove", "timestamp": "1658962506060", "position": {"x": 555, "y": 467}}, {"event_name": "mouseout", "timestamp": "1658962506078", "position": {"x": 712, "y": 46}}, {"event_name": "mouseover", "timestamp": "1658962506078", "position": {"x": 712, "y": 46}}, {"event_name": "mousemove", "timestamp": "1658962506079", "position": {"x": 712, "y": 46}}, {"event_name": "mouseout", "timestamp": "1658962506093", "position": {"x": 163, "y": 62}}, {"event_name": "mousemove", "timestamp": "1658962506093", "position": {"x": 163, "y": 62}}, {"event_name": "mouseover", "timestamp": "1658962506093", "position": {"x": 163, "y": 62}}, {"event_name": "mouseout", "timestamp": "1658962506110", "position": {"x": 1680, "y": 714}}, {"event_name": "mouseover", "timestamp": "1658962506227", "position": {"x": 674, "y": 388}}, {"event_name": "mousemove", "timestamp": "1658962506227", "position": {"x": 674, "y": 388}}, {"event_name": "mouseout", "timestamp": "1658962506243", "position": {"x": 1789, "y": 847}}, {"event_name": "mouseover", "timestamp": "1658962506377", "position": {"x": 228, "y": 515}}, {"event_name": "mousemove", "timestamp": "1658962506377", "position": {"x": 228, "y": 515}}, {"event_name": "mouseout", "timestamp": "1658962506392", "position": {"x": 1370, "y": 137}}, {"event_name": "mouseover", "timestamp": "1658962506493", "position": {"x": 65, "y": 263}}, {"event_name": "mousemove", "timestamp": "1658962506493", "position": {"x": 65, "y": 263}}, {"event_name": "mouseout", "timestamp": "1658962506509", "position": {"x": 1456, "y": 548}}, {"event_name": "mouseover", "timestamp": "1658962506527", "position": {"x": 530, "y": 190}}, {"event_name": "mousemove", "timestamp": "1658962506527", "position": {"x": 530, "y": 190}}, {"event_name": "mouseout", "timestamp": "1658962506543", "position": {"x": 1785, "y": 375}}, {"event_name": "mouseover", "timestamp": "1658962506593", "position": {"x": 726, "y": 209}}, {"event_name": "mousemove", "timestamp": "1658962506594", "position": {"x": 726, "y": 209}}, {"event_name": "mouseout", "timestamp": "1658962506610", "position": {"x": 1307, "y": 822}}, {"event_name": "mouseover", "timestamp": "1658962506676", "position": {"x": 472, "y": 328}}, {"event_name": "mousemove", "timestamp": "1658962506676", "position": {"x": 472, "y": 328}}, {"event_name": "mouseout", "timestamp": "1658962506693", "position": {"x": 1146, "y": 69}}, {"event_name": "mouseover", "timestamp": "1658962506759", "position": {"x": 485, "y": 451}}, {"event_name": "mousemove", "timestamp": "1658962506759", "position": {"x": 485, "y": 451}}, {"event_name": "mouseout", "timestamp": "1658962506776", "position": {"x": 643, "y": 289}}, {"event_name": "mouseover", "timestamp": "1658962506776", "position": {"x": 643, "y": 289}}, {"event_name": "mousemove", "timestamp": "1658962506776", "position": {"x": 643, "y": 289}}, {"event_name": "mousemove", "timestamp": "1658962506792", "position": {"x": 747, "y": 441}}, {"event_name": "mouseout", "timestamp": "1658962506809", "position": {"x": 588, "y": 434}}, {"event_name": "mouseover", "timestamp": "1658962506809", "position": {"x": 588, "y": 434}}, {"event_name": "mousemove", "timestamp": "1658962506809", "position": {"x": 588, "y": 434}}, {"event_name": "mouseout", "timestamp": "1658962506826", "position": {"x": 1399, "y": 375}}, {"event_name": "mousemove", "timestamp": "1658962506843", "position": {"x": 256, "y": 347}}, {"event_name": "mouseover", "timestamp": "1658962506843", "position": {"x": 256, "y": 347}}, {"event_name": "mouseout", "timestamp": "1658962506859", "position": {"x": 1668, "y": 580}}, {"event_name": "mouseover", "timestamp": "1658962506960", "position": {"x": 678, "y": 219}}, {"event_name": "mousemove", "timestamp": "1658962506961", "position": {"x": 678, "y": 219}}, {"event_name": "mouseout", "timestamp": "1658962506977", "position": {"x": 69, "y": 281}}, {"event_name": "mouseover", "timestamp": "1658962506977", "position": {"x": 69, "y": 281}}, {"event_name": "mousemove", "timestamp": "1658962506977", "position": {"x": 69, "y": 281}}, {"event_name": "mouseout", "timestamp": "1658962506995", "position": {"x": 1074, "y": 305}}, {"event_name": "mouseover", "timestamp": "1658962507093", "position": {"x": 147, "y": 22}}, {"event_name": "mousemove", "timestamp": "1658962507093", "position": {"x": 147, "y": 22}}, {"event_name": "mouseout", "timestamp": "1658962507110", "position": {"x": 1175, "y": 133}}, {"event_name": "mouseover", "timestamp": "1658962507176", "position": {"x": 46, "y": 8}}, {"event_name": "mousemove", "timestamp": "1658962507176", "position": {"x": 46, "y": 8}}, {"event_name": "mouseout", "timestamp": "1658962507193", "position": {"x": 145, "y": 1}}, {"event_name": "mouseover", "timestamp": "1658962507193", "position": {"x": 145, "y": 1}}, {"event_name": "mousemove", "timestamp": "1658962507193", "position": {"x": 145, "y": 1}}, {"event_name": "mouseout", "timestamp": "1658962507210", "position": {"x": 752, "y": 522}}, {"event_name": "mouseover", "timestamp": "1658962507210", "position": {"x": 752, "y": 522}}, {"event_name": "mousemove", "timestamp": "1658962507210", "position": {"x": 752, "y": 522}}, {"event_name": "mouseout", "timestamp": "1658962507226", "position": {"x": 1247, "y": 589}}, {"event_name": "mouseover", "timestamp": "1658962507243", "position": {"x": 707, "y": 537}}, {"event_name": "mousemove", "timestamp": "1658962507243", "position": {"x": 707, "y": 537}}, {"event_name": "mouseout", "timestamp": "1658962507259", "position": {"x": 699, "y": 613}}, {"event_name": "mouseover", "timestamp": "1658962507293", "position": {"x": 790, "y": 267}}, {"event_name": "mousemove", "timestamp": "1658962507293", "position": {"x": 790, "y": 267}}, {"event_name": "mouseout", "timestamp": "1658962507309", "position": {"x": 943, "y": 431}}, {"event_name": "mouseover", "timestamp": "1658962507376", "position": {"x": 83, "y": 195}}, {"event_name": "mousemove", "timestamp": "1658962507376", "position": {"x": 83, "y": 195}}, {"event_name": "mouseout", "timestamp": "1658962507393", "position": {"x": 16, "y": 262}}, {"event_name": "mouseover", "timestamp": "1658962507393", "position": {"x": 16, "y": 262}}, {"event_name": "mousemove", "timestamp": "1658962507393", "position": {"x": 16, "y": 262}}, {"event_name": "mouseout", "timestamp": "1658962507410", "position": {"x": 439, "y": 45}}, {"event_name": "mouseover", "timestamp": "1658962507410", "position": {"x": 439, "y": 45}}, {"event_name": "mousemove", "timestamp": "1658962507410", "position": {"x": 439, "y": 45}}, {"event_name": "mouseout", "timestamp": "1658962507425", "position": {"x": 227, "y": 825}}, {"event_name": "mouseover", "timestamp": "1658962507559", "position": {"x": 213, "y": 60}}, {"event_name": "mousemove", "timestamp": "1658962507560", "position": {"x": 213, "y": 60}}, {"event_name": "mouseout", "timestamp": "1658962507576", "position": {"x": 1463, "y": 332}}, {"event_name": "mouseover", "timestamp": "1658962507677", "position": {"x": 134, "y": 518}}, {"event_name": "mousemove", "timestamp": "1658962507677", "position": {"x": 134, "y": 518}}, {"event_name": "mouseout", "timestamp": "1658962507693", "position": {"x": 1457, "y": 812}}, {"event_name": "mouseover", "timestamp": "1658962507709", "position": {"x": 209, "y": 24}}, {"event_name": "mousemove", "timestamp": "1658962507710", "position": {"x": 209, "y": 24}}, {"event_name": "mouseout", "timestamp": "1658962507726", "position": {"x": 1400, "y": 681}}, {"event_name": "mouseover", "timestamp": "1658962507809", "position": {"x": 381, "y": 303}}, {"event_name": "mousemove", "timestamp": "1658962507809", "position": {"x": 381, "y": 303}}, {"event_name": "mouseout", "timestamp": "1658962507827", "position": {"x": 468, "y": 239}}, {"event_name": "mouseover", "timestamp": "1658962507827", "position": {"x": 468, "y": 239}}, {"event_name": "mousemove", "timestamp": "1658962507827", "position": {"x": 468, "y": 239}}, {"event_name": "mouseout", "timestamp": "1658962507843", "position": {"x": 1783, "y": 533}}, {"event_name": "mouseover", "timestamp": "1658962507859", "position": {"x": 594, "y": 496}}, {"event_name": "mousemove", "timestamp": "1658962507859", "position": {"x": 594, "y": 496}}, {"event_name": "mouseout", "timestamp": "1658962507877", "position": {"x": 304, "y": 108}}, {"event_name": "mouseover", "timestamp": "1658962507877", "position": {"x": 304, "y": 108}}, {"event_name": "mousemove", "timestamp": "1658962507877", "position": {"x": 304, "y": 108}}, {"event_name": "mouseout", "timestamp": "1658962507893", "position": {"x": 1067, "y": 690}}, {"event_name": "mouseover", "timestamp": "1658962507943", "position": {"x": 95, "y": 222}}, {"event_name": "mousemove", "timestamp": "1658962507943", "position": {"x": 95, "y": 222}}, {"event_name": "mouseout", "timestamp": "1658962507959", "position": {"x": 1721, "y": 150}}, {"event_name": "mouseover", "timestamp": "1658962508010", "position": {"x": 657, "y": 256}}, {"event_name": "mousemove", "timestamp": "1658962508010", "position": {"x": 657, "y": 256}}, {"event_name": "mouseout", "timestamp": "1658962508026", "position": {"x": 1600, "y": 39}}, {"event_name": "mouseover", "timestamp": "1658962508059", "position": {"x": 698, "y": 117}}, {"event_name": "mousemove", "timestamp": "1658962508060", "position": {"x": 698, "y": 117}}, {"event_name": "mouseout", "timestamp": "1658962508077", "position": {"x": 1285, "y": 815}}, {"event_name": "mouseover", "timestamp": "1658962508093", "position": {"x": 296, "y": 475}}, {"event_name": "mousemove", "timestamp": "1658962508093", "position": {"x": 296, "y": 475}}, {"event_name": "mouseout", "timestamp": "1658962508109", "position": {"x": 900, "y": 797}}, {"event_name": "mouseover", "timestamp": "1658962508159", "position": {"x": 580, "y": 339}}, {"event_name": "mousemove", "timestamp": "1658962508160", "position": {"x": 580, "y": 339}}, {"event_name": "mouseout", "timestamp": "1658962508177", "position": {"x": 1754, "y": 777}}, {"event_name": "mouseover", "timestamp": "1658962508193", "position": {"x": 759, "y": 110}}, {"event_name": "mousemove", "timestamp": "1658962508193", "position": {"x": 759, "y": 110}}, {"event_name": "mouseout", "timestamp": "1658962508210", "position": {"x": 218, "y": 557}}, {"event_name": "mouseover", "timestamp": "1658962508210", "position": {"x": 218, "y": 557}}, {"event_name": "mousemove", "timestamp": "1658962508210", "position": {"x": 218, "y": 557}}, {"event_name": "mouseout", "timestamp": "1658962508226", "position": {"x": 472, "y": 219}}, {"event_name": "mouseover", "timestamp": "1658962508226", "position": {"x": 472, "y": 219}}, {"event_name": "mousemove", "timestamp": "1658962508227", "position": {"x": 472, "y": 219}}, {"event_name": "mouseout", "timestamp": "1658962508243", "position": {"x": 935, "y": 207}}, {"event_name": "mouseover", "timestamp": "1658962508360", "position": {"x": 554, "y": 467}}, {"event_name": "mousemove", "timestamp": "1658962508360", "position": {"x": 554, "y": 467}}, {"event_name": "mouseout", "timestamp": "1658962508376", "position": {"x": 1760, "y": 620}}, {"event_name": "mouseover", "timestamp": "1658962508460", "position": {"x": 33, "y": 334}}, {"event_name": "mousemove", "timestamp": "1658962508460", "position": {"x": 33, "y": 334}}, {"event_name": "mouseout", "timestamp": "1658962508475", "position": {"x": 1594, "y": 71}}, {"event_name": "mouseover", "timestamp": "1658962508628", "position": {"x": 194, "y": 545}}, {"event_name": "mousemove", "timestamp": "1658962508628", "position": {"x": 194, "y": 545}}, {"event_name": "mouseout", "timestamp": "1658962508643", "position": {"x": 1729, "y": 487}}, {"event_name": "mouseover", "timestamp": "1658962508676", "position": {"x": 151, "y": 489}}, {"event_name": "mousemove", "timestamp": "1658962508676", "position": {"x": 151, "y": 489}}, {"event_name": "mouseout", "timestamp": "1658962508693", "position": {"x": 1350, "y": 221}}, {"event_name": "mouseover", "timestamp": "1658962508710", "position": {"x": 186, "y": 194}}, {"event_name": "mousemove", "timestamp": "1658962508710", "position": {"x": 186, "y": 194}}, {"event_name": "mouseout", "timestamp": "1658962508727", "position": {"x": 1651, "y": 702}}, {"event_name": "mouseover", "timestamp": "1658962508827", "position": {"x": 781, "y": 373}}, {"event_name": "mousemove", "timestamp": "1658962508827", "position": {"x": 781, "y": 373}}, {"event_name": "mouseout", "timestamp": "1658962508844", "position": {"x": 670, "y": 357}}, {"event_name": "mouseover", "timestamp": "1658962508844", "position": {"x": 670, "y": 357}}, {"event_name": "mousemove", "timestamp": "1658962508844", "position": {"x": 670, "y": 357}}, {"event_name": "mousemove", "timestamp": "1658962508859", "position": {"x": 442, "y": 451}}, {"event_name": "mouseout", "timestamp": "1658962508877", "position": {"x": 407, "y": 265}}, {"event_name": "mouseover", "timestamp": "1658962508877", "position": {"x": 407, "y": 265}}, {"event_name": "mousemove", "timestamp": "1658962508877", "position": {"x": 407, "y": 265}}, {"event_name": "mouseout", "timestamp": "1658962508893", "position": {"x": 1277, "y": 503}}, {"event_name": "mouseover", "timestamp": "1658962508960", "position": {"x": 637, "y": 282}}, {"event_name": "mousemove", "timestamp": "1658962508960", "position": {"x": 637, "y": 282}}, {"event_name": "mouseout", "timestamp": "1658962508976", "position": {"x": 763, "y": 685}}, {"event_name": "mouseover", "timestamp": "1658962508993", "position": {"x": 321, "y": 597}}, {"event_name": "mousemove", "timestamp": "1658962508993", "position": {"x": 321, "y": 597}}, {"event_name": "mouseout", "timestamp": "1658962509009", "position": {"x": 1335, "y": 387}}, {"event_name": "mouseover", "timestamp": "1658962509076", "position": {"x": 588, "y": 456}}, {"event_name": "mousemove", "timestamp": "1658962509076", "position": {"x": 588, "y": 456}}, {"event_name": "mouseout", "timestamp": "1658962509093", "position": {"x": 1388, "y": 506}}, {"event_name": "mouseover", "timestamp": "1658962509127", "position": {"x": 749, "y": 308}}, {"event_name": "mousemove", "timestamp": "1658962509127", "position": {"x": 749, "y": 308}}, {"event_name": "mouseout", "timestamp": "1658962509143", "position": {"x": 987, "y": 375}}, {"event_name": "mouseover", "timestamp": "1658962509209", "position": {"x": 509, "y": 256}}, {"event_name": "mousemove", "timestamp": "1658962509209", "position": {"x": 509, "y": 256}}, {"event_name": "mouseout", "timestamp": "1658962509226", "position": {"x": 92, "y": 575}}, {"event_name": "mouseover", "timestamp": "1658962509226", "position": {"x": 92, "y": 575}}, {"event_name": "mousemove", "timestamp": "1658962509226", "position": {"x": 92, "y": 575}}, {"event_name": "mouseout", "timestamp": "1658962509242", "position": {"x": 1361, "y": 479}}, {"event_name": "mouseover", "timestamp": "1658962509277", "position": {"x": 363, "y": 407}}, {"event_name": "mousemove", "timestamp": "1658962509277", "position": {"x": 363, "y": 407}}, {"event_name": "mouseout", "timestamp": "1658962509293", "position": {"x": 91, "y": 99}}, {"event_name": "mouseover", "timestamp": "1658962509293", "position": {"x": 91, "y": 99}}, {"event_name": "mousemove", "timestamp": "1658962509293", "position": {"x": 91, "y": 99}}, {"event_name": "mouseout", "timestamp": "1658962509309", "position": {"x": 1360, "y": 260}}, {"event_name": "mouseover", "timestamp": "1658962509459", "position": {"x": 497, "y": 556}}, {"event_name": "mousemove", "timestamp": "1658962509460", "position": {"x": 497, "y": 556}}, {"event_name": "mouseout", "timestamp": "1658962509476", "position": {"x": 803, "y": 117}}, {"event_name": "mouseover", "timestamp": "1658962509593", "position": {"x": 443, "y": 248}}, {"event_name": "mousemove", "timestamp": "1658962509593", "position": {"x": 443, "y": 248}}, {"event_name": "mouseout", "timestamp": "1658962509610", "position": {"x": 233, "y": 517}}, {"event_name": "mouseover", "timestamp": "1658962509611", "position": {"x": 233, "y": 517}}, {"event_name": "mousemove", "timestamp": "1658962509611", "position": {"x": 233, "y": 517}}, {"event_name": "mouseout", "timestamp": "1658962509627", "position": {"x": 1218, "y": 124}}, {"event_name": "mouseover", "timestamp": "1658962509693", "position": {"x": 727, "y": 437}}, {"event_name": "mousemove", "timestamp": "1658962509694", "position": {"x": 727, "y": 437}}, {"event_name": "mouseout", "timestamp": "1658962509709", "position": {"x": 1487, "y": 82}}, {"event_name": "mouseover", "timestamp": "1658962509729", "position": {"x": 621, "y": 406}}, {"event_name": "mousemove", "timestamp": "1658962509729", "position": {"x": 621, "y": 406}}, {"event_name": "mouseout", "timestamp": "1658962509743", "position": {"x": 1243, "y": 669}}, {"event_name": "mouseover", "timestamp": "1658962509760", "position": {"x": 665, "y": 491}}, {"event_name": "mousemove", "timestamp": "1658962509760", "position": {"x": 665, "y": 491}}, {"event_name": "mouseout", "timestamp": "1658962509777", "position": {"x": 477, "y": 309}}, {"event_name": "mouseover", "timestamp": "1658962509777", "position": {"x": 477, "y": 309}}, {"event_name": "mousemove", "timestamp": "1658962509777", "position": {"x": 477, "y": 309}}, {"event_name": "mouseout", "timestamp": "1658962509792", "position": {"x": 343, "y": 92}}, {"event_name": "mouseover", "timestamp": "1658962509792", "position": {"x": 343, "y": 92}}, {"event_name": "mousemove", "timestamp": "1658962509793", "position": {"x": 343, "y": 92}}, {"event_name": "mouseout", "timestamp": "1658962509809", "position": {"x": 1032, "y": 746}}, {"event_name": "mouseover", "timestamp": "1658962509976", "position": {"x": 741, "y": 71}}, {"event_name": "mousemove", "timestamp": "1658962509976", "position": {"x": 741, "y": 71}}, {"event_name": "mouseout", "timestamp": "1658962509993", "position": {"x": 1735, "y": 802}}, {"event_name": "mouseover", "timestamp": "1658962510026", "position": {"x": 652, "y": 451}}, {"event_name": "mousemove", "timestamp": "1658962510026", "position": {"x": 652, "y": 451}}, {"event_name": "mouseout", "timestamp": "1658962510043", "position": {"x": 1085, "y": 197}}, {"event_name": "mouseover", "timestamp": "1658962510076", "position": {"x": 614, "y": 449}}, {"event_name": "mousemove", "timestamp": "1658962510077", "position": {"x": 614, "y": 449}}, {"event_name": "mouseout", "timestamp": "1658962510093", "position": {"x": 742, "y": 601}}, {"event_name": "mouseover", "timestamp": "1658962510126", "position": {"x": 619, "y": 374}}, {"event_name": "mousemove", "timestamp": "1658962510127", "position": {"x": 619, "y": 374}}, {"event_name": "mouseout", "timestamp": "1658962510143", "position": {"x": 1771, "y": 501}}, {"event_name": "mouseover", "timestamp": "1658962510226", "position": {"x": 102, "y": 228}}, {"event_name": "mousemove", "timestamp": "1658962510226", "position": {"x": 102, "y": 228}}, {"event_name": "mouseout", "timestamp": "1658962510243", "position": {"x": 1547, "y": 317}}, {"event_name": "mouseover", "timestamp": "1658962510309", "position": {"x": 406, "y": 47}}, {"event_name": "mousemove", "timestamp": "1658962510309", "position": {"x": 406, "y": 47}}, {"event_name": "mouseout", "timestamp": "1658962510327", "position": {"x": 651, "y": 854}}, {"event_name": "mouseover", "timestamp": "1658962510361", "position": {"x": 633, "y": 506}}, {"event_name": "mousemove", "timestamp": "1658962510361", "position": {"x": 633, "y": 506}}, {"event_name": "mouseout", "timestamp": "1658962510375", "position": {"x": 1288, "y": 365}}, {"event_name": "mouseover", "timestamp": "1658962510510", "position": {"x": 615, "y": 54}}, {"event_name": "mousemove", "timestamp": "1658962510510", "position": {"x": 615, "y": 54}}, {"event_name": "mouseout", "timestamp": "1658962510527", "position": {"x": 420, "y": 456}}, {"event_name": "mouseover", "timestamp": "1658962510527", "position": {"x": 420, "y": 456}}, {"event_name": "mousemove", "timestamp": "1658962510528", "position": {"x": 420, "y": 456}}, {"event_name": "mouseout", "timestamp": "1658962510543", "position": {"x": 599, "y": 65}}, {"event_name": "mouseover", "timestamp": "1658962510543", "position": {"x": 599, "y": 65}}, {"event_name": "mousemove", "timestamp": "1658962510543", "position": {"x": 599, "y": 65}}, {"event_name": "mouseout", "timestamp": "1658962510559", "position": {"x": 1222, "y": 649}}, {"event_name": "mouseover", "timestamp": "1658962510593", "position": {"x": 654, "y": 477}}, {"event_name": "mousemove", "timestamp": "1658962510593", "position": {"x": 654, "y": 477}}, {"event_name": "mouseout", "timestamp": "1658962510610", "position": {"x": 268, "y": 762}}, {"event_name": "mouseover", "timestamp": "1658962510627", "position": {"x": 627, "y": 89}}, {"event_name": "mousemove", "timestamp": "1658962510627", "position": {"x": 627, "y": 89}}, {"event_name": "mouseout", "timestamp": "1658962510644", "position": {"x": 1305, "y": 352}}, {"event_name": "mouseover", "timestamp": "1658962510710", "position": {"x": 632, "y": 396}}, {"event_name": "mousemove", "timestamp": "1658962510710", "position": {"x": 632, "y": 396}}, {"event_name": "mouseout", "timestamp": "1658962510727", "position": {"x": 1704, "y": 278}}, {"event_name": "mouseover", "timestamp": "1658962510759", "position": {"x": 537, "y": 278}}, {"event_name": "mousemove", "timestamp": "1658962510760", "position": {"x": 537, "y": 278}}, {"event_name": "mouseout", "timestamp": "1658962510777", "position": {"x": 1786, "y": 886}}, {"event_name": "mouseover", "timestamp": "1658962510827", "position": {"x": 432, "y": 70}}, {"event_name": "mousemove", "timestamp": "1658962510827", "position": {"x": 432, "y": 70}}, {"event_name": "mouseout", "timestamp": "1658962510852", "position": {"x": 1461, "y": 175}}, {"event_name": "mouseover", "timestamp": "1658962510893", "position": {"x": 390, "y": 234}}, {"event_name": "mousemove", "timestamp": "1658962510893", "position": {"x": 390, "y": 234}}, {"event_name": "mouseout", "timestamp": "1658962510909", "position": {"x": 1013, "y": 856}}, {"event_name": "mouseover", "timestamp": "1658962510926", "position": {"x": 409, "y": 434}}, {"event_name": "mousemove", "timestamp": "1658962510926", "position": {"x": 409, "y": 434}}, {"event_name": "mouseout", "timestamp": "1658962510943", "position": {"x": 145, "y": 481}}, {"event_name": "mouseover", "timestamp": "1658962510944", "position": {"x": 145, "y": 481}}, {"event_name": "mousemove", "timestamp": "1658962510944", "position": {"x": 145, "y": 481}}, {"event_name": "mouseout", "timestamp": "1658962510960", "position": {"x": 240, "y": 709}}, {"event_name": "mouseover", "timestamp": "1658962510993", "position": {"x": 421, "y": 583}}, {"event_name": "mousemove", "timestamp": "1658962510993", "position": {"x": 421, "y": 583}}, {"event_name": "mouseout", "timestamp": "1658962511009", "position": {"x": 704, "y": 125}}, {"event_name": "mouseover", "timestamp": "1658962511010", "position": {"x": 704, "y": 125}}, {"event_name": "mousemove", "timestamp": "1658962511010", "position": {"x": 704, "y": 125}}, {"event_name": "mouseout", "timestamp": "1658962511027", "position": {"x": 935, "y": 266}}, {"event_name": "mouseover", "timestamp": "1658962511077", "position": {"x": 351, "y": 395}}, {"event_name": "mousemove", "timestamp": "1658962511077", "position": {"x": 351, "y": 395}}, {"event_name": "mouseout", "timestamp": "1658962511093", "position": {"x": 1011, "y": 537}}, {"event_name": "mouseover", "timestamp": "1658962511127", "position": {"x": 258, "y": 75}}, {"event_name": "mousemove", "timestamp": "1658962511127", "position": {"x": 258, "y": 75}}, {"event_name": "mouseout", "timestamp": "1658962511143", "position": {"x": 1601, "y": 746}}, {"event_name": "mouseover", "timestamp": "1658962511277", "position": {"x": 709, "y": 8}}, {"event_name": "mousemove", "timestamp": "1658962511277", "position": {"x": 709, "y": 8}}, {"event_name": "mouseout", "timestamp": "1658962511294", "position": {"x": 412, "y": 481}}, {"event_name": "mouseover", "timestamp": "1658962511294", "position": {"x": 412, "y": 481}}, {"event_name": "mousemove", "timestamp": "1658962511294", "position": {"x": 412, "y": 481}}, {"event_name": "mouseout", "timestamp": "1658962511309", "position": {"x": 1336, "y": 493}}, {"event_name": "mouseover", "timestamp": "1658962511393", "position": {"x": 0, "y": 409}}, {"event_name": "mousemove", "timestamp": "1658962511393", "position": {"x": 0, "y": 409}}, {"event_name": "mouseout", "timestamp": "1658962511410", "position": {"x": 332, "y": 899}}, {"event_name": "mouseover", "timestamp": "1658962511443", "position": {"x": 162, "y": 569}}, {"event_name": "mousemove", "timestamp": "1658962511443", "position": {"x": 162, "y": 569}}, {"event_name": "mouseout", "timestamp": "1658962511459", "position": {"x": 993, "y": 420}}, {"event_name": "mouseover", "timestamp": "1658962511492", "position": {"x": 630, "y": 315}}, {"event_name": "mousemove", "timestamp": "1658962511492", "position": {"x": 630, "y": 315}}, {"event_name": "mouseout", "timestamp": "1658962511509", "position": {"x": 890, "y": 19}}, {"event_name": "mouseover", "timestamp": "1658962511577", "position": {"x": 727, "y": 175}}, {"event_name": "mousemove", "timestamp": "1658962511577", "position": {"x": 727, "y": 175}}, {"event_name": "mouseout", "timestamp": "1658962511593", "position": {"x": 1197, "y": 487}}, {"event_name": "mouseover", "timestamp": "1658962511643", "position": {"x": 594, "y": 479}}, {"event_name": "mousemove", "timestamp": "1658962511643", "position": {"x": 594, "y": 479}}, {"event_name": "mouseout", "timestamp": "1658962511659", "position": {"x": 833, "y": 211}}, {"event_name": "mouseover", "timestamp": "1658962511726", "position": {"x": 183, "y": 455}}, {"event_name": "mousemove", "timestamp": "1658962511727", "position": {"x": 183, "y": 455}}, {"event_name": "mouseout", "timestamp": "1658962511744", "position": {"x": 640, "y": 21}}, {"event_name": "mouseover", "timestamp": "1658962511744", "position": {"x": 640, "y": 21}}, {"event_name": "mousemove", "timestamp": "1658962511744", "position": {"x": 640, "y": 21}}, {"event_name": "mouseout", "timestamp": "1658962511762", "position": {"x": 419, "y": 171}}, {"event_name": "mouseover", "timestamp": "1658962511762", "position": {"x": 419, "y": 171}}, {"event_name": "mousemove", "timestamp": "1658962511763", "position": {"x": 419, "y": 171}}, {"event_name": "mouseout", "timestamp": "1658962511781", "position": {"x": 1721, "y": 684}}, {"event_name": "mouseover", "timestamp": "1658962511862", "position": {"x": 143, "y": 77}}, {"event_name": "mousemove", "timestamp": "1658962511862", "position": {"x": 143, "y": 77}}, {"event_name": "mouseout", "timestamp": "1658962511877", "position": {"x": 12, "y": 663}}, {"event_name": "mouseover", "timestamp": "1658962511926", "position": {"x": 435, "y": 313}}, {"event_name": "mousemove", "timestamp": "1658962511926", "position": {"x": 435, "y": 313}}, {"event_name": "mouseout", "timestamp": "1658962511942", "position": {"x": 1708, "y": 777}}, {"event_name": "mouseover", "timestamp": "1658962511976", "position": {"x": 70, "y": 37}}, {"event_name": "mousemove", "timestamp": "1658962511976", "position": {"x": 70, "y": 37}}, {"event_name": "mouseout", "timestamp": "1658962511992", "position": {"x": 862, "y": 662}}, {"event_name": "mouseover", "timestamp": "1658962512059", "position": {"x": 293, "y": 446}}, {"event_name": "mousemove", "timestamp": "1658962512059", "position": {"x": 293, "y": 446}}, {"event_name": "mouseout", "timestamp": "1658962512076", "position": {"x": 1526, "y": 472}}, {"event_name": "mouseover", "timestamp": "1658962512276", "position": {"x": 175, "y": 226}}, {"event_name": "mousemove", "timestamp": "1658962512277", "position": {"x": 175, "y": 226}}, {"event_name": "mouseout", "timestamp": "1658962512293", "position": {"x": 1059, "y": 96}}, {"event_name": "mouseover", "timestamp": "1658962512359", "position": {"x": 695, "y": 10}}, {"event_name": "mousemove", "timestamp": "1658962512359", "position": {"x": 695, "y": 10}}, {"event_name": "mouseout", "timestamp": "1658962512376", "position": {"x": 1227, "y": 479}}, {"event_name": "mouseover", "timestamp": "1658962512477", "position": {"x": 595, "y": 341}}, {"event_name": "mousemove", "timestamp": "1658962512477", "position": {"x": 595, "y": 341}}, {"event_name": "mousemove", "timestamp": "1658962512493", "position": {"x": 659, "y": 442}}, {"event_name": "mouseout", "timestamp": "1658962512509", "position": {"x": 1223, "y": 140}}, {"event_name": "mouseover", "timestamp": "1658962512559", "position": {"x": 734, "y": 445}}, {"event_name": "mousemove", "timestamp": "1658962512560", "position": {"x": 734, "y": 445}}, {"event_name": "mouseout", "timestamp": "1658962512576", "position": {"x": 1114, "y": 815}}, {"event_name": "mouseover", "timestamp": "1658962512742", "position": {"x": 391, "y": 364}}, {"event_name": "mousemove", "timestamp": "1658962512742", "position": {"x": 391, "y": 364}}, {"event_name": "mouseout", "timestamp": "1658962512759", "position": {"x": 1332, "y": 673}}, {"event_name": "mouseover", "timestamp": "1658962512776", "position": {"x": 190, "y": 409}}, {"event_name": "mousemove", "timestamp": "1658962512776", "position": {"x": 190, "y": 409}}, {"event_name": "mouseout", "timestamp": "1658962512792", "position": {"x": 1129, "y": 476}}, {"event_name": "mouseover", "timestamp": "1658962512809", "position": {"x": 472, "y": 520}}, {"event_name": "mousemove", "timestamp": "1658962512809", "position": {"x": 472, "y": 520}}, {"event_name": "mouseout", "timestamp": "1658962512826", "position": {"x": 95, "y": 430}}, {"event_name": "mouseover", "timestamp": "1658962512826", "position": {"x": 95, "y": 430}}, {"event_name": "mousemove", "timestamp": "1658962512826", "position": {"x": 95, "y": 430}}, {"event_name": "mouseout", "timestamp": "1658962512843", "position": {"x": 1294, "y": 219}}, {"event_name": "mouseover", "timestamp": "1658962512859", "position": {"x": 719, "y": 499}}, {"event_name": "mousemove", "timestamp": "1658962512859", "position": {"x": 719, "y": 499}}, {"event_name": "mouseout", "timestamp": "1658962512876", "position": {"x": 1525, "y": 58}}, {"event_name": "mouseover", "timestamp": "1658962512893", "position": {"x": 513, "y": 102}}, {"event_name": "mousemove", "timestamp": "1658962512893", "position": {"x": 513, "y": 102}}, {"event_name": "mouseout", "timestamp": "1658962512909", "position": {"x": 1028, "y": 263}}, {"event_name": "mouseover", "timestamp": "1658962513009", "position": {"x": 340, "y": 403}}, {"event_name": "mousemove", "timestamp": "1658962513009", "position": {"x": 340, "y": 403}}, {"event_name": "mouseout", "timestamp": "1658962513026", "position": {"x": 763, "y": 734}}, {"event_name": "mouseover", "timestamp": "1658962513092", "position": {"x": 587, "y": 337}}, {"event_name": "mousemove", "timestamp": "1658962513093", "position": {"x": 587, "y": 337}}, {"event_name": "mouseout", "timestamp": "1658962513109", "position": {"x": 816, "y": 546}}, {"event_name": "mouseover", "timestamp": "1658962513126", "position": {"x": 436, "y": 15}}, {"event_name": "mousemove", "timestamp": "1658962513127", "position": {"x": 436, "y": 15}}, {"event_name": "mouseout", "timestamp": "1658962513143", "position": {"x": 1490, "y": 533}}, {"event_name": "mouseover", "timestamp": "1658962513159", "position": {"x": 602, "y": 572}}, {"event_name": "mousemove", "timestamp": "1658962513159", "position": {"x": 602, "y": 572}}, {"event_name": "mouseout", "timestamp": "1658962513176", "position": {"x": 213, "y": 783}}, {"event_name": "mouseover", "timestamp": "1658962513276", "position": {"x": 583, "y": 532}}, {"event_name": "mousemove", "timestamp": "1658962513276", "position": {"x": 583, "y": 532}}, {"event_name": "mouseout", "timestamp": "1658962513295", "position": {"x": 1570, "y": 316}}, {"event_name": "mouseover", "timestamp": "1658962513326", "position": {"x": 344, "y": 454}}, {"event_name": "mousemove", "timestamp": "1658962513326", "position": {"x": 344, "y": 454}}, {"event_name": "mouseout", "timestamp": "1658962513343", "position": {"x": 1132, "y": 653}}, {"event_name": "mouseover", "timestamp": "1658962513409", "position": {"x": 575, "y": 271}}, {"event_name": "mousemove", "timestamp": "1658962513409", "position": {"x": 575, "y": 271}}, {"event_name": "mouseout", "timestamp": "1658962513426", "position": {"x": 391, "y": 765}}, {"event_name": "mouseover", "timestamp": "1658962513525", "position": {"x": 23, "y": 265}}, {"event_name": "mousemove", "timestamp": "1658962513525", "position": {"x": 23, "y": 265}}, {"event_name": "mouseout", "timestamp": "1658962513543", "position": {"x": 1053, "y": 312}}, {"event_name": "mouseover", "timestamp": "1658962513592", "position": {"x": 237, "y": 223}}, {"event_name": "mousemove", "timestamp": "1658962513592", "position": {"x": 237, "y": 223}}, {"event_name": "mouseout", "timestamp": "1658962513611", "position": {"x": 118, "y": 10}}, {"event_name": "mouseover", "timestamp": "1658962513611", "position": {"x": 118, "y": 10}}, {"event_name": "mousemove", "timestamp": "1658962513611", "position": {"x": 118, "y": 10}}, {"event_name": "mouseout", "timestamp": "1658962513626", "position": {"x": 326, "y": 392}}, {"event_name": "mouseover", "timestamp": "1658962513626", "position": {"x": 326, "y": 392}}, {"event_name": "mousemove", "timestamp": "1658962513626", "position": {"x": 326, "y": 392}}, {"event_name": "mouseout", "timestamp": "1658962513643", "position": {"x": 1192, "y": 316}}, {"event_name": "mouseover", "timestamp": "1658962513659", "position": {"x": 355, "y": 542}}, {"event_name": "mousemove", "timestamp": "1658962513660", "position": {"x": 355, "y": 542}}, {"event_name": "mouseout", "timestamp": "1658962513676", "position": {"x": 704, "y": 78}}, {"event_name": "mouseover", "timestamp": "1658962513677", "position": {"x": 704, "y": 78}}, {"event_name": "mousemove", "timestamp": "1658962513677", "position": {"x": 704, "y": 78}}, {"event_name": "mouseout", "timestamp": "1658962513692", "position": {"x": 881, "y": 763}}, {"event_name": "mouseover", "timestamp": "1658962513743", "position": {"x": 404, "y": 241}}, {"event_name": "mousemove", "timestamp": "1658962513743", "position": {"x": 404, "y": 241}}, {"event_name": "mouseout", "timestamp": "1658962513759", "position": {"x": 465, "y": 207}}, {"event_name": "mouseover", "timestamp": "1658962513759", "position": {"x": 465, "y": 207}}, {"event_name": "mousemove", "timestamp": "1658962513759", "position": {"x": 465, "y": 207}}, {"event_name": "mouseout", "timestamp": "1658962513776", "position": {"x": 995, "y": 209}}, {"event_name": "mouseover", "timestamp": "1658962513810", "position": {"x": 496, "y": 476}}, {"event_name": "mousemove", "timestamp": "1658962513810", "position": {"x": 496, "y": 476}}, {"event_name": "mouseout", "timestamp": "1658962513828", "position": {"x": 1451, "y": 836}}, {"event_name": "mouseover", "timestamp": "1658962513942", "position": {"x": 694, "y": 92}}, {"event_name": "mousemove", "timestamp": "1658962513943", "position": {"x": 694, "y": 92}}, {"event_name": "mouseout", "timestamp": "1658962513959", "position": {"x": 1196, "y": 871}}, {"event_name": "mouseover", "timestamp": "1658962513977", "position": {"x": 450, "y": 533}}, {"event_name": "mousemove", "timestamp": "1658962513977", "position": {"x": 450, "y": 533}}, {"event_name": "mouseout", "timestamp": "1658962513994", "position": {"x": 1256, "y": 836}}, {"event_name": "mouseover", "timestamp": "1658962514093", "position": {"x": 531, "y": 409}}, {"event_name": "mousemove", "timestamp": "1658962514093", "position": {"x": 531, "y": 409}}, {"event_name": "mouseout", "timestamp": "1658962514110", "position": {"x": 539, "y": 199}}, {"event_name": "mouseover", "timestamp": "1658962514110", "position": {"x": 539, "y": 199}}, {"event_name": "mousemove", "timestamp": "1658962514110", "position": {"x": 539, "y": 199}}, {"event_name": "mouseout", "timestamp": "1658962514126", "position": {"x": 252, "y": 236}}, {"event_name": "mouseover", "timestamp": "1658962514126", "position": {"x": 252, "y": 236}}, {"event_name": "mousemove", "timestamp": "1658962514126", "position": {"x": 252, "y": 236}}, {"event_name": "mouseout", "timestamp": "1658962514142", "position": {"x": 1316, "y": 713}}, {"event_name": "mouseover", "timestamp": "1658962514278", "position": {"x": 548, "y": 549}}, {"event_name": "mousemove", "timestamp": "1658962514278", "position": {"x": 548, "y": 549}}, {"event_name": "mouseout", "timestamp": "1658962514292", "position": {"x": 309, "y": 325}}, {"event_name": "mouseover", "timestamp": "1658962514293", "position": {"x": 309, "y": 325}}, {"event_name": "mousemove", "timestamp": "1658962514293", "position": {"x": 309, "y": 325}}]}