{"user_id": "04c34e3e-2d15-4a2d-958e-541ef8454d32", "device": "desktop", "trace": [{"event_name": "load", "timestamp": "1658963283472", "position": {"x": 0, "y": 0}}, {"event_name": "pageshow", "timestamp": "1658963283473", "position": {"x": 0, "y": 0}}, {"event_name": "mouseover", "timestamp": "1658963283479", "position": {"x": 618, "y": 267}}, {"event_name": "mousemove", "timestamp": "1658963283480", "position": {"x": 618, "y": 267}}, {"event_name": "mouseout", "timestamp": "1658963283499", "position": {"x": 106, "y": 764}}, {"event_name": "mouseover", "timestamp": "1658963283546", "position": {"x": 110, "y": 309}}, {"event_name": "mousemove", "timestamp": "1658963283546", "position": {"x": 110, "y": 309}}, {"event_name": "mouseout", "timestamp": "1658963283561", "position": {"x": 1725, "y": 814}}, {"event_name": "mouseover", "timestamp": "1658963283596", "position": {"x": 266, "y": 166}}, {"event_name": "mousemove", "timestamp": "1658963283596", "position": {"x": 266, "y": 166}}, {"event_name": "mouseout", "timestamp": "1658963283614", "position": {"x": 431, "y": 454}}, {"event_name": "mouseover", "timestamp": "1658963283614", "position": {"x": 431, "y": 454}}, {"event_name": "mousemove", "timestamp": "1658963283614", "position": {"x": 431, "y": 454}}, {"event_name": "mouseout", "timestamp": "1658963283629", "position": {"x": 830, "y": 72}}, {"event_name": "mouseover", "timestamp": "1658963283645", "position": {"x": 631, "y": 366}}, {"event_name": "mousemove", "timestamp": "1658963283645", "position": {"x": 631, "y": 366}}, {"event_name": "mouseout", "timestamp": "1658963283661", "position": {"x": 1129, "y": 598}}, {"event_name": "mouseover", "timestamp": "1658963283695", "position": {"x": 369, "y": 172}}, {"event_name": "mousemove", "timestamp": "1658963283695", "position": {"x": 369, "y": 172}}, {"event_name": "mouseout", "timestamp": "1658963283712", "position": {"x": 1401, "y": 715}}, {"event_name": "mouseover", "timestamp": "1658963283779", "position": {"x": 121, "y": 186}}, {"event_name": "mousemove", "timestamp": "1658963283779", "position": {"x": 121, "y": 186}}, {"event_name": "mouseout", "timestamp": "1658963283795", "position": {"x": 539, "y": 359}}, {"event_name": "mouseover", "timestamp": "1658963283795", "position": {"x": 539, "y": 359}}, {"event_name": "mousemove", "timestamp": "1658963283795", "position": {"x": 539, "y": 359}}, {"event_name": "mouseout", "timestamp": "1658963283812", "position": {"x": 475, "y": 582}}, {"event_name": "mouseover", "timestamp": "1658963283813", "position": {"x": 475, "y": 582}}, {"event_name": "mousemove", "timestamp": "1658963283813", "position": {"x": 475, "y": 582}}, {"event_name": "mouseout", "timestamp": "1658963283828", "position": {"x": 831, "y": 513}}, {"event_name": "mouseover", "timestamp": "1658963283896", "position": {"x": 76, "y": 447}}, {"event_name": "mousemove", "timestamp": "1658963283896", "position": {"x": 76, "y": 447}}, {"event_name": "mouseout", "timestamp": "1658963283912", "position": {"x": 1477, "y": 445}}, {"event_name": "mouseover", "timestamp": "1658963284028", "position": {"x": 674, "y": 77}}, {"event_name": "mousemove", "timestamp": "1658963284028", "position": {"x": 674, "y": 77}}, {"event_name": "mouseout", "timestamp": "1658963284045", "position": {"x": 917, "y": 423}}, {"event_name": "mouseover", "timestamp": "1658963284078", "position": {"x": 341, "y": 233}}, {"event_name": "mousemove", "timestamp": "1658963284078", "position": {"x": 341, "y": 233}}, {"event_name": "mouseout", "timestamp": "1658963284095", "position": {"x": 448, "y": 773}}, {"event_name": "mouseover", "timestamp": "1658963284128", "position": {"x": 662, "y": 238}}, {"event_name": "mousemove", "timestamp": "1658963284129", "position": {"x": 662, "y": 238}}, {"event_name": "mouseout", "timestamp": "1658963284145", "position": {"x": 1305, "y": 483}}, {"event_name": "mouseover", "timestamp": "1658963284179", "position": {"x": 38, "y": 55}}, {"event_name": "mousemove", "timestamp": "1658963284180", "position": {"x": 38, "y": 55}}, {"event_name": "mouseout", "timestamp": "1658963284197", "position": {"x": 1591, "y": 206}}, {"event_name": "mouseover", "timestamp": "1658963284280", "position": {"x": 382, "y": 60}}, {"event_name": "mousemove", "timestamp": "1658963284280", "position": {"x": 382, "y": 60}}, {"event_name": "mouseout", "timestamp": "1658963284297", "position": {"x": 1360, "y": 532}}, {"event_name": "mouseover", "timestamp": "1658963284329", "position": {"x": 384, "y": 571}}, {"event_name": "mousemove", "timestamp": "1658963284329", "position": {"x": 384, "y": 571}}, {"event_name": "mouseout", "timestamp": "1658963284345", "position": {"x": 415, "y": 303}}, {"event_name": "mouseover", "timestamp": "1658963284345", "position": {"x": 415, "y": 303}}, {"event_name": "mousemove", "timestamp": "1658963284346", "position": {"x": 415, "y": 303}}, {"event_name": "mouseout", "timestamp": "1658963284362", "position": {"x": 98, "y": 782}}, {"event_name": "mouseover", "timestamp": "1658963284461", "position": {"x": 64, "y": 461}}, {"event_name": "mousemove", "timestamp": "1658963284462", "position": {"x": 64, "y": 461}}, {"event_name": "mouseout", "timestamp": "1658963284479", "position": {"x": 1452, "y": 125}}, {"event_name": "mouseover", "timestamp": "1658963284579", "position": {"x": 536, "y": 257}}, {"event_name": "mousemove", "timestamp": "1658963284579", "position": {"x": 536, "y": 257}}, {"event_name": "mouseout", "timestamp": "1658963284595", "position": {"x": 1352, "y": 346}}, {"event_name": "mouseover", "timestamp": "1658963284613", "position": {"x": 558, "y": 535}}, {"event_name": "mousemove", "timestamp": "1658963284613", "position": {"x": 558, "y": 535}}, {"event_name": "mouseout", "timestamp": "1658963284629", "position": {"x": 1643, "y": 719}}, {"event_name": "mouseover", "timestamp": "1658963284646", "position": {"x": 4, "y": 378}}, {"event_name": "mousemove", "timestamp": "1658963284646", "position": {"x": 4, "y": 378}}, {"event_name": "mouseout", "timestamp": "1658963284662", "position": {"x": 1215, "y": 71}}, {"event_name": "mouseover", "timestamp": "1658963284762", "position": {"x": 444, "y": 144}}, {"event_name": "mousemove", "timestamp": "1658963284762", "position": {"x": 444, "y": 144}}, {"event_name": "mouseout", "timestamp": "1658963284779", "position": {"x": 1020, "y": 378}}, {"event_name": "mouseover", "timestamp": "1658963284813", "position": {"x": 361, "y": 588}}, {"event_name": "mousemove", "timestamp": "1658963284813", "position": {"x": 361, "y": 588}}, {"event_name": "mouseout", "timestamp": "1658963284829", "position": {"x": 1379, "y": 681}}, {"event_name": "mouseover", "timestamp": "1658963284862", "position": {"x": 441, "y": 556}}, {"event_name": "mousemove", "timestamp": "1658963284862", "position": {"x": 441, "y": 556}}, {"event_name": "mouseout", "timestamp": "1658963284879", "position": {"x": 477, "y": 692}}, {"event_name": "mouseover", "timestamp": "1658963284946", "position": {"x": 654, "y": 69}}, {"event_name": "mousemove", "timestamp": "1658963284946", "position": {"x": 654, "y": 69}}, {"event_name": "mouseout", "timestamp": "1658963284962", "position": {"x": 1598, "y": 879}}, {"event_name": "mouseover", "timestamp": "1658963284978", "position": {"x": 154, "y": 517}}, {"event_name": "mousemove", "timestamp": "1658963284978", "position": {"x": 154, "y": 517}}, {"event_name": "mouseout", "timestamp": "1658963284995", "position": {"x": 1459, "y": 507}}, {"event_name": "mouseover", "timestamp": "1658963285112", "position": {"x": 716, "y": 236}}, {"event_name": "mousemove", "timestamp": "1658963285112", "position": {"x": 716, "y": 236}}, {"event_name": "mouseout", "timestamp": "1658963285129", "position": {"x": 819, "y": 817}}, {"event_name": "mouseover", "timestamp": "1658963285145", "position": {"x": 578, "y": 50}}, {"event_name": "mousemove", "timestamp": "1658963285145", "position": {"x": 578, "y": 50}}, {"event_name": "mouseout", "timestamp": "1658963285161", "position": {"x": 1676, "y": 795}}, {"event_name": "mouseover", "timestamp": "1658963285178", "position": {"x": 362, "y": 178}}, {"event_name": "mousemove", "timestamp": "1658963285178", "position": {"x": 362, "y": 178}}, {"event_name": "mouseout", "timestamp": "1658963285195", "position": {"x": 1510, "y": 136}}, {"event_name": "mouseover", "timestamp": "1658963285228", "position": {"x": 247, "y": 69}}, {"event_name": "mousemove", "timestamp": "1658963285228", "position": {"x": 247, "y": 69}}, {"event_name": "mouseout", "timestamp": "1658963285245", "position": {"x": 1445, "y": 437}}, {"event_name": "mouseover", "timestamp": "1658963285279", "position": {"x": 4, "y": 143}}, {"event_name": "mousemove", "timestamp": "1658963285279", "position": {"x": 4, "y": 143}}, {"event_name": "mouseout", "timestamp": "1658963285295", "position": {"x": 1626, "y": 360}}, {"event_name": "mouseover", "timestamp": "1658963285346", "position": {"x": 509, "y": 140}}, {"event_name": "mousemove", "timestamp": "1658963285346", "position": {"x": 509, "y": 140}}, {"event_name": "mouseout", "timestamp": "1658963285362", "position": {"x": 926, "y": 577}}, {"event_name": "mouseover", "timestamp": "1658963285429", "position": {"x": 532, "y": 221}}, {"event_name": "mousemove", "timestamp": "1658963285429", "position": {"x": 532, "y": 221}}, {"event_name": "mouseout", "timestamp": "1658963285445", "position": {"x": 1256, "y": 786}}, {"event_name": "mouseover", "timestamp": "1658963285512", "position": {"x": 85, "y": 386}}, {"event_name": "mousemove", "timestamp": "1658963285513", "position": {"x": 85, "y": 386}}, {"event_name": "mouseout", "timestamp": "1658963285528", "position": {"x": 869, "y": 278}}, {"event_name": "mouseover", "timestamp": "1658963285646", "position": {"x": 496, "y": 348}}, {"event_name": "mousemove", "timestamp": "1658963285646", "position": {"x": 496, "y": 348}}, {"event_name": "mouseout", "timestamp": "1658963285663", "position": {"x": 1580, "y": 439}}, {"event_name": "mouseover", "timestamp": "1658963285678", "position": {"x": 601, "y": 143}}, {"event_name": "mousemove", "timestamp": "1658963285679", "position": {"x": 601, "y": 143}}, {"event_name": "mouseout", "timestamp": "1658963285695", "position": {"x": 3, "y": 530}}, {"event_name": "mouseover", "timestamp": "1658963285696", "position": {"x": 3, "y": 530}}, {"event_name": "mousemove", "timestamp": "1658963285696", "position": {"x": 3, "y": 530}}, {"event_name": "mouseout", "timestamp": "1658963285713", "position": {"x": 262, "y": 39}}, {"event_name": "mouseover", "timestamp": "1658963285713", "position": {"x": 262, "y": 39}}, {"event_name": "mousemove", "timestamp": "1658963285713", "position": {"x": 262, "y": 39}}, {"event_name": "mouseout", "timestamp": "1658963285728", "position": {"x": 644, "y": 806}}, {"event_name": "mouseover", "timestamp": "1658963285812", "position": {"x": 695, "y": 512}}, {"event_name": "mousemove", "timestamp": "1658963285812", "position": {"x": 695, "y": 512}}, {"event_name": "mouseout", "timestamp": "1658963285830", "position": {"x": 423, "y": 133}}, {"event_name": "mouseover", "timestamp": "1658963285830", "position": {"x": 423, "y": 133}}, {"event_name": "mousemove", "timestamp": "1658963285830", "position": {"x": 423, "y": 133}}, {"event_name": "mouseout", "timestamp": "1658963285845", "position": {"x": 1346, "y": 810}}, {"event_name": "mouseover", "timestamp": "1658963285878", "position": {"x": 24, "y": 75}}, {"event_name": "mousemove", "timestamp": "1658963285878", "position": {"x": 24, "y": 75}}, {"event_name": "mouseout", "timestamp": "1658963285895", "position": {"x": 732, "y": 753}}, {"event_name": "mouseover", "timestamp": "1658963285928", "position": {"x": 718, "y": 294}}, {"event_name": "mousemove", "timestamp": "1658963285928", "position": {"x": 718, "y": 294}}, {"event_name": "mouseout", "timestamp": "1658963285946", "position": {"x": 1793, "y": 739}}, {"event_name": "mouseover", "timestamp": "1658963285995", "position": {"x": 199, "y": 496}}, {"event_name": "mousemove", "timestamp": "1658963285995", "position": {"x": 199, "y": 496}}, {"event_name": "mouseout", "timestamp": "1658963286011", "position": {"x": 770, "y": 205}}, {"event_name": "mouseover", "timestamp": "1658963286011", "position": {"x": 770, "y": 205}}, {"event_name": "mousemove", "timestamp": "1658963286011", "position": {"x": 770, "y": 205}}, {"event_name": "mouseout", "timestamp": "1658963286028", "position": {"x": 1728, "y": 626}}, {"event_name": "mouseover", "timestamp": "1658963286062", "position": {"x": 494, "y": 599}}, {"event_name": "mousemove", "timestamp": "1658963286062", "position": {"x": 494, "y": 599}}, {"event_name": "mouseout", "timestamp": "1658963286080", "position": {"x": 169, "y": 398}}, {"event_name": "mouseover", "timestamp": "1658963286080", "position": {"x": 169, "y": 398}}, {"event_name": "mousemove", "timestamp": "1658963286080", "position": {"x": 169, "y": 398}}, {"event_name": "mouseout", "timestamp": "1658963286095", "position": {"x": 1379, "y": 499}}, {"event_name": "mouseover", "timestamp": "1658963286146", "position": {"x": 205, "y": 48}}, {"event_name": "mousemove", "timestamp": "1658963286146", "position": {"x": 205, "y": 48}}, {"event_name": "mouseout", "timestamp": "1658963286162", "position": {"x": 1206, "y": 735}}, {"event_name": "mouseover", "timestamp": "1658963286212", "position": {"x": 748, "y": 468}}, {"event_name": "mousemove", "timestamp": "1658963286213", "position": {"x": 748, "y": 468}}, {"event_name": "mouseout", "timestamp": "1658963286228", "position": {"x": 848, "y": 890}}, {"event_name": "mouseover", "timestamp": "1658963286296", "position": {"x": 30, "y": 334}}, {"event_name": "mousemove", "timestamp": "1658963286296", "position": {"x": 30, "y": 334}}, {"event_name": "mouseout", "timestamp": "1658963286312", "position": {"x": 370, "y": 636}}, {"event_name": "mouseover", "timestamp": "1658963286329", "position": {"x": 467, "y": 215}}, {"event_name": "mousemove", "timestamp": "1658963286329", "position": {"x": 467, "y": 215}}, {"event_name": "mouseout", "timestamp": "1658963286346", "position": {"x": 1555, "y": 476}}, {"event_name": "mouseover", "timestamp": "1658963286378", "position": {"x": 401, "y": 537}}, {"event_name": "mousemove", "timestamp": "1658963286379", "position": {"x": 401, "y": 537}}, {"event_name": "mouseout", "timestamp": "1658963286395", "position": {"x": 183, "y": 221}}, {"event_name": "mouseover", "timestamp": "1658963286395", "position": {"x": 183, "y": 221}}, {"event_name": "mousemove", "timestamp": "1658963286395", "position": {"x": 183, "y": 221}}, {"event_name": "mouseout", "timestamp": "1658963286412", "position": {"x": 1340, "y": 218}}, {"event_name": "mouseover", "timestamp": "1658963286479", "position": {"x": 763, "y": 560}}, {"event_name": "mousemove", "timestamp": "1658963286479", "position": {"x": 763, "y": 560}}, {"event_name": "mouseout", "timestamp": "1658963286495", "position": {"x": 557, "y": 398}}, {"event_name": "mouseover", "timestamp": "1658963286496", "position": {"x": 557, "y": 398}}, {"event_name": "mousemove", "timestamp": "1658963286496", "position": {"x": 557, "y": 398}}, {"event_name": "mouseout", "timestamp": "1658963286512", "position": {"x": 755, "y": 257}}, {"event_name": "mouseover", "timestamp": "1658963286513", "position": {"x": 755, "y": 257}}, {"event_name": "mousemove", "timestamp": "1658963286513", "position": {"x": 755, "y": 257}}, {"event_name": "mouseout", "timestamp": "1658963286529", "position": {"x": 934, "y": 369}}, {"event_name": "mouseover", "timestamp": "1658963286579", "position": {"x": 150, "y": 429}}, {"event_name": "mousemove", "timestamp": "1658963286579", "position": {"x": 150, "y": 429}}, {"event_name": "mousemove", "timestamp": "1658963286595", "position": {"x": 361, "y": 419}}, {"event_name": "mouseout", "timestamp": "1658963286612", "position": {"x": 1643, "y": 602}}, {"event_name": "mouseover", "timestamp": "1658963286662", "position": {"x": 478, "y": 524}}, {"event_name": "mousemove", "timestamp": "1658963286662", "position": {"x": 478, "y": 524}}, {"event_name": "mouseout", "timestamp": "1658963286678", "position": {"x": 1781, "y": 619}}, {"event_name": "mouseover", "timestamp": "1658963286745", "position": {"x": 176, "y": 514}}, {"event_name": "mousemove", "timestamp": "1658963286746", "position": {"x": 176, "y": 514}}, {"event_name": "mouseout", "timestamp": "1658963286762", "position": {"x": 537, "y": 476}}, {"event_name": "mouseover", "timestamp": "1658963286762", "position": {"x": 537, "y": 476}}, {"event_name": "mousemove", "timestamp": "1658963286762", "position": {"x": 537, "y": 476}}, {"event_name": "mouseout", "timestamp": "1658963286779", "position": {"x": 1326, "y": 287}}, {"event_name": "mouseover", "timestamp": "1658963286845", "position": {"x": 578, "y": 557}}, {"event_name": "mousemove", "timestamp": "1658963286845", "position": {"x": 578, "y": 557}}, {"event_name": "mousemove", "timestamp": "1658963286862", "position": {"x": 383, "y": 425}}, {"event_name": "mouseout", "timestamp": "1658963286881", "position": {"x": 307, "y": 509}}, {"event_name": "mouseover", "timestamp": "1658963286881", "position": {"x": 307, "y": 509}}, {"event_name": "mousemove", "timestamp": "1658963286881", "position": {"x": 307, "y": 509}}, {"event_name": "mouseout", "timestamp": "1658963286898", "position": {"x": 491, "y": 92}}, {"event_name": "mouseover", "timestamp": "1658963286898", "position": {"x": 491, "y": 92}}, {"event_name": "mousemove", "timestamp": "1658963286898", "position": {"x": 491, "y": 92}}, {"event_name": "mouseout", "timestamp": "1658963286912", "position": {"x": 405, "y": 562}}, {"event_name": "mouseover", "timestamp": "1658963286912", "position": {"x": 405, "y": 562}}, {"event_name": "mousemove", "timestamp": "1658963286912", "position": {"x": 405, "y": 562}}, {"event_name": "mouseout", "timestamp": "1658963286928", "position": {"x": 1460, "y": 881}}, {"event_name": "mouseover", "timestamp": "1658963286978", "position": {"x": 427, "y": 572}}, {"event_name": "mousemove", "timestamp": "1658963286978", "position": {"x": 427, "y": 572}}, {"event_name": "mouseout", "timestamp": "1658963286995", "position": {"x": 7, "y": 894}}, {"event_name": "mouseover", "timestamp": "1658963287011", "position": {"x": 95, "y": 384}}, {"event_name": "mousemove", "timestamp": "1658963287012", "position": {"x": 95, "y": 384}}, {"event_name": "mouseout", "timestamp": "1658963287028", "position": {"x": 1527, "y": 251}}, {"event_name": "mouseover", "timestamp": "1658963287045", "position": {"x": 179, "y": 358}}, {"event_name": "mousemove", "timestamp": "1658963287045", "position": {"x": 179, "y": 358}}, {"event_name": "mouseout", "timestamp": "1658963287062", "position": {"x": 418, "y": 548}}, {"event_name": "mouseover", "timestamp": "1658963287063", "position": {"x": 418, "y": 548}}, {"event_name": "mousemove", "timestamp": "1658963287063", "position": {"x": 418, "y": 548}}, {"event_name": "mouseout", "timestamp": "1658963287079", "position": {"x": 179, "y": 574}}, {"event_name": "mouseover", "timestamp": "1658963287079", "position": {"x": 179, "y": 574}}, {"event_name": "mousemove", "timestamp": "1658963287080", "position": {"x": 179, "y": 574}}, {"event_name": "mouseout", "timestamp": "1658963287096", "position": {"x": 1539, "y": 546}}, {"event_name": "mouseover", "timestamp": "1658963287129", "position": {"x": 527, "y": 83}}, {"event_name": "mousemove", "timestamp": "1658963287129", "position": {"x": 527, "y": 83}}, {"event_name": "mouseout", "timestamp": "1658963287146", "position": {"x": 475, "y": 10}}, {"event_name": "mouseover", "timestamp": "1658963287146", "position": {"x": 475, "y": 10}}, {"event_name": "mousemove", "timestamp": "1658963287147", "position": {"x": 475, "y": 10}}, {"event_name": "mouseout", "timestamp": "1658963287174", "position": {"x": 419, "y": 745}}, {"event_name": "mouseover", "timestamp": "1658963287196", "position": {"x": 55, "y": 564}}, {"event_name": "mousemove", "timestamp": "1658963287197", "position": {"x": 55, "y": 564}}, {"event_name": "mouseout", "timestamp": "1658963287213", "position": {"x": 284, "y": 192}}, {"event_name": "mouseover", "timestamp": "1658963287214", "position": {"x": 284, "y": 192}}, {"event_name": "mousemove", "timestamp": "1658963287214", "position": {"x": 284, "y": 192}}, {"event_name": "mouseout", "timestamp": "1658963287230", "position": {"x": 503, "y": 242}}, {"event_name": "mouseover", "timestamp": "1658963287230", "position": {"x": 503, "y": 242}}, {"event_name": "mousemove", "timestamp": "1658963287231", "position": {"x": 503, "y": 242}}, {"event_name": "mouseout", "timestamp": "1658963287246", "position": {"x": 1511, "y": 226}}, {"event_name": "mouseover", "timestamp": "1658963287278", "position": {"x": 303, "y": 347}}, {"event_name": "mousemove", "timestamp": "1658963287278", "position": {"x": 303, "y": 347}}, {"event_name": "mouseout", "timestamp": "1658963287295", "position": {"x": 956, "y": 4}}, {"event_name": "mouseover", "timestamp": "1658963287312", "position": {"x": 271, "y": 476}}, {"event_name": "mousemove", "timestamp": "1658963287312", "position": {"x": 271, "y": 476}}, {"event_name": "mouseout", "timestamp": "1658963287328", "position": {"x": 126, "y": 865}}, {"event_name": "mouseover", "timestamp": "1658963287562", "position": {"x": 277, "y": 380}}, {"event_name": "mousemove", "timestamp": "1658963287562", "position": {"x": 277, "y": 380}}, {"event_name": "mouseout", "timestamp": "1658963287578", "position": {"x": 367, "y": 668}}, {"event_name": "mouseover", "timestamp": "1658963287681", "position": {"x": 444, "y": 63}}, {"event_name": "mousemove", "timestamp": "1658963287681", "position": {"x": 444, "y": 63}}, {"event_name": "mouseout", "timestamp": "1658963287695", "position": {"x": 1318, "y": 201}}, {"event_name": "mouseover", "timestamp": "1658963287728", "position": {"x": 731, "y": 460}}, {"event_name": "mousemove", "timestamp": "1658963287728", "position": {"x": 731, "y": 460}}, {"event_name": "mouseout", "timestamp": "1658963287745", "position": {"x": 1368, "y": 704}}, {"event_name": "mouseover", "timestamp": "1658963287761", "position": {"x": 183, "y": 301}}, {"event_name": "mousemove", "timestamp": "1658963287761", "position": {"x": 183, "y": 301}}, {"event_name": "mouseout", "timestamp": "1658963287778", "position": {"x": 1638, "y": 625}}, {"event_name": "mouseover", "timestamp": "1658963287846", "position": {"x": 328, "y": 397}}, {"event_name": "mousemove", "timestamp": "1658963287847", "position": {"x": 328, "y": 397}}, {"event_name": "mouseout", "timestamp": "1658963287862", "position": {"x": 1396, "y": 224}}, {"event_name": "mouseover", "timestamp": "1658963287896", "position": {"x": 441, "y": 16}}, {"event_name": "mousemove", "timestamp": "1658963287896", "position": {"x": 441, "y": 16}}, {"event_name": "mouseout", "timestamp": "1658963287913", "position": {"x": 1657, "y": 178}}, {"event_name": "mouseover", "timestamp": "1658963287945", "position": {"x": 181, "y": 239}}, {"event_name": "mousemove", "timestamp": "1658963287945", "position": {"x": 181, "y": 239}}, {"event_name": "mouseout", "timestamp": "1658963287962", "position": {"x": 1278, "y": 491}}, {"event_name": "mouseover", "timestamp": "1658963288061", "position": {"x": 501, "y": 92}}, {"event_name": "mousemove", "timestamp": "1658963288061", "position": {"x": 501, "y": 92}}, {"event_name": "mouseout", "timestamp": "1658963288078", "position": {"x": 1375, "y": 791}}, {"event_name": "mouseover", "timestamp": "1658963288162", "position": {"x": 172, "y": 468}}, {"event_name": "mousemove", "timestamp": "1658963288162", "position": {"x": 172, "y": 468}}, {"event_name": "mouseout", "timestamp": "1658963288179", "position": {"x": 657, "y": 155}}, {"event_name": "mouseover", "timestamp": "1658963288179", "position": {"x": 657, "y": 155}}, {"event_name": "mousemove", "timestamp": "1658963288179", "position": {"x": 657, "y": 155}}, {"event_name": "mouseout", "timestamp": "1658963288195", "position": {"x": 151, "y": 349}}, {"event_name": "mouseover", "timestamp": "1658963288195", "position": {"x": 151, "y": 349}}, {"event_name": "mousemove", "timestamp": "1658963288195", "position": {"x": 151, "y": 349}}, {"event_name": "mouseout", "timestamp": "1658963288212", "position": {"x": 1193, "y": 415}}, {"event_name": "mouseover", "timestamp": "1658963288412", "position": {"x": 248, "y": 270}}, {"event_name": "mousemove", "timestamp": "1658963288412", "position": {"x": 248, "y": 270}}, {"event_name": "mouseout", "timestamp": "1658963288428", "position": {"x": 502, "y": 303}}, {"event_name": "mouseover", "timestamp": "1658963288428", "position": {"x": 502, "y": 303}}, {"event_name": "mousemove", "timestamp": "1658963288428", "position": {"x": 502, "y": 303}}, {"event_name": "mouseout", "timestamp": "1658963288445", "position": {"x": 399, "y": 787}}, {"event_name": "mouseover", "timestamp": "1658963288511", "position": {"x": 770, "y": 401}}, {"event_name": "mousemove", "timestamp": "1658963288511", "position": {"x": 770, "y": 401}}, {"event_name": "mouseout", "timestamp": "1658963288528", "position": {"x": 1761, "y": 587}}, {"event_name": "mouseover", "timestamp": "1658963288561", "position": {"x": 490, "y": 266}}, {"event_name": "mousemove", "timestamp": "1658963288561", "position": {"x": 490, "y": 266}}, {"event_name": "mouseout", "timestamp": "1658963288578", "position": {"x": 1587, "y": 861}}, {"event_name": "mouseover", "timestamp": "1658963288611", "position": {"x": 690, "y": 346}}, {"event_name": "mousemove", "timestamp": "1658963288611", "position": {"x": 690, "y": 346}}, {"event_name": "mouseout", "timestamp": "1658963288629", "position": {"x": 1543, "y": 819}}, {"event_name": "mouseover", "timestamp": "1658963288678", "position": {"x": 376, "y": 179}}, {"event_name": "mousemove", "timestamp": "1658963288678", "position": {"x": 376, "y": 179}}, {"event_name": "mouseout", "timestamp": "1658963288695", "position": {"x": 1069, "y": 532}}, {"event_name": "mouseover", "timestamp": "1658963288712", "position": {"x": 649, "y": 590}}, {"event_name": "mousemove", "timestamp": "1658963288712", "position": {"x": 649, "y": 590}}, {"event_name": "mouseout", "timestamp": "1658963288728", "position": {"x": 212, "y": 847}}, {"event_name": "mouseover", "timestamp": "1658963288862", "position": {"x": 666, "y": 327}}, {"event_name": "mousemove", "timestamp": "1658963288862", "position": {"x": 666, "y": 327}}, {"event_name": "mouseout", "timestamp": "1658963288878", "position": {"x": 1544, "y": 809}}, {"event_name": "mouseover", "timestamp": "1658963288913", "position": {"x": 285, "y": 8}}, {"event_name": "mousemove", "timestamp": "1658963288913", "position": {"x": 285, "y": 8}}, {"event_name": "mouseout", "timestamp": "1658963288930", "position": {"x": 457, "y": 863}}, {"event_name": "mouseover", "timestamp": "1658963288994", "position": {"x": 680, "y": 409}}, {"event_name": "mousemove", "timestamp": "1658963288995", "position": {"x": 680, "y": 409}}, {"event_name": "mouseout", "timestamp": "1658963289011", "position": {"x": 1417, "y": 205}}, {"event_name": "mouseover", "timestamp": "1658963289129", "position": {"x": 124, "y": 538}}, {"event_name": "mousemove", "timestamp": "1658963289129", "position": {"x": 124, "y": 538}}, {"event_name": "mouseout", "timestamp": "1658963289146", "position": {"x": 1077, "y": 83}}, {"event_name": "mouseover", "timestamp": "1658963289162", "position": {"x": 735, "y": 259}}, {"event_name": "mousemove", "timestamp": "1658963289162", "position": {"x": 735, "y": 259}}, {"event_name": "mouseout", "timestamp": "1658963289180", "position": {"x": 841, "y": 177}}, {"event_name": "mouseover", "timestamp": "1658963289247", "position": {"x": 55, "y": 280}}, {"event_name": "mousemove", "timestamp": "1658963289248", "position": {"x": 55, "y": 280}}, {"event_name": "mouseout", "timestamp": "1658963289263", "position": {"x": 418, "y": 47}}, {"event_name": "mouseover", "timestamp": "1658963289263", "position": {"x": 418, "y": 47}}, {"event_name": "mousemove", "timestamp": "1658963289264", "position": {"x": 418, "y": 47}}, {"event_name": "mouseout", "timestamp": "1658963289282", "position": {"x": 641, "y": 425}}, {"event_name": "mouseover", "timestamp": "1658963289282", "position": {"x": 641, "y": 425}}, {"event_name": "mousemove", "timestamp": "1658963289282", "position": {"x": 641, "y": 425}}, {"event_name": "mouseout", "timestamp": "1658963289295", "position": {"x": 1452, "y": 804}}, {"event_name": "mouseover", "timestamp": "1658963289411", "position": {"x": 543, "y": 417}}, {"event_name": "mousemove", "timestamp": "1658963289411", "position": {"x": 543, "y": 417}}, {"event_name": "mouseout", "timestamp": "1658963289428", "position": {"x": 1574, "y": 77}}, {"event_name": "mouseover", "timestamp": "1658963289511", "position": {"x": 698, "y": 404}}, {"event_name": "mousemove", "timestamp": "1658963289512", "position": {"x": 698, "y": 404}}, {"event_name": "mousemove", "timestamp": "1658963289529", "position": {"x": 636, "y": 303}}, {"event_name": "mouseout", "timestamp": "1658963289546", "position": {"x": 1131, "y": 183}}, {"event_name": "mouseover", "timestamp": "1658963289562", "position": {"x": 283, "y": 380}}, {"event_name": "mousemove", "timestamp": "1658963289562", "position": {"x": 283, "y": 380}}, {"event_name": "mouseout", "timestamp": "1658963289580", "position": {"x": 90, "y": 136}}, {"event_name": "mouseover", "timestamp": "1658963289580", "position": {"x": 90, "y": 136}}, {"event_name": "mousemove", "timestamp": "1658963289580", "position": {"x": 90, "y": 136}}, {"event_name": "mouseout", "timestamp": "1658963289595", "position": {"x": 904, "y": 685}}, {"event_name": "mouseover", "timestamp": "1658963289669", "position": {"x": 725, "y": 283}}, {"event_name": "mousemove", "timestamp": "1658963289670", "position": {"x": 725, "y": 283}}, {"event_name": "mouseout", "timestamp": "1658963289678", "position": {"x": 518, "y": 161}}, {"event_name": "mouseover", "timestamp": "1658963289679", "position": {"x": 518, "y": 161}}, {"event_name": "mousemove", "timestamp": "1658963289679", "position": {"x": 518, "y": 161}}, {"event_name": "mouseout", "timestamp": "1658963289694", "position": {"x": 406, "y": 600}}, {"event_name": "mouseover", "timestamp": "1658963289712", "position": {"x": 74, "y": 383}}, {"event_name": "mousemove", "timestamp": "1658963289712", "position": {"x": 74, "y": 383}}, {"event_name": "mouseout", "timestamp": "1658963289729", "position": {"x": 1247, "y": 584}}, {"event_name": "mouseover", "timestamp": "1658963289744", "position": {"x": 274, "y": 385}}, {"event_name": "mousemove", "timestamp": "1658963289744", "position": {"x": 274, "y": 385}}, {"event_name": "mouseout", "timestamp": "1658963289761", "position": {"x": 1485, "y": 291}}, {"event_name": "mouseover", "timestamp": "1658963289778", "position": {"x": 717, "y": 381}}, {"event_name": "mousemove", "timestamp": "1658963289779", "position": {"x": 717, "y": 381}}, {"event_name": "mouseout", "timestamp": "1658963289798", "position": {"x": 917, "y": 241}}, {"event_name": "mouseover", "timestamp": "1658963289828", "position": {"x": 512, "y": 422}}, {"event_name": "mousemove", "timestamp": "1658963289829", "position": {"x": 512, "y": 422}}, {"event_name": "mouseout", "timestamp": "1658963289846", "position": {"x": 1290, "y": 735}}, {"event_name": "mouseover", "timestamp": "1658963289881", "position": {"x": 181, "y": 365}}, {"event_name": "mousemove", "timestamp": "1658963289881", "position": {"x": 181, "y": 365}}, {"event_name": "mousemove", "timestamp": "1658963289895", "position": {"x": 652, "y": 539}}, {"event_name": "mouseout", "timestamp": "1658963289912", "position": {"x": 1356, "y": 287}}, {"event_name": "mouseover", "timestamp": "1658963290029", "position": {"x": 777, "y": 48}}, {"event_name": "mousemove", "timestamp": "1658963290029", "position": {"x": 777, "y": 48}}, {"event_name": "mouseout", "timestamp": "1658963290044", "position": {"x": 491, "y": 661}}, {"event_name": "mouseover", "timestamp": "1658963290111", "position": {"x": 483, "y": 171}}, {"event_name": "mousemove", "timestamp": "1658963290111", "position": {"x": 483, "y": 171}}, {"event_name": "mouseout", "timestamp": "1658963290128", "position": {"x": 58, "y": 671}}, {"event_name": "mouseover", "timestamp": "1658963290162", "position": {"x": 424, "y": 8}}, {"event_name": "mousemove", "timestamp": "1658963290162", "position": {"x": 424, "y": 8}}, {"event_name": "mouseout", "timestamp": "1658963290178", "position": {"x": 1273, "y": 621}}, {"event_name": "mouseover", "timestamp": "1658963290195", "position": {"x": 179, "y": 190}}, {"event_name": "mousemove", "timestamp": "1658963290195", "position": {"x": 179, "y": 190}}, {"event_name": "mouseout", "timestamp": "1658963290212", "position": {"x": 961, "y": 606}}, {"event_name": "mouseover", "timestamp": "1658963290229", "position": {"x": 268, "y": 465}}, {"event_name": "mousemove", "timestamp": "1658963290229", "position": {"x": 268, "y": 465}}, {"event_name": "mouseout", "timestamp": "1658963290246", "position": {"x": 520, "y": 874}}, {"event_name": "mouseover", "timestamp": "1658963290262", "position": {"x": 427, "y": 92}}, {"event_name": "mousemove", "timestamp": "1658963290263", "position": {"x": 427, "y": 92}}, {"event_name": "mouseout", "timestamp": "1658963290281", "position": {"x": 712, "y": 126}}, {"event_name": "mouseover", "timestamp": "1658963290281", "position": {"x": 712, "y": 126}}, {"event_name": "mousemove", "timestamp": "1658963290281", "position": {"x": 712, "y": 126}}, {"event_name": "mouseout", "timestamp": "1658963290295", "position": {"x": 247, "y": 6}}, {"event_name": "mouseover", "timestamp": "1658963290295", "position": {"x": 247, "y": 6}}, {"event_name": "mousemove", "timestamp": "1658963290295", "position": {"x": 247, "y": 6}}, {"event_name": "mouseout", "timestamp": "1658963290311", "position": {"x": 1221, "y": 513}}, {"event_name": "mouseover", "timestamp": "1658963290380", "position": {"x": 65, "y": 156}}, {"event_name": "mousemove", "timestamp": "1658963290380", "position": {"x": 65, "y": 156}}, {"event_name": "mouseout", "timestamp": "1658963290397", "position": {"x": 666, "y": 815}}, {"event_name": "mouseover", "timestamp": "1658963290428", "position": {"x": 34, "y": 106}}, {"event_name": "mousemove", "timestamp": "1658963290429", "position": {"x": 34, "y": 106}}, {"event_name": "mouseout", "timestamp": "1658963290445", "position": {"x": 927, "y": 439}}, {"event_name": "mouseover", "timestamp": "1658963290662", "position": {"x": 226, "y": 122}}, {"event_name": "mousemove", "timestamp": "1658963290662", "position": {"x": 226, "y": 122}}, {"event_name": "mouseout", "timestamp": "1658963290679", "position": {"x": 1059, "y": 823}}, {"event_name": "mouseover", "timestamp": "1658963290695", "position": {"x": 102, "y": 487}}, {"event_name": "mousemove", "timestamp": "1658963290695", "position": {"x": 102, "y": 487}}, {"event_name": "mouseout", "timestamp": "1658963290712", "position": {"x": 593, "y": 401}}, {"event_name": "mouseover", "timestamp": "1658963290712", "position": {"x": 593, "y": 401}}, {"event_name": "mousemove", "timestamp": "1658963290713", "position": {"x": 593, "y": 401}}, {"event_name": "mouseout", "timestamp": "1658963290728", "position": {"x": 1430, "y": 135}}, {"event_name": "mouseover", "timestamp": "1658963290762", "position": {"x": 767, "y": 196}}, {"event_name": "mousemove", "timestamp": "1658963290763", "position": {"x": 767, "y": 196}}, {"event_name": "mouseout", "timestamp": "1658963290779", "position": {"x": 646, "y": 157}}, {"event_name": "mouseover", "timestamp": "1658963290779", "position": {"x": 646, "y": 157}}, {"event_name": "mousemove", "timestamp": "1658963290779", "position": {"x": 646, "y": 157}}, {"event_name": "mouseout", "timestamp": "1658963290796", "position": {"x": 1340, "y": 868}}, {"event_name": "mouseover", "timestamp": "1658963290830", "position": {"x": 471, "y": 530}}, {"event_name": "mousemove", "timestamp": "1658963290830", "position": {"x": 471, "y": 530}}, {"event_name": "mouseout", "timestamp": "1658963290845", "position": {"x": 1548, "y": 2}}, {"event_name": "mouseover", "timestamp": "1658963290944", "position": {"x": 418, "y": 93}}, {"event_name": "mousemove", "timestamp": "1658963290945", "position": {"x": 418, "y": 93}}, {"event_name": "mouseout", "timestamp": "1658963290961", "position": {"x": 1424, "y": 635}}, {"event_name": "mouseover", "timestamp": "1658963290995", "position": {"x": 93, "y": 158}}, {"event_name": "mousemove", "timestamp": "1658963290995", "position": {"x": 93, "y": 158}}, {"event_name": "mouseout", "timestamp": "1658963291012", "position": {"x": 253, "y": 800}}, {"event_name": "mouseover", "timestamp": "1658963291062", "position": {"x": 20, "y": 551}}, {"event_name": "mousemove", "timestamp": "1658963291062", "position": {"x": 20, "y": 551}}, {"event_name": "mouseout", "timestamp": "1658963291077", "position": {"x": 551, "y": 107}}, {"event_name": "mouseover", "timestamp": "1658963291078", "position": {"x": 551, "y": 107}}, {"event_name": "mousemove", "timestamp": "1658963291078", "position": {"x": 551, "y": 107}}, {"event_name": "mouseout", "timestamp": "1658963291095", "position": {"x": 1179, "y": 86}}, {"event_name": "mouseover", "timestamp": "1658963291130", "position": {"x": 409, "y": 173}}, {"event_name": "mousemove", "timestamp": "1658963291130", "position": {"x": 409, "y": 173}}, {"event_name": "mouseout", "timestamp": "1658963291149", "position": {"x": 611, "y": 296}}, {"event_name": "mouseover", "timestamp": "1658963291149", "position": {"x": 611, "y": 296}}, {"event_name": "mousemove", "timestamp": "1658963291149", "position": {"x": 611, "y": 296}}, {"event_name": "mouseout", "timestamp": "1658963291162", "position": {"x": 949, "y": 790}}, {"event_name": "mouseover", "timestamp": "1658963291214", "position": {"x": 355, "y": 425}}, {"event_name": "mousemove", "timestamp": "1658963291214", "position": {"x": 355, "y": 425}}, {"event_name": "mousemove", "timestamp": "1658963291228", "position": {"x": 293, "y": 450}}, {"event_name": "mouseout", "timestamp": "1658963291246", "position": {"x": 915, "y": 128}}, {"event_name": "mouseover", "timestamp": "1658963291295", "position": {"x": 486, "y": 376}}, {"event_name": "mousemove", "timestamp": "1658963291295", "position": {"x": 486, "y": 376}}, {"event_name": "mouseout", "timestamp": "1658963291312", "position": {"x": 409, "y": 792}}, {"event_name": "mouseover", "timestamp": "1658963291412", "position": {"x": 752, "y": 170}}, {"event_name": "mousemove", "timestamp": "1658963291412", "position": {"x": 752, "y": 170}}, {"event_name": "mouseout", "timestamp": "1658963291429", "position": {"x": 815, "y": 402}}, {"event_name": "mouseover", "timestamp": "1658963291462", "position": {"x": 484, "y": 316}}, {"event_name": "mousemove", "timestamp": "1658963291462", "position": {"x": 484, "y": 316}}, {"event_name": "mouseout", "timestamp": "1658963291478", "position": {"x": 685, "y": 200}}, {"event_name": "mouseover", "timestamp": "1658963291479", "position": {"x": 685, "y": 200}}, {"event_name": "mousemove", "timestamp": "1658963291479", "position": {"x": 685, "y": 200}}, {"event_name": "mouseout", "timestamp": "1658963291496", "position": {"x": 1396, "y": 119}}, {"event_name": "mouseover", "timestamp": "1658963291529", "position": {"x": 282, "y": 73}}, {"event_name": "mousemove", "timestamp": "1658963291529", "position": {"x": 282, "y": 73}}, {"event_name": "mouseout", "timestamp": "1658963291546", "position": {"x": 1333, "y": 211}}, {"event_name": "mouseover", "timestamp": "1658963291695", "position": {"x": 396, "y": 10}}, {"event_name": "mousemove", "timestamp": "1658963291696", "position": {"x": 396, "y": 10}}, {"event_name": "mouseout", "timestamp": "1658963291712", "position": {"x": 650, "y": 218}}, {"event_name": "mouseover", "timestamp": "1658963291714", "position": {"x": 650, "y": 218}}, {"event_name": "mousemove", "timestamp": "1658963291714", "position": {"x": 650, "y": 218}}, {"event_name": "mouseout", "timestamp": "1658963291728", "position": {"x": 458, "y": 297}}, {"event_name": "mouseover", "timestamp": "1658963291729", "position": {"x": 458, "y": 297}}, {"event_name": "mousemove", "timestamp": "1658963291729", "position": {"x": 458, "y": 297}}, {"event_name": "mouseout", "timestamp": "1658963291750", "position": {"x": 106, "y": 398}}, {"event_name": "mouseover", "timestamp": "1658963291750", "position": {"x": 106, "y": 398}}, {"event_name": "mousemove", "timestamp": "1658963291750", "position": {"x": 106, "y": 398}}, {"event_name": "mouseout", "timestamp": "1658963291764", "position": {"x": 586, "y": 733}}, {"event_name": "mouseover", "timestamp": "1658963291779", "position": {"x": 158, "y": 78}}, {"event_name": "mousemove", "timestamp": "1658963291779", "position": {"x": 158, "y": 78}}, {"event_name": "mouseout", "timestamp": "1658963291795", "position": {"x": 182, "y": 287}}, {"event_name": "mouseover", "timestamp": "1658963291796", "position": {"x": 182, "y": 287}}, {"event_name": "mousemove", "timestamp": "1658963291796", "position": {"x": 182, "y": 287}}, {"event_name": "mousemove", "timestamp": "1658963291812", "position": {"x": 751, "y": 303}}, {"event_name": "mouseout", "timestamp": "1658963291828", "position": {"x": 155, "y": 412}}, {"event_name": "mouseover", "timestamp": "1658963291828", "position": {"x": 155, "y": 412}}, {"event_name": "mousemove", "timestamp": "1658963291829", "position": {"x": 155, "y": 412}}, {"event_name": "mouseout", "timestamp": "1658963291845", "position": {"x": 577, "y": 347}}, {"event_name": "mouseover", "timestamp": "1658963291845", "position": {"x": 577, "y": 347}}, {"event_name": "mousemove", "timestamp": "1658963291845", "position": {"x": 577, "y": 347}}, {"event_name": "mouseout", "timestamp": "1658963291862", "position": {"x": 665, "y": 488}}, {"event_name": "mouseover", "timestamp": "1658963291863", "position": {"x": 665, "y": 488}}, {"event_name": "mousemove", "timestamp": "1658963291863", "position": {"x": 665, "y": 488}}, {"event_name": "mousemove", "timestamp": "1658963291880", "position": {"x": 636, "y": 589}}, {"event_name": "mousemove", "timestamp": "1658963291896", "position": {"x": 720, "y": 548}}, {"event_name": "mouseout", "timestamp": "1658963291912", "position": {"x": 1559, "y": 769}}, {"event_name": "mouseover", "timestamp": "1658963291994", "position": {"x": 527, "y": 328}}, {"event_name": "mousemove", "timestamp": "1658963291995", "position": {"x": 527, "y": 328}}, {"event_name": "mouseout", "timestamp": "1658963292011", "position": {"x": 480, "y": 662}}, {"event_name": "mouseover", "timestamp": "1658963292095", "position": {"x": 299, "y": 203}}, {"event_name": "mousemove", "timestamp": "1658963292095", "position": {"x": 299, "y": 203}}, {"event_name": "mouseout", "timestamp": "1658963292113", "position": {"x": 790, "y": 305}}, {"event_name": "mouseover", "timestamp": "1658963292113", "position": {"x": 790, "y": 305}}, {"event_name": "mousemove", "timestamp": "1658963292114", "position": {"x": 790, "y": 305}}, {"event_name": "mouseout", "timestamp": "1658963292128", "position": {"x": 1258, "y": 425}}, {"event_name": "mouseover", "timestamp": "1658963292180", "position": {"x": 499, "y": 522}}, {"event_name": "mousemove", "timestamp": "1658963292180", "position": {"x": 499, "y": 522}}, {"event_name": "mouseout", "timestamp": "1658963292195", "position": {"x": 1071, "y": 613}}, {"event_name": "mouseover", "timestamp": "1658963292212", "position": {"x": 632, "y": 132}}, {"event_name": "mousemove", "timestamp": "1658963292214", "position": {"x": 632, "y": 132}}, {"event_name": "mouseout", "timestamp": "1658963292229", "position": {"x": 1574, "y": 389}}, {"event_name": "mouseover", "timestamp": "1658963292295", "position": {"x": 703, "y": 593}}, {"event_name": "mousemove", "timestamp": "1658963292296", "position": {"x": 703, "y": 593}}, {"event_name": "mouseout", "timestamp": "1658963292314", "position": {"x": 1674, "y": 37}}, {"event_name": "mouseover", "timestamp": "1658963292345", "position": {"x": 551, "y": 54}}, {"event_name": "mousemove", "timestamp": "1658963292346", "position": {"x": 551, "y": 54}}, {"event_name": "mouseout", "timestamp": "1658963292365", "position": {"x": 743, "y": 225}}, {"event_name": "mouseover", "timestamp": "1658963292365", "position": {"x": 743, "y": 225}}, {"event_name": "mousemove", "timestamp": "1658963292365", "position": {"x": 743, "y": 225}}, {"event_name": "mouseout", "timestamp": "1658963292378", "position": {"x": 1607, "y": 587}}, {"event_name": "mouseover", "timestamp": "1658963292430", "position": {"x": 537, "y": 526}}, {"event_name": "mousemove", "timestamp": "1658963292430", "position": {"x": 537, "y": 526}}, {"event_name": "mouseout", "timestamp": "1658963292446", "position": {"x": 735, "y": 579}}, {"event_name": "mouseover", "timestamp": "1658963292446", "position": {"x": 735, "y": 579}}, {"event_name": "mousemove", "timestamp": "1658963292446", "position": {"x": 735, "y": 579}}, {"event_name": "mouseout", "timestamp": "1658963292461", "position": {"x": 824, "y": 65}}, {"event_name": "mouseover", "timestamp": "1658963292478", "position": {"x": 240, "y": 276}}, {"event_name": "mousemove", "timestamp": "1658963292479", "position": {"x": 240, "y": 276}}, {"event_name": "mouseout", "timestamp": "1658963292495", "position": {"x": 568, "y": 206}}, {"event_name": "mouseover", "timestamp": "1658963292496", "position": {"x": 568, "y": 206}}, {"event_name": "mousemove", "timestamp": "1658963292496", "position": {"x": 568, "y": 206}}, {"event_name": "mouseout", "timestamp": "1658963292512", "position": {"x": 1160, "y": 494}}, {"event_name": "mouseover", "timestamp": "1658963292530", "position": {"x": 772, "y": 206}}, {"event_name": "mousemove", "timestamp": "1658963292530", "position": {"x": 772, "y": 206}}, {"event_name": "mouseout", "timestamp": "1658963292545", "position": {"x": 54, "y": 671}}, {"event_name": "mouseover", "timestamp": "1658963292579", "position": {"x": 600, "y": 190}}, {"event_name": "mousemove", "timestamp": "1658963292580", "position": {"x": 600, "y": 190}}, {"event_name": "mouseout", "timestamp": "1658963292595", "position": {"x": 293, "y": 455}}, {"event_name": "mouseover", "timestamp": "1658963292596", "position": {"x": 293, "y": 455}}, {"event_name": "mousemove", "timestamp": "1658963292596", "position": {"x": 293, "y": 455}}, {"event_name": "mouseout", "timestamp": "1658963292612", "position": {"x": 1431, "y": 582}}, {"event_name": "mouseover", "timestamp": "1658963292696", "position": {"x": 75, "y": 449}}, {"event_name": "mousemove", "timestamp": "1658963292696", "position": {"x": 75, "y": 449}}, {"event_name": "mouseout", "timestamp": "1658963292713", "position": {"x": 595, "y": 855}}, {"event_name": "mouseover", "timestamp": "1658963292795", "position": {"x": 83, "y": 497}}, {"event_name": "mousemove", "timestamp": "1658963292795", "position": {"x": 83, "y": 497}}, {"event_name": "mouseout", "timestamp": "1658963292812", "position": {"x": 678, "y": 413}}, {"event_name": "mouseover", "timestamp": "1658963292813", "position": {"x": 678, "y": 413}}, {"event_name": "mousemove", "timestamp": "1658963292813", "position": {"x": 678, "y": 413}}, {"event_name": "mouseout", "timestamp": "1658963292828", "position": {"x": 381, "y": 406}}, {"event_name": "mouseover", "timestamp": "1658963292829", "position": {"x": 381, "y": 406}}, {"event_name": "mousemove", "timestamp": "1658963292829", "position": {"x": 381, "y": 406}}, {"event_name": "mousemove", "timestamp": "1658963292846", "position": {"x": 336, "y": 326}}, {"event_name": "mouseout", "timestamp": "1658963292864", "position": {"x": 1385, "y": 605}}, {"event_name": "mouseover", "timestamp": "1658963293078", "position": {"x": 46, "y": 594}}, {"event_name": "mousemove", "timestamp": "1658963293078", "position": {"x": 46, "y": 594}}, {"event_name": "mouseout", "timestamp": "1658963293094", "position": {"x": 1794, "y": 219}}, {"event_name": "mouseover", "timestamp": "1658963293111", "position": {"x": 108, "y": 3}}, {"event_name": "mousemove", "timestamp": "1658963293112", "position": {"x": 108, "y": 3}}, {"event_name": "mouseout", "timestamp": "1658963293128", "position": {"x": 952, "y": 22}}, {"event_name": "mouseover", "timestamp": "1658963293178", "position": {"x": 3, "y": 215}}, {"event_name": "mousemove", "timestamp": "1658963293178", "position": {"x": 3, "y": 215}}, {"event_name": "mouseout", "timestamp": "1658963293195", "position": {"x": 338, "y": 644}}, {"event_name": "mouseover", "timestamp": "1658963293278", "position": {"x": 752, "y": 196}}, {"event_name": "mousemove", "timestamp": "1658963293278", "position": {"x": 752, "y": 196}}, {"event_name": "mouseout", "timestamp": "1658963293295", "position": {"x": 261, "y": 715}}, {"event_name": "mouseover", "timestamp": "1658963293311", "position": {"x": 509, "y": 166}}, {"event_name": "mousemove", "timestamp": "1658963293311", "position": {"x": 509, "y": 166}}, {"event_name": "mouseout", "timestamp": "1658963293329", "position": {"x": 1720, "y": 598}}, {"event_name": "mouseover", "timestamp": "1658963293345", "position": {"x": 59, "y": 130}}, {"event_name": "mousemove", "timestamp": "1658963293345", "position": {"x": 59, "y": 130}}, {"event_name": "mouseout", "timestamp": "1658963293362", "position": {"x": 178, "y": 263}}, {"event_name": "mouseover", "timestamp": "1658963293362", "position": {"x": 178, "y": 263}}, {"event_name": "mousemove", "timestamp": "1658963293362", "position": {"x": 178, "y": 263}}, {"event_name": "mouseout", "timestamp": "1658963293379", "position": {"x": 819, "y": 806}}, {"event_name": "mouseover", "timestamp": "1658963293411", "position": {"x": 7, "y": 349}}, {"event_name": "mousemove", "timestamp": "1658963293411", "position": {"x": 7, "y": 349}}, {"event_name": "mouseout", "timestamp": "1658963293428", "position": {"x": 633, "y": 351}}, {"event_name": "mouseover", "timestamp": "1658963293428", "position": {"x": 633, "y": 351}}, {"event_name": "mousemove", "timestamp": "1658963293428", "position": {"x": 633, "y": 351}}, {"event_name": "mouseout", "timestamp": "1658963293446", "position": {"x": 813, "y": 339}}, {"event_name": "mouseover", "timestamp": "1658963293478", "position": {"x": 744, "y": 359}}, {"event_name": "mousemove", "timestamp": "1658963293478", "position": {"x": 744, "y": 359}}, {"event_name": "mouseout", "timestamp": "1658963293494", "position": {"x": 1715, "y": 682}}, {"event_name": "mouseover", "timestamp": "1658963293562", "position": {"x": 75, "y": 21}}, {"event_name": "mousemove", "timestamp": "1658963293562", "position": {"x": 75, "y": 21}}, {"event_name": "mouseout", "timestamp": "1658963293579", "position": {"x": 797, "y": 356}}, {"event_name": "mouseover", "timestamp": "1658963293579", "position": {"x": 797, "y": 356}}, {"event_name": "mousemove", "timestamp": "1658963293579", "position": {"x": 797, "y": 356}}, {"event_name": "mouseout", "timestamp": "1658963293596", "position": {"x": 120, "y": 733}}, {"event_name": "mouseover", "timestamp": "1658963293746", "position": {"x": 481, "y": 239}}, {"event_name": "mousemove", "timestamp": "1658963293746", "position": {"x": 481, "y": 239}}, {"event_name": "mouseout", "timestamp": "1658963293761", "position": {"x": 239, "y": 249}}, {"event_name": "mouseover", "timestamp": "1658963293761", "position": {"x": 239, "y": 249}}, {"event_name": "mousemove", "timestamp": "1658963293761", "position": {"x": 239, "y": 249}}, {"event_name": "mouseout", "timestamp": "1658963293778", "position": {"x": 959, "y": 285}}, {"event_name": "mouseover", "timestamp": "1658963293861", "position": {"x": 285, "y": 417}}, {"event_name": "mousemove", "timestamp": "1658963293861", "position": {"x": 285, "y": 417}}, {"event_name": "mouseout", "timestamp": "1658963293878", "position": {"x": 1645, "y": 795}}, {"event_name": "mouseover", "timestamp": "1658963293928", "position": {"x": 344, "y": 147}}, {"event_name": "mousemove", "timestamp": "1658963293928", "position": {"x": 344, "y": 147}}, {"event_name": "mouseout", "timestamp": "1658963293945", "position": {"x": 1403, "y": 886}}, {"event_name": "mouseover", "timestamp": "1658963293994", "position": {"x": 623, "y": 525}}, {"event_name": "mousemove", "timestamp": "1658963293994", "position": {"x": 623, "y": 525}}, {"event_name": "mouseout", "timestamp": "1658963294011", "position": {"x": 1218, "y": 869}}, {"event_name": "mouseover", "timestamp": "1658963294044", "position": {"x": 625, "y": 180}}, {"event_name": "mousemove", "timestamp": "1658963294044", "position": {"x": 625, "y": 180}}, {"event_name": "mouseout", "timestamp": "1658963294061", "position": {"x": 1484, "y": 556}}, {"event_name": "mouseover", "timestamp": "1658963294128", "position": {"x": 775, "y": 195}}, {"event_name": "mousemove", "timestamp": "1658963294128", "position": {"x": 775, "y": 195}}, {"event_name": "mouseout", "timestamp": "1658963294145", "position": {"x": 1708, "y": 458}}, {"event_name": "mouseover", "timestamp": "1658963294211", "position": {"x": 149, "y": 330}}, {"event_name": "mousemove", "timestamp": "1658963294211", "position": {"x": 149, "y": 330}}, {"event_name": "mouseout", "timestamp": "1658963294228", "position": {"x": 942, "y": 363}}, {"event_name": "mouseover", "timestamp": "1658963294511", "position": {"x": 292, "y": 303}}, {"event_name": "mousemove", "timestamp": "1658963294512", "position": {"x": 292, "y": 303}}, {"event_name": "mouseout", "timestamp": "1658963294528", "position": {"x": 1168, "y": 342}}, {"event_name": "mouseover", "timestamp": "1658963294544", "position": {"x": 578, "y": 27}}, {"event_name": "mousemove", "timestamp": "1658963294545", "position": {"x": 578, "y": 27}}, {"event_name": "mouseout", "timestamp": "1658963294562", "position": {"x": 518, "y": 5}}, {"event_name": "mouseover", "timestamp": "1658963294562", "position": {"x": 518, "y": 5}}, {"event_name": "mousemove", "timestamp": "1658963294562", "position": {"x": 518, "y": 5}}, {"event_name": "mouseout", "timestamp": "1658963294578", "position": {"x": 1670, "y": 77}}, {"event_name": "mouseover", "timestamp": "1658963294646", "position": {"x": 101, "y": 186}}, {"event_name": "mousemove", "timestamp": "1658963294646", "position": {"x": 101, "y": 186}}, {"event_name": "mouseout", "timestamp": "1658963294662", "position": {"x": 37, "y": 374}}, {"event_name": "mouseover", "timestamp": "1658963294662", "position": {"x": 37, "y": 374}}, {"event_name": "mousemove", "timestamp": "1658963294662", "position": {"x": 37, "y": 374}}, {"event_name": "mouseout", "timestamp": "1658963294678", "position": {"x": 1413, "y": 49}}, {"event_name": "mouseover", "timestamp": "1658963294762", "position": {"x": 626, "y": 437}}, {"event_name": "mousemove", "timestamp": "1658963294762", "position": {"x": 626, "y": 437}}, {"event_name": "mouseout", "timestamp": "1658963294778", "position": {"x": 337, "y": 319}}, {"event_name": "mouseover", "timestamp": "1658963294778", "position": {"x": 337, "y": 319}}, {"event_name": "mousemove", "timestamp": "1658963294779", "position": {"x": 337, "y": 319}}, {"event_name": "mouseout", "timestamp": "1658963294795", "position": {"x": 68, "y": 65}}, {"event_name": "mouseover", "timestamp": "1658963294795", "position": {"x": 68, "y": 65}}, {"event_name": "mousemove", "timestamp": "1658963294795", "position": {"x": 68, "y": 65}}, {"event_name": "mouseout", "timestamp": "1658963294813", "position": {"x": 318, "y": 826}}, {"event_name": "mouseover", "timestamp": "1658963294945", "position": {"x": 655, "y": 39}}, {"event_name": "mousemove", "timestamp": "1658963294945", "position": {"x": 655, "y": 39}}, {"event_name": "mouseout", "timestamp": "1658963294962", "position": {"x": 868, "y": 47}}, {"event_name": "mouseover", "timestamp": "1658963294996", "position": {"x": 61, "y": 458}}, {"event_name": "mousemove", "timestamp": "1658963294996", "position": {"x": 61, "y": 458}}, {"event_name": "mouseout", "timestamp": "1658963295011", "position": {"x": 905, "y": 385}}, {"event_name": "mouseover", "timestamp": "1658963295028", "position": {"x": 790, "y": 235}}, {"event_name": "mousemove", "timestamp": "1658963295028", "position": {"x": 790, "y": 235}}, {"event_name": "mouseout", "timestamp": "1658963295045", "position": {"x": 1348, "y": 795}}, {"event_name": "mouseover", "timestamp": "1658963295278", "position": {"x": 597, "y": 119}}, {"event_name": "mousemove", "timestamp": "1658963295278", "position": {"x": 597, "y": 119}}, {"event_name": "mouseout", "timestamp": "1658963295295", "position": {"x": 1316, "y": 599}}, {"event_name": "mouseover", "timestamp": "1658963295346", "position": {"x": 175, "y": 68}}, {"event_name": "mousemove", "timestamp": "1658963295346", "position": {"x": 175, "y": 68}}, {"event_name": "mouseout", "timestamp": "1658963295362", "position": {"x": 320, "y": 225}}, {"event_name": "mouseover", "timestamp": "1658963295363", "position": {"x": 320, "y": 225}}, {"event_name": "mousemove", "timestamp": "1658963295363", "position": {"x": 320, "y": 225}}, {"event_name": "mouseout", "timestamp": "1658963295379", "position": {"x": 984, "y": 648}}, {"event_name": "mouseover", "timestamp": "1658963295412", "position": {"x": 85, "y": 509}}, {"event_name": "mousemove", "timestamp": "1658963295412", "position": {"x": 85, "y": 509}}, {"event_name": "mouseout", "timestamp": "1658963295428", "position": {"x": 989, "y": 285}}, {"event_name": "mouseover", "timestamp": "1658963295498", "position": {"x": 685, "y": 81}}, {"event_name": "mousemove", "timestamp": "1658963295498", "position": {"x": 685, "y": 81}}, {"event_name": "mouseout", "timestamp": "1658963295512", "position": {"x": 107, "y": 37}}, {"event_name": "mouseover", "timestamp": "1658963295512", "position": {"x": 107, "y": 37}}, {"event_name": "mousemove", "timestamp": "1658963295513", "position": {"x": 107, "y": 37}}, {"event_name": "mouseout", "timestamp": "1658963295528", "position": {"x": 1522, "y": 136}}, {"event_name": "mouseover", "timestamp": "1658963295561", "position": {"x": 429, "y": 352}}, {"event_name": "mousemove", "timestamp": "1658963295562", "position": {"x": 429, "y": 352}}, {"event_name": "mouseout", "timestamp": "1658963295578", "position": {"x": 1019, "y": 65}}, {"event_name": "mouseover", "timestamp": "1658963295595", "position": {"x": 784, "y": 139}}, {"event_name": "mousemove", "timestamp": "1658963295595", "position": {"x": 784, "y": 139}}, {"event_name": "mouseout", "timestamp": "1658963295612", "position": {"x": 279, "y": 166}}, {"event_name": "mouseover", "timestamp": "1658963295612", "position": {"x": 279, "y": 166}}, {"event_name": "mousemove", "timestamp": "1658963295612", "position": {"x": 279, "y": 166}}, {"event_name": "mouseout", "timestamp": "1658963295628", "position": {"x": 649, "y": 597}}, {"event_name": "mouseover", "timestamp": "1658963295628", "position": {"x": 649, "y": 597}}, {"event_name": "mousemove", "timestamp": "1658963295628", "position": {"x": 649, "y": 597}}, {"event_name": "mouseout", "timestamp": "1658963295645", "position": {"x": 1051, "y": 562}}, {"event_name": "mouseover", "timestamp": "1658963295695", "position": {"x": 182, "y": 568}}, {"event_name": "mousemove", "timestamp": "1658963295695", "position": {"x": 182, "y": 568}}, {"event_name": "mouseout", "timestamp": "1658963295715", "position": {"x": 631, "y": 252}}, {"event_name": "mouseover", "timestamp": "1658963295716", "position": {"x": 631, "y": 252}}, {"event_name": "mousemove", "timestamp": "1658963295716", "position": {"x": 631, "y": 252}}, {"event_name": "mouseout", "timestamp": "1658963295730", "position": {"x": 361, "y": 772}}, {"event_name": "mouseover", "timestamp": "1658963295763", "position": {"x": 0, "y": 302}}, {"event_name": "mousemove", "timestamp": "1658963295763", "position": {"x": 0, "y": 302}}, {"event_name": "mouseout", "timestamp": "1658963295778", "position": {"x": 1417, "y": 572}}, {"event_name": "mouseover", "timestamp": "1658963295895", "position": {"x": 365, "y": 402}}, {"event_name": "mousemove", "timestamp": "1658963295895", "position": {"x": 365, "y": 402}}, {"event_name": "mouseout", "timestamp": "1658963295911", "position": {"x": 1025, "y": 406}}, {"event_name": "mouseover", "timestamp": "1658963296079", "position": {"x": 530, "y": 273}}, {"event_name": "mousemove", "timestamp": "1658963296079", "position": {"x": 530, "y": 273}}, {"event_name": "mouseout", "timestamp": "1658963296095", "position": {"x": 1177, "y": 315}}, {"event_name": "mouseover", "timestamp": "1658963296129", "position": {"x": 551, "y": 120}}, {"event_name": "mousemove", "timestamp": "1658963296129", "position": {"x": 551, "y": 120}}, {"event_name": "mouseout", "timestamp": "1658963296144", "position": {"x": 920, "y": 546}}, {"event_name": "mouseover", "timestamp": "1658963296245", "position": {"x": 548, "y": 582}}, {"event_name": "mousemove", "timestamp": "1658963296245", "position": {"x": 548, "y": 582}}, {"event_name": "mouseout", "timestamp": "1658963296261", "position": {"x": 1355, "y": 348}}, {"event_name": "mouseover", "timestamp": "1658963296312", "position": {"x": 213, "y": 572}}, {"event_name": "mousemove", "timestamp": "1658963296312", "position": {"x": 213, "y": 572}}, {"event_name": "mouseout", "timestamp": "1658963296328", "position": {"x": 1340, "y": 127}}, {"event_name": "mouseover", "timestamp": "1658963296428", "position": {"x": 5, "y": 322}}, {"event_name": "mousemove", "timestamp": "1658963296429", "position": {"x": 5, "y": 322}}, {"event_name": "mouseout", "timestamp": "1658963296445", "position": {"x": 832, "y": 461}}, {"event_name": "mouseover", "timestamp": "1658963296478", "position": {"x": 228, "y": 189}}, {"event_name": "mousemove", "timestamp": "1658963296478", "position": {"x": 228, "y": 189}}, {"event_name": "mouseout", "timestamp": "1658963296495", "position": {"x": 1398, "y": 705}}, {"event_name": "mouseover", "timestamp": "1658963296544", "position": {"x": 516, "y": 33}}, {"event_name": "mousemove", "timestamp": "1658963296545", "position": {"x": 516, "y": 33}}, {"event_name": "mouseout", "timestamp": "1658963296578", "position": {"x": 124, "y": 655}}, {"event_name": "mouseover", "timestamp": "1658963296595", "position": {"x": 34, "y": 403}}, {"event_name": "mousemove", "timestamp": "1658963296596", "position": {"x": 34, "y": 403}}, {"event_name": "mouseout", "timestamp": "1658963296612", "position": {"x": 689, "y": 502}}, {"event_name": "mouseover", "timestamp": "1658963296612", "position": {"x": 689, "y": 502}}, {"event_name": "mousemove", "timestamp": "1658963296612", "position": {"x": 689, "y": 502}}, {"event_name": "mouseout", "timestamp": "1658963296628", "position": {"x": 312, "y": 496}}, {"event_name": "mouseover", "timestamp": "1658963296629", "position": {"x": 312, "y": 496}}, {"event_name": "mousemove", "timestamp": "1658963296629", "position": {"x": 312, "y": 496}}, {"event_name": "mouseout", "timestamp": "1658963296644", "position": {"x": 247, "y": 115}}, {"event_name": "mouseover", "timestamp": "1658963296645", "position": {"x": 247, "y": 115}}, {"event_name": "mousemove", "timestamp": "1658963296645", "position": {"x": 247, "y": 115}}, {"event_name": "mouseout", "timestamp": "1658963296661", "position": {"x": 1575, "y": 692}}, {"event_name": "mouseover", "timestamp": "1658963296694", "position": {"x": 223, "y": 347}}, {"event_name": "mousemove", "timestamp": "1658963296695", "position": {"x": 223, "y": 347}}, {"event_name": "mouseout", "timestamp": "1658963296713", "position": {"x": 89, "y": 110}}, {"event_name": "mouseover", "timestamp": "1658963296713", "position": {"x": 89, "y": 110}}, {"event_name": "mousemove", "timestamp": "1658963296713", "position": {"x": 89, "y": 110}}, {"event_name": "mouseout", "timestamp": "1658963296729", "position": {"x": 334, "y": 645}}, {"event_name": "mouseover", "timestamp": "1658963296778", "position": {"x": 726, "y": 344}}, {"event_name": "mousemove", "timestamp": "1658963296778", "position": {"x": 726, "y": 344}}, {"event_name": "mouseout", "timestamp": "1658963296795", "position": {"x": 842, "y": 563}}, {"event_name": "mouseover", "timestamp": "1658963296828", "position": {"x": 302, "y": 523}}, {"event_name": "mousemove", "timestamp": "1658963296829", "position": {"x": 302, "y": 523}}, {"event_name": "mouseout", "timestamp": "1658963296845", "position": {"x": 981, "y": 276}}, {"event_name": "mouseover", "timestamp": "1658963296878", "position": {"x": 486, "y": 139}}, {"event_name": "mousemove", "timestamp": "1658963296879", "position": {"x": 486, "y": 139}}, {"event_name": "mouseout", "timestamp": "1658963296895", "position": {"x": 847, "y": 167}}, {"event_name": "mouseover", "timestamp": "1658963296945", "position": {"x": 788, "y": 298}}, {"event_name": "mousemove", "timestamp": "1658963296945", "position": {"x": 788, "y": 298}}, {"event_name": "mouseout", "timestamp": "1658963296961", "position": {"x": 1180, "y": 330}}, {"event_name": "mouseover", "timestamp": "1658963297011", "position": {"x": 335, "y": 225}}, {"event_name": "mousemove", "timestamp": "1658963297011", "position": {"x": 335, "y": 225}}, {"event_name": "mouseout", "timestamp": "1658963297028", "position": {"x": 741, "y": 108}}, {"event_name": "mouseover", "timestamp": "1658963297028", "position": {"x": 741, "y": 108}}, {"event_name": "mousemove", "timestamp": "1658963297028", "position": {"x": 741, "y": 108}}, {"event_name": "mouseout", "timestamp": "1658963297045", "position": {"x": 837, "y": 868}}, {"event_name": "mouseover", "timestamp": "1658963297112", "position": {"x": 264, "y": 393}}, {"event_name": "mousemove", "timestamp": "1658963297112", "position": {"x": 264, "y": 393}}, {"event_name": "mouseout", "timestamp": "1658963297128", "position": {"x": 1495, "y": 457}}, {"event_name": "mouseover", "timestamp": "1658963297145", "position": {"x": 103, "y": 466}}, {"event_name": "mousemove", "timestamp": "1658963297145", "position": {"x": 103, "y": 466}}, {"event_name": "mouseout", "timestamp": "1658963297161", "position": {"x": 964, "y": 485}}, {"event_name": "mouseover", "timestamp": "1658963297178", "position": {"x": 480, "y": 279}}, {"event_name": "mousemove", "timestamp": "1658963297178", "position": {"x": 480, "y": 279}}, {"event_name": "mouseout", "timestamp": "1658963297195", "position": {"x": 1425, "y": 90}}, {"event_name": "mouseover", "timestamp": "1658963297328", "position": {"x": 418, "y": 431}}, {"event_name": "mousemove", "timestamp": "1658963297328", "position": {"x": 418, "y": 431}}, {"event_name": "mouseout", "timestamp": "1658963297345", "position": {"x": 1793, "y": 405}}, {"event_name": "mouseover", "timestamp": "1658963297395", "position": {"x": 420, "y": 341}}, {"event_name": "mousemove", "timestamp": "1658963297395", "position": {"x": 420, "y": 341}}, {"event_name": "mouseout", "timestamp": "1658963297412", "position": {"x": 265, "y": 638}}, {"event_name": "mouseover", "timestamp": "1658963297512", "position": {"x": 202, "y": 201}}, {"event_name": "mousemove", "timestamp": "1658963297512", "position": {"x": 202, "y": 201}}, {"event_name": "mouseout", "timestamp": "1658963297529", "position": {"x": 690, "y": 25}}, {"event_name": "mouseover", "timestamp": "1658963297529", "position": {"x": 690, "y": 25}}, {"event_name": "mousemove", "timestamp": "1658963297529", "position": {"x": 690, "y": 25}}, {"event_name": "mouseout", "timestamp": "1658963297545", "position": {"x": 1698, "y": 266}}, {"event_name": "mouseover", "timestamp": "1658963297678", "position": {"x": 701, "y": 15}}, {"event_name": "mousemove", "timestamp": "1658963297679", "position": {"x": 701, "y": 15}}, {"event_name": "mouseout", "timestamp": "1658963297694", "position": {"x": 1469, "y": 780}}, {"event_name": "mouseover", "timestamp": "1658963297728", "position": {"x": 439, "y": 592}}, {"event_name": "mousemove", "timestamp": "1658963297728", "position": {"x": 439, "y": 592}}, {"event_name": "mouseout", "timestamp": "1658963297745", "position": {"x": 1403, "y": 676}}, {"event_name": "mouseover", "timestamp": "1658963297845", "position": {"x": 789, "y": 560}}, {"event_name": "mousemove", "timestamp": "1658963297846", "position": {"x": 789, "y": 560}}, {"event_name": "mouseout", "timestamp": "1658963297861", "position": {"x": 1709, "y": 39}}, {"event_name": "mouseover", "timestamp": "1658963297880", "position": {"x": 695, "y": 220}}, {"event_name": "mousemove", "timestamp": "1658963297880", "position": {"x": 695, "y": 220}}, {"event_name": "mouseout", "timestamp": "1658963297895", "position": {"x": 1365, "y": 365}}, {"event_name": "mouseover", "timestamp": "1658963297944", "position": {"x": 67, "y": 103}}, {"event_name": "mousemove", "timestamp": "1658963297945", "position": {"x": 67, "y": 103}}, {"event_name": "mouseout", "timestamp": "1658963297961", "position": {"x": 731, "y": 66}}, {"event_name": "mouseover", "timestamp": "1658963297961", "position": {"x": 731, "y": 66}}, {"event_name": "mousemove", "timestamp": "1658963297961", "position": {"x": 731, "y": 66}}, {"event_name": "mouseout", "timestamp": "1658963297978", "position": {"x": 1782, "y": 132}}, {"event_name": "mouseover", "timestamp": "1658963298095", "position": {"x": 590, "y": 141}}, {"event_name": "mousemove", "timestamp": "1658963298095", "position": {"x": 590, "y": 141}}, {"event_name": "mouseout", "timestamp": "1658963298111", "position": {"x": 774, "y": 748}}, {"event_name": "mouseover", "timestamp": "1658963298145", "position": {"x": 23, "y": 306}}, {"event_name": "mousemove", "timestamp": "1658963298145", "position": {"x": 23, "y": 306}}, {"event_name": "mouseout", "timestamp": "1658963298162", "position": {"x": 317, "y": 28}}, {"event_name": "mouseover", "timestamp": "1658963298162", "position": {"x": 317, "y": 28}}, {"event_name": "mousemove", "timestamp": "1658963298162", "position": {"x": 317, "y": 28}}, {"event_name": "mouseout", "timestamp": "1658963298179", "position": {"x": 258, "y": 358}}, {"event_name": "mouseover", "timestamp": "1658963298179", "position": {"x": 258, "y": 358}}, {"event_name": "mousemove", "timestamp": "1658963298179", "position": {"x": 258, "y": 358}}, {"event_name": "mouseout", "timestamp": "1658963298195", "position": {"x": 1021, "y": 232}}, {"event_name": "mouseover", "timestamp": "1658963298245", "position": {"x": 161, "y": 579}}, {"event_name": "mousemove", "timestamp": "1658963298245", "position": {"x": 161, "y": 579}}, {"event_name": "mouseout", "timestamp": "1658963298261", "position": {"x": 1162, "y": 401}}, {"event_name": "mouseover", "timestamp": "1658963298311", "position": {"x": 485, "y": 57}}, {"event_name": "mousemove", "timestamp": "1658963298311", "position": {"x": 485, "y": 57}}, {"event_name": "mouseout", "timestamp": "1658963298328", "position": {"x": 1587, "y": 302}}, {"event_name": "mouseover", "timestamp": "1658963298361", "position": {"x": 791, "y": 342}}, {"event_name": "mousemove", "timestamp": "1658963298361", "position": {"x": 791, "y": 342}}, {"event_name": "mouseout", "timestamp": "1658963298378", "position": {"x": 993, "y": 688}}, {"event_name": "mouseover", "timestamp": "1658963298445", "position": {"x": 504, "y": 137}}, {"event_name": "mousemove", "timestamp": "1658963298446", "position": {"x": 504, "y": 137}}, {"event_name": "mouseout", "timestamp": "1658963298462", "position": {"x": 520, "y": 693}}, {"event_name": "mouseover", "timestamp": "1658963298511", "position": {"x": 732, "y": 430}}, {"event_name": "mousemove", "timestamp": "1658963298511", "position": {"x": 732, "y": 430}}, {"event_name": "mouseout", "timestamp": "1658963298528", "position": {"x": 878, "y": 457}}, {"event_name": "mouseover", "timestamp": "1658963298646", "position": {"x": 148, "y": 136}}, {"event_name": "mousemove", "timestamp": "1658963298646", "position": {"x": 148, "y": 136}}, {"event_name": "mouseout", "timestamp": "1658963298661", "position": {"x": 1156, "y": 343}}, {"event_name": "mouseover", "timestamp": "1658963298695", "position": {"x": 597, "y": 224}}, {"event_name": "mousemove", "timestamp": "1658963298695", "position": {"x": 597, "y": 224}}, {"event_name": "mouseout", "timestamp": "1658963298711", "position": {"x": 306, "y": 258}}, {"event_name": "mouseover", "timestamp": "1658963298711", "position": {"x": 306, "y": 258}}, {"event_name": "mousemove", "timestamp": "1658963298711", "position": {"x": 306, "y": 258}}, {"event_name": "mouseout", "timestamp": "1658963298728", "position": {"x": 1578, "y": 138}}, {"event_name": "mouseover", "timestamp": "1658963298745", "position": {"x": 53, "y": 568}}, {"event_name": "mousemove", "timestamp": "1658963298746", "position": {"x": 53, "y": 568}}, {"event_name": "mouseout", "timestamp": "1658963298761", "position": {"x": 1416, "y": 600}}, {"event_name": "mouseover", "timestamp": "1658963298912", "position": {"x": 584, "y": 436}}, {"event_name": "mousemove", "timestamp": "1658963298912", "position": {"x": 584, "y": 436}}, {"event_name": "mouseout", "timestamp": "1658963298928", "position": {"x": 17, "y": 409}}, {"event_name": "mouseover", "timestamp": "1658963298929", "position": {"x": 17, "y": 409}}, {"event_name": "mousemove", "timestamp": "1658963298929", "position": {"x": 17, "y": 409}}, {"event_name": "mouseout", "timestamp": "1658963298947", "position": {"x": 997, "y": 790}}, {"event_name": "mouseover", "timestamp": "1658963298964", "position": {"x": 591, "y": 436}}, {"event_name": "mousemove", "timestamp": "1658963298965", "position": {"x": 591, "y": 436}}, {"event_name": "mouseout", "timestamp": "1658963298978", "position": {"x": 203, "y": 352}}, {"event_name": "mouseover", "timestamp": "1658963298978", "position": {"x": 203, "y": 352}}, {"event_name": "mousemove", "timestamp": "1658963298978", "position": {"x": 203, "y": 352}}, {"event_name": "mouseout", "timestamp": "1658963298994", "position": {"x": 1426, "y": 297}}, {"event_name": "mouseover", "timestamp": "1658963299146", "position": {"x": 223, "y": 150}}, {"event_name": "mousemove", "timestamp": "1658963299146", "position": {"x": 223, "y": 150}}, {"event_name": "mouseout", "timestamp": "1658963299162", "position": {"x": 1410, "y": 585}}, {"event_name": "mouseover", "timestamp": "1658963299361", "position": {"x": 280, "y": 10}}, {"event_name": "mousemove", "timestamp": "1658963299362", "position": {"x": 280, "y": 10}}, {"event_name": "mouseout", "timestamp": "1658963299378", "position": {"x": 597, "y": 106}}, {"event_name": "mouseover", "timestamp": "1658963299378", "position": {"x": 597, "y": 106}}, {"event_name": "mousemove", "timestamp": "1658963299378", "position": {"x": 597, "y": 106}}, {"event_name": "mouseout", "timestamp": "1658963299395", "position": {"x": 22, "y": 619}}, {"event_name": "mouseover", "timestamp": "1658963299445", "position": {"x": 289, "y": 215}}, {"event_name": "mousemove", "timestamp": "1658963299446", "position": {"x": 289, "y": 215}}, {"event_name": "mouseout", "timestamp": "1658963299461", "position": {"x": 116, "y": 791}}, {"event_name": "mouseover", "timestamp": "1658963299495", "position": {"x": 689, "y": 387}}, {"event_name": "mousemove", "timestamp": "1658963299495", "position": {"x": 689, "y": 387}}, {"event_name": "mouseout", "timestamp": "1658963299511", "position": {"x": 447, "y": 648}}, {"event_name": "mouseover", "timestamp": "1658963299528", "position": {"x": 753, "y": 182}}, {"event_name": "mousemove", "timestamp": "1658963299528", "position": {"x": 753, "y": 182}}, {"event_name": "mouseout", "timestamp": "1658963299545", "position": {"x": 1311, "y": 254}}, {"event_name": "mouseover", "timestamp": "1658963299595", "position": {"x": 664, "y": 56}}, {"event_name": "mousemove", "timestamp": "1658963299596", "position": {"x": 664, "y": 56}}, {"event_name": "mouseout", "timestamp": "1658963299611", "position": {"x": 888, "y": 441}}, {"event_name": "mouseover", "timestamp": "1658963299711", "position": {"x": 507, "y": 163}}, {"event_name": "mousemove", "timestamp": "1658963299712", "position": {"x": 507, "y": 163}}, {"event_name": "mouseout", "timestamp": "1658963299729", "position": {"x": 1529, "y": 577}}, {"event_name": "mouseover", "timestamp": "1658963299794", "position": {"x": 295, "y": 264}}, {"event_name": "mousemove", "timestamp": "1658963299795", "position": {"x": 295, "y": 264}}, {"event_name": "mouseout", "timestamp": "1658963299811", "position": {"x": 296, "y": 18}}, {"event_name": "mouseover", "timestamp": "1658963299811", "position": {"x": 296, "y": 18}}, {"event_name": "mousemove", "timestamp": "1658963299811", "position": {"x": 296, "y": 18}}, {"event_name": "mouseout", "timestamp": "1658963299828", "position": {"x": 764, "y": 706}}, {"event_name": "mouseover", "timestamp": "1658963299844", "position": {"x": 91, "y": 391}}, {"event_name": "mousemove", "timestamp": "1658963299845", "position": {"x": 91, "y": 391}}, {"event_name": "mouseout", "timestamp": "1658963299861", "position": {"x": 1229, "y": 651}}]}