{"user_id": "055143ea-94e8-4d3b-8218-fec75c00f922", "device": "desktop", "trace": [{"event_name": "load", "timestamp": "1658962752779", "position": {"x": 0, "y": 0}}, {"event_name": "pageshow", "timestamp": "1658962752780", "position": {"x": 0, "y": 0}}, {"event_name": "mouseover", "timestamp": "1658962752834", "position": {"x": 65, "y": 597}}, {"event_name": "mousemove", "timestamp": "1658962752834", "position": {"x": 65, "y": 597}}, {"event_name": "mouseout", "timestamp": "1658962752849", "position": {"x": 205, "y": 263}}, {"event_name": "mouseover", "timestamp": "1658962752850", "position": {"x": 205, "y": 263}}, {"event_name": "mousemove", "timestamp": "1658962752850", "position": {"x": 205, "y": 263}}, {"event_name": "mouseout", "timestamp": "1658962752866", "position": {"x": 1644, "y": 187}}, {"event_name": "mouseover", "timestamp": "1658962752883", "position": {"x": 118, "y": 26}}, {"event_name": "mousemove", "timestamp": "1658962752883", "position": {"x": 118, "y": 26}}, {"event_name": "mouseout", "timestamp": "1658962752900", "position": {"x": 123, "y": 222}}, {"event_name": "mouseover", "timestamp": "1658962752900", "position": {"x": 123, "y": 222}}, {"event_name": "mousemove", "timestamp": "1658962752900", "position": {"x": 123, "y": 222}}, {"event_name": "mouseout", "timestamp": "1658962752917", "position": {"x": 1240, "y": 756}}, {"event_name": "mouseover", "timestamp": "1658962752966", "position": {"x": 536, "y": 437}}, {"event_name": "mousemove", "timestamp": "1658962752967", "position": {"x": 536, "y": 437}}, {"event_name": "mouseout", "timestamp": "1658962752983", "position": {"x": 1438, "y": 849}}, {"event_name": "mouseover", "timestamp": "1658962752999", "position": {"x": 709, "y": 493}}, {"event_name": "mousemove", "timestamp": "1658962752999", "position": {"x": 709, "y": 493}}, {"event_name": "mouseout", "timestamp": "1658962753016", "position": {"x": 1592, "y": 286}}, {"event_name": "mouseover", "timestamp": "1658962753033", "position": {"x": 662, "y": 374}}, {"event_name": "mousemove", "timestamp": "1658962753033", "position": {"x": 662, "y": 374}}, {"event_name": "mouseout", "timestamp": "1658962753050", "position": {"x": 1012, "y": 179}}, {"event_name": "mouseover", "timestamp": "1658962753100", "position": {"x": 117, "y": 319}}, {"event_name": "mousemove", "timestamp": "1658962753100", "position": {"x": 117, "y": 319}}, {"event_name": "mouseout", "timestamp": "1658962753116", "position": {"x": 1218, "y": 197}}, {"event_name": "mouseover", "timestamp": "1658962753133", "position": {"x": 175, "y": 570}}, {"event_name": "mousemove", "timestamp": "1658962753134", "position": {"x": 175, "y": 570}}, {"event_name": "mouseout", "timestamp": "1658962753150", "position": {"x": 998, "y": 316}}, {"event_name": "mouseover", "timestamp": "1658962753167", "position": {"x": 598, "y": 452}}, {"event_name": "mousemove", "timestamp": "1658962753167", "position": {"x": 598, "y": 452}}, {"event_name": "mouseout", "timestamp": "1658962753183", "position": {"x": 1678, "y": 72}}, {"event_name": "mouseover", "timestamp": "1658962753233", "position": {"x": 493, "y": 481}}, {"event_name": "mousemove", "timestamp": "1658962753233", "position": {"x": 493, "y": 481}}, {"event_name": "mouseout", "timestamp": "1658962753252", "position": {"x": 816, "y": 389}}, {"event_name": "mouseover", "timestamp": "1658962753266", "position": {"x": 490, "y": 123}}, {"event_name": "mousemove", "timestamp": "1658962753266", "position": {"x": 490, "y": 123}}, {"event_name": "mouseout", "timestamp": "1658962753283", "position": {"x": 328, "y": 536}}, {"event_name": "mouseover", "timestamp": "1658962753283", "position": {"x": 328, "y": 536}}, {"event_name": "mousemove", "timestamp": "1658962753283", "position": {"x": 328, "y": 536}}, {"event_name": "mouseout", "timestamp": "1658962753300", "position": {"x": 1300, "y": 792}}, {"event_name": "mouseover", "timestamp": "1658962753334", "position": {"x": 529, "y": 111}}, {"event_name": "mousemove", "timestamp": "1658962753334", "position": {"x": 529, "y": 111}}, {"event_name": "mouseout", "timestamp": "1658962753350", "position": {"x": 522, "y": 187}}, {"event_name": "mouseover", "timestamp": "1658962753350", "position": {"x": 522, "y": 187}}, {"event_name": "mousemove", "timestamp": "1658962753350", "position": {"x": 522, "y": 187}}, {"event_name": "mouseout", "timestamp": "1658962753366", "position": {"x": 1495, "y": 652}}, {"event_name": "mouseover", "timestamp": "1658962753400", "position": {"x": 610, "y": 200}}, {"event_name": "mousemove", "timestamp": "1658962753400", "position": {"x": 610, "y": 200}}, {"event_name": "mouseout", "timestamp": "1658962753416", "position": {"x": 1753, "y": 798}}, {"event_name": "mouseover", "timestamp": "1658962753583", "position": {"x": 301, "y": 8}}, {"event_name": "mousemove", "timestamp": "1658962753583", "position": {"x": 301, "y": 8}}, {"event_name": "mouseout", "timestamp": "1658962753600", "position": {"x": 1140, "y": 69}}, {"event_name": "mouseover", "timestamp": "1658962753633", "position": {"x": 372, "y": 501}}, {"event_name": "mousemove", "timestamp": "1658962753634", "position": {"x": 372, "y": 501}}, {"event_name": "mouseout", "timestamp": "1658962753649", "position": {"x": 55, "y": 815}}, {"event_name": "mouseover", "timestamp": "1658962753699", "position": {"x": 2, "y": 274}}, {"event_name": "mousemove", "timestamp": "1658962753700", "position": {"x": 2, "y": 274}}, {"event_name": "mouseout", "timestamp": "1658962753716", "position": {"x": 1076, "y": 606}}, {"event_name": "mouseover", "timestamp": "1658962753933", "position": {"x": 641, "y": 0}}, {"event_name": "mousemove", "timestamp": "1658962753933", "position": {"x": 641, "y": 0}}, {"event_name": "mouseout", "timestamp": "1658962753950", "position": {"x": 678, "y": 366}}, {"event_name": "mouseover", "timestamp": "1658962753951", "position": {"x": 678, "y": 366}}, {"event_name": "mousemove", "timestamp": "1658962753951", "position": {"x": 678, "y": 366}}, {"event_name": "mouseout", "timestamp": "1658962753966", "position": {"x": 824, "y": 463}}, {"event_name": "mouseover", "timestamp": "1658962753983", "position": {"x": 36, "y": 173}}, {"event_name": "mousemove", "timestamp": "1658962753983", "position": {"x": 36, "y": 173}}, {"event_name": "mouseout", "timestamp": "1658962754000", "position": {"x": 1597, "y": 635}}, {"event_name": "mouseover", "timestamp": "1658962754152", "position": {"x": 602, "y": 495}}, {"event_name": "mousemove", "timestamp": "1658962754152", "position": {"x": 602, "y": 495}}, {"event_name": "mouseout", "timestamp": "1658962754169", "position": {"x": 157, "y": 497}}, {"event_name": "mouseover", "timestamp": "1658962754169", "position": {"x": 157, "y": 497}}, {"event_name": "mousemove", "timestamp": "1658962754170", "position": {"x": 157, "y": 497}}, {"event_name": "mouseout", "timestamp": "1658962754185", "position": {"x": 1193, "y": 158}}, {"event_name": "mouseover", "timestamp": "1658962754249", "position": {"x": 258, "y": 160}}, {"event_name": "mousemove", "timestamp": "1658962754249", "position": {"x": 258, "y": 160}}, {"event_name": "mouseout", "timestamp": "1658962754266", "position": {"x": 290, "y": 789}}, {"event_name": "mouseover", "timestamp": "1658962754300", "position": {"x": 128, "y": 28}}, {"event_name": "mousemove", "timestamp": "1658962754300", "position": {"x": 128, "y": 28}}, {"event_name": "mouseout", "timestamp": "1658962754317", "position": {"x": 857, "y": 455}}, {"event_name": "mouseover", "timestamp": "1658962754399", "position": {"x": 515, "y": 231}}, {"event_name": "mousemove", "timestamp": "1658962754400", "position": {"x": 515, "y": 231}}, {"event_name": "mouseout", "timestamp": "1658962754416", "position": {"x": 865, "y": 243}}, {"event_name": "mouseover", "timestamp": "1658962754467", "position": {"x": 695, "y": 241}}, {"event_name": "mousemove", "timestamp": "1658962754467", "position": {"x": 695, "y": 241}}, {"event_name": "mouseout", "timestamp": "1658962754483", "position": {"x": 1569, "y": 800}}, {"event_name": "mouseover", "timestamp": "1658962754500", "position": {"x": 716, "y": 115}}, {"event_name": "mousemove", "timestamp": "1658962754500", "position": {"x": 716, "y": 115}}, {"event_name": "mousemove", "timestamp": "1658962754517", "position": {"x": 712, "y": 86}}, {"event_name": "mouseout", "timestamp": "1658962754533", "position": {"x": 706, "y": 187}}, {"event_name": "mouseover", "timestamp": "1658962754534", "position": {"x": 706, "y": 187}}, {"event_name": "mousemove", "timestamp": "1658962754534", "position": {"x": 706, "y": 187}}, {"event_name": "mouseout", "timestamp": "1658962754551", "position": {"x": 1179, "y": 755}}, {"event_name": "mouseover", "timestamp": "1658962754569", "position": {"x": 547, "y": 588}}, {"event_name": "mousemove", "timestamp": "1658962754570", "position": {"x": 547, "y": 588}}, {"event_name": "mouseout", "timestamp": "1658962754584", "position": {"x": 111, "y": 192}}, {"event_name": "mouseover", "timestamp": "1658962754584", "position": {"x": 111, "y": 192}}, {"event_name": "mousemove", "timestamp": "1658962754584", "position": {"x": 111, "y": 192}}, {"event_name": "mouseout", "timestamp": "1658962754601", "position": {"x": 445, "y": 681}}, {"event_name": "mouseover", "timestamp": "1658962754650", "position": {"x": 152, "y": 226}}, {"event_name": "mousemove", "timestamp": "1658962754650", "position": {"x": 152, "y": 226}}, {"event_name": "mouseout", "timestamp": "1658962754668", "position": {"x": 951, "y": 285}}, {"event_name": "mouseover", "timestamp": "1658962754734", "position": {"x": 785, "y": 372}}, {"event_name": "mousemove", "timestamp": "1658962754735", "position": {"x": 785, "y": 372}}, {"event_name": "mouseout", "timestamp": "1658962754750", "position": {"x": 1206, "y": 293}}, {"event_name": "mouseover", "timestamp": "1658962754799", "position": {"x": 446, "y": 115}}, {"event_name": "mousemove", "timestamp": "1658962754800", "position": {"x": 446, "y": 115}}, {"event_name": "mouseout", "timestamp": "1658962754816", "position": {"x": 1680, "y": 292}}, {"event_name": "mouseover", "timestamp": "1658962754833", "position": {"x": 738, "y": 245}}, {"event_name": "mousemove", "timestamp": "1658962754833", "position": {"x": 738, "y": 245}}, {"event_name": "mouseout", "timestamp": "1658962754850", "position": {"x": 1569, "y": 205}}, {"event_name": "mouseover", "timestamp": "1658962754866", "position": {"x": 674, "y": 427}}, {"event_name": "mousemove", "timestamp": "1658962754866", "position": {"x": 674, "y": 427}}, {"event_name": "mousemove", "timestamp": "1658962754883", "position": {"x": 466, "y": 416}}, {"event_name": "mouseout", "timestamp": "1658962754899", "position": {"x": 481, "y": 257}}, {"event_name": "mouseover", "timestamp": "1658962754900", "position": {"x": 481, "y": 257}}, {"event_name": "mousemove", "timestamp": "1658962754900", "position": {"x": 481, "y": 257}}, {"event_name": "mouseout", "timestamp": "1658962754917", "position": {"x": 1793, "y": 625}}, {"event_name": "mouseover", "timestamp": "1658962754934", "position": {"x": 374, "y": 22}}, {"event_name": "mousemove", "timestamp": "1658962754934", "position": {"x": 374, "y": 22}}, {"event_name": "mouseout", "timestamp": "1658962754967", "position": {"x": 1729, "y": 547}}, {"event_name": "mouseover", "timestamp": "1658962755000", "position": {"x": 426, "y": 15}}, {"event_name": "mousemove", "timestamp": "1658962755001", "position": {"x": 426, "y": 15}}, {"event_name": "mouseout", "timestamp": "1658962755017", "position": {"x": 517, "y": 664}}, {"event_name": "mouseover", "timestamp": "1658962755034", "position": {"x": 657, "y": 155}}, {"event_name": "mousemove", "timestamp": "1658962755034", "position": {"x": 657, "y": 155}}, {"event_name": "mouseout", "timestamp": "1658962755049", "position": {"x": 205, "y": 626}}, {"event_name": "mouseover", "timestamp": "1658962755150", "position": {"x": 299, "y": 372}}, {"event_name": "mousemove", "timestamp": "1658962755150", "position": {"x": 299, "y": 372}}, {"event_name": "mouseout", "timestamp": "1658962755167", "position": {"x": 491, "y": 801}}, {"event_name": "mouseover", "timestamp": "1658962755183", "position": {"x": 705, "y": 524}}, {"event_name": "mousemove", "timestamp": "1658962755183", "position": {"x": 705, "y": 524}}, {"event_name": "mouseout", "timestamp": "1658962755200", "position": {"x": 199, "y": 604}}, {"event_name": "mouseover", "timestamp": "1658962755216", "position": {"x": 253, "y": 179}}, {"event_name": "mousemove", "timestamp": "1658962755216", "position": {"x": 253, "y": 179}}, {"event_name": "mouseout", "timestamp": "1658962755233", "position": {"x": 914, "y": 678}}, {"event_name": "mouseover", "timestamp": "1658962755383", "position": {"x": 112, "y": 121}}, {"event_name": "mousemove", "timestamp": "1658962755383", "position": {"x": 112, "y": 121}}, {"event_name": "mouseout", "timestamp": "1658962755400", "position": {"x": 926, "y": 354}}, {"event_name": "mouseover", "timestamp": "1658962755416", "position": {"x": 284, "y": 219}}, {"event_name": "mousemove", "timestamp": "1658962755416", "position": {"x": 284, "y": 219}}, {"event_name": "mouseout", "timestamp": "1658962755434", "position": {"x": 932, "y": 321}}, {"event_name": "mouseover", "timestamp": "1658962755469", "position": {"x": 506, "y": 360}}, {"event_name": "mousemove", "timestamp": "1658962755469", "position": {"x": 506, "y": 360}}, {"event_name": "mouseout", "timestamp": "1658962755483", "position": {"x": 725, "y": 870}}, {"event_name": "mouseover", "timestamp": "1658962755533", "position": {"x": 22, "y": 31}}, {"event_name": "mousemove", "timestamp": "1658962755534", "position": {"x": 22, "y": 31}}, {"event_name": "mouseout", "timestamp": "1658962755550", "position": {"x": 1761, "y": 414}}, {"event_name": "mouseover", "timestamp": "1658962755568", "position": {"x": 482, "y": 424}}, {"event_name": "mousemove", "timestamp": "1658962755568", "position": {"x": 482, "y": 424}}, {"event_name": "mouseout", "timestamp": "1658962755584", "position": {"x": 1644, "y": 288}}, {"event_name": "mouseover", "timestamp": "1658962755668", "position": {"x": 407, "y": 564}}, {"event_name": "mousemove", "timestamp": "1658962755669", "position": {"x": 407, "y": 564}}, {"event_name": "mouseout", "timestamp": "1658962755684", "position": {"x": 1032, "y": 400}}, {"event_name": "mouseover", "timestamp": "1658962755717", "position": {"x": 141, "y": 58}}, {"event_name": "mousemove", "timestamp": "1658962755717", "position": {"x": 141, "y": 58}}, {"event_name": "mouseout", "timestamp": "1658962755734", "position": {"x": 520, "y": 167}}, {"event_name": "mouseover", "timestamp": "1658962755734", "position": {"x": 520, "y": 167}}, {"event_name": "mousemove", "timestamp": "1658962755734", "position": {"x": 520, "y": 167}}, {"event_name": "mouseout", "timestamp": "1658962755750", "position": {"x": 347, "y": 438}}, {"event_name": "mouseover", "timestamp": "1658962755751", "position": {"x": 347, "y": 438}}, {"event_name": "mousemove", "timestamp": "1658962755751", "position": {"x": 347, "y": 438}}, {"event_name": "mouseout", "timestamp": "1658962755770", "position": {"x": 70, "y": 731}}, {"event_name": "mouseover", "timestamp": "1658962755900", "position": {"x": 680, "y": 173}}, {"event_name": "mousemove", "timestamp": "1658962755901", "position": {"x": 680, "y": 173}}, {"event_name": "mouseout", "timestamp": "1658962755917", "position": {"x": 894, "y": 773}}, {"event_name": "mouseover", "timestamp": "1658962756000", "position": {"x": 559, "y": 316}}, {"event_name": "mousemove", "timestamp": "1658962756000", "position": {"x": 559, "y": 316}}, {"event_name": "mouseout", "timestamp": "1658962756016", "position": {"x": 1736, "y": 132}}, {"event_name": "mouseover", "timestamp": "1658962756037", "position": {"x": 782, "y": 262}}, {"event_name": "mousemove", "timestamp": "1658962756037", "position": {"x": 782, "y": 262}}, {"event_name": "mouseout", "timestamp": "1658962756050", "position": {"x": 426, "y": 234}}, {"event_name": "mouseover", "timestamp": "1658962756050", "position": {"x": 426, "y": 234}}, {"event_name": "mousemove", "timestamp": "1658962756050", "position": {"x": 426, "y": 234}}, {"event_name": "mouseout", "timestamp": "1658962756066", "position": {"x": 419, "y": 190}}, {"event_name": "mouseover", "timestamp": "1658962756067", "position": {"x": 419, "y": 190}}, {"event_name": "mousemove", "timestamp": "1658962756067", "position": {"x": 419, "y": 190}}, {"event_name": "mouseout", "timestamp": "1658962756083", "position": {"x": 1213, "y": 740}}, {"event_name": "mouseover", "timestamp": "1658962756099", "position": {"x": 553, "y": 548}}, {"event_name": "mousemove", "timestamp": "1658962756099", "position": {"x": 553, "y": 548}}, {"event_name": "mouseout", "timestamp": "1658962756116", "position": {"x": 563, "y": 272}}, {"event_name": "mouseover", "timestamp": "1658962756117", "position": {"x": 563, "y": 272}}, {"event_name": "mousemove", "timestamp": "1658962756117", "position": {"x": 563, "y": 272}}, {"event_name": "mouseout", "timestamp": "1658962756133", "position": {"x": 215, "y": 621}}, {"event_name": "mouseover", "timestamp": "1658962756149", "position": {"x": 38, "y": 322}}, {"event_name": "mousemove", "timestamp": "1658962756150", "position": {"x": 38, "y": 322}}, {"event_name": "mouseout", "timestamp": "1658962756166", "position": {"x": 1310, "y": 423}}, {"event_name": "mouseover", "timestamp": "1658962756217", "position": {"x": 400, "y": 472}}, {"event_name": "mousemove", "timestamp": "1658962756217", "position": {"x": 400, "y": 472}}, {"event_name": "mouseout", "timestamp": "1658962756234", "position": {"x": 381, "y": 101}}, {"event_name": "mouseover", "timestamp": "1658962756234", "position": {"x": 381, "y": 101}}, {"event_name": "mousemove", "timestamp": "1658962756234", "position": {"x": 381, "y": 101}}, {"event_name": "mouseout", "timestamp": "1658962756249", "position": {"x": 1014, "y": 575}}, {"event_name": "mouseover", "timestamp": "1658962756383", "position": {"x": 369, "y": 435}}, {"event_name": "mousemove", "timestamp": "1658962756383", "position": {"x": 369, "y": 435}}, {"event_name": "mouseout", "timestamp": "1658962756399", "position": {"x": 774, "y": 46}}, {"event_name": "mouseover", "timestamp": "1658962756400", "position": {"x": 774, "y": 46}}, {"event_name": "mousemove", "timestamp": "1658962756400", "position": {"x": 774, "y": 46}}, {"event_name": "mouseout", "timestamp": "1658962756416", "position": {"x": 667, "y": 96}}, {"event_name": "mouseover", "timestamp": "1658962756416", "position": {"x": 667, "y": 96}}, {"event_name": "mousemove", "timestamp": "1658962756416", "position": {"x": 667, "y": 96}}, {"event_name": "mouseout", "timestamp": "1658962756433", "position": {"x": 157, "y": 464}}, {"event_name": "mouseover", "timestamp": "1658962756433", "position": {"x": 157, "y": 464}}, {"event_name": "mousemove", "timestamp": "1658962756433", "position": {"x": 157, "y": 464}}, {"event_name": "mouseout", "timestamp": "1658962756450", "position": {"x": 1643, "y": 661}}, {"event_name": "mouseover", "timestamp": "1658962756683", "position": {"x": 417, "y": 162}}, {"event_name": "mousemove", "timestamp": "1658962756683", "position": {"x": 417, "y": 162}}, {"event_name": "mouseout", "timestamp": "1658962756700", "position": {"x": 1442, "y": 264}}, {"event_name": "mouseover", "timestamp": "1658962756833", "position": {"x": 310, "y": 398}}, {"event_name": "mousemove", "timestamp": "1658962756834", "position": {"x": 310, "y": 398}}, {"event_name": "mouseout", "timestamp": "1658962756854", "position": {"x": 1704, "y": 646}}, {"event_name": "mouseover", "timestamp": "1658962757001", "position": {"x": 576, "y": 356}}, {"event_name": "mousemove", "timestamp": "1658962757001", "position": {"x": 576, "y": 356}}, {"event_name": "mouseout", "timestamp": "1658962757016", "position": {"x": 1490, "y": 282}}, {"event_name": "mouseover", "timestamp": "1658962757034", "position": {"x": 37, "y": 324}}, {"event_name": "mousemove", "timestamp": "1658962757035", "position": {"x": 37, "y": 324}}, {"event_name": "mousemove", "timestamp": "1658962757050", "position": {"x": 761, "y": 389}}, {"event_name": "mouseout", "timestamp": "1658962757068", "position": {"x": 1247, "y": 468}}, {"event_name": "mouseover", "timestamp": "1658962757136", "position": {"x": 323, "y": 431}}, {"event_name": "mousemove", "timestamp": "1658962757136", "position": {"x": 323, "y": 431}}, {"event_name": "mouseout", "timestamp": "1658962757150", "position": {"x": 449, "y": 506}}, {"event_name": "mouseover", "timestamp": "1658962757151", "position": {"x": 449, "y": 506}}, {"event_name": "mousemove", "timestamp": "1658962757151", "position": {"x": 449, "y": 506}}, {"event_name": "mouseout", "timestamp": "1658962757166", "position": {"x": 1354, "y": 831}}, {"event_name": "mouseover", "timestamp": "1658962757183", "position": {"x": 403, "y": 118}}, {"event_name": "mousemove", "timestamp": "1658962757183", "position": {"x": 403, "y": 118}}, {"event_name": "mouseout", "timestamp": "1658962757199", "position": {"x": 1486, "y": 870}}, {"event_name": "mouseover", "timestamp": "1658962757216", "position": {"x": 440, "y": 474}}, {"event_name": "mousemove", "timestamp": "1658962757216", "position": {"x": 440, "y": 474}}, {"event_name": "mouseout", "timestamp": "1658962757233", "position": {"x": 71, "y": 537}}, {"event_name": "mouseover", "timestamp": "1658962757233", "position": {"x": 71, "y": 537}}, {"event_name": "mousemove", "timestamp": "1658962757233", "position": {"x": 71, "y": 537}}, {"event_name": "mouseout", "timestamp": "1658962757250", "position": {"x": 849, "y": 143}}, {"event_name": "mouseover", "timestamp": "1658962757266", "position": {"x": 498, "y": 542}}, {"event_name": "mousemove", "timestamp": "1658962757267", "position": {"x": 498, "y": 542}}, {"event_name": "mouseout", "timestamp": "1658962757282", "position": {"x": 330, "y": 396}}, {"event_name": "mouseover", "timestamp": "1658962757283", "position": {"x": 330, "y": 396}}, {"event_name": "mousemove", "timestamp": "1658962757283", "position": {"x": 330, "y": 396}}, {"event_name": "mouseout", "timestamp": "1658962757299", "position": {"x": 1294, "y": 785}}, {"event_name": "mouseover", "timestamp": "1658962757383", "position": {"x": 663, "y": 478}}, {"event_name": "mousemove", "timestamp": "1658962757383", "position": {"x": 663, "y": 478}}, {"event_name": "mouseout", "timestamp": "1658962757400", "position": {"x": 1698, "y": 780}}, {"event_name": "mouseover", "timestamp": "1658962757416", "position": {"x": 390, "y": 228}}, {"event_name": "mousemove", "timestamp": "1658962757416", "position": {"x": 390, "y": 228}}, {"event_name": "mouseout", "timestamp": "1658962757435", "position": {"x": 1121, "y": 367}}, {"event_name": "mouseover", "timestamp": "1658962757450", "position": {"x": 175, "y": 463}}, {"event_name": "mousemove", "timestamp": "1658962757450", "position": {"x": 175, "y": 463}}, {"event_name": "mouseout", "timestamp": "1658962757467", "position": {"x": 944, "y": 733}}, {"event_name": "mouseover", "timestamp": "1658962757551", "position": {"x": 305, "y": 391}}, {"event_name": "mousemove", "timestamp": "1658962757552", "position": {"x": 305, "y": 391}}, {"event_name": "mouseout", "timestamp": "1658962757566", "position": {"x": 626, "y": 217}}, {"event_name": "mouseover", "timestamp": "1658962757567", "position": {"x": 626, "y": 217}}, {"event_name": "mousemove", "timestamp": "1658962757567", "position": {"x": 626, "y": 217}}, {"event_name": "mouseout", "timestamp": "1658962757584", "position": {"x": 1275, "y": 471}}, {"event_name": "mouseover", "timestamp": "1658962757650", "position": {"x": 213, "y": 318}}, {"event_name": "mousemove", "timestamp": "1658962757650", "position": {"x": 213, "y": 318}}, {"event_name": "mouseout", "timestamp": "1658962757668", "position": {"x": 1400, "y": 707}}, {"event_name": "mouseover", "timestamp": "1658962757683", "position": {"x": 559, "y": 567}}, {"event_name": "mousemove", "timestamp": "1658962757683", "position": {"x": 559, "y": 567}}, {"event_name": "mousemove", "timestamp": "1658962757702", "position": {"x": 645, "y": 576}}, {"event_name": "mouseout", "timestamp": "1658962757718", "position": {"x": 768, "y": 670}}, {"event_name": "mouseover", "timestamp": "1658962757734", "position": {"x": 636, "y": 347}}, {"event_name": "mousemove", "timestamp": "1658962757734", "position": {"x": 636, "y": 347}}, {"event_name": "mouseout", "timestamp": "1658962757750", "position": {"x": 682, "y": 174}}, {"event_name": "mouseover", "timestamp": "1658962757750", "position": {"x": 682, "y": 174}}, {"event_name": "mousemove", "timestamp": "1658962757750", "position": {"x": 682, "y": 174}}, {"event_name": "mouseout", "timestamp": "1658962757766", "position": {"x": 1497, "y": 44}}, {"event_name": "mouseover", "timestamp": "1658962757834", "position": {"x": 579, "y": 452}}, {"event_name": "mousemove", "timestamp": "1658962757834", "position": {"x": 579, "y": 452}}, {"event_name": "mouseout", "timestamp": "1658962757850", "position": {"x": 752, "y": 813}}, {"event_name": "mouseover", "timestamp": "1658962757967", "position": {"x": 21, "y": 126}}, {"event_name": "mousemove", "timestamp": "1658962757967", "position": {"x": 21, "y": 126}}, {"event_name": "mouseout", "timestamp": "1658962757983", "position": {"x": 609, "y": 52}}, {"event_name": "mouseover", "timestamp": "1658962757983", "position": {"x": 609, "y": 52}}, {"event_name": "mousemove", "timestamp": "1658962757983", "position": {"x": 609, "y": 52}}, {"event_name": "mouseout", "timestamp": "1658962757999", "position": {"x": 1338, "y": 206}}, {"event_name": "mouseover", "timestamp": "1658962758033", "position": {"x": 481, "y": 324}}, {"event_name": "mousemove", "timestamp": "1658962758033", "position": {"x": 481, "y": 324}}, {"event_name": "mouseout", "timestamp": "1658962758049", "position": {"x": 375, "y": 577}}, {"event_name": "mouseover", "timestamp": "1658962758049", "position": {"x": 375, "y": 577}}, {"event_name": "mousemove", "timestamp": "1658962758049", "position": {"x": 375, "y": 577}}, {"event_name": "mouseout", "timestamp": "1658962758066", "position": {"x": 1598, "y": 1}}, {"event_name": "mouseover", "timestamp": "1658962758166", "position": {"x": 630, "y": 338}}, {"event_name": "mousemove", "timestamp": "1658962758166", "position": {"x": 630, "y": 338}}, {"event_name": "mouseout", "timestamp": "1658962758183", "position": {"x": 1467, "y": 53}}, {"event_name": "mouseover", "timestamp": "1658962758399", "position": {"x": 352, "y": 488}}, {"event_name": "mousemove", "timestamp": "1658962758399", "position": {"x": 352, "y": 488}}, {"event_name": "mouseout", "timestamp": "1658962758416", "position": {"x": 256, "y": 50}}, {"event_name": "mouseover", "timestamp": "1658962758417", "position": {"x": 256, "y": 50}}, {"event_name": "mousemove", "timestamp": "1658962758417", "position": {"x": 256, "y": 50}}, {"event_name": "mouseout", "timestamp": "1658962758432", "position": {"x": 651, "y": 85}}, {"event_name": "mouseover", "timestamp": "1658962758433", "position": {"x": 651, "y": 85}}, {"event_name": "mousemove", "timestamp": "1658962758433", "position": {"x": 651, "y": 85}}, {"event_name": "mouseout", "timestamp": "1658962758450", "position": {"x": 1552, "y": 603}}, {"event_name": "mouseover", "timestamp": "1658962758483", "position": {"x": 144, "y": 578}}, {"event_name": "mousemove", "timestamp": "1658962758483", "position": {"x": 144, "y": 578}}, {"event_name": "mouseout", "timestamp": "1658962758500", "position": {"x": 1040, "y": 146}}, {"event_name": "mouseover", "timestamp": "1658962758605", "position": {"x": 647, "y": 259}}, {"event_name": "mousemove", "timestamp": "1658962758605", "position": {"x": 647, "y": 259}}, {"event_name": "mouseout", "timestamp": "1658962758617", "position": {"x": 981, "y": 866}}, {"event_name": "mouseover", "timestamp": "1658962758666", "position": {"x": 263, "y": 590}}, {"event_name": "mousemove", "timestamp": "1658962758666", "position": {"x": 263, "y": 590}}, {"event_name": "mouseout", "timestamp": "1658962758683", "position": {"x": 371, "y": 449}}, {"event_name": "mouseover", "timestamp": "1658962758683", "position": {"x": 371, "y": 449}}, {"event_name": "mousemove", "timestamp": "1658962758683", "position": {"x": 371, "y": 449}}, {"event_name": "mouseout", "timestamp": "1658962758699", "position": {"x": 949, "y": 688}}, {"event_name": "mouseover", "timestamp": "1658962758733", "position": {"x": 148, "y": 460}}, {"event_name": "mousemove", "timestamp": "1658962758734", "position": {"x": 148, "y": 460}}, {"event_name": "mouseout", "timestamp": "1658962758750", "position": {"x": 523, "y": 686}}, {"event_name": "mouseover", "timestamp": "1658962758784", "position": {"x": 63, "y": 293}}, {"event_name": "mousemove", "timestamp": "1658962758784", "position": {"x": 63, "y": 293}}, {"event_name": "mouseout", "timestamp": "1658962758800", "position": {"x": 703, "y": 747}}, {"event_name": "mouseover", "timestamp": "1658962758834", "position": {"x": 147, "y": 13}}, {"event_name": "mousemove", "timestamp": "1658962758835", "position": {"x": 147, "y": 13}}, {"event_name": "mouseout", "timestamp": "1658962758850", "position": {"x": 597, "y": 352}}, {"event_name": "mouseover", "timestamp": "1658962758850", "position": {"x": 597, "y": 352}}, {"event_name": "mousemove", "timestamp": "1658962758851", "position": {"x": 597, "y": 352}}, {"event_name": "mouseout", "timestamp": "1658962758866", "position": {"x": 1509, "y": 348}}, {"event_name": "mouseover", "timestamp": "1658962758905", "position": {"x": 32, "y": 29}}, {"event_name": "mousemove", "timestamp": "1658962758906", "position": {"x": 32, "y": 29}}, {"event_name": "mouseout", "timestamp": "1658962758918", "position": {"x": 1207, "y": 477}}, {"event_name": "mouseover", "timestamp": "1658962758966", "position": {"x": 40, "y": 170}}, {"event_name": "mousemove", "timestamp": "1658962758966", "position": {"x": 40, "y": 170}}, {"event_name": "mouseout", "timestamp": "1658962758983", "position": {"x": 1661, "y": 135}}, {"event_name": "mouseover", "timestamp": "1658962758999", "position": {"x": 625, "y": 223}}, {"event_name": "mousemove", "timestamp": "1658962758999", "position": {"x": 625, "y": 223}}, {"event_name": "mouseout", "timestamp": "1658962759016", "position": {"x": 1081, "y": 353}}, {"event_name": "mouseover", "timestamp": "1658962759050", "position": {"x": 349, "y": 270}}, {"event_name": "mousemove", "timestamp": "1658962759050", "position": {"x": 349, "y": 270}}, {"event_name": "mouseout", "timestamp": "1658962759067", "position": {"x": 1770, "y": 185}}, {"event_name": "mouseover", "timestamp": "1658962759100", "position": {"x": 658, "y": 35}}, {"event_name": "mousemove", "timestamp": "1658962759100", "position": {"x": 658, "y": 35}}, {"event_name": "mouseout", "timestamp": "1658962759116", "position": {"x": 359, "y": 453}}, {"event_name": "mouseover", "timestamp": "1658962759117", "position": {"x": 359, "y": 453}}, {"event_name": "mousemove", "timestamp": "1658962759117", "position": {"x": 359, "y": 453}}, {"event_name": "mouseout", "timestamp": "1658962759135", "position": {"x": 357, "y": 109}}, {"event_name": "mouseover", "timestamp": "1658962759135", "position": {"x": 357, "y": 109}}, {"event_name": "mousemove", "timestamp": "1658962759136", "position": {"x": 357, "y": 109}}, {"event_name": "mouseout", "timestamp": "1658962759150", "position": {"x": 1487, "y": 771}}, {"event_name": "mouseover", "timestamp": "1658962759167", "position": {"x": 20, "y": 293}}, {"event_name": "mousemove", "timestamp": "1658962759168", "position": {"x": 20, "y": 293}}, {"event_name": "mouseout", "timestamp": "1658962759185", "position": {"x": 956, "y": 659}}, {"event_name": "mousemove", "timestamp": "1658962759233", "position": {"x": 595, "y": 223}}, {"event_name": "mouseover", "timestamp": "1658962759233", "position": {"x": 595, "y": 223}}, {"event_name": "mouseout", "timestamp": "1658962759255", "position": {"x": 1019, "y": 588}}, {"event_name": "mouseover", "timestamp": "1658962759300", "position": {"x": 603, "y": 233}}, {"event_name": "mousemove", "timestamp": "1658962759300", "position": {"x": 603, "y": 233}}, {"event_name": "mouseout", "timestamp": "1658962759316", "position": {"x": 369, "y": 531}}, {"event_name": "mouseover", "timestamp": "1658962759316", "position": {"x": 369, "y": 531}}, {"event_name": "mousemove", "timestamp": "1658962759316", "position": {"x": 369, "y": 531}}, {"event_name": "mouseout", "timestamp": "1658962759332", "position": {"x": 1360, "y": 670}}, {"event_name": "mouseover", "timestamp": "1658962759600", "position": {"x": 679, "y": 529}}, {"event_name": "mousemove", "timestamp": "1658962759600", "position": {"x": 679, "y": 529}}, {"event_name": "mouseout", "timestamp": "1658962759616", "position": {"x": 1608, "y": 740}}, {"event_name": "mouseover", "timestamp": "1658962759633", "position": {"x": 330, "y": 547}}, {"event_name": "mousemove", "timestamp": "1658962759633", "position": {"x": 330, "y": 547}}, {"event_name": "mouseout", "timestamp": "1658962759649", "position": {"x": 1491, "y": 339}}, {"event_name": "mouseover", "timestamp": "1658962759834", "position": {"x": 286, "y": 398}}, {"event_name": "mousemove", "timestamp": "1658962759835", "position": {"x": 286, "y": 398}}, {"event_name": "mouseout", "timestamp": "1658962759850", "position": {"x": 112, "y": 573}}, {"event_name": "mouseover", "timestamp": "1658962759851", "position": {"x": 112, "y": 573}}, {"event_name": "mousemove", "timestamp": "1658962759851", "position": {"x": 112, "y": 573}}, {"event_name": "mouseout", "timestamp": "1658962759868", "position": {"x": 343, "y": 234}}, {"event_name": "mouseover", "timestamp": "1658962759868", "position": {"x": 343, "y": 234}}, {"event_name": "mousemove", "timestamp": "1658962759869", "position": {"x": 343, "y": 234}}, {"event_name": "mouseout", "timestamp": "1658962759883", "position": {"x": 1698, "y": 611}}, {"event_name": "mouseover", "timestamp": "1658962760001", "position": {"x": 397, "y": 486}}, {"event_name": "mousemove", "timestamp": "1658962760002", "position": {"x": 397, "y": 486}}, {"event_name": "mouseout", "timestamp": "1658962760016", "position": {"x": 798, "y": 404}}, {"event_name": "mouseover", "timestamp": "1658962760016", "position": {"x": 798, "y": 404}}, {"event_name": "mousemove", "timestamp": "1658962760017", "position": {"x": 798, "y": 404}}, {"event_name": "mouseout", "timestamp": "1658962760033", "position": {"x": 751, "y": 85}}, {"event_name": "mouseover", "timestamp": "1658962760033", "position": {"x": 751, "y": 85}}, {"event_name": "mousemove", "timestamp": "1658962760034", "position": {"x": 751, "y": 85}}, {"event_name": "mouseout", "timestamp": "1658962760050", "position": {"x": 554, "y": 898}}, {"event_name": "mouseover", "timestamp": "1658962760166", "position": {"x": 474, "y": 259}}, {"event_name": "mousemove", "timestamp": "1658962760166", "position": {"x": 474, "y": 259}}, {"event_name": "mouseout", "timestamp": "1658962760183", "position": {"x": 784, "y": 879}}, {"event_name": "mouseover", "timestamp": "1658962760232", "position": {"x": 749, "y": 460}}, {"event_name": "mousemove", "timestamp": "1658962760232", "position": {"x": 749, "y": 460}}, {"event_name": "mouseout", "timestamp": "1658962760249", "position": {"x": 799, "y": 305}}, {"event_name": "mouseover", "timestamp": "1658962760250", "position": {"x": 799, "y": 305}}, {"event_name": "mousemove", "timestamp": "1658962760250", "position": {"x": 799, "y": 305}}, {"event_name": "mouseout", "timestamp": "1658962760266", "position": {"x": 56, "y": 475}}, {"event_name": "mouseover", "timestamp": "1658962760266", "position": {"x": 56, "y": 475}}, {"event_name": "mousemove", "timestamp": "1658962760266", "position": {"x": 56, "y": 475}}, {"event_name": "mouseout", "timestamp": "1658962760285", "position": {"x": 854, "y": 114}}, {"event_name": "mouseover", "timestamp": "1658962760333", "position": {"x": 219, "y": 331}}, {"event_name": "mousemove", "timestamp": "1658962760333", "position": {"x": 219, "y": 331}}, {"event_name": "mouseout", "timestamp": "1658962760350", "position": {"x": 568, "y": 410}}, {"event_name": "mouseover", "timestamp": "1658962760350", "position": {"x": 568, "y": 410}}, {"event_name": "mousemove", "timestamp": "1658962760351", "position": {"x": 568, "y": 410}}, {"event_name": "mouseout", "timestamp": "1658962760369", "position": {"x": 876, "y": 284}}, {"event_name": "mouseover", "timestamp": "1658962760550", "position": {"x": 556, "y": 589}}, {"event_name": "mousemove", "timestamp": "1658962760550", "position": {"x": 556, "y": 589}}, {"event_name": "mouseout", "timestamp": "1658962760568", "position": {"x": 40, "y": 623}}, {"event_name": "mouseover", "timestamp": "1658962760600", "position": {"x": 135, "y": 479}}, {"event_name": "mousemove", "timestamp": "1658962760600", "position": {"x": 135, "y": 479}}, {"event_name": "mouseout", "timestamp": "1658962760616", "position": {"x": 1326, "y": 16}}, {"event_name": "mouseover", "timestamp": "1658962760651", "position": {"x": 737, "y": 450}}, {"event_name": "mousemove", "timestamp": "1658962760651", "position": {"x": 737, "y": 450}}, {"event_name": "mouseout", "timestamp": "1658962760666", "position": {"x": 1488, "y": 293}}, {"event_name": "mouseover", "timestamp": "1658962760684", "position": {"x": 184, "y": 20}}, {"event_name": "mousemove", "timestamp": "1658962760685", "position": {"x": 184, "y": 20}}, {"event_name": "mouseout", "timestamp": "1658962760700", "position": {"x": 953, "y": 516}}, {"event_name": "mouseover", "timestamp": "1658962760716", "position": {"x": 68, "y": 198}}, {"event_name": "mousemove", "timestamp": "1658962760717", "position": {"x": 68, "y": 198}}, {"event_name": "mouseout", "timestamp": "1658962760738", "position": {"x": 1385, "y": 260}}, {"event_name": "mouseover", "timestamp": "1658962760750", "position": {"x": 782, "y": 419}}, {"event_name": "mousemove", "timestamp": "1658962760750", "position": {"x": 782, "y": 419}}, {"event_name": "mouseout", "timestamp": "1658962760770", "position": {"x": 175, "y": 132}}, {"event_name": "mouseover", "timestamp": "1658962760770", "position": {"x": 175, "y": 132}}, {"event_name": "mousemove", "timestamp": "1658962760770", "position": {"x": 175, "y": 132}}, {"event_name": "mouseout", "timestamp": "1658962760784", "position": {"x": 1579, "y": 632}}, {"event_name": "mouseover", "timestamp": "1658962760867", "position": {"x": 387, "y": 68}}, {"event_name": "mousemove", "timestamp": "1658962760867", "position": {"x": 387, "y": 68}}, {"event_name": "mouseout", "timestamp": "1658962760883", "position": {"x": 1408, "y": 726}}, {"event_name": "mouseover", "timestamp": "1658962760899", "position": {"x": 401, "y": 25}}, {"event_name": "mousemove", "timestamp": "1658962760900", "position": {"x": 401, "y": 25}}, {"event_name": "mouseout", "timestamp": "1658962760916", "position": {"x": 851, "y": 614}}, {"event_name": "mouseover", "timestamp": "1658962760933", "position": {"x": 221, "y": 18}}, {"event_name": "mousemove", "timestamp": "1658962760933", "position": {"x": 221, "y": 18}}, {"event_name": "mouseout", "timestamp": "1658962760949", "position": {"x": 1575, "y": 876}}, {"event_name": "mouseover", "timestamp": "1658962761083", "position": {"x": 176, "y": 236}}, {"event_name": "mousemove", "timestamp": "1658962761083", "position": {"x": 176, "y": 236}}, {"event_name": "mouseout", "timestamp": "1658962761099", "position": {"x": 1484, "y": 886}}, {"event_name": "mouseover", "timestamp": "1658962761232", "position": {"x": 138, "y": 501}}, {"event_name": "mousemove", "timestamp": "1658962761233", "position": {"x": 138, "y": 501}}, {"event_name": "mouseout", "timestamp": "1658962761250", "position": {"x": 1370, "y": 320}}, {"event_name": "mouseover", "timestamp": "1658962761315", "position": {"x": 79, "y": 492}}, {"event_name": "mousemove", "timestamp": "1658962761316", "position": {"x": 79, "y": 492}}, {"event_name": "mouseout", "timestamp": "1658962761332", "position": {"x": 586, "y": 59}}, {"event_name": "mouseover", "timestamp": "1658962761333", "position": {"x": 586, "y": 59}}, {"event_name": "mousemove", "timestamp": "1658962761333", "position": {"x": 586, "y": 59}}, {"event_name": "mouseout", "timestamp": "1658962761349", "position": {"x": 435, "y": 35}}, {"event_name": "mouseover", "timestamp": "1658962761349", "position": {"x": 435, "y": 35}}, {"event_name": "mousemove", "timestamp": "1658962761349", "position": {"x": 435, "y": 35}}, {"event_name": "mouseout", "timestamp": "1658962761367", "position": {"x": 60, "y": 173}}, {"event_name": "mouseover", "timestamp": "1658962761368", "position": {"x": 60, "y": 173}}, {"event_name": "mousemove", "timestamp": "1658962761368", "position": {"x": 60, "y": 173}}, {"event_name": "mouseout", "timestamp": "1658962761383", "position": {"x": 1667, "y": 407}}, {"event_name": "mouseover", "timestamp": "1658962761400", "position": {"x": 104, "y": 266}}, {"event_name": "mousemove", "timestamp": "1658962761400", "position": {"x": 104, "y": 266}}, {"event_name": "mouseout", "timestamp": "1658962761417", "position": {"x": 708, "y": 666}}, {"event_name": "mouseover", "timestamp": "1658962761483", "position": {"x": 577, "y": 250}}, {"event_name": "mousemove", "timestamp": "1658962761483", "position": {"x": 577, "y": 250}}, {"event_name": "mouseout", "timestamp": "1658962761501", "position": {"x": 1424, "y": 221}}, {"event_name": "mouseover", "timestamp": "1658962761516", "position": {"x": 312, "y": 345}}, {"event_name": "mousemove", "timestamp": "1658962761516", "position": {"x": 312, "y": 345}}, {"event_name": "mouseout", "timestamp": "1658962761533", "position": {"x": 1307, "y": 187}}, {"event_name": "mouseover", "timestamp": "1658962761617", "position": {"x": 258, "y": 223}}, {"event_name": "mousemove", "timestamp": "1658962761617", "position": {"x": 258, "y": 223}}, {"event_name": "mouseout", "timestamp": "1658962761633", "position": {"x": 500, "y": 311}}, {"event_name": "mouseover", "timestamp": "1658962761633", "position": {"x": 500, "y": 311}}, {"event_name": "mousemove", "timestamp": "1658962761633", "position": {"x": 500, "y": 311}}, {"event_name": "mouseout", "timestamp": "1658962761650", "position": {"x": 148, "y": 107}}, {"event_name": "mouseover", "timestamp": "1658962761650", "position": {"x": 148, "y": 107}}, {"event_name": "mousemove", "timestamp": "1658962761650", "position": {"x": 148, "y": 107}}, {"event_name": "mouseout", "timestamp": "1658962761666", "position": {"x": 871, "y": 129}}, {"event_name": "mouseover", "timestamp": "1658962761685", "position": {"x": 694, "y": 214}}, {"event_name": "mousemove", "timestamp": "1658962761686", "position": {"x": 694, "y": 214}}, {"event_name": "mousemove", "timestamp": "1658962761699", "position": {"x": 351, "y": 142}}, {"event_name": "mouseout", "timestamp": "1658962761716", "position": {"x": 262, "y": 402}}, {"event_name": "mouseover", "timestamp": "1658962761717", "position": {"x": 262, "y": 402}}, {"event_name": "mousemove", "timestamp": "1658962761717", "position": {"x": 262, "y": 402}}, {"event_name": "mouseout", "timestamp": "1658962761734", "position": {"x": 1529, "y": 607}}, {"event_name": "mouseover", "timestamp": "1658962761816", "position": {"x": 679, "y": 96}}, {"event_name": "mousemove", "timestamp": "1658962761816", "position": {"x": 679, "y": 96}}, {"event_name": "mouseout", "timestamp": "1658962761833", "position": {"x": 1207, "y": 817}}, {"event_name": "mouseover", "timestamp": "1658962761869", "position": {"x": 222, "y": 112}}, {"event_name": "mousemove", "timestamp": "1658962761869", "position": {"x": 222, "y": 112}}, {"event_name": "mouseout", "timestamp": "1658962761883", "position": {"x": 988, "y": 269}}, {"event_name": "mouseover", "timestamp": "1658962761900", "position": {"x": 457, "y": 250}}, {"event_name": "mousemove", "timestamp": "1658962761900", "position": {"x": 457, "y": 250}}, {"event_name": "mouseout", "timestamp": "1658962761916", "position": {"x": 648, "y": 221}}, {"event_name": "mouseover", "timestamp": "1658962761916", "position": {"x": 648, "y": 221}}, {"event_name": "mousemove", "timestamp": "1658962761916", "position": {"x": 648, "y": 221}}, {"event_name": "mouseout", "timestamp": "1658962761932", "position": {"x": 1122, "y": 249}}, {"event_name": "mouseover", "timestamp": "1658962761983", "position": {"x": 702, "y": 357}}, {"event_name": "mousemove", "timestamp": "1658962761984", "position": {"x": 702, "y": 357}}, {"event_name": "mouseout", "timestamp": "1658962761999", "position": {"x": 378, "y": 83}}, {"event_name": "mouseover", "timestamp": "1658962762000", "position": {"x": 378, "y": 83}}, {"event_name": "mousemove", "timestamp": "1658962762000", "position": {"x": 378, "y": 83}}, {"event_name": "mouseout", "timestamp": "1658962762016", "position": {"x": 1254, "y": 663}}, {"event_name": "mouseover", "timestamp": "1658962762099", "position": {"x": 156, "y": 143}}, {"event_name": "mousemove", "timestamp": "1658962762099", "position": {"x": 156, "y": 143}}, {"event_name": "mouseout", "timestamp": "1658962762117", "position": {"x": 1206, "y": 222}}, {"event_name": "mouseover", "timestamp": "1658962762134", "position": {"x": 466, "y": 218}}, {"event_name": "mousemove", "timestamp": "1658962762134", "position": {"x": 466, "y": 218}}, {"event_name": "mouseout", "timestamp": "1658962762150", "position": {"x": 1341, "y": 671}}, {"event_name": "mouseover", "timestamp": "1658962762216", "position": {"x": 255, "y": 113}}, {"event_name": "mousemove", "timestamp": "1658962762216", "position": {"x": 255, "y": 113}}, {"event_name": "mouseout", "timestamp": "1658962762234", "position": {"x": 1261, "y": 25}}, {"event_name": "mouseover", "timestamp": "1658962762316", "position": {"x": 640, "y": 493}}, {"event_name": "mousemove", "timestamp": "1658962762316", "position": {"x": 640, "y": 493}}, {"event_name": "mouseout", "timestamp": "1658962762333", "position": {"x": 36, "y": 435}}, {"event_name": "mouseover", "timestamp": "1658962762333", "position": {"x": 36, "y": 435}}, {"event_name": "mousemove", "timestamp": "1658962762333", "position": {"x": 36, "y": 435}}, {"event_name": "mouseout", "timestamp": "1658962762349", "position": {"x": 772, "y": 31}}, {"event_name": "mouseover", "timestamp": "1658962762349", "position": {"x": 772, "y": 31}}, {"event_name": "mousemove", "timestamp": "1658962762349", "position": {"x": 772, "y": 31}}, {"event_name": "mouseout", "timestamp": "1658962762366", "position": {"x": 1495, "y": 596}}, {"event_name": "mouseover", "timestamp": "1658962762432", "position": {"x": 449, "y": 292}}, {"event_name": "mousemove", "timestamp": "1658962762432", "position": {"x": 449, "y": 292}}, {"event_name": "mouseout", "timestamp": "1658962762449", "position": {"x": 1340, "y": 35}}, {"event_name": "mouseover", "timestamp": "1658962762482", "position": {"x": 398, "y": 578}}, {"event_name": "mousemove", "timestamp": "1658962762482", "position": {"x": 398, "y": 578}}, {"event_name": "mouseout", "timestamp": "1658962762500", "position": {"x": 545, "y": 871}}, {"event_name": "mouseover", "timestamp": "1658962762516", "position": {"x": 451, "y": 471}}, {"event_name": "mousemove", "timestamp": "1658962762517", "position": {"x": 451, "y": 471}}, {"event_name": "mouseout", "timestamp": "1658962762535", "position": {"x": 1398, "y": 646}}, {"event_name": "mouseover", "timestamp": "1658962762550", "position": {"x": 775, "y": 136}}, {"event_name": "mousemove", "timestamp": "1658962762550", "position": {"x": 775, "y": 136}}, {"event_name": "mouseout", "timestamp": "1658962762567", "position": {"x": 276, "y": 726}}, {"event_name": "mouseover", "timestamp": "1658962762683", "position": {"x": 613, "y": 19}}, {"event_name": "mousemove", "timestamp": "1658962762683", "position": {"x": 613, "y": 19}}, {"event_name": "mouseout", "timestamp": "1658962762700", "position": {"x": 1149, "y": 581}}, {"event_name": "mouseover", "timestamp": "1658962762733", "position": {"x": 555, "y": 290}}, {"event_name": "mousemove", "timestamp": "1658962762733", "position": {"x": 555, "y": 290}}, {"event_name": "mouseout", "timestamp": "1658962762749", "position": {"x": 74, "y": 497}}, {"event_name": "mouseover", "timestamp": "1658962762749", "position": {"x": 74, "y": 497}}, {"event_name": "mousemove", "timestamp": "1658962762749", "position": {"x": 74, "y": 497}}, {"event_name": "mouseout", "timestamp": "1658962762766", "position": {"x": 1167, "y": 509}}, {"event_name": "mouseover", "timestamp": "1658962762850", "position": {"x": 107, "y": 451}}, {"event_name": "mousemove", "timestamp": "1658962762850", "position": {"x": 107, "y": 451}}, {"event_name": "mouseout", "timestamp": "1658962762866", "position": {"x": 422, "y": 299}}, {"event_name": "mouseover", "timestamp": "1658962762866", "position": {"x": 422, "y": 299}}, {"event_name": "mousemove", "timestamp": "1658962762866", "position": {"x": 422, "y": 299}}, {"event_name": "mouseout", "timestamp": "1658962762883", "position": {"x": 754, "y": 505}}, {"event_name": "mouseover", "timestamp": "1658962762884", "position": {"x": 754, "y": 505}}, {"event_name": "mousemove", "timestamp": "1658962762884", "position": {"x": 754, "y": 505}}, {"event_name": "mouseout", "timestamp": "1658962762899", "position": {"x": 105, "y": 369}}, {"event_name": "mouseover", "timestamp": "1658962762900", "position": {"x": 105, "y": 369}}, {"event_name": "mousemove", "timestamp": "1658962762900", "position": {"x": 105, "y": 369}}, {"event_name": "mousemove", "timestamp": "1658962762917", "position": {"x": 673, "y": 495}}, {"event_name": "mouseout", "timestamp": "1658962762934", "position": {"x": 546, "y": 567}}, {"event_name": "mouseover", "timestamp": "1658962762934", "position": {"x": 546, "y": 567}}, {"event_name": "mousemove", "timestamp": "1658962762935", "position": {"x": 546, "y": 567}}, {"event_name": "mouseout", "timestamp": "1658962762950", "position": {"x": 987, "y": 107}}, {"event_name": "mouseover", "timestamp": "1658962763000", "position": {"x": 327, "y": 334}}, {"event_name": "mousemove", "timestamp": "1658962763000", "position": {"x": 327, "y": 334}}, {"event_name": "mouseout", "timestamp": "1658962763016", "position": {"x": 704, "y": 734}}, {"event_name": "mouseover", "timestamp": "1658962763050", "position": {"x": 218, "y": 516}}, {"event_name": "mousemove", "timestamp": "1658962763050", "position": {"x": 218, "y": 516}}, {"event_name": "mouseout", "timestamp": "1658962763067", "position": {"x": 980, "y": 48}}, {"event_name": "mouseover", "timestamp": "1658962763083", "position": {"x": 666, "y": 562}}, {"event_name": "mousemove", "timestamp": "1658962763083", "position": {"x": 666, "y": 562}}, {"event_name": "mousemove", "timestamp": "1658962763099", "position": {"x": 568, "y": 526}}, {"event_name": "mouseout", "timestamp": "1658962763116", "position": {"x": 573, "y": 724}}, {"event_name": "mouseover", "timestamp": "1658962763133", "position": {"x": 548, "y": 276}}, {"event_name": "mousemove", "timestamp": "1658962763133", "position": {"x": 548, "y": 276}}, {"event_name": "mouseout", "timestamp": "1658962763149", "position": {"x": 1478, "y": 608}}, {"event_name": "mouseover", "timestamp": "1658962763166", "position": {"x": 571, "y": 481}}, {"event_name": "mousemove", "timestamp": "1658962763166", "position": {"x": 571, "y": 481}}, {"event_name": "mouseout", "timestamp": "1658962763183", "position": {"x": 1465, "y": 81}}, {"event_name": "mouseover", "timestamp": "1658962763216", "position": {"x": 744, "y": 525}}, {"event_name": "mousemove", "timestamp": "1658962763216", "position": {"x": 744, "y": 525}}, {"event_name": "mouseout", "timestamp": "1658962763234", "position": {"x": 1773, "y": 711}}, {"event_name": "mouseover", "timestamp": "1658962763382", "position": {"x": 322, "y": 305}}, {"event_name": "mousemove", "timestamp": "1658962763382", "position": {"x": 322, "y": 305}}, {"event_name": "mouseout", "timestamp": "1658962763399", "position": {"x": 21, "y": 104}}, {"event_name": "mouseover", "timestamp": "1658962763399", "position": {"x": 21, "y": 104}}, {"event_name": "mousemove", "timestamp": "1658962763399", "position": {"x": 21, "y": 104}}, {"event_name": "mouseout", "timestamp": "1658962763415", "position": {"x": 1486, "y": 457}}, {"event_name": "mouseover", "timestamp": "1658962763432", "position": {"x": 266, "y": 236}}, {"event_name": "mousemove", "timestamp": "1658962763432", "position": {"x": 266, "y": 236}}, {"event_name": "mouseout", "timestamp": "1658962763449", "position": {"x": 794, "y": 533}}, {"event_name": "mouseover", "timestamp": "1658962763449", "position": {"x": 794, "y": 533}}, {"event_name": "mousemove", "timestamp": "1658962763449", "position": {"x": 794, "y": 533}}, {"event_name": "mouseout", "timestamp": "1658962763466", "position": {"x": 1342, "y": 426}}, {"event_name": "mouseover", "timestamp": "1658962763566", "position": {"x": 694, "y": 340}}, {"event_name": "mousemove", "timestamp": "1658962763567", "position": {"x": 694, "y": 340}}, {"event_name": "mouseout", "timestamp": "1658962763582", "position": {"x": 649, "y": 658}}, {"event_name": "mouseover", "timestamp": "1658962763667", "position": {"x": 330, "y": 83}}, {"event_name": "mousemove", "timestamp": "1658962763667", "position": {"x": 330, "y": 83}}, {"event_name": "mouseout", "timestamp": "1658962763682", "position": {"x": 750, "y": 752}}, {"event_name": "mouseover", "timestamp": "1658962763700", "position": {"x": 19, "y": 561}}, {"event_name": "mousemove", "timestamp": "1658962763700", "position": {"x": 19, "y": 561}}, {"event_name": "mouseout", "timestamp": "1658962763717", "position": {"x": 916, "y": 75}}, {"event_name": "mouseover", "timestamp": "1658962763734", "position": {"x": 148, "y": 562}}, {"event_name": "mousemove", "timestamp": "1658962763734", "position": {"x": 148, "y": 562}}, {"event_name": "mouseout", "timestamp": "1658962763753", "position": {"x": 465, "y": 541}}, {"event_name": "mouseover", "timestamp": "1658962763753", "position": {"x": 465, "y": 541}}, {"event_name": "mousemove", "timestamp": "1658962763753", "position": {"x": 465, "y": 541}}, {"event_name": "mouseout", "timestamp": "1658962763766", "position": {"x": 149, "y": 698}}, {"event_name": "mouseover", "timestamp": "1658962763933", "position": {"x": 797, "y": 85}}, {"event_name": "mousemove", "timestamp": "1658962763933", "position": {"x": 797, "y": 85}}, {"event_name": "mouseout", "timestamp": "1658962763950", "position": {"x": 877, "y": 162}}, {"event_name": "mouseover", "timestamp": "1658962764017", "position": {"x": 696, "y": 209}}, {"event_name": "mousemove", "timestamp": "1658962764018", "position": {"x": 696, "y": 209}}, {"event_name": "mouseout", "timestamp": "1658962764032", "position": {"x": 1679, "y": 216}}, {"event_name": "mouseover", "timestamp": "1658962764066", "position": {"x": 676, "y": 587}}, {"event_name": "mousemove", "timestamp": "1658962764066", "position": {"x": 676, "y": 587}}, {"event_name": "mouseout", "timestamp": "1658962764083", "position": {"x": 81, "y": 168}}, {"event_name": "mouseover", "timestamp": "1658962764083", "position": {"x": 81, "y": 168}}, {"event_name": "mousemove", "timestamp": "1658962764083", "position": {"x": 81, "y": 168}}, {"event_name": "mousemove", "timestamp": "1658962764099", "position": {"x": 335, "y": 136}}, {"event_name": "mouseout", "timestamp": "1658962764118", "position": {"x": 1116, "y": 66}}, {"event_name": "mouseover", "timestamp": "1658962764249", "position": {"x": 628, "y": 429}}, {"event_name": "mousemove", "timestamp": "1658962764249", "position": {"x": 628, "y": 429}}, {"event_name": "mouseout", "timestamp": "1658962764266", "position": {"x": 993, "y": 642}}, {"event_name": "mouseover", "timestamp": "1658962764283", "position": {"x": 689, "y": 26}}, {"event_name": "mousemove", "timestamp": "1658962764283", "position": {"x": 689, "y": 26}}, {"event_name": "mouseout", "timestamp": "1658962764299", "position": {"x": 657, "y": 472}}, {"event_name": "mouseover", "timestamp": "1658962764299", "position": {"x": 657, "y": 472}}, {"event_name": "mousemove", "timestamp": "1658962764299", "position": {"x": 657, "y": 472}}, {"event_name": "mouseout", "timestamp": "1658962764316", "position": {"x": 1281, "y": 622}}, {"event_name": "mouseover", "timestamp": "1658962764366", "position": {"x": 312, "y": 3}}, {"event_name": "mousemove", "timestamp": "1658962764366", "position": {"x": 312, "y": 3}}, {"event_name": "mouseout", "timestamp": "1658962764383", "position": {"x": 26, "y": 484}}, {"event_name": "mouseover", "timestamp": "1658962764383", "position": {"x": 26, "y": 484}}, {"event_name": "mousemove", "timestamp": "1658962764383", "position": {"x": 26, "y": 484}}, {"event_name": "mouseout", "timestamp": "1658962764400", "position": {"x": 226, "y": 671}}, {"event_name": "mouseover", "timestamp": "1658962764483", "position": {"x": 227, "y": 297}}, {"event_name": "mousemove", "timestamp": "1658962764483", "position": {"x": 227, "y": 297}}, {"event_name": "mouseout", "timestamp": "1658962764500", "position": {"x": 304, "y": 734}}, {"event_name": "mouseover", "timestamp": "1658962764516", "position": {"x": 413, "y": 469}}, {"event_name": "mousemove", "timestamp": "1658962764516", "position": {"x": 413, "y": 469}}, {"event_name": "mouseout", "timestamp": "1658962764533", "position": {"x": 362, "y": 350}}, {"event_name": "mouseover", "timestamp": "1658962764534", "position": {"x": 362, "y": 350}}, {"event_name": "mousemove", "timestamp": "1658962764534", "position": {"x": 362, "y": 350}}, {"event_name": "mouseout", "timestamp": "1658962764549", "position": {"x": 1543, "y": 868}}, {"event_name": "mouseover", "timestamp": "1658962764600", "position": {"x": 379, "y": 429}}, {"event_name": "mousemove", "timestamp": "1658962764600", "position": {"x": 379, "y": 429}}, {"event_name": "mouseout", "timestamp": "1658962764616", "position": {"x": 899, "y": 317}}, {"event_name": "mouseover", "timestamp": "1658962764733", "position": {"x": 406, "y": 326}}, {"event_name": "mousemove", "timestamp": "1658962764733", "position": {"x": 406, "y": 326}}, {"event_name": "mouseout", "timestamp": "1658962764749", "position": {"x": 1792, "y": 325}}, {"event_name": "mouseover", "timestamp": "1658962764783", "position": {"x": 169, "y": 526}}, {"event_name": "mousemove", "timestamp": "1658962764783", "position": {"x": 169, "y": 526}}, {"event_name": "mouseout", "timestamp": "1658962764800", "position": {"x": 491, "y": 333}}, {"event_name": "mouseover", "timestamp": "1658962764800", "position": {"x": 491, "y": 333}}, {"event_name": "mousemove", "timestamp": "1658962764800", "position": {"x": 491, "y": 333}}, {"event_name": "mouseout", "timestamp": "1658962764816", "position": {"x": 568, "y": 638}}, {"event_name": "mouseover", "timestamp": "1658962764867", "position": {"x": 764, "y": 9}}, {"event_name": "mousemove", "timestamp": "1658962764868", "position": {"x": 764, "y": 9}}, {"event_name": "mouseout", "timestamp": "1658962764883", "position": {"x": 1799, "y": 418}}, {"event_name": "mouseover", "timestamp": "1658962764916", "position": {"x": 467, "y": 334}}, {"event_name": "mousemove", "timestamp": "1658962764916", "position": {"x": 467, "y": 334}}, {"event_name": "mouseout", "timestamp": "1658962764933", "position": {"x": 1366, "y": 449}}, {"event_name": "mouseover", "timestamp": "1658962765032", "position": {"x": 505, "y": 232}}, {"event_name": "mousemove", "timestamp": "1658962765033", "position": {"x": 505, "y": 232}}, {"event_name": "mouseout", "timestamp": "1658962765049", "position": {"x": 1448, "y": 470}}, {"event_name": "mouseover", "timestamp": "1658962765066", "position": {"x": 120, "y": 490}}, {"event_name": "mousemove", "timestamp": "1658962765066", "position": {"x": 120, "y": 490}}, {"event_name": "mouseout", "timestamp": "1658962765083", "position": {"x": 428, "y": 403}}, {"event_name": "mouseover", "timestamp": "1658962765083", "position": {"x": 428, "y": 403}}, {"event_name": "mousemove", "timestamp": "1658962765083", "position": {"x": 428, "y": 403}}, {"event_name": "mouseout", "timestamp": "1658962765100", "position": {"x": 640, "y": 669}}, {"event_name": "mouseover", "timestamp": "1658962765149", "position": {"x": 100, "y": 487}}, {"event_name": "mousemove", "timestamp": "1658962765149", "position": {"x": 100, "y": 487}}, {"event_name": "mouseout", "timestamp": "1658962765167", "position": {"x": 519, "y": 639}}, {"event_name": "mouseover", "timestamp": "1658962765183", "position": {"x": 9, "y": 416}}, {"event_name": "mousemove", "timestamp": "1658962765183", "position": {"x": 9, "y": 416}}, {"event_name": "mouseout", "timestamp": "1658962765199", "position": {"x": 1735, "y": 184}}, {"event_name": "mouseover", "timestamp": "1658962765349", "position": {"x": 670, "y": 181}}, {"event_name": "mousemove", "timestamp": "1658962765350", "position": {"x": 670, "y": 181}}, {"event_name": "mousemove", "timestamp": "1658962765370", "position": {"x": 378, "y": 121}}, {"event_name": "mouseout", "timestamp": "1658962765389", "position": {"x": 1011, "y": 656}}, {"event_name": "mouseover", "timestamp": "1658962765418", "position": {"x": 194, "y": 496}}, {"event_name": "mousemove", "timestamp": "1658962765418", "position": {"x": 194, "y": 496}}, {"event_name": "mouseout", "timestamp": "1658962765433", "position": {"x": 1087, "y": 86}}, {"event_name": "mouseover", "timestamp": "1658962765449", "position": {"x": 786, "y": 391}}, {"event_name": "mousemove", "timestamp": "1658962765450", "position": {"x": 786, "y": 391}}, {"event_name": "mouseout", "timestamp": "1658962765467", "position": {"x": 441, "y": 468}}, {"event_name": "mouseover", "timestamp": "1658962765467", "position": {"x": 441, "y": 468}}, {"event_name": "mousemove", "timestamp": "1658962765467", "position": {"x": 441, "y": 468}}, {"event_name": "mouseout", "timestamp": "1658962765482", "position": {"x": 428, "y": 256}}, {"event_name": "mouseover", "timestamp": "1658962765483", "position": {"x": 428, "y": 256}}, {"event_name": "mousemove", "timestamp": "1658962765483", "position": {"x": 428, "y": 256}}, {"event_name": "mouseout", "timestamp": "1658962765499", "position": {"x": 1416, "y": 561}}, {"event_name": "mouseover", "timestamp": "1658962765649", "position": {"x": 354, "y": 416}}, {"event_name": "mousemove", "timestamp": "1658962765649", "position": {"x": 354, "y": 416}}, {"event_name": "mouseout", "timestamp": "1658962765666", "position": {"x": 447, "y": 738}}, {"event_name": "mouseover", "timestamp": "1658962765916", "position": {"x": 237, "y": 489}}, {"event_name": "mousemove", "timestamp": "1658962765916", "position": {"x": 237, "y": 489}}, {"event_name": "mouseout", "timestamp": "1658962765932", "position": {"x": 377, "y": 82}}, {"event_name": "mouseover", "timestamp": "1658962765933", "position": {"x": 377, "y": 82}}, {"event_name": "mousemove", "timestamp": "1658962765933", "position": {"x": 377, "y": 82}}, {"event_name": "mouseout", "timestamp": "1658962765949", "position": {"x": 1491, "y": 824}}, {"event_name": "mouseover", "timestamp": "1658962765983", "position": {"x": 161, "y": 26}}, {"event_name": "mousemove", "timestamp": "1658962765983", "position": {"x": 161, "y": 26}}, {"event_name": "mouseout", "timestamp": "1658962765999", "position": {"x": 106, "y": 349}}, {"event_name": "mouseover", "timestamp": "1658962765999", "position": {"x": 106, "y": 349}}, {"event_name": "mousemove", "timestamp": "1658962766000", "position": {"x": 106, "y": 349}}, {"event_name": "mouseout", "timestamp": "1658962766016", "position": {"x": 1529, "y": 586}}, {"event_name": "mouseover", "timestamp": "1658962766067", "position": {"x": 753, "y": 249}}, {"event_name": "mousemove", "timestamp": "1658962766067", "position": {"x": 753, "y": 249}}, {"event_name": "mouseout", "timestamp": "1658962766082", "position": {"x": 812, "y": 655}}, {"event_name": "mouseover", "timestamp": "1658962766167", "position": {"x": 283, "y": 33}}, {"event_name": "mousemove", "timestamp": "1658962766167", "position": {"x": 283, "y": 33}}, {"event_name": "mouseout", "timestamp": "1658962766183", "position": {"x": 1368, "y": 190}}, {"event_name": "mouseover", "timestamp": "1658962766199", "position": {"x": 357, "y": 129}}, {"event_name": "mousemove", "timestamp": "1658962766199", "position": {"x": 357, "y": 129}}, {"event_name": "mouseout", "timestamp": "1658962766215", "position": {"x": 1312, "y": 551}}, {"event_name": "mouseover", "timestamp": "1658962766232", "position": {"x": 128, "y": 585}}, {"event_name": "mousemove", "timestamp": "1658962766232", "position": {"x": 128, "y": 585}}, {"event_name": "mouseout", "timestamp": "1658962766249", "position": {"x": 151, "y": 205}}, {"event_name": "mouseover", "timestamp": "1658962766250", "position": {"x": 151, "y": 205}}, {"event_name": "mousemove", "timestamp": "1658962766250", "position": {"x": 151, "y": 205}}, {"event_name": "mouseout", "timestamp": "1658962766266", "position": {"x": 255, "y": 430}}, {"event_name": "mouseover", "timestamp": "1658962766266", "position": {"x": 255, "y": 430}}, {"event_name": "mousemove", "timestamp": "1658962766266", "position": {"x": 255, "y": 430}}, {"event_name": "mouseout", "timestamp": "1658962766283", "position": {"x": 1157, "y": 326}}, {"event_name": "mouseover", "timestamp": "1658962766366", "position": {"x": 652, "y": 380}}, {"event_name": "mousemove", "timestamp": "1658962766366", "position": {"x": 652, "y": 380}}, {"event_name": "mouseout", "timestamp": "1658962766457", "position": {"x": 356, "y": 672}}, {"event_name": "mouseover", "timestamp": "1658962766549", "position": {"x": 712, "y": 195}}, {"event_name": "mousemove", "timestamp": "1658962766550", "position": {"x": 712, "y": 195}}, {"event_name": "mouseout", "timestamp": "1658962766566", "position": {"x": 990, "y": 648}}, {"event_name": "mouseover", "timestamp": "1658962766699", "position": {"x": 300, "y": 108}}, {"event_name": "mousemove", "timestamp": "1658962766699", "position": {"x": 300, "y": 108}}, {"event_name": "mouseout", "timestamp": "1658962766716", "position": {"x": 72, "y": 487}}, {"event_name": "mouseover", "timestamp": "1658962766716", "position": {"x": 72, "y": 487}}, {"event_name": "mousemove", "timestamp": "1658962766716", "position": {"x": 72, "y": 487}}, {"event_name": "mousemove", "timestamp": "1658962766733", "position": {"x": 397, "y": 444}}, {"event_name": "mouseout", "timestamp": "1658962766749", "position": {"x": 471, "y": 837}}, {"event_name": "mouseover", "timestamp": "1658962766833", "position": {"x": 162, "y": 191}}, {"event_name": "mousemove", "timestamp": "1658962766833", "position": {"x": 162, "y": 191}}, {"event_name": "mouseout", "timestamp": "1658962766849", "position": {"x": 120, "y": 609}}, {"event_name": "mouseover", "timestamp": "1658962767132", "position": {"x": 251, "y": 158}}, {"event_name": "mousemove", "timestamp": "1658962767133", "position": {"x": 251, "y": 158}}, {"event_name": "mouseout", "timestamp": "1658962767149", "position": {"x": 335, "y": 345}}, {"event_name": "mouseover", "timestamp": "1658962767149", "position": {"x": 335, "y": 345}}, {"event_name": "mousemove", "timestamp": "1658962767149", "position": {"x": 335, "y": 345}}, {"event_name": "mouseout", "timestamp": "1658962767167", "position": {"x": 1403, "y": 599}}, {"event_name": "mouseover", "timestamp": "1658962767233", "position": {"x": 125, "y": 487}}, {"event_name": "mousemove", "timestamp": "1658962767233", "position": {"x": 125, "y": 487}}, {"event_name": "mouseout", "timestamp": "1658962767252", "position": {"x": 1317, "y": 561}}, {"event_name": "mouseover", "timestamp": "1658962767299", "position": {"x": 202, "y": 243}}, {"event_name": "mousemove", "timestamp": "1658962767299", "position": {"x": 202, "y": 243}}, {"event_name": "mouseout", "timestamp": "1658962767316", "position": {"x": 1769, "y": 117}}, {"event_name": "mouseover", "timestamp": "1658962767467", "position": {"x": 290, "y": 116}}, {"event_name": "mousemove", "timestamp": "1658962767468", "position": {"x": 290, "y": 116}}, {"event_name": "mouseout", "timestamp": "1658962767485", "position": {"x": 185, "y": 273}}, {"event_name": "mouseover", "timestamp": "1658962767485", "position": {"x": 185, "y": 273}}, {"event_name": "mousemove", "timestamp": "1658962767486", "position": {"x": 185, "y": 273}}, {"event_name": "mouseout", "timestamp": "1658962767499", "position": {"x": 1518, "y": 645}}, {"event_name": "mouseover", "timestamp": "1658962767566", "position": {"x": 458, "y": 205}}, {"event_name": "mousemove", "timestamp": "1658962767566", "position": {"x": 458, "y": 205}}, {"event_name": "mouseout", "timestamp": "1658962767583", "position": {"x": 525, "y": 528}}, {"event_name": "mouseover", "timestamp": "1658962767584", "position": {"x": 525, "y": 528}}, {"event_name": "mousemove", "timestamp": "1658962767584", "position": {"x": 525, "y": 528}}, {"event_name": "mouseout", "timestamp": "1658962767600", "position": {"x": 382, "y": 219}}, {"event_name": "mouseover", "timestamp": "1658962767600", "position": {"x": 382, "y": 219}}, {"event_name": "mousemove", "timestamp": "1658962767600", "position": {"x": 382, "y": 219}}, {"event_name": "mouseout", "timestamp": "1658962767616", "position": {"x": 1271, "y": 805}}, {"event_name": "mouseover", "timestamp": "1658962767649", "position": {"x": 91, "y": 290}}, {"event_name": "mousemove", "timestamp": "1658962767650", "position": {"x": 91, "y": 290}}, {"event_name": "mouseout", "timestamp": "1658962767668", "position": {"x": 1595, "y": 566}}, {"event_name": "mouseover", "timestamp": "1658962767699", "position": {"x": 625, "y": 345}}, {"event_name": "mousemove", "timestamp": "1658962767700", "position": {"x": 625, "y": 345}}, {"event_name": "mouseout", "timestamp": "1658962767715", "position": {"x": 1760, "y": 858}}, {"event_name": "mouseover", "timestamp": "1658962767899", "position": {"x": 394, "y": 226}}, {"event_name": "mousemove", "timestamp": "1658962767899", "position": {"x": 394, "y": 226}}, {"event_name": "mouseout", "timestamp": "1658962767918", "position": {"x": 92, "y": 64}}, {"event_name": "mouseover", "timestamp": "1658962767918", "position": {"x": 92, "y": 64}}, {"event_name": "mousemove", "timestamp": "1658962767918", "position": {"x": 92, "y": 64}}, {"event_name": "mouseout", "timestamp": "1658962767933", "position": {"x": 160, "y": 323}}, {"event_name": "mouseover", "timestamp": "1658962767933", "position": {"x": 160, "y": 323}}, {"event_name": "mousemove", "timestamp": "1658962767933", "position": {"x": 160, "y": 323}}, {"event_name": "mouseout", "timestamp": "1658962767949", "position": {"x": 1200, "y": 763}}, {"event_name": "mouseover", "timestamp": "1658962767967", "position": {"x": 146, "y": 98}}, {"event_name": "mousemove", "timestamp": "1658962767968", "position": {"x": 146, "y": 98}}, {"event_name": "mouseout", "timestamp": "1658962767985", "position": {"x": 1447, "y": 197}}, {"event_name": "mouseover", "timestamp": "1658962767999", "position": {"x": 273, "y": 367}}, {"event_name": "mousemove", "timestamp": "1658962768000", "position": {"x": 273, "y": 367}}, {"event_name": "mouseout", "timestamp": "1658962768016", "position": {"x": 978, "y": 655}}, {"event_name": "mouseover", "timestamp": "1658962768073", "position": {"x": 126, "y": 188}}, {"event_name": "mousemove", "timestamp": "1658962768074", "position": {"x": 126, "y": 188}}, {"event_name": "mouseout", "timestamp": "1658962768083", "position": {"x": 695, "y": 1}}, {"event_name": "mouseover", "timestamp": "1658962768083", "position": {"x": 695, "y": 1}}, {"event_name": "mousemove", "timestamp": "1658962768083", "position": {"x": 695, "y": 1}}, {"event_name": "mouseout", "timestamp": "1658962768099", "position": {"x": 1224, "y": 32}}, {"event_name": "mouseover", "timestamp": "1658962768116", "position": {"x": 333, "y": 43}}, {"event_name": "mousemove", "timestamp": "1658962768116", "position": {"x": 333, "y": 43}}, {"event_name": "mouseout", "timestamp": "1658962768133", "position": {"x": 1546, "y": 164}}, {"event_name": "mouseover", "timestamp": "1658962768182", "position": {"x": 690, "y": 478}}, {"event_name": "mousemove", "timestamp": "1658962768182", "position": {"x": 690, "y": 478}}, {"event_name": "mouseout", "timestamp": "1658962768199", "position": {"x": 743, "y": 66}}, {"event_name": "mouseover", "timestamp": "1658962768199", "position": {"x": 743, "y": 66}}, {"event_name": "mousemove", "timestamp": "1658962768199", "position": {"x": 743, "y": 66}}, {"event_name": "mouseout", "timestamp": "1658962768216", "position": {"x": 1727, "y": 786}}, {"event_name": "mouseover", "timestamp": "1658962768399", "position": {"x": 114, "y": 141}}, {"event_name": "mousemove", "timestamp": "1658962768399", "position": {"x": 114, "y": 141}}, {"event_name": "mouseout", "timestamp": "1658962768416", "position": {"x": 1757, "y": 237}}, {"event_name": "mouseover", "timestamp": "1658962768432", "position": {"x": 688, "y": 408}}, {"event_name": "mousemove", "timestamp": "1658962768432", "position": {"x": 688, "y": 408}}, {"event_name": "mouseout", "timestamp": "1658962768449", "position": {"x": 1496, "y": 87}}, {"event_name": "mouseover", "timestamp": "1658962768466", "position": {"x": 709, "y": 598}}, {"event_name": "mousemove", "timestamp": "1658962768466", "position": {"x": 709, "y": 598}}, {"event_name": "mouseout", "timestamp": "1658962768483", "position": {"x": 137, "y": 22}}, {"event_name": "mouseover", "timestamp": "1658962768483", "position": {"x": 137, "y": 22}}, {"event_name": "mousemove", "timestamp": "1658962768483", "position": {"x": 137, "y": 22}}, {"event_name": "mouseout", "timestamp": "1658962768500", "position": {"x": 527, "y": 736}}, {"event_name": "mouseover", "timestamp": "1658962768532", "position": {"x": 740, "y": 4}}, {"event_name": "mousemove", "timestamp": "1658962768532", "position": {"x": 740, "y": 4}}, {"event_name": "mouseout", "timestamp": "1658962768550", "position": {"x": 234, "y": 535}}, {"event_name": "mouseover", "timestamp": "1658962768550", "position": {"x": 234, "y": 535}}, {"event_name": "mousemove", "timestamp": "1658962768550", "position": {"x": 234, "y": 535}}, {"event_name": "mouseout", "timestamp": "1658962768566", "position": {"x": 202, "y": 718}}, {"event_name": "mouseover", "timestamp": "1658962768616", "position": {"x": 446, "y": 171}}, {"event_name": "mousemove", "timestamp": "1658962768616", "position": {"x": 446, "y": 171}}, {"event_name": "mouseout", "timestamp": "1658962768633", "position": {"x": 1360, "y": 837}}, {"event_name": "mouseover", "timestamp": "1658962768682", "position": {"x": 462, "y": 587}}, {"event_name": "mousemove", "timestamp": "1658962768683", "position": {"x": 462, "y": 587}}, {"event_name": "mouseout", "timestamp": "1658962768699", "position": {"x": 1423, "y": 373}}, {"event_name": "mouseover", "timestamp": "1658962768866", "position": {"x": 227, "y": 458}}, {"event_name": "mousemove", "timestamp": "1658962768866", "position": {"x": 227, "y": 458}}, {"event_name": "mouseout", "timestamp": "1658962768882", "position": {"x": 431, "y": 851}}, {"event_name": "mouseover", "timestamp": "1658962768999", "position": {"x": 398, "y": 451}}, {"event_name": "mousemove", "timestamp": "1658962769000", "position": {"x": 398, "y": 451}}, {"event_name": "mouseout", "timestamp": "1658962769016", "position": {"x": 1735, "y": 809}}, {"event_name": "mouseover", "timestamp": "1658962769050", "position": {"x": 156, "y": 437}}, {"event_name": "mousemove", "timestamp": "1658962769050", "position": {"x": 156, "y": 437}}, {"event_name": "mouseout", "timestamp": "1658962769068", "position": {"x": 310, "y": 214}}, {"event_name": "mouseover", "timestamp": "1658962769068", "position": {"x": 310, "y": 214}}, {"event_name": "mousemove", "timestamp": "1658962769068", "position": {"x": 310, "y": 214}}, {"event_name": "mouseout", "timestamp": "1658962769082", "position": {"x": 1557, "y": 670}}, {"event_name": "mouseover", "timestamp": "1658962769117", "position": {"x": 531, "y": 299}}, {"event_name": "mousemove", "timestamp": "1658962769117", "position": {"x": 531, "y": 299}}, {"event_name": "mouseout", "timestamp": "1658962769132", "position": {"x": 419, "y": 665}}, {"event_name": "mouseover", "timestamp": "1658962769150", "position": {"x": 135, "y": 307}}, {"event_name": "mousemove", "timestamp": "1658962769150", "position": {"x": 135, "y": 307}}, {"event_name": "mouseout", "timestamp": "1658962769170", "position": {"x": 621, "y": 448}}, {"event_name": "mouseover", "timestamp": "1658962769170", "position": {"x": 621, "y": 448}}, {"event_name": "mousemove", "timestamp": "1658962769170", "position": {"x": 621, "y": 448}}, {"event_name": "mouseout", "timestamp": "1658962769183", "position": {"x": 188, "y": 737}}]}