{"user_id": "055c2eac-13e1-4008-b6c8-9dde1b78c808", "device": "desktop", "trace": [{"event_name": "load", "timestamp": "1658961634951", "position": {"x": 0, "y": 0}}, {"event_name": "pageshow", "timestamp": "1658961634951", "position": {"x": 0, "y": 0}}, {"event_name": "mouseover", "timestamp": "1658961634994", "position": {"x": 617, "y": 555}}, {"event_name": "mousemove", "timestamp": "1658961634995", "position": {"x": 617, "y": 555}}, {"event_name": "mouseout", "timestamp": "1658961635011", "position": {"x": 343, "y": 518}}, {"event_name": "mouseover", "timestamp": "1658961635011", "position": {"x": 343, "y": 518}}, {"event_name": "mousemove", "timestamp": "1658961635011", "position": {"x": 343, "y": 518}}, {"event_name": "mouseout", "timestamp": "1658961635028", "position": {"x": 906, "y": 596}}, {"event_name": "mouseover", "timestamp": "1658961635061", "position": {"x": 242, "y": 258}}, {"event_name": "mousemove", "timestamp": "1658961635061", "position": {"x": 242, "y": 258}}, {"event_name": "mouseout", "timestamp": "1658961635078", "position": {"x": 1148, "y": 763}}, {"event_name": "mouseover", "timestamp": "1658961635115", "position": {"x": 630, "y": 404}}, {"event_name": "mousemove", "timestamp": "1658961635115", "position": {"x": 630, "y": 404}}, {"event_name": "mouseout", "timestamp": "1658961635127", "position": {"x": 755, "y": 107}}, {"event_name": "mouseover", "timestamp": "1658961635127", "position": {"x": 755, "y": 107}}, {"event_name": "mousemove", "timestamp": "1658961635127", "position": {"x": 755, "y": 107}}, {"event_name": "mouseout", "timestamp": "1658961635144", "position": {"x": 776, "y": 85}}, {"event_name": "mouseover", "timestamp": "1658961635144", "position": {"x": 776, "y": 85}}, {"event_name": "mousemove", "timestamp": "1658961635144", "position": {"x": 776, "y": 85}}, {"event_name": "mouseout", "timestamp": "1658961635161", "position": {"x": 214, "y": 667}}, {"event_name": "message", "timestamp": "1658961635191", "position": {"x": 0, "y": 0}}, {"event_name": "mouseover", "timestamp": "1658961635219", "position": {"x": 538, "y": 307}}, {"event_name": "mousemove", "timestamp": "1658961635219", "position": {"x": 538, "y": 307}}, {"event_name": "message", "timestamp": "1658961635219", "position": {"x": 0, "y": 0}}, {"event_name": "message", "timestamp": "1658961635241", "position": {"x": 0, "y": 0}}, {"event_name": "mouseout", "timestamp": "1658961635261", "position": {"x": 437, "y": 274}}, {"event_name": "mouseover", "timestamp": "1658961635261", "position": {"x": 437, "y": 274}}, {"event_name": "mousemove", "timestamp": "1658961635261", "position": {"x": 437, "y": 274}}, {"event_name": "message", "timestamp": "1658961635261", "position": {"x": 0, "y": 0}}, {"event_name": "message", "timestamp": "1658961635281", "position": {"x": 0, "y": 0}}, {"event_name": "mouseout", "timestamp": "1658961635298", "position": {"x": 1778, "y": 689}}, {"event_name": "message", "timestamp": "1658961635299", "position": {"x": 0, "y": 0}}, {"event_name": "mouseover", "timestamp": "1658961635327", "position": {"x": 316, "y": 203}}, {"event_name": "mousemove", "timestamp": "1658961635327", "position": {"x": 316, "y": 203}}, {"event_name": "mouseout", "timestamp": "1658961635344", "position": {"x": 1656, "y": 301}}, {"event_name": "mouseover", "timestamp": "1658961635394", "position": {"x": 644, "y": 250}}, {"event_name": "mousemove", "timestamp": "1658961635394", "position": {"x": 644, "y": 250}}, {"event_name": "mouseout", "timestamp": "1658961635411", "position": {"x": 143, "y": 464}}, {"event_name": "mouseover", "timestamp": "1658961635411", "position": {"x": 143, "y": 464}}, {"event_name": "mousemove", "timestamp": "1658961635411", "position": {"x": 143, "y": 464}}, {"event_name": "mouseout", "timestamp": "1658961635428", "position": {"x": 1630, "y": 695}}, {"event_name": "mouseover", "timestamp": "1658961635444", "position": {"x": 500, "y": 228}}, {"event_name": "mousemove", "timestamp": "1658961635444", "position": {"x": 500, "y": 228}}, {"event_name": "mouseout", "timestamp": "1658961635461", "position": {"x": 952, "y": 330}}, {"event_name": "mouseover", "timestamp": "1658961635578", "position": {"x": 323, "y": 8}}, {"event_name": "mousemove", "timestamp": "1658961635578", "position": {"x": 323, "y": 8}}, {"event_name": "mouseout", "timestamp": "1658961635594", "position": {"x": 32, "y": 694}}, {"event_name": "mouseover", "timestamp": "1658961635611", "position": {"x": 185, "y": 564}}, {"event_name": "mousemove", "timestamp": "1658961635611", "position": {"x": 185, "y": 564}}, {"event_name": "mouseout", "timestamp": "1658961635628", "position": {"x": 294, "y": 647}}, {"event_name": "mouseover", "timestamp": "1658961635644", "position": {"x": 284, "y": 568}}, {"event_name": "mousemove", "timestamp": "1658961635645", "position": {"x": 284, "y": 568}}, {"event_name": "mouseout", "timestamp": "1658961635661", "position": {"x": 189, "y": 858}}, {"event_name": "mouseover", "timestamp": "1658961635727", "position": {"x": 273, "y": 192}}, {"event_name": "mousemove", "timestamp": "1658961635728", "position": {"x": 273, "y": 192}}, {"event_name": "mouseout", "timestamp": "1658961635744", "position": {"x": 561, "y": 352}}, {"event_name": "mouseover", "timestamp": "1658961635744", "position": {"x": 561, "y": 352}}, {"event_name": "mousemove", "timestamp": "1658961635744", "position": {"x": 561, "y": 352}}, {"event_name": "mouseout", "timestamp": "1658961635761", "position": {"x": 1210, "y": 179}}, {"event_name": "mouseover", "timestamp": "1658961635777", "position": {"x": 363, "y": 230}}, {"event_name": "mousemove", "timestamp": "1658961635778", "position": {"x": 363, "y": 230}}, {"event_name": "mouseout", "timestamp": "1658961635795", "position": {"x": 1564, "y": 813}}, {"event_name": "mouseover", "timestamp": "1658961635811", "position": {"x": 585, "y": 347}}, {"event_name": "mousemove", "timestamp": "1658961635811", "position": {"x": 585, "y": 347}}, {"event_name": "mouseout", "timestamp": "1658961635827", "position": {"x": 563, "y": 648}}, {"event_name": "mouseover", "timestamp": "1658961635928", "position": {"x": 42, "y": 389}}, {"event_name": "mousemove", "timestamp": "1658961635928", "position": {"x": 42, "y": 389}}, {"event_name": "mouseout", "timestamp": "1658961635944", "position": {"x": 411, "y": 273}}, {"event_name": "mouseover", "timestamp": "1658961635944", "position": {"x": 411, "y": 273}}, {"event_name": "mousemove", "timestamp": "1658961635944", "position": {"x": 411, "y": 273}}, {"event_name": "mouseout", "timestamp": "1658961635961", "position": {"x": 1705, "y": 469}}, {"event_name": "mouseover", "timestamp": "1658961636011", "position": {"x": 479, "y": 33}}, {"event_name": "mousemove", "timestamp": "1658961636011", "position": {"x": 479, "y": 33}}, {"event_name": "mouseout", "timestamp": "1658961636028", "position": {"x": 438, "y": 677}}, {"event_name": "mouseover", "timestamp": "1658961636044", "position": {"x": 611, "y": 528}}, {"event_name": "mousemove", "timestamp": "1658961636044", "position": {"x": 611, "y": 528}}, {"event_name": "mouseout", "timestamp": "1658961636061", "position": {"x": 528, "y": 277}}, {"event_name": "mouseover", "timestamp": "1658961636061", "position": {"x": 528, "y": 277}}, {"event_name": "mousemove", "timestamp": "1658961636062", "position": {"x": 528, "y": 277}}, {"event_name": "mouseout", "timestamp": "1658961636077", "position": {"x": 174, "y": 581}}, {"event_name": "mouseover", "timestamp": "1658961636077", "position": {"x": 174, "y": 581}}, {"event_name": "mousemove", "timestamp": "1658961636078", "position": {"x": 174, "y": 581}}, {"event_name": "mouseout", "timestamp": "1658961636094", "position": {"x": 1059, "y": 13}}, {"event_name": "mouseover", "timestamp": "1658961636111", "position": {"x": 491, "y": 201}}, {"event_name": "mousemove", "timestamp": "1658961636111", "position": {"x": 491, "y": 201}}, {"event_name": "mouseout", "timestamp": "1658961636128", "position": {"x": 684, "y": 800}}, {"event_name": "mouseover", "timestamp": "1658961636161", "position": {"x": 632, "y": 180}}, {"event_name": "mousemove", "timestamp": "1658961636161", "position": {"x": 632, "y": 180}}, {"event_name": "mouseout", "timestamp": "1658961636178", "position": {"x": 59, "y": 828}}, {"event_name": "mouseover", "timestamp": "1658961636228", "position": {"x": 626, "y": 48}}, {"event_name": "mousemove", "timestamp": "1658961636228", "position": {"x": 626, "y": 48}}, {"event_name": "mouseout", "timestamp": "1658961636244", "position": {"x": 971, "y": 629}}, {"event_name": "mouseover", "timestamp": "1658961636327", "position": {"x": 470, "y": 146}}, {"event_name": "mousemove", "timestamp": "1658961636327", "position": {"x": 470, "y": 146}}, {"event_name": "mouseout", "timestamp": "1658961636345", "position": {"x": 1578, "y": 236}}, {"event_name": "mouseover", "timestamp": "1658961636394", "position": {"x": 743, "y": 354}}, {"event_name": "mousemove", "timestamp": "1658961636394", "position": {"x": 743, "y": 354}}, {"event_name": "mouseout", "timestamp": "1658961636412", "position": {"x": 1201, "y": 453}}, {"event_name": "mouseover", "timestamp": "1658961636494", "position": {"x": 533, "y": 355}}, {"event_name": "mousemove", "timestamp": "1658961636495", "position": {"x": 533, "y": 355}}, {"event_name": "mouseout", "timestamp": "1658961636512", "position": {"x": 1675, "y": 777}}, {"event_name": "mouseover", "timestamp": "1658961636644", "position": {"x": 562, "y": 539}}, {"event_name": "mousemove", "timestamp": "1658961636645", "position": {"x": 562, "y": 539}}, {"event_name": "mouseout", "timestamp": "1658961636661", "position": {"x": 87, "y": 516}}, {"event_name": "mouseover", "timestamp": "1658961636661", "position": {"x": 87, "y": 516}}, {"event_name": "mousemove", "timestamp": "1658961636662", "position": {"x": 87, "y": 516}}, {"event_name": "mouseout", "timestamp": "1658961636678", "position": {"x": 1780, "y": 437}}, {"event_name": "mouseover", "timestamp": "1658961636779", "position": {"x": 183, "y": 5}}, {"event_name": "mousemove", "timestamp": "1658961636779", "position": {"x": 183, "y": 5}}, {"event_name": "mouseout", "timestamp": "1658961636794", "position": {"x": 170, "y": 70}}, {"event_name": "mouseover", "timestamp": "1658961636794", "position": {"x": 170, "y": 70}}, {"event_name": "mousemove", "timestamp": "1658961636794", "position": {"x": 170, "y": 70}}, {"event_name": "mouseout", "timestamp": "1658961636811", "position": {"x": 735, "y": 133}}, {"event_name": "mouseover", "timestamp": "1658961636811", "position": {"x": 735, "y": 133}}, {"event_name": "mousemove", "timestamp": "1658961636811", "position": {"x": 735, "y": 133}}, {"event_name": "mouseout", "timestamp": "1658961636827", "position": {"x": 1001, "y": 105}}, {"event_name": "mouseover", "timestamp": "1658961636878", "position": {"x": 161, "y": 464}}, {"event_name": "mousemove", "timestamp": "1658961636878", "position": {"x": 161, "y": 464}}, {"event_name": "mouseout", "timestamp": "1658961636898", "position": {"x": 1220, "y": 533}}, {"event_name": "mouseover", "timestamp": "1658961636994", "position": {"x": 478, "y": 271}}, {"event_name": "mousemove", "timestamp": "1658961636994", "position": {"x": 478, "y": 271}}, {"event_name": "mouseout", "timestamp": "1658961637011", "position": {"x": 1193, "y": 396}}, {"event_name": "mouseover", "timestamp": "1658961637044", "position": {"x": 334, "y": 235}}, {"event_name": "mousemove", "timestamp": "1658961637044", "position": {"x": 334, "y": 235}}, {"event_name": "mouseout", "timestamp": "1658961637061", "position": {"x": 1146, "y": 804}}, {"event_name": "mouseover", "timestamp": "1658961637116", "position": {"x": 576, "y": 96}}, {"event_name": "mousemove", "timestamp": "1658961637117", "position": {"x": 576, "y": 96}}, {"event_name": "mouseout", "timestamp": "1658961637127", "position": {"x": 1145, "y": 134}}, {"event_name": "mouseover", "timestamp": "1658961637144", "position": {"x": 567, "y": 303}}, {"event_name": "mousemove", "timestamp": "1658961637144", "position": {"x": 567, "y": 303}}, {"event_name": "mouseout", "timestamp": "1658961637161", "position": {"x": 463, "y": 581}}, {"event_name": "mouseover", "timestamp": "1658961637161", "position": {"x": 463, "y": 581}}, {"event_name": "mousemove", "timestamp": "1658961637161", "position": {"x": 463, "y": 581}}, {"event_name": "mouseout", "timestamp": "1658961637177", "position": {"x": 1642, "y": 295}}, {"event_name": "mouseover", "timestamp": "1658961637228", "position": {"x": 335, "y": 477}}, {"event_name": "mousemove", "timestamp": "1658961637229", "position": {"x": 335, "y": 477}}, {"event_name": "mouseout", "timestamp": "1658961637244", "position": {"x": 875, "y": 502}}, {"event_name": "mouseover", "timestamp": "1658961637278", "position": {"x": 672, "y": 23}}, {"event_name": "mousemove", "timestamp": "1658961637278", "position": {"x": 672, "y": 23}}, {"event_name": "mouseout", "timestamp": "1658961637296", "position": {"x": 1412, "y": 134}}, {"event_name": "mouseover", "timestamp": "1658961637327", "position": {"x": 438, "y": 0}}, {"event_name": "mousemove", "timestamp": "1658961637327", "position": {"x": 438, "y": 0}}, {"event_name": "mouseout", "timestamp": "1658961637344", "position": {"x": 1528, "y": 628}}, {"event_name": "mouseover", "timestamp": "1658961637428", "position": {"x": 602, "y": 369}}, {"event_name": "mousemove", "timestamp": "1658961637428", "position": {"x": 602, "y": 369}}, {"event_name": "mouseout", "timestamp": "1658961637444", "position": {"x": 597, "y": 789}}, {"event_name": "mouseover", "timestamp": "1658961637494", "position": {"x": 766, "y": 408}}, {"event_name": "mousemove", "timestamp": "1658961637495", "position": {"x": 766, "y": 408}}, {"event_name": "mouseout", "timestamp": "1658961637511", "position": {"x": 191, "y": 151}}, {"event_name": "mouseover", "timestamp": "1658961637511", "position": {"x": 191, "y": 151}}, {"event_name": "mousemove", "timestamp": "1658961637511", "position": {"x": 191, "y": 151}}, {"event_name": "mouseout", "timestamp": "1658961637527", "position": {"x": 1552, "y": 431}}, {"event_name": "mouseover", "timestamp": "1658961637614", "position": {"x": 25, "y": 176}}, {"event_name": "mousemove", "timestamp": "1658961637614", "position": {"x": 25, "y": 176}}, {"event_name": "mouseout", "timestamp": "1658961637628", "position": {"x": 420, "y": 242}}, {"event_name": "mouseover", "timestamp": "1658961637628", "position": {"x": 420, "y": 242}}, {"event_name": "mousemove", "timestamp": "1658961637628", "position": {"x": 420, "y": 242}}, {"event_name": "mouseout", "timestamp": "1658961637645", "position": {"x": 946, "y": 163}}, {"event_name": "mouseover", "timestamp": "1658961637661", "position": {"x": 752, "y": 37}}, {"event_name": "mousemove", "timestamp": "1658961637661", "position": {"x": 752, "y": 37}}, {"event_name": "mouseout", "timestamp": "1658961637678", "position": {"x": 195, "y": 484}}, {"event_name": "mouseover", "timestamp": "1658961637678", "position": {"x": 195, "y": 484}}, {"event_name": "mousemove", "timestamp": "1658961637678", "position": {"x": 195, "y": 484}}, {"event_name": "mouseout", "timestamp": "1658961637694", "position": {"x": 29, "y": 363}}, {"event_name": "mouseover", "timestamp": "1658961637695", "position": {"x": 29, "y": 363}}, {"event_name": "mousemove", "timestamp": "1658961637695", "position": {"x": 29, "y": 363}}, {"event_name": "mouseout", "timestamp": "1658961637711", "position": {"x": 1209, "y": 538}}, {"event_name": "mouseover", "timestamp": "1658961637762", "position": {"x": 538, "y": 462}}, {"event_name": "mousemove", "timestamp": "1658961637762", "position": {"x": 538, "y": 462}}, {"event_name": "mouseout", "timestamp": "1658961637777", "position": {"x": 637, "y": 828}}, {"event_name": "mouseover", "timestamp": "1658961637795", "position": {"x": 745, "y": 321}}, {"event_name": "mousemove", "timestamp": "1658961637795", "position": {"x": 745, "y": 321}}, {"event_name": "mouseout", "timestamp": "1658961637811", "position": {"x": 285, "y": 280}}, {"event_name": "mouseover", "timestamp": "1658961637811", "position": {"x": 285, "y": 280}}, {"event_name": "mousemove", "timestamp": "1658961637811", "position": {"x": 285, "y": 280}}, {"event_name": "mouseout", "timestamp": "1658961637827", "position": {"x": 1092, "y": 834}}, {"event_name": "mouseover", "timestamp": "1658961637844", "position": {"x": 537, "y": 277}}, {"event_name": "mousemove", "timestamp": "1658961637844", "position": {"x": 537, "y": 277}}, {"event_name": "mouseout", "timestamp": "1658961637861", "position": {"x": 211, "y": 758}}, {"event_name": "mouseover", "timestamp": "1658961637878", "position": {"x": 9, "y": 137}}, {"event_name": "mousemove", "timestamp": "1658961637878", "position": {"x": 9, "y": 137}}, {"event_name": "mouseout", "timestamp": "1658961637895", "position": {"x": 1688, "y": 37}}, {"event_name": "mouseover", "timestamp": "1658961638095", "position": {"x": 450, "y": 314}}, {"event_name": "mousemove", "timestamp": "1658961638095", "position": {"x": 450, "y": 314}}, {"event_name": "mouseout", "timestamp": "1658961638112", "position": {"x": 250, "y": 267}}, {"event_name": "mouseover", "timestamp": "1658961638112", "position": {"x": 250, "y": 267}}, {"event_name": "mousemove", "timestamp": "1658961638112", "position": {"x": 250, "y": 267}}, {"event_name": "mouseout", "timestamp": "1658961638128", "position": {"x": 431, "y": 455}}, {"event_name": "mouseover", "timestamp": "1658961638128", "position": {"x": 431, "y": 455}}, {"event_name": "mousemove", "timestamp": "1658961638128", "position": {"x": 431, "y": 455}}, {"event_name": "mouseout", "timestamp": "1658961638145", "position": {"x": 505, "y": 256}}, {"event_name": "mouseover", "timestamp": "1658961638145", "position": {"x": 505, "y": 256}}, {"event_name": "mousemove", "timestamp": "1658961638145", "position": {"x": 505, "y": 256}}, {"event_name": "mouseout", "timestamp": "1658961638161", "position": {"x": 1786, "y": 385}}, {"event_name": "mouseover", "timestamp": "1658961638210", "position": {"x": 8, "y": 359}}, {"event_name": "mousemove", "timestamp": "1658961638211", "position": {"x": 8, "y": 359}}, {"event_name": "mouseout", "timestamp": "1658961638228", "position": {"x": 783, "y": 857}}, {"event_name": "mouseover", "timestamp": "1658961638444", "position": {"x": 767, "y": 553}}, {"event_name": "mousemove", "timestamp": "1658961638444", "position": {"x": 767, "y": 553}}, {"event_name": "mouseout", "timestamp": "1658961638461", "position": {"x": 1474, "y": 527}}, {"event_name": "mouseover", "timestamp": "1658961638494", "position": {"x": 660, "y": 488}}, {"event_name": "mousemove", "timestamp": "1658961638495", "position": {"x": 660, "y": 488}}, {"event_name": "mouseout", "timestamp": "1658961638510", "position": {"x": 321, "y": 607}}, {"event_name": "mouseover", "timestamp": "1658961638544", "position": {"x": 174, "y": 125}}, {"event_name": "mousemove", "timestamp": "1658961638544", "position": {"x": 174, "y": 125}}, {"event_name": "mouseout", "timestamp": "1658961638561", "position": {"x": 1001, "y": 369}}, {"event_name": "mouseover", "timestamp": "1658961638579", "position": {"x": 283, "y": 178}}, {"event_name": "mousemove", "timestamp": "1658961638579", "position": {"x": 283, "y": 178}}, {"event_name": "mouseout", "timestamp": "1658961638594", "position": {"x": 187, "y": 286}}, {"event_name": "mouseover", "timestamp": "1658961638595", "position": {"x": 187, "y": 286}}, {"event_name": "mousemove", "timestamp": "1658961638595", "position": {"x": 187, "y": 286}}, {"event_name": "mouseout", "timestamp": "1658961638612", "position": {"x": 1522, "y": 746}}, {"event_name": "mouseover", "timestamp": "1658961638644", "position": {"x": 212, "y": 142}}, {"event_name": "mousemove", "timestamp": "1658961638644", "position": {"x": 212, "y": 142}}, {"event_name": "mouseout", "timestamp": "1658961638661", "position": {"x": 1394, "y": 560}}, {"event_name": "mouseover", "timestamp": "1658961638711", "position": {"x": 722, "y": 56}}, {"event_name": "mousemove", "timestamp": "1658961638711", "position": {"x": 722, "y": 56}}, {"event_name": "mouseout", "timestamp": "1658961638727", "position": {"x": 1325, "y": 436}}, {"event_name": "mouseover", "timestamp": "1658961638760", "position": {"x": 571, "y": 129}}, {"event_name": "mousemove", "timestamp": "1658961638760", "position": {"x": 571, "y": 129}}, {"event_name": "mouseout", "timestamp": "1658961638778", "position": {"x": 1096, "y": 339}}, {"event_name": "mouseover", "timestamp": "1658961638827", "position": {"x": 458, "y": 6}}, {"event_name": "mousemove", "timestamp": "1658961638827", "position": {"x": 458, "y": 6}}, {"event_name": "mouseout", "timestamp": "1658961638844", "position": {"x": 152, "y": 349}}, {"event_name": "mouseover", "timestamp": "1658961638844", "position": {"x": 152, "y": 349}}, {"event_name": "mousemove", "timestamp": "1658961638844", "position": {"x": 152, "y": 349}}, {"event_name": "mouseout", "timestamp": "1658961638861", "position": {"x": 1374, "y": 330}}, {"event_name": "mouseover", "timestamp": "1658961638877", "position": {"x": 265, "y": 371}}, {"event_name": "mousemove", "timestamp": "1658961638877", "position": {"x": 265, "y": 371}}, {"event_name": "mouseout", "timestamp": "1658961638895", "position": {"x": 1280, "y": 415}}, {"event_name": "mouseover", "timestamp": "1658961638961", "position": {"x": 219, "y": 334}}, {"event_name": "mousemove", "timestamp": "1658961638961", "position": {"x": 219, "y": 334}}, {"event_name": "mouseout", "timestamp": "1658961638977", "position": {"x": 1437, "y": 470}}, {"event_name": "mouseover", "timestamp": "1658961639111", "position": {"x": 272, "y": 223}}, {"event_name": "mousemove", "timestamp": "1658961639111", "position": {"x": 272, "y": 223}}, {"event_name": "mouseout", "timestamp": "1658961639127", "position": {"x": 1613, "y": 229}}, {"event_name": "mouseover", "timestamp": "1658961639144", "position": {"x": 14, "y": 481}}, {"event_name": "mousemove", "timestamp": "1658961639144", "position": {"x": 14, "y": 481}}, {"event_name": "mouseout", "timestamp": "1658961639160", "position": {"x": 259, "y": 18}}, {"event_name": "mouseover", "timestamp": "1658961639160", "position": {"x": 259, "y": 18}}, {"event_name": "mousemove", "timestamp": "1658961639161", "position": {"x": 259, "y": 18}}, {"event_name": "mouseout", "timestamp": "1658961639183", "position": {"x": 566, "y": 32}}, {"event_name": "mouseover", "timestamp": "1658961639183", "position": {"x": 566, "y": 32}}, {"event_name": "mousemove", "timestamp": "1658961639183", "position": {"x": 566, "y": 32}}, {"event_name": "mouseout", "timestamp": "1658961639194", "position": {"x": 1622, "y": 119}}, {"event_name": "mouseover", "timestamp": "1658961639211", "position": {"x": 288, "y": 246}}, {"event_name": "mousemove", "timestamp": "1658961639211", "position": {"x": 288, "y": 246}}, {"event_name": "mouseout", "timestamp": "1658961639228", "position": {"x": 552, "y": 530}}, {"event_name": "mouseover", "timestamp": "1658961639228", "position": {"x": 552, "y": 530}}, {"event_name": "mousemove", "timestamp": "1658961639228", "position": {"x": 552, "y": 530}}, {"event_name": "mouseout", "timestamp": "1658961639245", "position": {"x": 763, "y": 684}}, {"event_name": "mouseover", "timestamp": "1658961639261", "position": {"x": 208, "y": 192}}, {"event_name": "mousemove", "timestamp": "1658961639261", "position": {"x": 208, "y": 192}}, {"event_name": "mouseout", "timestamp": "1658961639277", "position": {"x": 692, "y": 619}}, {"event_name": "mouseover", "timestamp": "1658961639361", "position": {"x": 90, "y": 15}}, {"event_name": "mousemove", "timestamp": "1658961639361", "position": {"x": 90, "y": 15}}, {"event_name": "mouseout", "timestamp": "1658961639377", "position": {"x": 167, "y": 82}}, {"event_name": "mouseover", "timestamp": "1658961639378", "position": {"x": 167, "y": 82}}, {"event_name": "mousemove", "timestamp": "1658961639378", "position": {"x": 167, "y": 82}}, {"event_name": "mouseout", "timestamp": "1658961639394", "position": {"x": 1224, "y": 895}}, {"event_name": "mouseover", "timestamp": "1658961639427", "position": {"x": 759, "y": 477}}, {"event_name": "mousemove", "timestamp": "1658961639427", "position": {"x": 759, "y": 477}}, {"event_name": "mouseout", "timestamp": "1658961639444", "position": {"x": 1177, "y": 568}}, {"event_name": "mouseover", "timestamp": "1658961639478", "position": {"x": 529, "y": 139}}, {"event_name": "mousemove", "timestamp": "1658961639478", "position": {"x": 529, "y": 139}}, {"event_name": "mousemove", "timestamp": "1658961639494", "position": {"x": 628, "y": 211}}, {"event_name": "mouseout", "timestamp": "1658961639511", "position": {"x": 81, "y": 789}}, {"event_name": "mouseover", "timestamp": "1658961639711", "position": {"x": 343, "y": 423}}, {"event_name": "mousemove", "timestamp": "1658961639711", "position": {"x": 343, "y": 423}}, {"event_name": "mouseout", "timestamp": "1658961639727", "position": {"x": 30, "y": 742}}, {"event_name": "mouseover", "timestamp": "1658961639864", "position": {"x": 429, "y": 345}}, {"event_name": "mousemove", "timestamp": "1658961639865", "position": {"x": 429, "y": 345}}, {"event_name": "mouseout", "timestamp": "1658961639878", "position": {"x": 929, "y": 805}}, {"event_name": "mouseover", "timestamp": "1658961639911", "position": {"x": 394, "y": 533}}, {"event_name": "mousemove", "timestamp": "1658961639911", "position": {"x": 394, "y": 533}}, {"event_name": "mouseout", "timestamp": "1658961639928", "position": {"x": 1538, "y": 203}}, {"event_name": "mouseover", "timestamp": "1658961639994", "position": {"x": 270, "y": 389}}, {"event_name": "mousemove", "timestamp": "1658961639994", "position": {"x": 270, "y": 389}}, {"event_name": "mouseout", "timestamp": "1658961640011", "position": {"x": 1379, "y": 423}}, {"event_name": "mouseover", "timestamp": "1658961640095", "position": {"x": 375, "y": 529}}, {"event_name": "mousemove", "timestamp": "1658961640095", "position": {"x": 375, "y": 529}}, {"event_name": "mouseout", "timestamp": "1658961640110", "position": {"x": 182, "y": 237}}, {"event_name": "mouseover", "timestamp": "1658961640111", "position": {"x": 182, "y": 237}}, {"event_name": "mousemove", "timestamp": "1658961640111", "position": {"x": 182, "y": 237}}, {"event_name": "mouseout", "timestamp": "1658961640127", "position": {"x": 338, "y": 785}}, {"event_name": "mouseover", "timestamp": "1658961640177", "position": {"x": 601, "y": 359}}, {"event_name": "mousemove", "timestamp": "1658961640177", "position": {"x": 601, "y": 359}}, {"event_name": "mouseout", "timestamp": "1658961640194", "position": {"x": 1449, "y": 815}}, {"event_name": "mouseover", "timestamp": "1658961640227", "position": {"x": 451, "y": 515}}, {"event_name": "mousemove", "timestamp": "1658961640227", "position": {"x": 451, "y": 515}}, {"event_name": "mouseout", "timestamp": "1658961640244", "position": {"x": 1160, "y": 203}}, {"event_name": "mouseover", "timestamp": "1658961640329", "position": {"x": 677, "y": 285}}, {"event_name": "mousemove", "timestamp": "1658961640329", "position": {"x": 677, "y": 285}}, {"event_name": "mouseout", "timestamp": "1658961640345", "position": {"x": 1782, "y": 781}}, {"event_name": "mouseover", "timestamp": "1658961640363", "position": {"x": 778, "y": 461}}, {"event_name": "mousemove", "timestamp": "1658961640363", "position": {"x": 778, "y": 461}}, {"event_name": "mouseout", "timestamp": "1658961640378", "position": {"x": 1570, "y": 766}}, {"event_name": "mouseover", "timestamp": "1658961640461", "position": {"x": 195, "y": 266}}, {"event_name": "mousemove", "timestamp": "1658961640461", "position": {"x": 195, "y": 266}}, {"event_name": "mouseout", "timestamp": "1658961640477", "position": {"x": 1229, "y": 565}}, {"event_name": "mouseover", "timestamp": "1658961640510", "position": {"x": 241, "y": 396}}, {"event_name": "mousemove", "timestamp": "1658961640510", "position": {"x": 241, "y": 396}}, {"event_name": "mouseout", "timestamp": "1658961640527", "position": {"x": 1045, "y": 318}}, {"event_name": "mouseover", "timestamp": "1658961640544", "position": {"x": 310, "y": 410}}, {"event_name": "mousemove", "timestamp": "1658961640544", "position": {"x": 310, "y": 410}}, {"event_name": "mouseout", "timestamp": "1658961640560", "position": {"x": 1436, "y": 329}}, {"event_name": "mouseover", "timestamp": "1658961640611", "position": {"x": 231, "y": 442}}, {"event_name": "mousemove", "timestamp": "1658961640611", "position": {"x": 231, "y": 442}}, {"event_name": "mouseout", "timestamp": "1658961640627", "position": {"x": 509, "y": 128}}, {"event_name": "mouseover", "timestamp": "1658961640627", "position": {"x": 509, "y": 128}}, {"event_name": "mousemove", "timestamp": "1658961640627", "position": {"x": 509, "y": 128}}, {"event_name": "mouseout", "timestamp": "1658961640644", "position": {"x": 1185, "y": 346}}, {"event_name": "mouseover", "timestamp": "1658961640661", "position": {"x": 259, "y": 579}}, {"event_name": "mousemove", "timestamp": "1658961640661", "position": {"x": 259, "y": 579}}, {"event_name": "mouseout", "timestamp": "1658961640681", "position": {"x": 1671, "y": 165}}, {"event_name": "mouseover", "timestamp": "1658961640910", "position": {"x": 12, "y": 480}}, {"event_name": "mousemove", "timestamp": "1658961640910", "position": {"x": 12, "y": 480}}, {"event_name": "mouseout", "timestamp": "1658961640927", "position": {"x": 878, "y": 66}}, {"event_name": "mouseover", "timestamp": "1658961640961", "position": {"x": 72, "y": 410}}, {"event_name": "mousemove", "timestamp": "1658961640961", "position": {"x": 72, "y": 410}}, {"event_name": "mouseout", "timestamp": "1658961640978", "position": {"x": 420, "y": 5}}, {"event_name": "mouseover", "timestamp": "1658961640978", "position": {"x": 420, "y": 5}}, {"event_name": "mousemove", "timestamp": "1658961640978", "position": {"x": 420, "y": 5}}, {"event_name": "mouseout", "timestamp": "1658961640994", "position": {"x": 1198, "y": 894}}, {"event_name": "mouseover", "timestamp": "1658961641027", "position": {"x": 466, "y": 480}}, {"event_name": "mousemove", "timestamp": "1658961641027", "position": {"x": 466, "y": 480}}, {"event_name": "mouseout", "timestamp": "1658961641044", "position": {"x": 1479, "y": 482}}, {"event_name": "mouseover", "timestamp": "1658961641144", "position": {"x": 67, "y": 254}}, {"event_name": "mousemove", "timestamp": "1658961641145", "position": {"x": 67, "y": 254}}, {"event_name": "mouseout", "timestamp": "1658961641161", "position": {"x": 1403, "y": 490}}, {"event_name": "mouseover", "timestamp": "1658961641227", "position": {"x": 684, "y": 279}}, {"event_name": "mousemove", "timestamp": "1658961641227", "position": {"x": 684, "y": 279}}, {"event_name": "mouseout", "timestamp": "1658961641244", "position": {"x": 283, "y": 887}}, {"event_name": "mouseover", "timestamp": "1658961641344", "position": {"x": 502, "y": 594}}, {"event_name": "mousemove", "timestamp": "1658961641344", "position": {"x": 502, "y": 594}}, {"event_name": "mouseout", "timestamp": "1658961641360", "position": {"x": 715, "y": 332}}, {"event_name": "mouseover", "timestamp": "1658961641360", "position": {"x": 715, "y": 332}}, {"event_name": "mousemove", "timestamp": "1658961641361", "position": {"x": 715, "y": 332}}, {"event_name": "mouseout", "timestamp": "1658961641378", "position": {"x": 132, "y": 745}}, {"event_name": "mouseover", "timestamp": "1658961641444", "position": {"x": 608, "y": 302}}, {"event_name": "mousemove", "timestamp": "1658961641444", "position": {"x": 608, "y": 302}}, {"event_name": "mouseout", "timestamp": "1658961641460", "position": {"x": 1715, "y": 757}}, {"event_name": "mouseover", "timestamp": "1658961641477", "position": {"x": 229, "y": 411}}, {"event_name": "mousemove", "timestamp": "1658961641477", "position": {"x": 229, "y": 411}}, {"event_name": "mouseout", "timestamp": "1658961641494", "position": {"x": 761, "y": 595}}, {"event_name": "mouseover", "timestamp": "1658961641494", "position": {"x": 761, "y": 595}}, {"event_name": "mousemove", "timestamp": "1658961641494", "position": {"x": 761, "y": 595}}, {"event_name": "mouseout", "timestamp": "1658961641510", "position": {"x": 1243, "y": 374}}, {"event_name": "mouseover", "timestamp": "1658961641744", "position": {"x": 322, "y": 251}}, {"event_name": "mousemove", "timestamp": "1658961641744", "position": {"x": 322, "y": 251}}, {"event_name": "mouseout", "timestamp": "1658961641761", "position": {"x": 1785, "y": 276}}, {"event_name": "mouseover", "timestamp": "1658961641777", "position": {"x": 556, "y": 481}}, {"event_name": "mousemove", "timestamp": "1658961641777", "position": {"x": 556, "y": 481}}, {"event_name": "mouseout", "timestamp": "1658961641794", "position": {"x": 18, "y": 318}}, {"event_name": "mouseover", "timestamp": "1658961641794", "position": {"x": 18, "y": 318}}, {"event_name": "mousemove", "timestamp": "1658961641794", "position": {"x": 18, "y": 318}}, {"event_name": "mouseout", "timestamp": "1658961641810", "position": {"x": 1037, "y": 343}}, {"event_name": "mouseover", "timestamp": "1658961641827", "position": {"x": 175, "y": 48}}, {"event_name": "mousemove", "timestamp": "1658961641827", "position": {"x": 175, "y": 48}}, {"event_name": "mouseout", "timestamp": "1658961641844", "position": {"x": 1467, "y": 86}}, {"event_name": "mouseover", "timestamp": "1658961641861", "position": {"x": 641, "y": 360}}, {"event_name": "mousemove", "timestamp": "1658961641861", "position": {"x": 641, "y": 360}}, {"event_name": "mouseout", "timestamp": "1658961641878", "position": {"x": 1472, "y": 667}}, {"event_name": "mouseover", "timestamp": "1658961641895", "position": {"x": 26, "y": 560}}, {"event_name": "mousemove", "timestamp": "1658961641896", "position": {"x": 26, "y": 560}}, {"event_name": "mouseout", "timestamp": "1658961641911", "position": {"x": 900, "y": 515}}, {"event_name": "mouseover", "timestamp": "1658961641945", "position": {"x": 489, "y": 381}}, {"event_name": "mousemove", "timestamp": "1658961641945", "position": {"x": 489, "y": 381}}, {"event_name": "mouseout", "timestamp": "1658961641961", "position": {"x": 1682, "y": 848}}, {"event_name": "mouseover", "timestamp": "1658961642044", "position": {"x": 34, "y": 512}}, {"event_name": "mousemove", "timestamp": "1658961642044", "position": {"x": 34, "y": 512}}, {"event_name": "mouseout", "timestamp": "1658961642060", "position": {"x": 988, "y": 186}}, {"event_name": "mouseover", "timestamp": "1658961642128", "position": {"x": 600, "y": 302}}, {"event_name": "mousemove", "timestamp": "1658961642128", "position": {"x": 600, "y": 302}}, {"event_name": "mouseout", "timestamp": "1658961642144", "position": {"x": 712, "y": 620}}, {"event_name": "mouseover", "timestamp": "1658961642161", "position": {"x": 166, "y": 464}}, {"event_name": "mousemove", "timestamp": "1658961642162", "position": {"x": 166, "y": 464}}, {"event_name": "mouseout", "timestamp": "1658961642178", "position": {"x": 450, "y": 291}}, {"event_name": "mouseover", "timestamp": "1658961642178", "position": {"x": 450, "y": 291}}, {"event_name": "mousemove", "timestamp": "1658961642178", "position": {"x": 450, "y": 291}}, {"event_name": "mouseout", "timestamp": "1658961642202", "position": {"x": 1378, "y": 424}}, {"event_name": "mouseover", "timestamp": "1658961642245", "position": {"x": 131, "y": 594}}, {"event_name": "mousemove", "timestamp": "1658961642245", "position": {"x": 131, "y": 594}}, {"event_name": "mouseout", "timestamp": "1658961642265", "position": {"x": 150, "y": 638}}, {"event_name": "mouseover", "timestamp": "1658961642344", "position": {"x": 549, "y": 289}}, {"event_name": "mousemove", "timestamp": "1658961642344", "position": {"x": 549, "y": 289}}, {"event_name": "mouseout", "timestamp": "1658961642360", "position": {"x": 333, "y": 832}}, {"event_name": "mouseover", "timestamp": "1658961642427", "position": {"x": 709, "y": 365}}, {"event_name": "mousemove", "timestamp": "1658961642427", "position": {"x": 709, "y": 365}}, {"event_name": "mouseout", "timestamp": "1658961642444", "position": {"x": 227, "y": 196}}, {"event_name": "mouseover", "timestamp": "1658961642444", "position": {"x": 227, "y": 196}}, {"event_name": "mousemove", "timestamp": "1658961642444", "position": {"x": 227, "y": 196}}, {"event_name": "mouseout", "timestamp": "1658961642461", "position": {"x": 865, "y": 112}}, {"event_name": "mouseover", "timestamp": "1658961642582", "position": {"x": 549, "y": 222}}, {"event_name": "mousemove", "timestamp": "1658961642582", "position": {"x": 549, "y": 222}}, {"event_name": "mouseout", "timestamp": "1658961642595", "position": {"x": 1391, "y": 676}}, {"event_name": "mouseover", "timestamp": "1658961642694", "position": {"x": 49, "y": 115}}, {"event_name": "mousemove", "timestamp": "1658961642694", "position": {"x": 49, "y": 115}}, {"event_name": "mouseout", "timestamp": "1658961642711", "position": {"x": 138, "y": 9}}, {"event_name": "mouseover", "timestamp": "1658961642711", "position": {"x": 138, "y": 9}}, {"event_name": "mousemove", "timestamp": "1658961642711", "position": {"x": 138, "y": 9}}, {"event_name": "mouseout", "timestamp": "1658961642727", "position": {"x": 155, "y": 518}}, {"event_name": "mouseover", "timestamp": "1658961642727", "position": {"x": 155, "y": 518}}, {"event_name": "mousemove", "timestamp": "1658961642727", "position": {"x": 155, "y": 518}}, {"event_name": "mouseout", "timestamp": "1658961642746", "position": {"x": 478, "y": 621}}, {"event_name": "mouseover", "timestamp": "1658961642895", "position": {"x": 385, "y": 287}}, {"event_name": "mousemove", "timestamp": "1658961642895", "position": {"x": 385, "y": 287}}, {"event_name": "mouseout", "timestamp": "1658961642911", "position": {"x": 1736, "y": 820}}, {"event_name": "mouseover", "timestamp": "1658961642929", "position": {"x": 564, "y": 576}}, {"event_name": "mousemove", "timestamp": "1658961642929", "position": {"x": 564, "y": 576}}, {"event_name": "mouseout", "timestamp": "1658961642944", "position": {"x": 738, "y": 874}}, {"event_name": "mousemove", "timestamp": "1658961642961", "position": {"x": 9, "y": 321}}, {"event_name": "mouseover", "timestamp": "1658961642961", "position": {"x": 9, "y": 321}}, {"event_name": "mouseout", "timestamp": "1658961642977", "position": {"x": 247, "y": 526}}, {"event_name": "mouseover", "timestamp": "1658961642977", "position": {"x": 247, "y": 526}}, {"event_name": "mousemove", "timestamp": "1658961642977", "position": {"x": 247, "y": 526}}, {"event_name": "mouseout", "timestamp": "1658961642994", "position": {"x": 641, "y": 504}}, {"event_name": "mouseover", "timestamp": "1658961642994", "position": {"x": 641, "y": 504}}, {"event_name": "mousemove", "timestamp": "1658961642994", "position": {"x": 641, "y": 504}}, {"event_name": "mouseout", "timestamp": "1658961643011", "position": {"x": 1428, "y": 261}}, {"event_name": "mouseover", "timestamp": "1658961643061", "position": {"x": 238, "y": 508}}, {"event_name": "mousemove", "timestamp": "1658961643061", "position": {"x": 238, "y": 508}}, {"event_name": "mouseout", "timestamp": "1658961643078", "position": {"x": 441, "y": 425}}, {"event_name": "mouseover", "timestamp": "1658961643078", "position": {"x": 441, "y": 425}}, {"event_name": "mousemove", "timestamp": "1658961643078", "position": {"x": 441, "y": 425}}, {"event_name": "mouseout", "timestamp": "1658961643094", "position": {"x": 1671, "y": 713}}, {"event_name": "mouseover", "timestamp": "1658961643161", "position": {"x": 723, "y": 585}}, {"event_name": "mousemove", "timestamp": "1658961643161", "position": {"x": 723, "y": 585}}, {"event_name": "mouseout", "timestamp": "1658961643177", "position": {"x": 1172, "y": 692}}, {"event_name": "mouseover", "timestamp": "1658961643194", "position": {"x": 735, "y": 308}}, {"event_name": "mousemove", "timestamp": "1658961643194", "position": {"x": 735, "y": 308}}, {"event_name": "mousemove", "timestamp": "1658961643211", "position": {"x": 703, "y": 352}}, {"event_name": "mousemove", "timestamp": "1658961643227", "position": {"x": 465, "y": 378}}, {"event_name": "mouseout", "timestamp": "1658961643244", "position": {"x": 1585, "y": 10}}, {"event_name": "mouseover", "timestamp": "1658961643261", "position": {"x": 236, "y": 139}}, {"event_name": "mousemove", "timestamp": "1658961643261", "position": {"x": 236, "y": 139}}, {"event_name": "mouseout", "timestamp": "1658961643277", "position": {"x": 1509, "y": 845}}, {"event_name": "mouseover", "timestamp": "1658961643394", "position": {"x": 194, "y": 80}}, {"event_name": "mousemove", "timestamp": "1658961643394", "position": {"x": 194, "y": 80}}, {"event_name": "mouseout", "timestamp": "1658961643410", "position": {"x": 1071, "y": 62}}, {"event_name": "mouseover", "timestamp": "1658961643444", "position": {"x": 146, "y": 273}}, {"event_name": "mousemove", "timestamp": "1658961643444", "position": {"x": 146, "y": 273}}, {"event_name": "mouseout", "timestamp": "1658961643461", "position": {"x": 1600, "y": 439}}, {"event_name": "mouseover", "timestamp": "1658961643478", "position": {"x": 369, "y": 29}}, {"event_name": "mousemove", "timestamp": "1658961643478", "position": {"x": 369, "y": 29}}, {"event_name": "mouseout", "timestamp": "1658961643494", "position": {"x": 628, "y": 796}}, {"event_name": "mouseover", "timestamp": "1658961643528", "position": {"x": 114, "y": 308}}, {"event_name": "mousemove", "timestamp": "1658961643528", "position": {"x": 114, "y": 308}}, {"event_name": "mouseout", "timestamp": "1658961643545", "position": {"x": 1225, "y": 686}}, {"event_name": "mouseover", "timestamp": "1658961643561", "position": {"x": 6, "y": 320}}, {"event_name": "mousemove", "timestamp": "1658961643561", "position": {"x": 6, "y": 320}}, {"event_name": "mouseout", "timestamp": "1658961643577", "position": {"x": 1599, "y": 85}}, {"event_name": "mouseover", "timestamp": "1658961643627", "position": {"x": 120, "y": 85}}, {"event_name": "mousemove", "timestamp": "1658961643628", "position": {"x": 120, "y": 85}}, {"event_name": "mouseout", "timestamp": "1658961643645", "position": {"x": 1121, "y": 265}}, {"event_name": "mousemove", "timestamp": "1658961643727", "position": {"x": 752, "y": 150}}, {"event_name": "mouseover", "timestamp": "1658961643727", "position": {"x": 752, "y": 150}}, {"event_name": "mouseout", "timestamp": "1658961643744", "position": {"x": 1796, "y": 331}}, {"event_name": "mouseover", "timestamp": "1658961643778", "position": {"x": 629, "y": 240}}, {"event_name": "mousemove", "timestamp": "1658961643778", "position": {"x": 629, "y": 240}}, {"event_name": "mouseout", "timestamp": "1658961643794", "position": {"x": 1621, "y": 19}}, {"event_name": "mouseover", "timestamp": "1658961643811", "position": {"x": 322, "y": 94}}, {"event_name": "mousemove", "timestamp": "1658961643811", "position": {"x": 322, "y": 94}}, {"event_name": "mousemove", "timestamp": "1658961643828", "position": {"x": 331, "y": 84}}, {"event_name": "mouseout", "timestamp": "1658961643845", "position": {"x": 1309, "y": 208}}, {"event_name": "mouseover", "timestamp": "1658961643895", "position": {"x": 1, "y": 170}}, {"event_name": "mousemove", "timestamp": "1658961643895", "position": {"x": 1, "y": 170}}, {"event_name": "mouseout", "timestamp": "1658961643912", "position": {"x": 272, "y": 10}}, {"event_name": "mousemove", "timestamp": "1658961643912", "position": {"x": 272, "y": 10}}, {"event_name": "mouseover", "timestamp": "1658961643912", "position": {"x": 272, "y": 10}}, {"event_name": "mouseout", "timestamp": "1658961643927", "position": {"x": 1422, "y": 555}}, {"event_name": "mouseover", "timestamp": "1658961643961", "position": {"x": 789, "y": 334}}, {"event_name": "mousemove", "timestamp": "1658961643961", "position": {"x": 789, "y": 334}}, {"event_name": "mousemove", "timestamp": "1658961643977", "position": {"x": 579, "y": 62}}, {"event_name": "mouseout", "timestamp": "1658961643994", "position": {"x": 1099, "y": 371}}, {"event_name": "mouseover", "timestamp": "1658961644011", "position": {"x": 768, "y": 440}}, {"event_name": "mousemove", "timestamp": "1658961644011", "position": {"x": 768, "y": 440}}, {"event_name": "mouseout", "timestamp": "1658961644028", "position": {"x": 556, "y": 107}}, {"event_name": "mouseover", "timestamp": "1658961644028", "position": {"x": 556, "y": 107}}, {"event_name": "mousemove", "timestamp": "1658961644028", "position": {"x": 556, "y": 107}}, {"event_name": "mouseout", "timestamp": "1658961644044", "position": {"x": 168, "y": 891}}, {"event_name": "mouseover", "timestamp": "1658961644077", "position": {"x": 504, "y": 146}}, {"event_name": "mousemove", "timestamp": "1658961644077", "position": {"x": 504, "y": 146}}, {"event_name": "mouseout", "timestamp": "1658961644094", "position": {"x": 933, "y": 22}}, {"event_name": "mouseover", "timestamp": "1658961644111", "position": {"x": 310, "y": 446}}, {"event_name": "mousemove", "timestamp": "1658961644111", "position": {"x": 310, "y": 446}}, {"event_name": "mouseout", "timestamp": "1658961644128", "position": {"x": 1561, "y": 425}}, {"event_name": "mouseover", "timestamp": "1658961644177", "position": {"x": 480, "y": 276}}, {"event_name": "mousemove", "timestamp": "1658961644178", "position": {"x": 480, "y": 276}}, {"event_name": "mouseout", "timestamp": "1658961644194", "position": {"x": 435, "y": 692}}, {"event_name": "mouseover", "timestamp": "1658961644244", "position": {"x": 658, "y": 311}}, {"event_name": "mousemove", "timestamp": "1658961644245", "position": {"x": 658, "y": 311}}, {"event_name": "mouseout", "timestamp": "1658961644260", "position": {"x": 981, "y": 389}}, {"event_name": "mouseover", "timestamp": "1658961644278", "position": {"x": 421, "y": 468}}, {"event_name": "mousemove", "timestamp": "1658961644278", "position": {"x": 421, "y": 468}}, {"event_name": "mouseout", "timestamp": "1658961644296", "position": {"x": 66, "y": 299}}, {"event_name": "mouseover", "timestamp": "1658961644296", "position": {"x": 66, "y": 299}}, {"event_name": "mousemove", "timestamp": "1658961644297", "position": {"x": 66, "y": 299}}, {"event_name": "mouseout", "timestamp": "1658961644311", "position": {"x": 312, "y": 806}}, {"event_name": "mouseover", "timestamp": "1658961644327", "position": {"x": 715, "y": 483}}, {"event_name": "mousemove", "timestamp": "1658961644328", "position": {"x": 715, "y": 483}}, {"event_name": "mouseout", "timestamp": "1658961644344", "position": {"x": 1017, "y": 92}}, {"event_name": "mouseover", "timestamp": "1658961644444", "position": {"x": 398, "y": 402}}, {"event_name": "mousemove", "timestamp": "1658961644444", "position": {"x": 398, "y": 402}}, {"event_name": "mouseout", "timestamp": "1658961644461", "position": {"x": 201, "y": 71}}, {"event_name": "mouseover", "timestamp": "1658961644461", "position": {"x": 201, "y": 71}}, {"event_name": "mousemove", "timestamp": "1658961644461", "position": {"x": 201, "y": 71}}, {"event_name": "mouseout", "timestamp": "1658961644477", "position": {"x": 60, "y": 257}}, {"event_name": "mouseover", "timestamp": "1658961644477", "position": {"x": 60, "y": 257}}, {"event_name": "mousemove", "timestamp": "1658961644477", "position": {"x": 60, "y": 257}}, {"event_name": "mouseout", "timestamp": "1658961644493", "position": {"x": 542, "y": 606}}, {"event_name": "mouseover", "timestamp": "1658961644510", "position": {"x": 62, "y": 486}}, {"event_name": "mousemove", "timestamp": "1658961644510", "position": {"x": 62, "y": 486}}, {"event_name": "mouseout", "timestamp": "1658961644527", "position": {"x": 324, "y": 125}}, {"event_name": "mouseover", "timestamp": "1658961644527", "position": {"x": 324, "y": 125}}, {"event_name": "mousemove", "timestamp": "1658961644527", "position": {"x": 324, "y": 125}}, {"event_name": "mouseout", "timestamp": "1658961644544", "position": {"x": 1370, "y": 158}}, {"event_name": "mouseover", "timestamp": "1658961644743", "position": {"x": 410, "y": 300}}, {"event_name": "mousemove", "timestamp": "1658961644744", "position": {"x": 410, "y": 300}}, {"event_name": "mouseout", "timestamp": "1658961644760", "position": {"x": 373, "y": 549}}, {"event_name": "mouseover", "timestamp": "1658961644760", "position": {"x": 373, "y": 549}}, {"event_name": "mousemove", "timestamp": "1658961644760", "position": {"x": 373, "y": 549}}, {"event_name": "mouseout", "timestamp": "1658961644777", "position": {"x": 193, "y": 98}}, {"event_name": "mouseover", "timestamp": "1658961644777", "position": {"x": 193, "y": 98}}, {"event_name": "mousemove", "timestamp": "1658961644777", "position": {"x": 193, "y": 98}}, {"event_name": "mouseout", "timestamp": "1658961644795", "position": {"x": 1374, "y": 540}}, {"event_name": "mouseover", "timestamp": "1658961644827", "position": {"x": 701, "y": 173}}, {"event_name": "mousemove", "timestamp": "1658961644827", "position": {"x": 701, "y": 173}}, {"event_name": "mouseout", "timestamp": "1658961644843", "position": {"x": 1492, "y": 17}}, {"event_name": "mouseover", "timestamp": "1658961644861", "position": {"x": 655, "y": 354}}, {"event_name": "mousemove", "timestamp": "1658961644862", "position": {"x": 655, "y": 354}}, {"event_name": "mouseout", "timestamp": "1658961644877", "position": {"x": 1342, "y": 335}}, {"event_name": "mouseover", "timestamp": "1658961644994", "position": {"x": 751, "y": 299}}, {"event_name": "mousemove", "timestamp": "1658961644994", "position": {"x": 751, "y": 299}}, {"event_name": "mouseout", "timestamp": "1658961645011", "position": {"x": 461, "y": 211}}, {"event_name": "mouseover", "timestamp": "1658961645011", "position": {"x": 461, "y": 211}}, {"event_name": "mousemove", "timestamp": "1658961645011", "position": {"x": 461, "y": 211}}, {"event_name": "mouseout", "timestamp": "1658961645027", "position": {"x": 1366, "y": 134}}, {"event_name": "mouseover", "timestamp": "1658961645127", "position": {"x": 501, "y": 222}}, {"event_name": "mousemove", "timestamp": "1658961645128", "position": {"x": 501, "y": 222}}, {"event_name": "mouseout", "timestamp": "1658961645143", "position": {"x": 1477, "y": 63}}, {"event_name": "mouseover", "timestamp": "1658961645160", "position": {"x": 221, "y": 522}}, {"event_name": "mousemove", "timestamp": "1658961645160", "position": {"x": 221, "y": 522}}, {"event_name": "mouseout", "timestamp": "1658961645178", "position": {"x": 1466, "y": 263}}, {"event_name": "mousemove", "timestamp": "1658961645361", "position": {"x": 189, "y": 81}}, {"event_name": "mouseover", "timestamp": "1658961645361", "position": {"x": 189, "y": 81}}, {"event_name": "mouseout", "timestamp": "1658961645377", "position": {"x": 1157, "y": 883}}, {"event_name": "mouseover", "timestamp": "1658961645461", "position": {"x": 184, "y": 232}}, {"event_name": "mousemove", "timestamp": "1658961645461", "position": {"x": 184, "y": 232}}, {"event_name": "mouseout", "timestamp": "1658961645477", "position": {"x": 1430, "y": 403}}, {"event_name": "mouseover", "timestamp": "1658961645544", "position": {"x": 51, "y": 132}}, {"event_name": "mousemove", "timestamp": "1658961645544", "position": {"x": 51, "y": 132}}, {"event_name": "mouseout", "timestamp": "1658961645560", "position": {"x": 1316, "y": 430}}, {"event_name": "mouseover", "timestamp": "1658961645611", "position": {"x": 616, "y": 67}}, {"event_name": "mousemove", "timestamp": "1658961645611", "position": {"x": 616, "y": 67}}, {"event_name": "mouseout", "timestamp": "1658961645627", "position": {"x": 655, "y": 408}}, {"event_name": "mouseover", "timestamp": "1658961645627", "position": {"x": 655, "y": 408}}, {"event_name": "mousemove", "timestamp": "1658961645627", "position": {"x": 655, "y": 408}}, {"event_name": "mouseout", "timestamp": "1658961645644", "position": {"x": 562, "y": 23}}, {"event_name": "mouseover", "timestamp": "1658961645644", "position": {"x": 562, "y": 23}}, {"event_name": "mousemove", "timestamp": "1658961645644", "position": {"x": 562, "y": 23}}, {"event_name": "mouseout", "timestamp": "1658961645661", "position": {"x": 192, "y": 78}}, {"event_name": "mouseover", "timestamp": "1658961645661", "position": {"x": 192, "y": 78}}, {"event_name": "mousemove", "timestamp": "1658961645661", "position": {"x": 192, "y": 78}}, {"event_name": "mouseout", "timestamp": "1658961645678", "position": {"x": 736, "y": 262}}, {"event_name": "mouseover", "timestamp": "1658961645678", "position": {"x": 736, "y": 262}}, {"event_name": "mousemove", "timestamp": "1658961645679", "position": {"x": 736, "y": 262}}, {"event_name": "mouseout", "timestamp": "1658961645696", "position": {"x": 1123, "y": 33}}, {"event_name": "mouseover", "timestamp": "1658961645761", "position": {"x": 357, "y": 40}}, {"event_name": "mousemove", "timestamp": "1658961645761", "position": {"x": 357, "y": 40}}, {"event_name": "mouseout", "timestamp": "1658961645793", "position": {"x": 1753, "y": 669}}, {"event_name": "mouseover", "timestamp": "1658961645911", "position": {"x": 502, "y": 317}}, {"event_name": "mousemove", "timestamp": "1658961645911", "position": {"x": 502, "y": 317}}, {"event_name": "mouseout", "timestamp": "1658961645927", "position": {"x": 549, "y": 769}}, {"event_name": "mouseover", "timestamp": "1658961645994", "position": {"x": 641, "y": 390}}, {"event_name": "mousemove", "timestamp": "1658961645994", "position": {"x": 641, "y": 390}}, {"event_name": "mouseout", "timestamp": "1658961646011", "position": {"x": 1488, "y": 775}}, {"event_name": "mouseover", "timestamp": "1658961646096", "position": {"x": 11, "y": 489}}, {"event_name": "mousemove", "timestamp": "1658961646096", "position": {"x": 11, "y": 489}}, {"event_name": "mouseout", "timestamp": "1658961646111", "position": {"x": 1070, "y": 530}}, {"event_name": "mouseover", "timestamp": "1658961646277", "position": {"x": 784, "y": 106}}, {"event_name": "mousemove", "timestamp": "1658961646278", "position": {"x": 784, "y": 106}}, {"event_name": "mouseout", "timestamp": "1658961646294", "position": {"x": 1375, "y": 127}}, {"event_name": "mouseover", "timestamp": "1658961646311", "position": {"x": 47, "y": 440}}, {"event_name": "mousemove", "timestamp": "1658961646311", "position": {"x": 47, "y": 440}}, {"event_name": "mouseout", "timestamp": "1658961646329", "position": {"x": 684, "y": 540}}, {"event_name": "mouseover", "timestamp": "1658961646329", "position": {"x": 684, "y": 540}}, {"event_name": "mousemove", "timestamp": "1658961646329", "position": {"x": 684, "y": 540}}, {"event_name": "mouseout", "timestamp": "1658961646344", "position": {"x": 1674, "y": 617}}, {"event_name": "mouseover", "timestamp": "1658961646427", "position": {"x": 620, "y": 266}}, {"event_name": "mousemove", "timestamp": "1658961646427", "position": {"x": 620, "y": 266}}, {"event_name": "mouseout", "timestamp": "1658961646444", "position": {"x": 1797, "y": 269}}, {"event_name": "mouseover", "timestamp": "1658961646510", "position": {"x": 241, "y": 392}}, {"event_name": "mousemove", "timestamp": "1658961646510", "position": {"x": 241, "y": 392}}, {"event_name": "mouseout", "timestamp": "1658961646527", "position": {"x": 1599, "y": 65}}, {"event_name": "mouseover", "timestamp": "1658961646544", "position": {"x": 547, "y": 583}}, {"event_name": "mousemove", "timestamp": "1658961646544", "position": {"x": 547, "y": 583}}, {"event_name": "mouseout", "timestamp": "1658961646561", "position": {"x": 1453, "y": 696}}, {"event_name": "mouseover", "timestamp": "1658961646611", "position": {"x": 157, "y": 535}}, {"event_name": "mousemove", "timestamp": "1658961646611", "position": {"x": 157, "y": 535}}, {"event_name": "mouseout", "timestamp": "1658961646627", "position": {"x": 866, "y": 496}}, {"event_name": "mouseover", "timestamp": "1658961646728", "position": {"x": 768, "y": 118}}, {"event_name": "mousemove", "timestamp": "1658961646728", "position": {"x": 768, "y": 118}}, {"event_name": "mouseout", "timestamp": "1658961646744", "position": {"x": 1750, "y": 875}}, {"event_name": "mouseover", "timestamp": "1658961646861", "position": {"x": 599, "y": 192}}, {"event_name": "mousemove", "timestamp": "1658961646861", "position": {"x": 599, "y": 192}}, {"event_name": "mousemove", "timestamp": "1658961646877", "position": {"x": 451, "y": 206}}, {"event_name": "mouseout", "timestamp": "1658961646894", "position": {"x": 1194, "y": 5}}, {"event_name": "mouseover", "timestamp": "1658961646911", "position": {"x": 657, "y": 483}}, {"event_name": "mousemove", "timestamp": "1658961646911", "position": {"x": 657, "y": 483}}, {"event_name": "mouseout", "timestamp": "1658961646927", "position": {"x": 1320, "y": 749}}, {"event_name": "mouseover", "timestamp": "1658961646978", "position": {"x": 708, "y": 483}}, {"event_name": "mousemove", "timestamp": "1658961646979", "position": {"x": 708, "y": 483}}, {"event_name": "mouseout", "timestamp": "1658961646994", "position": {"x": 393, "y": 373}}, {"event_name": "mouseover", "timestamp": "1658961646994", "position": {"x": 393, "y": 373}}, {"event_name": "mousemove", "timestamp": "1658961646994", "position": {"x": 393, "y": 373}}, {"event_name": "mouseout", "timestamp": "1658961647010", "position": {"x": 1345, "y": 206}}, {"event_name": "mouseover", "timestamp": "1658961647061", "position": {"x": 382, "y": 230}}, {"event_name": "mousemove", "timestamp": "1658961647061", "position": {"x": 382, "y": 230}}, {"event_name": "mouseout", "timestamp": "1658961647078", "position": {"x": 358, "y": 360}}, {"event_name": "mouseover", "timestamp": "1658961647078", "position": {"x": 358, "y": 360}}, {"event_name": "mousemove", "timestamp": "1658961647078", "position": {"x": 358, "y": 360}}, {"event_name": "mouseout", "timestamp": "1658961647094", "position": {"x": 71, "y": 704}}, {"event_name": "mouseover", "timestamp": "1658961647144", "position": {"x": 238, "y": 489}}, {"event_name": "mousemove", "timestamp": "1658961647144", "position": {"x": 238, "y": 489}}, {"event_name": "mouseout", "timestamp": "1658961647161", "position": {"x": 461, "y": 693}}, {"event_name": "mouseover", "timestamp": "1658961647211", "position": {"x": 142, "y": 594}}, {"event_name": "mousemove", "timestamp": "1658961647211", "position": {"x": 142, "y": 594}}, {"event_name": "mouseout", "timestamp": "1658961647228", "position": {"x": 1511, "y": 602}}, {"event_name": "mouseover", "timestamp": "1658961647244", "position": {"x": 132, "y": 433}}, {"event_name": "mousemove", "timestamp": "1658961647244", "position": {"x": 132, "y": 433}}, {"event_name": "mousemove", "timestamp": "1658961647265", "position": {"x": 145, "y": 426}}, {"event_name": "mouseout", "timestamp": "1658961647277", "position": {"x": 11, "y": 520}}, {"event_name": "mouseover", "timestamp": "1658961647278", "position": {"x": 11, "y": 520}}, {"event_name": "mousemove", "timestamp": "1658961647278", "position": {"x": 11, "y": 520}}, {"event_name": "mouseout", "timestamp": "1658961647295", "position": {"x": 267, "y": 467}}, {"event_name": "mouseover", "timestamp": "1658961647295", "position": {"x": 267, "y": 467}}, {"event_name": "mousemove", "timestamp": "1658961647295", "position": {"x": 267, "y": 467}}, {"event_name": "mouseout", "timestamp": "1658961647311", "position": {"x": 95, "y": 202}}, {"event_name": "mouseover", "timestamp": "1658961647311", "position": {"x": 95, "y": 202}}, {"event_name": "mousemove", "timestamp": "1658961647311", "position": {"x": 95, "y": 202}}, {"event_name": "mouseout", "timestamp": "1658961647327", "position": {"x": 1385, "y": 836}}, {"event_name": "mouseover", "timestamp": "1658961647394", "position": {"x": 286, "y": 85}}, {"event_name": "mousemove", "timestamp": "1658961647394", "position": {"x": 286, "y": 85}}, {"event_name": "mouseout", "timestamp": "1658961647410", "position": {"x": 353, "y": 301}}, {"event_name": "mouseover", "timestamp": "1658961647411", "position": {"x": 353, "y": 301}}, {"event_name": "mousemove", "timestamp": "1658961647411", "position": {"x": 353, "y": 301}}, {"event_name": "mouseout", "timestamp": "1658961647428", "position": {"x": 1140, "y": 567}}, {"event_name": "mouseover", "timestamp": "1658961647478", "position": {"x": 438, "y": 102}}, {"event_name": "mousemove", "timestamp": "1658961647478", "position": {"x": 438, "y": 102}}, {"event_name": "mouseout", "timestamp": "1658961647494", "position": {"x": 1249, "y": 493}}, {"event_name": "mouseover", "timestamp": "1658961647577", "position": {"x": 529, "y": 452}}, {"event_name": "mousemove", "timestamp": "1658961647578", "position": {"x": 529, "y": 452}}, {"event_name": "mouseout", "timestamp": "1658961647594", "position": {"x": 90, "y": 406}}, {"event_name": "mouseover", "timestamp": "1658961647594", "position": {"x": 90, "y": 406}}, {"event_name": "mousemove", "timestamp": "1658961647595", "position": {"x": 90, "y": 406}}, {"event_name": "mouseout", "timestamp": "1658961647612", "position": {"x": 996, "y": 733}}, {"event_name": "mouseover", "timestamp": "1658961647678", "position": {"x": 293, "y": 530}}, {"event_name": "mousemove", "timestamp": "1658961647678", "position": {"x": 293, "y": 530}}, {"event_name": "mouseout", "timestamp": "1658961647694", "position": {"x": 956, "y": 321}}, {"event_name": "mouseover", "timestamp": "1658961647744", "position": {"x": 187, "y": 105}}, {"event_name": "mousemove", "timestamp": "1658961647744", "position": {"x": 187, "y": 105}}, {"event_name": "mouseout", "timestamp": "1658961647760", "position": {"x": 241, "y": 638}}, {"event_name": "mouseover", "timestamp": "1658961647810", "position": {"x": 595, "y": 118}}, {"event_name": "mousemove", "timestamp": "1658961647810", "position": {"x": 595, "y": 118}}, {"event_name": "mouseout", "timestamp": "1658961647827", "position": {"x": 3, "y": 187}}, {"event_name": "mouseover", "timestamp": "1658961647827", "position": {"x": 3, "y": 187}}, {"event_name": "mousemove", "timestamp": "1658961647827", "position": {"x": 3, "y": 187}}, {"event_name": "mouseout", "timestamp": "1658961647843", "position": {"x": 294, "y": 750}}, {"event_name": "mouseover", "timestamp": "1658961647877", "position": {"x": 238, "y": 587}}, {"event_name": "mousemove", "timestamp": "1658961647878", "position": {"x": 238, "y": 587}}, {"event_name": "mouseout", "timestamp": "1658961647900", "position": {"x": 1439, "y": 809}}, {"event_name": "mouseover", "timestamp": "1658961647912", "position": {"x": 726, "y": 140}}, {"event_name": "mousemove", "timestamp": "1658961647912", "position": {"x": 726, "y": 140}}, {"event_name": "mouseout", "timestamp": "1658961647928", "position": {"x": 1427, "y": 856}}, {"event_name": "mouseover", "timestamp": "1658961648010", "position": {"x": 42, "y": 341}}, {"event_name": "mousemove", "timestamp": "1658961648010", "position": {"x": 42, "y": 341}}, {"event_name": "mouseout", "timestamp": "1658961648027", "position": {"x": 1502, "y": 724}}, {"event_name": "mouseover", "timestamp": "1658961648044", "position": {"x": 465, "y": 334}}, {"event_name": "mousemove", "timestamp": "1658961648044", "position": {"x": 465, "y": 334}}, {"event_name": "mouseout", "timestamp": "1658961648060", "position": {"x": 1755, "y": 114}}, {"event_name": "mouseover", "timestamp": "1658961648110", "position": {"x": 482, "y": 146}}, {"event_name": "mousemove", "timestamp": "1658961648110", "position": {"x": 482, "y": 146}}, {"event_name": "mouseout", "timestamp": "1658961648127", "position": {"x": 1039, "y": 896}}, {"event_name": "mouseover", "timestamp": "1658961648193", "position": {"x": 585, "y": 580}}, {"event_name": "mousemove", "timestamp": "1658961648194", "position": {"x": 585, "y": 580}}, {"event_name": "mouseout", "timestamp": "1658961648211", "position": {"x": 615, "y": 389}}, {"event_name": "mouseover", "timestamp": "1658961648212", "position": {"x": 615, "y": 389}}, {"event_name": "mousemove", "timestamp": "1658961648212", "position": {"x": 615, "y": 389}}, {"event_name": "mouseout", "timestamp": "1658961648227", "position": {"x": 1311, "y": 655}}, {"event_name": "mouseover", "timestamp": "1658961648277", "position": {"x": 390, "y": 366}}, {"event_name": "mousemove", "timestamp": "1658961648277", "position": {"x": 390, "y": 366}}, {"event_name": "mouseout", "timestamp": "1658961648294", "position": {"x": 922, "y": 660}}, {"event_name": "mouseover", "timestamp": "1658961648327", "position": {"x": 149, "y": 435}}, {"event_name": "mousemove", "timestamp": "1658961648327", "position": {"x": 149, "y": 435}}, {"event_name": "mouseout", "timestamp": "1658961648344", "position": {"x": 454, "y": 666}}, {"event_name": "mouseover", "timestamp": "1658961648410", "position": {"x": 392, "y": 440}}, {"event_name": "mousemove", "timestamp": "1658961648410", "position": {"x": 392, "y": 440}}, {"event_name": "mouseout", "timestamp": "1658961648427", "position": {"x": 970, "y": 853}}, {"event_name": "mouseover", "timestamp": "1658961648446", "position": {"x": 549, "y": 224}}, {"event_name": "mousemove", "timestamp": "1658961648446", "position": {"x": 549, "y": 224}}, {"event_name": "mouseout", "timestamp": "1658961648460", "position": {"x": 126, "y": 675}}, {"event_name": "mouseover", "timestamp": "1658961648478", "position": {"x": 121, "y": 48}}, {"event_name": "mousemove", "timestamp": "1658961648478", "position": {"x": 121, "y": 48}}, {"event_name": "mouseout", "timestamp": "1658961648495", "position": {"x": 1058, "y": 468}}, {"event_name": "mouseover", "timestamp": "1658961648544", "position": {"x": 602, "y": 15}}, {"event_name": "mousemove", "timestamp": "1658961648544", "position": {"x": 602, "y": 15}}, {"event_name": "mouseout", "timestamp": "1658961648561", "position": {"x": 1311, "y": 602}}, {"event_name": "mouseover", "timestamp": "1658961648680", "position": {"x": 539, "y": 425}}, {"event_name": "mousemove", "timestamp": "1658961648680", "position": {"x": 539, "y": 425}}, {"event_name": "mouseout", "timestamp": "1658961648694", "position": {"x": 0, "y": 746}}, {"event_name": "mouseover", "timestamp": "1658961648762", "position": {"x": 796, "y": 542}}, {"event_name": "mousemove", "timestamp": "1658961648762", "position": {"x": 796, "y": 542}}, {"event_name": "mouseout", "timestamp": "1658961648785", "position": {"x": 1427, "y": 712}}, {"event_name": "mouseover", "timestamp": "1658961648894", "position": {"x": 151, "y": 11}}, {"event_name": "mousemove", "timestamp": "1658961648894", "position": {"x": 151, "y": 11}}, {"event_name": "mouseout", "timestamp": "1658961648910", "position": {"x": 1547, "y": 739}}, {"event_name": "mouseover", "timestamp": "1658961648927", "position": {"x": 444, "y": 61}}, {"event_name": "mousemove", "timestamp": "1658961648927", "position": {"x": 444, "y": 61}}, {"event_name": "mouseout", "timestamp": "1658961648946", "position": {"x": 884, "y": 786}}, {"event_name": "mouseover", "timestamp": "1658961648977", "position": {"x": 392, "y": 581}}, {"event_name": "mousemove", "timestamp": "1658961648977", "position": {"x": 392, "y": 581}}, {"event_name": "mouseout", "timestamp": "1658961648995", "position": {"x": 128, "y": 332}}, {"event_name": "mouseover", "timestamp": "1658961648995", "position": {"x": 128, "y": 332}}, {"event_name": "mousemove", "timestamp": "1658961648995", "position": {"x": 128, "y": 332}}, {"event_name": "mouseout", "timestamp": "1658961649011", "position": {"x": 1750, "y": 539}}, {"event_name": "mouseover", "timestamp": "1658961649061", "position": {"x": 427, "y": 373}}, {"event_name": "mousemove", "timestamp": "1658961649061", "position": {"x": 427, "y": 373}}, {"event_name": "mouseout", "timestamp": "1658961649077", "position": {"x": 747, "y": 595}}, {"event_name": "mouseover", "timestamp": "1658961649077", "position": {"x": 747, "y": 595}}, {"event_name": "mousemove", "timestamp": "1658961649078", "position": {"x": 747, "y": 595}}, {"event_name": "mouseout", "timestamp": "1658961649093", "position": {"x": 862, "y": 632}}, {"event_name": "mouseover", "timestamp": "1658961649144", "position": {"x": 728, "y": 392}}, {"event_name": "mousemove", "timestamp": "1658961649145", "position": {"x": 728, "y": 392}}, {"event_name": "mouseout", "timestamp": "1658961649161", "position": {"x": 29, "y": 490}}, {"event_name": "mouseover", "timestamp": "1658961649161", "position": {"x": 29, "y": 490}}, {"event_name": "mousemove", "timestamp": "1658961649161", "position": {"x": 29, "y": 490}}, {"event_name": "mouseout", "timestamp": "1658961649177", "position": {"x": 622, "y": 251}}, {"event_name": "mouseover", "timestamp": "1658961649177", "position": {"x": 622, "y": 251}}, {"event_name": "mousemove", "timestamp": "1658961649178", "position": {"x": 622, "y": 251}}, {"event_name": "mouseout", "timestamp": "1658961649194", "position": {"x": 1441, "y": 757}}, {"event_name": "mouseover", "timestamp": "1658961649244", "position": {"x": 114, "y": 237}}, {"event_name": "mousemove", "timestamp": "1658961649244", "position": {"x": 114, "y": 237}}, {"event_name": "mouseout", "timestamp": "1658961649261", "position": {"x": 1660, "y": 63}}, {"event_name": "mouseover", "timestamp": "1658961649377", "position": {"x": 525, "y": 37}}, {"event_name": "mousemove", "timestamp": "1658961649377", "position": {"x": 525, "y": 37}}, {"event_name": "mouseout", "timestamp": "1658961649394", "position": {"x": 674, "y": 59}}, {"event_name": "mouseover", "timestamp": "1658961649394", "position": {"x": 674, "y": 59}}, {"event_name": "mousemove", "timestamp": "1658961649394", "position": {"x": 674, "y": 59}}, {"event_name": "mouseout", "timestamp": "1658961649412", "position": {"x": 1556, "y": 591}}, {"event_name": "mouseover", "timestamp": "1658961649427", "position": {"x": 533, "y": 89}}, {"event_name": "mousemove", "timestamp": "1658961649427", "position": {"x": 533, "y": 89}}, {"event_name": "mouseout", "timestamp": "1658961649444", "position": {"x": 1022, "y": 830}}, {"event_name": "mouseover", "timestamp": "1658961649461", "position": {"x": 191, "y": 437}}, {"event_name": "mousemove", "timestamp": "1658961649461", "position": {"x": 191, "y": 437}}, {"event_name": "mouseout", "timestamp": "1658961649477", "position": {"x": 849, "y": 129}}, {"event_name": "mouseover", "timestamp": "1658961649577", "position": {"x": 212, "y": 461}}, {"event_name": "mousemove", "timestamp": "1658961649577", "position": {"x": 212, "y": 461}}, {"event_name": "mouseout", "timestamp": "1658961649594", "position": {"x": 337, "y": 217}}, {"event_name": "mouseover", "timestamp": "1658961649594", "position": {"x": 337, "y": 217}}, {"event_name": "mousemove", "timestamp": "1658961649594", "position": {"x": 337, "y": 217}}, {"event_name": "mousemove", "timestamp": "1658961649610", "position": {"x": 757, "y": 356}}, {"event_name": "mouseout", "timestamp": "1658961649629", "position": {"x": 1759, "y": 462}}, {"event_name": "mouseover", "timestamp": "1658961649644", "position": {"x": 80, "y": 59}}, {"event_name": "mousemove", "timestamp": "1658961649644", "position": {"x": 80, "y": 59}}, {"event_name": "mouseout", "timestamp": "1658961649661", "position": {"x": 1033, "y": 752}}, {"event_name": "mouseover", "timestamp": "1658961649711", "position": {"x": 580, "y": 82}}, {"event_name": "mousemove", "timestamp": "1658961649711", "position": {"x": 580, "y": 82}}, {"event_name": "mouseout", "timestamp": "1658961649727", "position": {"x": 1204, "y": 152}}, {"event_name": "mouseover", "timestamp": "1658961649811", "position": {"x": 143, "y": 366}}, {"event_name": "mousemove", "timestamp": "1658961649811", "position": {"x": 143, "y": 366}}, {"event_name": "mouseout", "timestamp": "1658961649828", "position": {"x": 1441, "y": 348}}, {"event_name": "mouseover", "timestamp": "1658961649861", "position": {"x": 384, "y": 68}}, {"event_name": "mousemove", "timestamp": "1658961649861", "position": {"x": 384, "y": 68}}, {"event_name": "mouseout", "timestamp": "1658961649877", "position": {"x": 159, "y": 666}}, {"event_name": "mousemove", "timestamp": "1658961649928", "position": {"x": 374, "y": 428}}, {"event_name": "mouseover", "timestamp": "1658961649928", "position": {"x": 374, "y": 428}}, {"event_name": "mouseout", "timestamp": "1658961649943", "position": {"x": 1009, "y": 259}}, {"event_name": "mouseover", "timestamp": "1658961649994", "position": {"x": 492, "y": 77}}, {"event_name": "mousemove", "timestamp": "1658961649994", "position": {"x": 492, "y": 77}}, {"event_name": "mouseout", "timestamp": "1658961650011", "position": {"x": 1274, "y": 856}}, {"event_name": "mouseover", "timestamp": "1658961650077", "position": {"x": 512, "y": 64}}, {"event_name": "mousemove", "timestamp": "1658961650078", "position": {"x": 512, "y": 64}}, {"event_name": "mouseout", "timestamp": "1658961650094", "position": {"x": 1419, "y": 214}}, {"event_name": "mouseover", "timestamp": "1658961650144", "position": {"x": 410, "y": 593}}, {"event_name": "mousemove", "timestamp": "1658961650144", "position": {"x": 410, "y": 593}}, {"event_name": "mouseout", "timestamp": "1658961650160", "position": {"x": 1191, "y": 434}}, {"event_name": "mouseover", "timestamp": "1658961650177", "position": {"x": 716, "y": 377}}, {"event_name": "mousemove", "timestamp": "1658961650177", "position": {"x": 716, "y": 377}}, {"event_name": "mouseout", "timestamp": "1658961650193", "position": {"x": 1079, "y": 485}}, {"event_name": "mouseover", "timestamp": "1658961650211", "position": {"x": 629, "y": 319}}, {"event_name": "mousemove", "timestamp": "1658961650211", "position": {"x": 629, "y": 319}}, {"event_name": "mouseout", "timestamp": "1658961650227", "position": {"x": 1288, "y": 34}}, {"event_name": "mouseover", "timestamp": "1658961650344", "position": {"x": 405, "y": 331}}, {"event_name": "mousemove", "timestamp": "1658961650344", "position": {"x": 405, "y": 331}}, {"event_name": "mouseout", "timestamp": "1658961650360", "position": {"x": 192, "y": 371}}, {"event_name": "mouseover", "timestamp": "1658961650360", "position": {"x": 192, "y": 371}}, {"event_name": "mousemove", "timestamp": "1658961650360", "position": {"x": 192, "y": 371}}, {"event_name": "mouseout", "timestamp": "1658961650377", "position": {"x": 967, "y": 166}}, {"event_name": "mouseover", "timestamp": "1658961650427", "position": {"x": 708, "y": 389}}, {"event_name": "mousemove", "timestamp": "1658961650427", "position": {"x": 708, "y": 389}}, {"event_name": "mouseout", "timestamp": "1658961650444", "position": {"x": 1348, "y": 429}}, {"event_name": "mouseover", "timestamp": "1658961650494", "position": {"x": 537, "y": 519}}, {"event_name": "mousemove", "timestamp": "1658961650494", "position": {"x": 537, "y": 519}}, {"event_name": "mouseout", "timestamp": "1658961650511", "position": {"x": 882, "y": 528}}, {"event_name": "mouseover", "timestamp": "1658961650644", "position": {"x": 674, "y": 538}}, {"event_name": "mousemove", "timestamp": "1658961650644", "position": {"x": 674, "y": 538}}, {"event_name": "mouseout", "timestamp": "1658961650660", "position": {"x": 99, "y": 837}}, {"event_name": "mouseover", "timestamp": "1658961650677", "position": {"x": 588, "y": 550}}, {"event_name": "mousemove", "timestamp": "1658961650677", "position": {"x": 588, "y": 550}}, {"event_name": "mouseout", "timestamp": "1658961650694", "position": {"x": 984, "y": 153}}, {"event_name": "mouseover", "timestamp": "1658961650744", "position": {"x": 445, "y": 273}}, {"event_name": "mousemove", "timestamp": "1658961650744", "position": {"x": 445, "y": 273}}, {"event_name": "mouseout", "timestamp": "1658961650761", "position": {"x": 343, "y": 832}}, {"event_name": "mouseover", "timestamp": "1658961650777", "position": {"x": 215, "y": 567}}, {"event_name": "mousemove", "timestamp": "1658961650777", "position": {"x": 215, "y": 567}}, {"event_name": "mouseout", "timestamp": "1658961650794", "position": {"x": 1308, "y": 33}}, {"event_name": "mouseover", "timestamp": "1658961650844", "position": {"x": 151, "y": 474}}, {"event_name": "mousemove", "timestamp": "1658961650844", "position": {"x": 151, "y": 474}}, {"event_name": "mousemove", "timestamp": "1658961650860", "position": {"x": 628, "y": 522}}, {"event_name": "mouseout", "timestamp": "1658961650877", "position": {"x": 650, "y": 20}}, {"event_name": "mouseover", "timestamp": "1658961650877", "position": {"x": 650, "y": 20}}, {"event_name": "mousemove", "timestamp": "1658961650877", "position": {"x": 650, "y": 20}}, {"event_name": "mouseout", "timestamp": "1658961650894", "position": {"x": 1312, "y": 260}}, {"event_name": "mouseover", "timestamp": "1658961651110", "position": {"x": 238, "y": 417}}, {"event_name": "mousemove", "timestamp": "1658961651111", "position": {"x": 238, "y": 417}}, {"event_name": "mouseout", "timestamp": "1658961651128", "position": {"x": 168, "y": 125}}, {"event_name": "mouseover", "timestamp": "1658961651128", "position": {"x": 168, "y": 125}}, {"event_name": "mousemove", "timestamp": "1658961651128", "position": {"x": 168, "y": 125}}, {"event_name": "mouseout", "timestamp": "1658961651144", "position": {"x": 1167, "y": 127}}, {"event_name": "mouseover", "timestamp": "1658961651193", "position": {"x": 488, "y": 386}}, {"event_name": "mousemove", "timestamp": "1658961651193", "position": {"x": 488, "y": 386}}, {"event_name": "mouseout", "timestamp": "1658961651210", "position": {"x": 1287, "y": 744}}]}