{"user_id": "056a9fc8-4b28-44a3-8d57-e2f3e9c5f900", "device": "desktop", "trace": [{"event_name": "load", "timestamp": "1658962831344", "position": {"x": 0, "y": 0}}, {"event_name": "pageshow", "timestamp": "1658962831345", "position": {"x": 0, "y": 0}}, {"event_name": "mousemove", "timestamp": "1658962831380", "position": {"x": 532, "y": 587}}, {"event_name": "mouseover", "timestamp": "1658962831380", "position": {"x": 532, "y": 587}}, {"event_name": "mouseout", "timestamp": "1658962831396", "position": {"x": 1459, "y": 427}}, {"event_name": "mouseover", "timestamp": "1658962831430", "position": {"x": 263, "y": 275}}, {"event_name": "mousemove", "timestamp": "1658962831430", "position": {"x": 263, "y": 275}}, {"event_name": "mouseout", "timestamp": "1658962831446", "position": {"x": 795, "y": 27}}, {"event_name": "mouseover", "timestamp": "1658962831446", "position": {"x": 795, "y": 27}}, {"event_name": "mousemove", "timestamp": "1658962831447", "position": {"x": 795, "y": 27}}, {"event_name": "mouseout", "timestamp": "1658962831464", "position": {"x": 363, "y": 401}}, {"event_name": "mouseover", "timestamp": "1658962831464", "position": {"x": 363, "y": 401}}, {"event_name": "mousemove", "timestamp": "1658962831464", "position": {"x": 363, "y": 401}}, {"event_name": "mouseout", "timestamp": "1658962831480", "position": {"x": 768, "y": 165}}, {"event_name": "mouseover", "timestamp": "1658962831480", "position": {"x": 768, "y": 165}}, {"event_name": "mousemove", "timestamp": "1658962831480", "position": {"x": 768, "y": 165}}, {"event_name": "mouseout", "timestamp": "1658962831497", "position": {"x": 1206, "y": 324}}, {"event_name": "mouseover", "timestamp": "1658962831564", "position": {"x": 499, "y": 267}}, {"event_name": "mousemove", "timestamp": "1658962831564", "position": {"x": 499, "y": 267}}, {"event_name": "mouseout", "timestamp": "1658962831580", "position": {"x": 726, "y": 582}}, {"event_name": "mouseover", "timestamp": "1658962831580", "position": {"x": 726, "y": 582}}, {"event_name": "mousemove", "timestamp": "1658962831580", "position": {"x": 726, "y": 582}}, {"event_name": "mousemove", "timestamp": "1658962831596", "position": {"x": 166, "y": 462}}, {"event_name": "mouseout", "timestamp": "1658962831613", "position": {"x": 1589, "y": 174}}, {"event_name": "mouseover", "timestamp": "1658962831779", "position": {"x": 211, "y": 430}}, {"event_name": "mousemove", "timestamp": "1658962831779", "position": {"x": 211, "y": 430}}, {"event_name": "mouseout", "timestamp": "1658962831796", "position": {"x": 1640, "y": 357}}, {"event_name": "mouseover", "timestamp": "1658962831830", "position": {"x": 746, "y": 177}}, {"event_name": "mousemove", "timestamp": "1658962831830", "position": {"x": 746, "y": 177}}, {"event_name": "mouseout", "timestamp": "1658962831846", "position": {"x": 1011, "y": 290}}, {"event_name": "mouseover", "timestamp": "1658962831946", "position": {"x": 470, "y": 532}}, {"event_name": "mousemove", "timestamp": "1658962831947", "position": {"x": 470, "y": 532}}, {"event_name": "mouseout", "timestamp": "1658962831964", "position": {"x": 217, "y": 628}}, {"event_name": "mouseover", "timestamp": "1658962831981", "position": {"x": 372, "y": 387}}, {"event_name": "mousemove", "timestamp": "1658962831981", "position": {"x": 372, "y": 387}}, {"event_name": "mouseout", "timestamp": "1658962831996", "position": {"x": 1209, "y": 571}}, {"event_name": "mouseover", "timestamp": "1658962832013", "position": {"x": 504, "y": 590}}, {"event_name": "mousemove", "timestamp": "1658962832014", "position": {"x": 504, "y": 590}}, {"event_name": "mouseout", "timestamp": "1658962832030", "position": {"x": 450, "y": 820}}, {"event_name": "mouseover", "timestamp": "1658962832080", "position": {"x": 82, "y": 534}}, {"event_name": "mousemove", "timestamp": "1658962832080", "position": {"x": 82, "y": 534}}, {"event_name": "mouseout", "timestamp": "1658962832097", "position": {"x": 831, "y": 427}}, {"event_name": "mouseover", "timestamp": "1658962832147", "position": {"x": 613, "y": 408}}, {"event_name": "mousemove", "timestamp": "1658962832147", "position": {"x": 613, "y": 408}}, {"event_name": "mouseout", "timestamp": "1658962832164", "position": {"x": 1740, "y": 871}}, {"event_name": "mouseover", "timestamp": "1658962832213", "position": {"x": 93, "y": 34}}, {"event_name": "mousemove", "timestamp": "1658962832213", "position": {"x": 93, "y": 34}}, {"event_name": "mouseout", "timestamp": "1658962832230", "position": {"x": 815, "y": 509}}, {"event_name": "mouseover", "timestamp": "1658962832296", "position": {"x": 380, "y": 102}}, {"event_name": "mousemove", "timestamp": "1658962832297", "position": {"x": 380, "y": 102}}, {"event_name": "mouseout", "timestamp": "1658962832313", "position": {"x": 194, "y": 213}}, {"event_name": "mouseover", "timestamp": "1658962832314", "position": {"x": 194, "y": 213}}, {"event_name": "mousemove", "timestamp": "1658962832314", "position": {"x": 194, "y": 213}}, {"event_name": "mouseout", "timestamp": "1658962832330", "position": {"x": 804, "y": 674}}, {"event_name": "mouseover", "timestamp": "1658962832364", "position": {"x": 780, "y": 174}}, {"event_name": "mousemove", "timestamp": "1658962832364", "position": {"x": 780, "y": 174}}, {"event_name": "mouseout", "timestamp": "1658962832380", "position": {"x": 153, "y": 669}}, {"event_name": "mouseover", "timestamp": "1658962832496", "position": {"x": 203, "y": 246}}, {"event_name": "mousemove", "timestamp": "1658962832496", "position": {"x": 203, "y": 246}}, {"event_name": "mouseout", "timestamp": "1658962832514", "position": {"x": 1376, "y": 125}}, {"event_name": "mouseover", "timestamp": "1658962832580", "position": {"x": 403, "y": 17}}, {"event_name": "mousemove", "timestamp": "1658962832580", "position": {"x": 403, "y": 17}}, {"event_name": "mouseout", "timestamp": "1658962832601", "position": {"x": 1656, "y": 388}}, {"event_name": "mouseover", "timestamp": "1658962832613", "position": {"x": 144, "y": 415}}, {"event_name": "mousemove", "timestamp": "1658962832613", "position": {"x": 144, "y": 415}}, {"event_name": "mouseout", "timestamp": "1658962832630", "position": {"x": 1616, "y": 273}}, {"event_name": "mouseover", "timestamp": "1658962832664", "position": {"x": 414, "y": 15}}, {"event_name": "mousemove", "timestamp": "1658962832664", "position": {"x": 414, "y": 15}}, {"event_name": "mouseout", "timestamp": "1658962832681", "position": {"x": 1461, "y": 408}}, {"event_name": "mouseover", "timestamp": "1658962832764", "position": {"x": 138, "y": 229}}, {"event_name": "mousemove", "timestamp": "1658962832765", "position": {"x": 138, "y": 229}}, {"event_name": "mouseout", "timestamp": "1658962832779", "position": {"x": 1096, "y": 502}}, {"event_name": "mouseover", "timestamp": "1658962832929", "position": {"x": 286, "y": 369}}, {"event_name": "mousemove", "timestamp": "1658962832930", "position": {"x": 286, "y": 369}}, {"event_name": "mouseout", "timestamp": "1658962832946", "position": {"x": 1490, "y": 568}}, {"event_name": "mouseover", "timestamp": "1658962833163", "position": {"x": 222, "y": 44}}, {"event_name": "mousemove", "timestamp": "1658962833164", "position": {"x": 222, "y": 44}}, {"event_name": "mouseout", "timestamp": "1658962833180", "position": {"x": 530, "y": 349}}, {"event_name": "mouseover", "timestamp": "1658962833180", "position": {"x": 530, "y": 349}}, {"event_name": "mousemove", "timestamp": "1658962833180", "position": {"x": 530, "y": 349}}, {"event_name": "mouseout", "timestamp": "1658962833196", "position": {"x": 1291, "y": 24}}, {"event_name": "mouseover", "timestamp": "1658962833263", "position": {"x": 317, "y": 57}}, {"event_name": "mousemove", "timestamp": "1658962833263", "position": {"x": 317, "y": 57}}, {"event_name": "mouseout", "timestamp": "1658962833281", "position": {"x": 851, "y": 374}}, {"event_name": "mouseover", "timestamp": "1658962833314", "position": {"x": 430, "y": 214}}, {"event_name": "mousemove", "timestamp": "1658962833314", "position": {"x": 430, "y": 214}}, {"event_name": "mouseout", "timestamp": "1658962833330", "position": {"x": 168, "y": 395}}, {"event_name": "mouseover", "timestamp": "1658962833330", "position": {"x": 168, "y": 395}}, {"event_name": "mousemove", "timestamp": "1658962833330", "position": {"x": 168, "y": 395}}, {"event_name": "mouseout", "timestamp": "1658962833346", "position": {"x": 155, "y": 711}}, {"event_name": "mouseover", "timestamp": "1658962833430", "position": {"x": 535, "y": 112}}, {"event_name": "mousemove", "timestamp": "1658962833430", "position": {"x": 535, "y": 112}}, {"event_name": "mouseout", "timestamp": "1658962833447", "position": {"x": 1666, "y": 322}}, {"event_name": "mouseover", "timestamp": "1658962833464", "position": {"x": 55, "y": 226}}, {"event_name": "mousemove", "timestamp": "1658962833464", "position": {"x": 55, "y": 226}}, {"event_name": "mouseout", "timestamp": "1658962833481", "position": {"x": 739, "y": 850}}, {"event_name": "mouseover", "timestamp": "1658962833513", "position": {"x": 712, "y": 290}}, {"event_name": "mousemove", "timestamp": "1658962833513", "position": {"x": 712, "y": 290}}, {"event_name": "mouseout", "timestamp": "1658962833530", "position": {"x": 96, "y": 808}}, {"event_name": "mouseover", "timestamp": "1658962833563", "position": {"x": 635, "y": 91}}, {"event_name": "mousemove", "timestamp": "1658962833563", "position": {"x": 635, "y": 91}}, {"event_name": "mouseout", "timestamp": "1658962833580", "position": {"x": 622, "y": 510}}, {"event_name": "mouseover", "timestamp": "1658962833580", "position": {"x": 622, "y": 510}}, {"event_name": "mousemove", "timestamp": "1658962833580", "position": {"x": 622, "y": 510}}, {"event_name": "mouseout", "timestamp": "1658962833596", "position": {"x": 1133, "y": 515}}, {"event_name": "mouseover", "timestamp": "1658962833613", "position": {"x": 585, "y": 217}}, {"event_name": "mousemove", "timestamp": "1658962833613", "position": {"x": 585, "y": 217}}, {"event_name": "mouseout", "timestamp": "1658962833630", "position": {"x": 312, "y": 696}}, {"event_name": "mouseover", "timestamp": "1658962833730", "position": {"x": 41, "y": 360}}, {"event_name": "mousemove", "timestamp": "1658962833730", "position": {"x": 41, "y": 360}}, {"event_name": "mouseout", "timestamp": "1658962833748", "position": {"x": 1679, "y": 788}}, {"event_name": "mouseover", "timestamp": "1658962833763", "position": {"x": 494, "y": 3}}, {"event_name": "mousemove", "timestamp": "1658962833763", "position": {"x": 494, "y": 3}}, {"event_name": "mouseout", "timestamp": "1658962833780", "position": {"x": 1257, "y": 255}}, {"event_name": "mouseover", "timestamp": "1658962833796", "position": {"x": 75, "y": 455}}, {"event_name": "mousemove", "timestamp": "1658962833796", "position": {"x": 75, "y": 455}}, {"event_name": "mouseout", "timestamp": "1658962833813", "position": {"x": 520, "y": 650}}, {"event_name": "mouseover", "timestamp": "1658962833829", "position": {"x": 281, "y": 245}}, {"event_name": "mousemove", "timestamp": "1658962833829", "position": {"x": 281, "y": 245}}, {"event_name": "mouseout", "timestamp": "1658962833846", "position": {"x": 1093, "y": 376}}, {"event_name": "mouseover", "timestamp": "1658962833981", "position": {"x": 115, "y": 578}}, {"event_name": "mousemove", "timestamp": "1658962833981", "position": {"x": 115, "y": 578}}, {"event_name": "mouseout", "timestamp": "1658962833996", "position": {"x": 1501, "y": 261}}, {"event_name": "mouseover", "timestamp": "1658962834030", "position": {"x": 323, "y": 140}}, {"event_name": "mousemove", "timestamp": "1658962834031", "position": {"x": 323, "y": 140}}, {"event_name": "mouseout", "timestamp": "1658962834047", "position": {"x": 1527, "y": 671}}, {"event_name": "mouseover", "timestamp": "1658962834113", "position": {"x": 78, "y": 209}}, {"event_name": "mousemove", "timestamp": "1658962834113", "position": {"x": 78, "y": 209}}, {"event_name": "mouseout", "timestamp": "1658962834130", "position": {"x": 765, "y": 538}}, {"event_name": "mouseover", "timestamp": "1658962834130", "position": {"x": 765, "y": 538}}, {"event_name": "mousemove", "timestamp": "1658962834130", "position": {"x": 765, "y": 538}}, {"event_name": "mouseout", "timestamp": "1658962834147", "position": {"x": 1109, "y": 866}}, {"event_name": "mouseover", "timestamp": "1658962834180", "position": {"x": 786, "y": 171}}, {"event_name": "mousemove", "timestamp": "1658962834180", "position": {"x": 786, "y": 171}}, {"event_name": "mouseout", "timestamp": "1658962834198", "position": {"x": 535, "y": 556}}, {"event_name": "mouseover", "timestamp": "1658962834199", "position": {"x": 535, "y": 556}}, {"event_name": "mousemove", "timestamp": "1658962834199", "position": {"x": 535, "y": 556}}, {"event_name": "mouseout", "timestamp": "1658962834214", "position": {"x": 1723, "y": 858}}, {"event_name": "mouseover", "timestamp": "1658962834263", "position": {"x": 710, "y": 210}}, {"event_name": "mousemove", "timestamp": "1658962834263", "position": {"x": 710, "y": 210}}, {"event_name": "mouseout", "timestamp": "1658962834280", "position": {"x": 570, "y": 816}}, {"event_name": "mouseover", "timestamp": "1658962834313", "position": {"x": 724, "y": 105}}, {"event_name": "mousemove", "timestamp": "1658962834313", "position": {"x": 724, "y": 105}}, {"event_name": "mouseout", "timestamp": "1658962834330", "position": {"x": 1170, "y": 809}}, {"event_name": "mouseover", "timestamp": "1658962834346", "position": {"x": 323, "y": 327}}, {"event_name": "mousemove", "timestamp": "1658962834347", "position": {"x": 323, "y": 327}}, {"event_name": "mouseout", "timestamp": "1658962834363", "position": {"x": 1719, "y": 662}}, {"event_name": "mouseover", "timestamp": "1658962834430", "position": {"x": 217, "y": 295}}, {"event_name": "mousemove", "timestamp": "1658962834430", "position": {"x": 217, "y": 295}}, {"event_name": "mousemove", "timestamp": "1658962834447", "position": {"x": 283, "y": 442}}, {"event_name": "mouseout", "timestamp": "1658962834464", "position": {"x": 402, "y": 592}}, {"event_name": "mouseover", "timestamp": "1658962834464", "position": {"x": 402, "y": 592}}, {"event_name": "mousemove", "timestamp": "1658962834464", "position": {"x": 402, "y": 592}}, {"event_name": "mouseout", "timestamp": "1658962834480", "position": {"x": 1008, "y": 542}}, {"event_name": "mouseover", "timestamp": "1658962834547", "position": {"x": 392, "y": 38}}, {"event_name": "mousemove", "timestamp": "1658962834547", "position": {"x": 392, "y": 38}}, {"event_name": "mouseout", "timestamp": "1658962834564", "position": {"x": 1281, "y": 788}}, {"event_name": "mouseover", "timestamp": "1658962834585", "position": {"x": 431, "y": 277}}, {"event_name": "mousemove", "timestamp": "1658962834585", "position": {"x": 431, "y": 277}}, {"event_name": "mouseout", "timestamp": "1658962834597", "position": {"x": 1141, "y": 497}}, {"event_name": "mouseover", "timestamp": "1658962834763", "position": {"x": 31, "y": 59}}, {"event_name": "mousemove", "timestamp": "1658962834763", "position": {"x": 31, "y": 59}}, {"event_name": "mouseout", "timestamp": "1658962834779", "position": {"x": 1361, "y": 442}}, {"event_name": "mouseover", "timestamp": "1658962834863", "position": {"x": 782, "y": 584}}, {"event_name": "mousemove", "timestamp": "1658962834863", "position": {"x": 782, "y": 584}}, {"event_name": "mouseout", "timestamp": "1658962834880", "position": {"x": 1029, "y": 338}}, {"event_name": "mouseover", "timestamp": "1658962834897", "position": {"x": 66, "y": 252}}, {"event_name": "mousemove", "timestamp": "1658962834897", "position": {"x": 66, "y": 252}}, {"event_name": "mouseout", "timestamp": "1658962834913", "position": {"x": 588, "y": 505}}, {"event_name": "mouseover", "timestamp": "1658962834913", "position": {"x": 588, "y": 505}}, {"event_name": "mousemove", "timestamp": "1658962834913", "position": {"x": 588, "y": 505}}, {"event_name": "mouseout", "timestamp": "1658962834930", "position": {"x": 724, "y": 858}}, {"event_name": "mouseover", "timestamp": "1658962835013", "position": {"x": 728, "y": 179}}, {"event_name": "mousemove", "timestamp": "1658962835013", "position": {"x": 728, "y": 179}}, {"event_name": "mouseout", "timestamp": "1658962835030", "position": {"x": 299, "y": 630}}, {"event_name": "mouseover", "timestamp": "1658962835046", "position": {"x": 394, "y": 207}}, {"event_name": "mousemove", "timestamp": "1658962835047", "position": {"x": 394, "y": 207}}, {"event_name": "mouseout", "timestamp": "1658962835063", "position": {"x": 1535, "y": 465}}, {"event_name": "mouseover", "timestamp": "1658962835130", "position": {"x": 525, "y": 183}}, {"event_name": "mousemove", "timestamp": "1658962835131", "position": {"x": 525, "y": 183}}, {"event_name": "mouseout", "timestamp": "1658962835146", "position": {"x": 1527, "y": 77}}, {"event_name": "mouseover", "timestamp": "1658962835164", "position": {"x": 268, "y": 75}}, {"event_name": "mousemove", "timestamp": "1658962835164", "position": {"x": 268, "y": 75}}, {"event_name": "mouseout", "timestamp": "1658962835180", "position": {"x": 289, "y": 785}}, {"event_name": "mouseover", "timestamp": "1658962835198", "position": {"x": 422, "y": 557}}, {"event_name": "mousemove", "timestamp": "1658962835199", "position": {"x": 422, "y": 557}}, {"event_name": "mouseout", "timestamp": "1658962835214", "position": {"x": 1412, "y": 846}}, {"event_name": "mouseover", "timestamp": "1658962835230", "position": {"x": 540, "y": 48}}, {"event_name": "mousemove", "timestamp": "1658962835230", "position": {"x": 540, "y": 48}}, {"event_name": "mouseout", "timestamp": "1658962835247", "position": {"x": 1571, "y": 27}}, {"event_name": "mouseover", "timestamp": "1658962835314", "position": {"x": 54, "y": 258}}, {"event_name": "mousemove", "timestamp": "1658962835314", "position": {"x": 54, "y": 258}}, {"event_name": "mouseout", "timestamp": "1658962835331", "position": {"x": 1797, "y": 487}}, {"event_name": "mouseover", "timestamp": "1658962835347", "position": {"x": 596, "y": 428}}, {"event_name": "mousemove", "timestamp": "1658962835347", "position": {"x": 596, "y": 428}}, {"event_name": "mouseout", "timestamp": "1658962835364", "position": {"x": 407, "y": 531}}, {"event_name": "mouseover", "timestamp": "1658962835364", "position": {"x": 407, "y": 531}}, {"event_name": "mousemove", "timestamp": "1658962835364", "position": {"x": 407, "y": 531}}, {"event_name": "mouseout", "timestamp": "1658962835380", "position": {"x": 166, "y": 519}}, {"event_name": "mouseover", "timestamp": "1658962835380", "position": {"x": 166, "y": 519}}, {"event_name": "mousemove", "timestamp": "1658962835381", "position": {"x": 166, "y": 519}}, {"event_name": "mouseout", "timestamp": "1658962835399", "position": {"x": 1201, "y": 52}}, {"event_name": "mouseover", "timestamp": "1658962835497", "position": {"x": 179, "y": 597}}, {"event_name": "mousemove", "timestamp": "1658962835497", "position": {"x": 179, "y": 597}}, {"event_name": "mouseout", "timestamp": "1658962835513", "position": {"x": 1419, "y": 387}}, {"event_name": "mouseover", "timestamp": "1658962835546", "position": {"x": 507, "y": 170}}, {"event_name": "mousemove", "timestamp": "1658962835546", "position": {"x": 507, "y": 170}}, {"event_name": "mouseout", "timestamp": "1658962835563", "position": {"x": 1341, "y": 819}}, {"event_name": "mouseover", "timestamp": "1658962835581", "position": {"x": 590, "y": 269}}, {"event_name": "mousemove", "timestamp": "1658962835581", "position": {"x": 590, "y": 269}}, {"event_name": "mouseout", "timestamp": "1658962835597", "position": {"x": 1093, "y": 640}}, {"event_name": "mouseover", "timestamp": "1658962835614", "position": {"x": 169, "y": 262}}, {"event_name": "mousemove", "timestamp": "1658962835614", "position": {"x": 169, "y": 262}}, {"event_name": "mouseout", "timestamp": "1658962835630", "position": {"x": 1451, "y": 121}}, {"event_name": "mouseover", "timestamp": "1658962835680", "position": {"x": 130, "y": 13}}, {"event_name": "mousemove", "timestamp": "1658962835680", "position": {"x": 130, "y": 13}}, {"event_name": "mouseout", "timestamp": "1658962835697", "position": {"x": 1022, "y": 689}}, {"event_name": "mouseover", "timestamp": "1658962835730", "position": {"x": 197, "y": 544}}, {"event_name": "mousemove", "timestamp": "1658962835731", "position": {"x": 197, "y": 544}}, {"event_name": "mouseout", "timestamp": "1658962835746", "position": {"x": 433, "y": 835}}, {"event_name": "mouseover", "timestamp": "1658962835813", "position": {"x": 189, "y": 155}}, {"event_name": "mousemove", "timestamp": "1658962835813", "position": {"x": 189, "y": 155}}, {"event_name": "mouseout", "timestamp": "1658962835830", "position": {"x": 1133, "y": 640}}, {"event_name": "mouseover", "timestamp": "1658962835879", "position": {"x": 751, "y": 74}}, {"event_name": "mousemove", "timestamp": "1658962835879", "position": {"x": 751, "y": 74}}, {"event_name": "mouseout", "timestamp": "1658962835896", "position": {"x": 1305, "y": 111}}, {"event_name": "mouseover", "timestamp": "1658962835913", "position": {"x": 436, "y": 424}}, {"event_name": "mousemove", "timestamp": "1658962835913", "position": {"x": 436, "y": 424}}, {"event_name": "mouseout", "timestamp": "1658962835930", "position": {"x": 1399, "y": 209}}, {"event_name": "mouseover", "timestamp": "1658962835980", "position": {"x": 462, "y": 462}}, {"event_name": "mousemove", "timestamp": "1658962835980", "position": {"x": 462, "y": 462}}, {"event_name": "mouseout", "timestamp": "1658962835997", "position": {"x": 1742, "y": 770}}, {"event_name": "mouseover", "timestamp": "1658962836064", "position": {"x": 205, "y": 293}}, {"event_name": "mousemove", "timestamp": "1658962836064", "position": {"x": 205, "y": 293}}, {"event_name": "mouseout", "timestamp": "1658962836080", "position": {"x": 1033, "y": 178}}, {"event_name": "mouseover", "timestamp": "1658962836129", "position": {"x": 30, "y": 341}}, {"event_name": "mousemove", "timestamp": "1658962836130", "position": {"x": 30, "y": 341}}, {"event_name": "mouseout", "timestamp": "1658962836147", "position": {"x": 537, "y": 412}}, {"event_name": "mouseover", "timestamp": "1658962836147", "position": {"x": 537, "y": 412}}, {"event_name": "mousemove", "timestamp": "1658962836147", "position": {"x": 537, "y": 412}}, {"event_name": "mouseout", "timestamp": "1658962836163", "position": {"x": 586, "y": 797}}, {"event_name": "mouseover", "timestamp": "1658962836279", "position": {"x": 13, "y": 570}}, {"event_name": "mousemove", "timestamp": "1658962836280", "position": {"x": 13, "y": 570}}, {"event_name": "mouseout", "timestamp": "1658962836297", "position": {"x": 1751, "y": 539}}, {"event_name": "mouseover", "timestamp": "1658962836313", "position": {"x": 460, "y": 119}}, {"event_name": "mousemove", "timestamp": "1658962836313", "position": {"x": 460, "y": 119}}, {"event_name": "mouseout", "timestamp": "1658962836329", "position": {"x": 818, "y": 25}}, {"event_name": "mousemove", "timestamp": "1658962836363", "position": {"x": 502, "y": 186}}, {"event_name": "mouseover", "timestamp": "1658962836363", "position": {"x": 502, "y": 186}}, {"event_name": "mouseout", "timestamp": "1658962836379", "position": {"x": 1065, "y": 435}}, {"event_name": "mouseover", "timestamp": "1658962836430", "position": {"x": 35, "y": 493}}, {"event_name": "mousemove", "timestamp": "1658962836430", "position": {"x": 35, "y": 493}}, {"event_name": "mouseout", "timestamp": "1658962836446", "position": {"x": 826, "y": 492}}, {"event_name": "mouseover", "timestamp": "1658962836480", "position": {"x": 152, "y": 106}}, {"event_name": "mousemove", "timestamp": "1658962836480", "position": {"x": 152, "y": 106}}, {"event_name": "mouseout", "timestamp": "1658962836496", "position": {"x": 1319, "y": 630}}, {"event_name": "mouseover", "timestamp": "1658962836514", "position": {"x": 413, "y": 404}}, {"event_name": "mousemove", "timestamp": "1658962836514", "position": {"x": 413, "y": 404}}, {"event_name": "mouseout", "timestamp": "1658962836530", "position": {"x": 784, "y": 238}}, {"event_name": "mouseover", "timestamp": "1658962836530", "position": {"x": 784, "y": 238}}, {"event_name": "mousemove", "timestamp": "1658962836530", "position": {"x": 784, "y": 238}}, {"event_name": "mouseout", "timestamp": "1658962836546", "position": {"x": 611, "y": 758}}, {"event_name": "mouseover", "timestamp": "1658962836598", "position": {"x": 572, "y": 295}}, {"event_name": "mousemove", "timestamp": "1658962836598", "position": {"x": 572, "y": 295}}, {"event_name": "mouseout", "timestamp": "1658962836613", "position": {"x": 1606, "y": 279}}, {"event_name": "mouseover", "timestamp": "1658962836663", "position": {"x": 204, "y": 351}}, {"event_name": "mousemove", "timestamp": "1658962836663", "position": {"x": 204, "y": 351}}, {"event_name": "mouseout", "timestamp": "1658962836679", "position": {"x": 209, "y": 848}}, {"event_name": "mouseover", "timestamp": "1658962836796", "position": {"x": 395, "y": 106}}, {"event_name": "mousemove", "timestamp": "1658962836796", "position": {"x": 395, "y": 106}}, {"event_name": "mouseout", "timestamp": "1658962836813", "position": {"x": 1281, "y": 766}}, {"event_name": "mouseover", "timestamp": "1658962836830", "position": {"x": 92, "y": 539}}, {"event_name": "mousemove", "timestamp": "1658962836830", "position": {"x": 92, "y": 539}}, {"event_name": "mouseout", "timestamp": "1658962836846", "position": {"x": 1212, "y": 588}}, {"event_name": "mouseover", "timestamp": "1658962836913", "position": {"x": 61, "y": 531}}, {"event_name": "mousemove", "timestamp": "1658962836913", "position": {"x": 61, "y": 531}}, {"event_name": "mouseout", "timestamp": "1658962836930", "position": {"x": 1362, "y": 325}}, {"event_name": "mouseover", "timestamp": "1658962836946", "position": {"x": 32, "y": 139}}, {"event_name": "mousemove", "timestamp": "1658962836946", "position": {"x": 32, "y": 139}}, {"event_name": "mouseout", "timestamp": "1658962836963", "position": {"x": 700, "y": 475}}, {"event_name": "mouseover", "timestamp": "1658962836963", "position": {"x": 700, "y": 475}}, {"event_name": "mousemove", "timestamp": "1658962836963", "position": {"x": 700, "y": 475}}, {"event_name": "mouseout", "timestamp": "1658962836980", "position": {"x": 378, "y": 455}}, {"event_name": "mouseover", "timestamp": "1658962836980", "position": {"x": 378, "y": 455}}, {"event_name": "mousemove", "timestamp": "1658962836980", "position": {"x": 378, "y": 455}}, {"event_name": "mouseout", "timestamp": "1658962836996", "position": {"x": 456, "y": 367}}, {"event_name": "mouseover", "timestamp": "1658962836996", "position": {"x": 456, "y": 367}}, {"event_name": "mousemove", "timestamp": "1658962836997", "position": {"x": 456, "y": 367}}, {"event_name": "mouseout", "timestamp": "1658962837013", "position": {"x": 964, "y": 654}}, {"event_name": "mouseover", "timestamp": "1658962837030", "position": {"x": 50, "y": 120}}, {"event_name": "mousemove", "timestamp": "1658962837030", "position": {"x": 50, "y": 120}}, {"event_name": "mouseout", "timestamp": "1658962837051", "position": {"x": 1729, "y": 656}}, {"event_name": "mouseover", "timestamp": "1658962837163", "position": {"x": 103, "y": 59}}, {"event_name": "mousemove", "timestamp": "1658962837163", "position": {"x": 103, "y": 59}}, {"event_name": "mouseout", "timestamp": "1658962837180", "position": {"x": 939, "y": 657}}, {"event_name": "mouseover", "timestamp": "1658962837263", "position": {"x": 178, "y": 320}}, {"event_name": "mousemove", "timestamp": "1658962837264", "position": {"x": 178, "y": 320}}, {"event_name": "mouseout", "timestamp": "1658962837280", "position": {"x": 746, "y": 38}}, {"event_name": "mouseover", "timestamp": "1658962837280", "position": {"x": 746, "y": 38}}, {"event_name": "mousemove", "timestamp": "1658962837281", "position": {"x": 746, "y": 38}}, {"event_name": "mouseout", "timestamp": "1658962837297", "position": {"x": 1512, "y": 813}}, {"event_name": "mouseover", "timestamp": "1658962837346", "position": {"x": 429, "y": 441}}, {"event_name": "mousemove", "timestamp": "1658962837347", "position": {"x": 429, "y": 441}}, {"event_name": "mouseout", "timestamp": "1658962837387", "position": {"x": 1080, "y": 371}}, {"event_name": "mouseover", "timestamp": "1658962837430", "position": {"x": 521, "y": 567}}, {"event_name": "mousemove", "timestamp": "1658962837430", "position": {"x": 521, "y": 567}}, {"event_name": "mouseout", "timestamp": "1658962837446", "position": {"x": 1269, "y": 13}}, {"event_name": "mouseover", "timestamp": "1658962837479", "position": {"x": 150, "y": 433}}, {"event_name": "mousemove", "timestamp": "1658962837480", "position": {"x": 150, "y": 433}}, {"event_name": "mouseout", "timestamp": "1658962837496", "position": {"x": 1500, "y": 377}}, {"event_name": "mouseover", "timestamp": "1658962837529", "position": {"x": 682, "y": 289}}, {"event_name": "mousemove", "timestamp": "1658962837529", "position": {"x": 682, "y": 289}}, {"event_name": "mouseout", "timestamp": "1658962837546", "position": {"x": 1216, "y": 165}}, {"event_name": "mouseover", "timestamp": "1658962837563", "position": {"x": 19, "y": 541}}, {"event_name": "mousemove", "timestamp": "1658962837563", "position": {"x": 19, "y": 541}}, {"event_name": "mouseout", "timestamp": "1658962837580", "position": {"x": 1499, "y": 157}}, {"event_name": "mouseover", "timestamp": "1658962837613", "position": {"x": 101, "y": 139}}, {"event_name": "mousemove", "timestamp": "1658962837614", "position": {"x": 101, "y": 139}}, {"event_name": "mousemove", "timestamp": "1658962837630", "position": {"x": 320, "y": 201}}, {"event_name": "mouseout", "timestamp": "1658962837646", "position": {"x": 726, "y": 610}}, {"event_name": "mouseover", "timestamp": "1658962837664", "position": {"x": 11, "y": 487}}, {"event_name": "mousemove", "timestamp": "1658962837664", "position": {"x": 11, "y": 487}}, {"event_name": "mouseout", "timestamp": "1658962837680", "position": {"x": 131, "y": 304}}, {"event_name": "mouseover", "timestamp": "1658962837680", "position": {"x": 131, "y": 304}}, {"event_name": "mousemove", "timestamp": "1658962837680", "position": {"x": 131, "y": 304}}, {"event_name": "mouseout", "timestamp": "1658962837697", "position": {"x": 409, "y": 460}}, {"event_name": "mouseover", "timestamp": "1658962837697", "position": {"x": 409, "y": 460}}, {"event_name": "mousemove", "timestamp": "1658962837697", "position": {"x": 409, "y": 460}}, {"event_name": "mouseout", "timestamp": "1658962837714", "position": {"x": 347, "y": 581}}, {"event_name": "mouseover", "timestamp": "1658962837714", "position": {"x": 347, "y": 581}}, {"event_name": "mousemove", "timestamp": "1658962837714", "position": {"x": 347, "y": 581}}, {"event_name": "mouseout", "timestamp": "1658962837730", "position": {"x": 1258, "y": 242}}, {"event_name": "mouseover", "timestamp": "1658962837763", "position": {"x": 392, "y": 368}}, {"event_name": "mousemove", "timestamp": "1658962837763", "position": {"x": 392, "y": 368}}, {"event_name": "mouseout", "timestamp": "1658962837779", "position": {"x": 225, "y": 242}}, {"event_name": "mouseover", "timestamp": "1658962837780", "position": {"x": 225, "y": 242}}, {"event_name": "mousemove", "timestamp": "1658962837780", "position": {"x": 225, "y": 242}}, {"event_name": "mouseout", "timestamp": "1658962837796", "position": {"x": 155, "y": 92}}, {"event_name": "mouseover", "timestamp": "1658962837796", "position": {"x": 155, "y": 92}}, {"event_name": "mousemove", "timestamp": "1658962837796", "position": {"x": 155, "y": 92}}, {"event_name": "mouseout", "timestamp": "1658962837813", "position": {"x": 614, "y": 597}}, {"event_name": "mouseover", "timestamp": "1658962837813", "position": {"x": 614, "y": 597}}, {"event_name": "mousemove", "timestamp": "1658962837813", "position": {"x": 614, "y": 597}}, {"event_name": "mouseout", "timestamp": "1658962837830", "position": {"x": 818, "y": 426}}, {"event_name": "mouseover", "timestamp": "1658962837896", "position": {"x": 770, "y": 290}}, {"event_name": "mousemove", "timestamp": "1658962837896", "position": {"x": 770, "y": 290}}, {"event_name": "mouseout", "timestamp": "1658962837913", "position": {"x": 344, "y": 18}}, {"event_name": "mouseover", "timestamp": "1658962837913", "position": {"x": 344, "y": 18}}, {"event_name": "mousemove", "timestamp": "1658962837913", "position": {"x": 344, "y": 18}}, {"event_name": "mouseout", "timestamp": "1658962837929", "position": {"x": 1458, "y": 750}}, {"event_name": "mouseover", "timestamp": "1658962838063", "position": {"x": 204, "y": 501}}, {"event_name": "mousemove", "timestamp": "1658962838064", "position": {"x": 204, "y": 501}}, {"event_name": "mouseout", "timestamp": "1658962838081", "position": {"x": 1117, "y": 183}}, {"event_name": "mouseover", "timestamp": "1658962838113", "position": {"x": 515, "y": 510}}, {"event_name": "mousemove", "timestamp": "1658962838113", "position": {"x": 515, "y": 510}}, {"event_name": "mouseout", "timestamp": "1658962838129", "position": {"x": 160, "y": 841}}, {"event_name": "mouseover", "timestamp": "1658962838147", "position": {"x": 455, "y": 99}}, {"event_name": "mousemove", "timestamp": "1658962838147", "position": {"x": 455, "y": 99}}, {"event_name": "mousemove", "timestamp": "1658962838163", "position": {"x": 445, "y": 86}}, {"event_name": "mouseout", "timestamp": "1658962838181", "position": {"x": 1720, "y": 595}}, {"event_name": "mouseover", "timestamp": "1658962838230", "position": {"x": 251, "y": 468}}, {"event_name": "mousemove", "timestamp": "1658962838230", "position": {"x": 251, "y": 468}}, {"event_name": "mouseout", "timestamp": "1658962838247", "position": {"x": 1244, "y": 19}}, {"event_name": "mouseover", "timestamp": "1658962838414", "position": {"x": 13, "y": 579}}, {"event_name": "mousemove", "timestamp": "1658962838414", "position": {"x": 13, "y": 579}}, {"event_name": "mouseout", "timestamp": "1658962838430", "position": {"x": 423, "y": 436}}, {"event_name": "mouseover", "timestamp": "1658962838430", "position": {"x": 423, "y": 436}}, {"event_name": "mousemove", "timestamp": "1658962838430", "position": {"x": 423, "y": 436}}, {"event_name": "mouseout", "timestamp": "1658962838447", "position": {"x": 1491, "y": 785}}, {"event_name": "mouseover", "timestamp": "1658962838497", "position": {"x": 297, "y": 117}}, {"event_name": "mousemove", "timestamp": "1658962838498", "position": {"x": 297, "y": 117}}, {"event_name": "mouseout", "timestamp": "1658962838513", "position": {"x": 1638, "y": 751}}, {"event_name": "mouseover", "timestamp": "1658962838530", "position": {"x": 60, "y": 257}}, {"event_name": "mousemove", "timestamp": "1658962838531", "position": {"x": 60, "y": 257}}, {"event_name": "mouseout", "timestamp": "1658962838547", "position": {"x": 853, "y": 129}}, {"event_name": "mouseover", "timestamp": "1658962838564", "position": {"x": 500, "y": 44}}, {"event_name": "mousemove", "timestamp": "1658962838564", "position": {"x": 500, "y": 44}}, {"event_name": "mouseout", "timestamp": "1658962838584", "position": {"x": 417, "y": 138}}, {"event_name": "mouseover", "timestamp": "1658962838584", "position": {"x": 417, "y": 138}}, {"event_name": "mousemove", "timestamp": "1658962838584", "position": {"x": 417, "y": 138}}, {"event_name": "mouseout", "timestamp": "1658962838596", "position": {"x": 1390, "y": 855}}, {"event_name": "mouseover", "timestamp": "1658962838646", "position": {"x": 173, "y": 219}}, {"event_name": "mousemove", "timestamp": "1658962838647", "position": {"x": 173, "y": 219}}, {"event_name": "mouseout", "timestamp": "1658962838663", "position": {"x": 438, "y": 449}}, {"event_name": "mouseover", "timestamp": "1658962838664", "position": {"x": 438, "y": 449}}, {"event_name": "mousemove", "timestamp": "1658962838664", "position": {"x": 438, "y": 449}}, {"event_name": "mouseout", "timestamp": "1658962838680", "position": {"x": 115, "y": 299}}, {"event_name": "mouseover", "timestamp": "1658962838680", "position": {"x": 115, "y": 299}}, {"event_name": "mousemove", "timestamp": "1658962838680", "position": {"x": 115, "y": 299}}, {"event_name": "mouseout", "timestamp": "1658962838697", "position": {"x": 1682, "y": 317}}, {"event_name": "mouseover", "timestamp": "1658962838862", "position": {"x": 617, "y": 283}}, {"event_name": "mousemove", "timestamp": "1658962838863", "position": {"x": 617, "y": 283}}, {"event_name": "mouseout", "timestamp": "1658962838880", "position": {"x": 1537, "y": 507}}, {"event_name": "mouseover", "timestamp": "1658962839163", "position": {"x": 246, "y": 575}}, {"event_name": "mousemove", "timestamp": "1658962839163", "position": {"x": 246, "y": 575}}, {"event_name": "mouseout", "timestamp": "1658962839180", "position": {"x": 1084, "y": 298}}, {"event_name": "mouseover", "timestamp": "1658962839196", "position": {"x": 157, "y": 559}}, {"event_name": "mousemove", "timestamp": "1658962839197", "position": {"x": 157, "y": 559}}, {"event_name": "mouseout", "timestamp": "1658962839213", "position": {"x": 1335, "y": 620}}, {"event_name": "mouseover", "timestamp": "1658962839264", "position": {"x": 427, "y": 447}}, {"event_name": "mousemove", "timestamp": "1658962839264", "position": {"x": 427, "y": 447}}, {"event_name": "mouseout", "timestamp": "1658962839280", "position": {"x": 1677, "y": 50}}, {"event_name": "mouseover", "timestamp": "1658962839298", "position": {"x": 208, "y": 450}}, {"event_name": "mousemove", "timestamp": "1658962839298", "position": {"x": 208, "y": 450}}, {"event_name": "mouseout", "timestamp": "1658962839314", "position": {"x": 1584, "y": 575}}, {"event_name": "mouseover", "timestamp": "1658962839397", "position": {"x": 145, "y": 35}}, {"event_name": "mousemove", "timestamp": "1658962839398", "position": {"x": 145, "y": 35}}, {"event_name": "mouseout", "timestamp": "1658962839414", "position": {"x": 24, "y": 778}}, {"event_name": "mouseover", "timestamp": "1658962839430", "position": {"x": 477, "y": 252}}, {"event_name": "mousemove", "timestamp": "1658962839430", "position": {"x": 477, "y": 252}}, {"event_name": "mouseout", "timestamp": "1658962839446", "position": {"x": 1433, "y": 211}}, {"event_name": "mouseover", "timestamp": "1658962839480", "position": {"x": 758, "y": 306}}, {"event_name": "mousemove", "timestamp": "1658962839480", "position": {"x": 758, "y": 306}}, {"event_name": "mouseout", "timestamp": "1658962839497", "position": {"x": 1465, "y": 848}}, {"event_name": "mouseover", "timestamp": "1658962839513", "position": {"x": 387, "y": 300}}, {"event_name": "mousemove", "timestamp": "1658962839513", "position": {"x": 387, "y": 300}}, {"event_name": "mouseout", "timestamp": "1658962839530", "position": {"x": 623, "y": 791}}, {"event_name": "mouseover", "timestamp": "1658962839596", "position": {"x": 449, "y": 218}}, {"event_name": "mousemove", "timestamp": "1658962839596", "position": {"x": 449, "y": 218}}, {"event_name": "mouseout", "timestamp": "1658962839613", "position": {"x": 1360, "y": 379}}, {"event_name": "mouseover", "timestamp": "1658962839647", "position": {"x": 737, "y": 148}}, {"event_name": "mousemove", "timestamp": "1658962839647", "position": {"x": 737, "y": 148}}, {"event_name": "mouseout", "timestamp": "1658962839663", "position": {"x": 1385, "y": 202}}, {"event_name": "mouseover", "timestamp": "1658962839713", "position": {"x": 192, "y": 314}}, {"event_name": "mousemove", "timestamp": "1658962839713", "position": {"x": 192, "y": 314}}, {"event_name": "mouseout", "timestamp": "1658962839729", "position": {"x": 1675, "y": 465}}, {"event_name": "mouseover", "timestamp": "1658962839829", "position": {"x": 462, "y": 586}}, {"event_name": "mousemove", "timestamp": "1658962839829", "position": {"x": 462, "y": 586}}, {"event_name": "mouseout", "timestamp": "1658962839846", "position": {"x": 635, "y": 663}}, {"event_name": "mouseover", "timestamp": "1658962839880", "position": {"x": 446, "y": 212}}, {"event_name": "mousemove", "timestamp": "1658962839880", "position": {"x": 446, "y": 212}}, {"event_name": "mouseout", "timestamp": "1658962839896", "position": {"x": 229, "y": 259}}, {"event_name": "mouseover", "timestamp": "1658962839896", "position": {"x": 229, "y": 259}}, {"event_name": "mousemove", "timestamp": "1658962839896", "position": {"x": 229, "y": 259}}, {"event_name": "mouseout", "timestamp": "1658962839912", "position": {"x": 753, "y": 525}}, {"event_name": "mouseover", "timestamp": "1658962839912", "position": {"x": 753, "y": 525}}, {"event_name": "mousemove", "timestamp": "1658962839912", "position": {"x": 753, "y": 525}}, {"event_name": "mouseout", "timestamp": "1658962839929", "position": {"x": 1676, "y": 337}}, {"event_name": "mouseover", "timestamp": "1658962839996", "position": {"x": 181, "y": 181}}, {"event_name": "mousemove", "timestamp": "1658962839996", "position": {"x": 181, "y": 181}}, {"event_name": "mouseout", "timestamp": "1658962840013", "position": {"x": 1556, "y": 64}}, {"event_name": "mouseover", "timestamp": "1658962840030", "position": {"x": 595, "y": 265}}, {"event_name": "mousemove", "timestamp": "1658962840030", "position": {"x": 595, "y": 265}}, {"event_name": "mouseout", "timestamp": "1658962840048", "position": {"x": 1392, "y": 479}}, {"event_name": "mouseover", "timestamp": "1658962840113", "position": {"x": 510, "y": 199}}, {"event_name": "mousemove", "timestamp": "1658962840113", "position": {"x": 510, "y": 199}}, {"event_name": "mouseout", "timestamp": "1658962840130", "position": {"x": 57, "y": 594}}, {"event_name": "mouseover", "timestamp": "1658962840130", "position": {"x": 57, "y": 594}}, {"event_name": "mousemove", "timestamp": "1658962840131", "position": {"x": 57, "y": 594}}, {"event_name": "mouseout", "timestamp": "1658962840147", "position": {"x": 199, "y": 601}}, {"event_name": "mouseover", "timestamp": "1658962840163", "position": {"x": 118, "y": 392}}, {"event_name": "mousemove", "timestamp": "1658962840163", "position": {"x": 118, "y": 392}}, {"event_name": "mouseout", "timestamp": "1658962840180", "position": {"x": 1744, "y": 645}}, {"event_name": "mouseover", "timestamp": "1658962840281", "position": {"x": 533, "y": 256}}, {"event_name": "mousemove", "timestamp": "1658962840281", "position": {"x": 533, "y": 256}}, {"event_name": "mouseout", "timestamp": "1658962840301", "position": {"x": 164, "y": 876}}, {"event_name": "mouseover", "timestamp": "1658962840330", "position": {"x": 582, "y": 58}}, {"event_name": "mousemove", "timestamp": "1658962840330", "position": {"x": 582, "y": 58}}, {"event_name": "mouseout", "timestamp": "1658962840347", "position": {"x": 1770, "y": 570}}, {"event_name": "mouseover", "timestamp": "1658962840397", "position": {"x": 788, "y": 145}}, {"event_name": "mousemove", "timestamp": "1658962840397", "position": {"x": 788, "y": 145}}, {"event_name": "mouseout", "timestamp": "1658962840414", "position": {"x": 753, "y": 824}}, {"event_name": "mouseover", "timestamp": "1658962840447", "position": {"x": 643, "y": 48}}, {"event_name": "mousemove", "timestamp": "1658962840447", "position": {"x": 643, "y": 48}}, {"event_name": "mouseout", "timestamp": "1658962840463", "position": {"x": 417, "y": 848}}, {"event_name": "mouseover", "timestamp": "1658962840499", "position": {"x": 679, "y": 201}}, {"event_name": "mousemove", "timestamp": "1658962840499", "position": {"x": 679, "y": 201}}, {"event_name": "mousemove", "timestamp": "1658962840514", "position": {"x": 416, "y": 201}}, {"event_name": "mouseout", "timestamp": "1658962840530", "position": {"x": 936, "y": 158}}, {"event_name": "mouseover", "timestamp": "1658962840630", "position": {"x": 427, "y": 124}}, {"event_name": "mousemove", "timestamp": "1658962840630", "position": {"x": 427, "y": 124}}, {"event_name": "mousemove", "timestamp": "1658962840646", "position": {"x": 433, "y": 170}}, {"event_name": "mouseout", "timestamp": "1658962840663", "position": {"x": 842, "y": 405}}, {"event_name": "mouseover", "timestamp": "1658962840846", "position": {"x": 496, "y": 21}}, {"event_name": "mousemove", "timestamp": "1658962840847", "position": {"x": 496, "y": 21}}, {"event_name": "mouseout", "timestamp": "1658962840863", "position": {"x": 265, "y": 488}}, {"event_name": "mouseover", "timestamp": "1658962840863", "position": {"x": 265, "y": 488}}, {"event_name": "mousemove", "timestamp": "1658962840863", "position": {"x": 265, "y": 488}}, {"event_name": "mouseout", "timestamp": "1658962840879", "position": {"x": 419, "y": 395}}, {"event_name": "mouseover", "timestamp": "1658962840879", "position": {"x": 419, "y": 395}}, {"event_name": "mousemove", "timestamp": "1658962840879", "position": {"x": 419, "y": 395}}, {"event_name": "mouseout", "timestamp": "1658962840896", "position": {"x": 111, "y": 681}}, {"event_name": "mouseover", "timestamp": "1658962840913", "position": {"x": 356, "y": 363}}, {"event_name": "mousemove", "timestamp": "1658962840913", "position": {"x": 356, "y": 363}}, {"event_name": "mouseout", "timestamp": "1658962840930", "position": {"x": 576, "y": 837}}, {"event_name": "mouseover", "timestamp": "1658962840947", "position": {"x": 459, "y": 535}}, {"event_name": "mousemove", "timestamp": "1658962840947", "position": {"x": 459, "y": 535}}, {"event_name": "mouseout", "timestamp": "1658962840963", "position": {"x": 664, "y": 131}}, {"event_name": "mouseover", "timestamp": "1658962840963", "position": {"x": 664, "y": 131}}, {"event_name": "mousemove", "timestamp": "1658962840963", "position": {"x": 664, "y": 131}}, {"event_name": "mouseout", "timestamp": "1658962840981", "position": {"x": 1635, "y": 611}}, {"event_name": "mouseover", "timestamp": "1658962841030", "position": {"x": 439, "y": 462}}, {"event_name": "mousemove", "timestamp": "1658962841030", "position": {"x": 439, "y": 462}}, {"event_name": "mouseout", "timestamp": "1658962841046", "position": {"x": 1643, "y": 766}}, {"event_name": "mouseover", "timestamp": "1658962841113", "position": {"x": 41, "y": 300}}, {"event_name": "mousemove", "timestamp": "1658962841114", "position": {"x": 41, "y": 300}}, {"event_name": "mouseout", "timestamp": "1658962841130", "position": {"x": 768, "y": 277}}, {"event_name": "mouseover", "timestamp": "1658962841130", "position": {"x": 768, "y": 277}}, {"event_name": "mousemove", "timestamp": "1658962841131", "position": {"x": 768, "y": 277}}, {"event_name": "mouseout", "timestamp": "1658962841146", "position": {"x": 869, "y": 899}}, {"event_name": "mouseover", "timestamp": "1658962841230", "position": {"x": 273, "y": 133}}, {"event_name": "mousemove", "timestamp": "1658962841230", "position": {"x": 273, "y": 133}}, {"event_name": "mouseout", "timestamp": "1658962841247", "position": {"x": 507, "y": 543}}, {"event_name": "mouseover", "timestamp": "1658962841247", "position": {"x": 507, "y": 543}}, {"event_name": "mousemove", "timestamp": "1658962841248", "position": {"x": 507, "y": 543}}, {"event_name": "mouseout", "timestamp": "1658962841264", "position": {"x": 952, "y": 412}}, {"event_name": "mouseover", "timestamp": "1658962841296", "position": {"x": 752, "y": 587}}, {"event_name": "mousemove", "timestamp": "1658962841297", "position": {"x": 752, "y": 587}}, {"event_name": "mouseout", "timestamp": "1658962841313", "position": {"x": 1567, "y": 733}}, {"event_name": "mouseover", "timestamp": "1658962841429", "position": {"x": 5, "y": 416}}, {"event_name": "mousemove", "timestamp": "1658962841429", "position": {"x": 5, "y": 416}}, {"event_name": "mouseout", "timestamp": "1658962841447", "position": {"x": 541, "y": 127}}, {"event_name": "mouseover", "timestamp": "1658962841447", "position": {"x": 541, "y": 127}}, {"event_name": "mousemove", "timestamp": "1658962841447", "position": {"x": 541, "y": 127}}, {"event_name": "mouseout", "timestamp": "1658962841464", "position": {"x": 1346, "y": 849}}, {"event_name": "mouseover", "timestamp": "1658962841513", "position": {"x": 77, "y": 522}}, {"event_name": "mousemove", "timestamp": "1658962841513", "position": {"x": 77, "y": 522}}, {"event_name": "mouseout", "timestamp": "1658962841530", "position": {"x": 153, "y": 69}}, {"event_name": "mouseover", "timestamp": "1658962841530", "position": {"x": 153, "y": 69}}, {"event_name": "mousemove", "timestamp": "1658962841530", "position": {"x": 153, "y": 69}}, {"event_name": "mouseout", "timestamp": "1658962841546", "position": {"x": 871, "y": 866}}, {"event_name": "mouseover", "timestamp": "1658962841630", "position": {"x": 629, "y": 277}}, {"event_name": "mousemove", "timestamp": "1658962841630", "position": {"x": 629, "y": 277}}, {"event_name": "mouseout", "timestamp": "1658962841646", "position": {"x": 243, "y": 153}}, {"event_name": "mouseover", "timestamp": "1658962841646", "position": {"x": 243, "y": 153}}, {"event_name": "mousemove", "timestamp": "1658962841647", "position": {"x": 243, "y": 153}}, {"event_name": "mouseout", "timestamp": "1658962841664", "position": {"x": 1420, "y": 520}}, {"event_name": "mouseover", "timestamp": "1658962841731", "position": {"x": 109, "y": 440}}, {"event_name": "mousemove", "timestamp": "1658962841731", "position": {"x": 109, "y": 440}}, {"event_name": "mouseout", "timestamp": "1658962841746", "position": {"x": 222, "y": 632}}, {"event_name": "mouseover", "timestamp": "1658962841797", "position": {"x": 789, "y": 553}}, {"event_name": "mousemove", "timestamp": "1658962841797", "position": {"x": 789, "y": 553}}, {"event_name": "mouseout", "timestamp": "1658962841814", "position": {"x": 703, "y": 33}}, {"event_name": "mousemove", "timestamp": "1658962841814", "position": {"x": 703, "y": 33}}, {"event_name": "mouseover", "timestamp": "1658962841814", "position": {"x": 703, "y": 33}}, {"event_name": "mouseout", "timestamp": "1658962841829", "position": {"x": 1797, "y": 894}}, {"event_name": "mouseover", "timestamp": "1658962841930", "position": {"x": 169, "y": 158}}, {"event_name": "mousemove", "timestamp": "1658962841930", "position": {"x": 169, "y": 158}}, {"event_name": "mouseout", "timestamp": "1658962841948", "position": {"x": 389, "y": 788}}, {"event_name": "mouseover", "timestamp": "1658962842198", "position": {"x": 434, "y": 545}}, {"event_name": "mousemove", "timestamp": "1658962842198", "position": {"x": 434, "y": 545}}, {"event_name": "mouseout", "timestamp": "1658962842213", "position": {"x": 384, "y": 158}}, {"event_name": "mouseover", "timestamp": "1658962842213", "position": {"x": 384, "y": 158}}, {"event_name": "mousemove", "timestamp": "1658962842213", "position": {"x": 384, "y": 158}}, {"event_name": "mouseout", "timestamp": "1658962842230", "position": {"x": 1751, "y": 65}}, {"event_name": "mouseover", "timestamp": "1658962842264", "position": {"x": 25, "y": 136}}, {"event_name": "mousemove", "timestamp": "1658962842264", "position": {"x": 25, "y": 136}}, {"event_name": "mouseout", "timestamp": "1658962842280", "position": {"x": 643, "y": 461}}, {"event_name": "mouseover", "timestamp": "1658962842280", "position": {"x": 643, "y": 461}}, {"event_name": "mousemove", "timestamp": "1658962842280", "position": {"x": 643, "y": 461}}, {"event_name": "mouseout", "timestamp": "1658962842296", "position": {"x": 1442, "y": 556}}, {"event_name": "mouseover", "timestamp": "1658962842380", "position": {"x": 634, "y": 22}}, {"event_name": "mousemove", "timestamp": "1658962842380", "position": {"x": 634, "y": 22}}, {"event_name": "mouseout", "timestamp": "1658962842396", "position": {"x": 1153, "y": 654}}, {"event_name": "mouseover", "timestamp": "1658962842547", "position": {"x": 275, "y": 14}}, {"event_name": "mousemove", "timestamp": "1658962842547", "position": {"x": 275, "y": 14}}, {"event_name": "mouseout", "timestamp": "1658962842564", "position": {"x": 1052, "y": 304}}, {"event_name": "mouseover", "timestamp": "1658962842613", "position": {"x": 388, "y": 55}}, {"event_name": "mousemove", "timestamp": "1658962842614", "position": {"x": 388, "y": 55}}, {"event_name": "mouseout", "timestamp": "1658962842630", "position": {"x": 44, "y": 136}}, {"event_name": "mouseover", "timestamp": "1658962842630", "position": {"x": 44, "y": 136}}, {"event_name": "mousemove", "timestamp": "1658962842630", "position": {"x": 44, "y": 136}}, {"event_name": "mouseout", "timestamp": "1658962842647", "position": {"x": 73, "y": 340}}, {"event_name": "mouseover", "timestamp": "1658962842647", "position": {"x": 73, "y": 340}}, {"event_name": "mousemove", "timestamp": "1658962842648", "position": {"x": 73, "y": 340}}, {"event_name": "mouseout", "timestamp": "1658962842664", "position": {"x": 1766, "y": 488}}, {"event_name": "mouseover", "timestamp": "1658962842714", "position": {"x": 123, "y": 178}}, {"event_name": "mousemove", "timestamp": "1658962842714", "position": {"x": 123, "y": 178}}, {"event_name": "mousemove", "timestamp": "1658962842730", "position": {"x": 717, "y": 144}}, {"event_name": "mouseout", "timestamp": "1658962842746", "position": {"x": 1587, "y": 783}}, {"event_name": "mousemove", "timestamp": "1658962842930", "position": {"x": 571, "y": 266}}, {"event_name": "mouseover", "timestamp": "1658962842930", "position": {"x": 571, "y": 266}}, {"event_name": "mouseout", "timestamp": "1658962842947", "position": {"x": 1721, "y": 723}}, {"event_name": "mouseover", "timestamp": "1658962842964", "position": {"x": 126, "y": 406}}, {"event_name": "mousemove", "timestamp": "1658962842964", "position": {"x": 126, "y": 406}}, {"event_name": "mouseout", "timestamp": "1658962842979", "position": {"x": 315, "y": 698}}, {"event_name": "mouseover", "timestamp": "1658962843013", "position": {"x": 747, "y": 222}}, {"event_name": "mousemove", "timestamp": "1658962843013", "position": {"x": 747, "y": 222}}, {"event_name": "mouseout", "timestamp": "1658962843032", "position": {"x": 388, "y": 40}}, {"event_name": "mouseover", "timestamp": "1658962843032", "position": {"x": 388, "y": 40}}, {"event_name": "mousemove", "timestamp": "1658962843033", "position": {"x": 388, "y": 40}}, {"event_name": "mouseout", "timestamp": "1658962843047", "position": {"x": 241, "y": 394}}, {"event_name": "mouseover", "timestamp": "1658962843047", "position": {"x": 241, "y": 394}}, {"event_name": "mousemove", "timestamp": "1658962843047", "position": {"x": 241, "y": 394}}, {"event_name": "mousemove", "timestamp": "1658962843064", "position": {"x": 603, "y": 539}}, {"event_name": "mouseout", "timestamp": "1658962843080", "position": {"x": 1485, "y": 473}}, {"event_name": "mouseover", "timestamp": "1658962843097", "position": {"x": 581, "y": 90}}, {"event_name": "mousemove", "timestamp": "1658962843097", "position": {"x": 581, "y": 90}}, {"event_name": "mouseout", "timestamp": "1658962843114", "position": {"x": 438, "y": 570}}, {"event_name": "mouseover", "timestamp": "1658962843114", "position": {"x": 438, "y": 570}}, {"event_name": "mousemove", "timestamp": "1658962843114", "position": {"x": 438, "y": 570}}, {"event_name": "mouseout", "timestamp": "1658962843131", "position": {"x": 2, "y": 666}}, {"event_name": "mouseover", "timestamp": "1658962843197", "position": {"x": 60, "y": 63}}, {"event_name": "mousemove", "timestamp": "1658962843197", "position": {"x": 60, "y": 63}}, {"event_name": "mouseout", "timestamp": "1658962843213", "position": {"x": 1472, "y": 656}}, {"event_name": "mouseover", "timestamp": "1658962843230", "position": {"x": 215, "y": 189}}, {"event_name": "mousemove", "timestamp": "1658962843231", "position": {"x": 215, "y": 189}}, {"event_name": "mouseout", "timestamp": "1658962843246", "position": {"x": 330, "y": 282}}, {"event_name": "mouseover", "timestamp": "1658962843246", "position": {"x": 330, "y": 282}}, {"event_name": "mousemove", "timestamp": "1658962843246", "position": {"x": 330, "y": 282}}, {"event_name": "mouseout", "timestamp": "1658962843262", "position": {"x": 1403, "y": 85}}, {"event_name": "mouseover", "timestamp": "1658962843280", "position": {"x": 343, "y": 435}}, {"event_name": "mousemove", "timestamp": "1658962843280", "position": {"x": 343, "y": 435}}, {"event_name": "mousemove", "timestamp": "1658962843296", "position": {"x": 120, "y": 441}}, {"event_name": "mouseout", "timestamp": "1658962843313", "position": {"x": 1478, "y": 161}}, {"event_name": "mouseover", "timestamp": "1658962843329", "position": {"x": 770, "y": 281}}, {"event_name": "mousemove", "timestamp": "1658962843329", "position": {"x": 770, "y": 281}}, {"event_name": "mouseout", "timestamp": "1658962843347", "position": {"x": 192, "y": 43}}, {"event_name": "mouseover", "timestamp": "1658962843347", "position": {"x": 192, "y": 43}}, {"event_name": "mousemove", "timestamp": "1658962843348", "position": {"x": 192, "y": 43}}, {"event_name": "mouseout", "timestamp": "1658962843365", "position": {"x": 880, "y": 563}}, {"event_name": "mouseover", "timestamp": "1658962843396", "position": {"x": 408, "y": 37}}, {"event_name": "mousemove", "timestamp": "1658962843396", "position": {"x": 408, "y": 37}}, {"event_name": "mouseout", "timestamp": "1658962843413", "position": {"x": 439, "y": 515}}, {"event_name": "mouseover", "timestamp": "1658962843414", "position": {"x": 439, "y": 515}}, {"event_name": "mousemove", "timestamp": "1658962843414", "position": {"x": 439, "y": 515}}, {"event_name": "mouseout", "timestamp": "1658962843430", "position": {"x": 184, "y": 126}}, {"event_name": "mouseover", "timestamp": "1658962843430", "position": {"x": 184, "y": 126}}, {"event_name": "mousemove", "timestamp": "1658962843431", "position": {"x": 184, "y": 126}}, {"event_name": "mouseout", "timestamp": "1658962843446", "position": {"x": 1153, "y": 770}}, {"event_name": "mouseover", "timestamp": "1658962843500", "position": {"x": 661, "y": 122}}, {"event_name": "mousemove", "timestamp": "1658962843500", "position": {"x": 661, "y": 122}}, {"event_name": "mouseout", "timestamp": "1658962843513", "position": {"x": 619, "y": 423}}, {"event_name": "mouseover", "timestamp": "1658962843513", "position": {"x": 619, "y": 423}}, {"event_name": "mousemove", "timestamp": "1658962843514", "position": {"x": 619, "y": 423}}, {"event_name": "mouseout", "timestamp": "1658962843530", "position": {"x": 640, "y": 180}}, {"event_name": "mouseover", "timestamp": "1658962843530", "position": {"x": 640, "y": 180}}, {"event_name": "mousemove", "timestamp": "1658962843530", "position": {"x": 640, "y": 180}}, {"event_name": "mouseout", "timestamp": "1658962843546", "position": {"x": 1465, "y": 398}}, {"event_name": "mouseover", "timestamp": "1658962843680", "position": {"x": 101, "y": 335}}, {"event_name": "mousemove", "timestamp": "1658962843680", "position": {"x": 101, "y": 335}}, {"event_name": "mouseout", "timestamp": "1658962843697", "position": {"x": 1703, "y": 39}}, {"event_name": "mousemove", "timestamp": "1658962843779", "position": {"x": 630, "y": 288}}, {"event_name": "mouseover", "timestamp": "1658962843779", "position": {"x": 630, "y": 288}}, {"event_name": "mouseout", "timestamp": "1658962843796", "position": {"x": 258, "y": 106}}, {"event_name": "mouseover", "timestamp": "1658962843796", "position": {"x": 258, "y": 106}}, {"event_name": "mousemove", "timestamp": "1658962843796", "position": {"x": 258, "y": 106}}, {"event_name": "mouseout", "timestamp": "1658962843813", "position": {"x": 952, "y": 425}}, {"event_name": "mouseover", "timestamp": "1658962843863", "position": {"x": 114, "y": 425}}, {"event_name": "mousemove", "timestamp": "1658962843863", "position": {"x": 114, "y": 425}}, {"event_name": "mouseout", "timestamp": "1658962843879", "position": {"x": 1082, "y": 59}}, {"event_name": "mouseover", "timestamp": "1658962843896", "position": {"x": 26, "y": 593}}, {"event_name": "mousemove", "timestamp": "1658962843896", "position": {"x": 26, "y": 593}}, {"event_name": "mouseout", "timestamp": "1658962843913", "position": {"x": 621, "y": 287}}, {"event_name": "mouseover", "timestamp": "1658962843913", "position": {"x": 621, "y": 287}}, {"event_name": "mousemove", "timestamp": "1658962843914", "position": {"x": 621, "y": 287}}, {"event_name": "mouseout", "timestamp": "1658962843930", "position": {"x": 396, "y": 862}}, {"event_name": "mouseover", "timestamp": "1658962843981", "position": {"x": 295, "y": 217}}, {"event_name": "mousemove", "timestamp": "1658962843981", "position": {"x": 295, "y": 217}}, {"event_name": "mouseout", "timestamp": "1658962843996", "position": {"x": 1360, "y": 90}}, {"event_name": "mouseover", "timestamp": "1658962844014", "position": {"x": 775, "y": 392}}, {"event_name": "mousemove", "timestamp": "1658962844014", "position": {"x": 775, "y": 392}}, {"event_name": "mousemove", "timestamp": "1658962844030", "position": {"x": 787, "y": 187}}, {"event_name": "mouseout", "timestamp": "1658962844046", "position": {"x": 281, "y": 516}}, {"event_name": "mouseover", "timestamp": "1658962844047", "position": {"x": 281, "y": 516}}, {"event_name": "mousemove", "timestamp": "1658962844047", "position": {"x": 281, "y": 516}}, {"event_name": "mouseout", "timestamp": "1658962844068", "position": {"x": 1191, "y": 243}}, {"event_name": "mouseover", "timestamp": "1658962844164", "position": {"x": 127, "y": 304}}, {"event_name": "mousemove", "timestamp": "1658962844164", "position": {"x": 127, "y": 304}}, {"event_name": "mouseout", "timestamp": "1658962844179", "position": {"x": 994, "y": 229}}, {"event_name": "mouseover", "timestamp": "1658962844196", "position": {"x": 55, "y": 361}}, {"event_name": "mousemove", "timestamp": "1658962844196", "position": {"x": 55, "y": 361}}, {"event_name": "mouseout", "timestamp": "1658962844213", "position": {"x": 426, "y": 715}}, {"event_name": "mouseover", "timestamp": "1658962844232", "position": {"x": 455, "y": 139}}, {"event_name": "mousemove", "timestamp": "1658962844232", "position": {"x": 455, "y": 139}}, {"event_name": "mouseout", "timestamp": "1658962844246", "position": {"x": 876, "y": 759}}, {"event_name": "mouseover", "timestamp": "1658962844279", "position": {"x": 434, "y": 0}}, {"event_name": "mousemove", "timestamp": "1658962844279", "position": {"x": 434, "y": 0}}, {"event_name": "mouseout", "timestamp": "1658962844297", "position": {"x": 48, "y": 745}}, {"event_name": "mouseover", "timestamp": "1658962844446", "position": {"x": 535, "y": 119}}, {"event_name": "mousemove", "timestamp": "1658962844446", "position": {"x": 535, "y": 119}}, {"event_name": "mouseout", "timestamp": "1658962844463", "position": {"x": 32, "y": 155}}, {"event_name": "mouseover", "timestamp": "1658962844464", "position": {"x": 32, "y": 155}}, {"event_name": "mousemove", "timestamp": "1658962844464", "position": {"x": 32, "y": 155}}, {"event_name": "mouseout", "timestamp": "1658962844479", "position": {"x": 688, "y": 42}}, {"event_name": "mouseover", "timestamp": "1658962844480", "position": {"x": 688, "y": 42}}, {"event_name": "mousemove", "timestamp": "1658962844480", "position": {"x": 688, "y": 42}}, {"event_name": "mouseout", "timestamp": "1658962844497", "position": {"x": 1460, "y": 610}}, {"event_name": "mouseover", "timestamp": "1658962844530", "position": {"x": 659, "y": 361}}, {"event_name": "mousemove", "timestamp": "1658962844530", "position": {"x": 659, "y": 361}}, {"event_name": "mousemove", "timestamp": "1658962844546", "position": {"x": 740, "y": 370}}, {"event_name": "mouseout", "timestamp": "1658962844567", "position": {"x": 1676, "y": 236}}, {"event_name": "mouseover", "timestamp": "1658962844597", "position": {"x": 298, "y": 528}}, {"event_name": "mousemove", "timestamp": "1658962844598", "position": {"x": 298, "y": 528}}, {"event_name": "mouseout", "timestamp": "1658962844615", "position": {"x": 1140, "y": 379}}, {"event_name": "mouseover", "timestamp": "1658962844997", "position": {"x": 698, "y": 80}}, {"event_name": "mousemove", "timestamp": "1658962844997", "position": {"x": 698, "y": 80}}, {"event_name": "mouseout", "timestamp": "1658962845013", "position": {"x": 984, "y": 292}}, {"event_name": "mouseover", "timestamp": "1658962845163", "position": {"x": 438, "y": 568}}, {"event_name": "mousemove", "timestamp": "1658962845163", "position": {"x": 438, "y": 568}}, {"event_name": "mouseout", "timestamp": "1658962845181", "position": {"x": 236, "y": 280}}, {"event_name": "mouseover", "timestamp": "1658962845181", "position": {"x": 236, "y": 280}}, {"event_name": "mousemove", "timestamp": "1658962845181", "position": {"x": 236, "y": 280}}, {"event_name": "mouseout", "timestamp": "1658962845197", "position": {"x": 1465, "y": 37}}, {"event_name": "mouseover", "timestamp": "1658962845230", "position": {"x": 156, "y": 56}}, {"event_name": "mousemove", "timestamp": "1658962845230", "position": {"x": 156, "y": 56}}, {"event_name": "mouseout", "timestamp": "1658962845246", "position": {"x": 1025, "y": 630}}, {"event_name": "mouseover", "timestamp": "1658962845263", "position": {"x": 40, "y": 160}}, {"event_name": "mousemove", "timestamp": "1658962845263", "position": {"x": 40, "y": 160}}, {"event_name": "mouseout", "timestamp": "1658962845279", "position": {"x": 1000, "y": 159}}, {"event_name": "mouseover", "timestamp": "1658962845329", "position": {"x": 706, "y": 347}}, {"event_name": "mousemove", "timestamp": "1658962845330", "position": {"x": 706, "y": 347}}, {"event_name": "mouseout", "timestamp": "1658962845348", "position": {"x": 598, "y": 834}}, {"event_name": "mouseover", "timestamp": "1658962845396", "position": {"x": 22, "y": 550}}, {"event_name": "mousemove", "timestamp": "1658962845397", "position": {"x": 22, "y": 550}}, {"event_name": "mouseout", "timestamp": "1658962845413", "position": {"x": 1192, "y": 77}}, {"event_name": "mouseover", "timestamp": "1658962845463", "position": {"x": 333, "y": 392}}, {"event_name": "mousemove", "timestamp": "1658962845463", "position": {"x": 333, "y": 392}}, {"event_name": "mouseout", "timestamp": "1658962845481", "position": {"x": 1269, "y": 385}}, {"event_name": "mouseover", "timestamp": "1658962845613", "position": {"x": 636, "y": 172}}, {"event_name": "mousemove", "timestamp": "1658962845613", "position": {"x": 636, "y": 172}}, {"event_name": "mouseout", "timestamp": "1658962845629", "position": {"x": 1608, "y": 613}}, {"event_name": "mouseover", "timestamp": "1658962845746", "position": {"x": 741, "y": 299}}, {"event_name": "mousemove", "timestamp": "1658962845746", "position": {"x": 741, "y": 299}}, {"event_name": "mouseout", "timestamp": "1658962845763", "position": {"x": 318, "y": 832}}, {"event_name": "mouseover", "timestamp": "1658962845813", "position": {"x": 746, "y": 179}}, {"event_name": "mousemove", "timestamp": "1658962845813", "position": {"x": 746, "y": 179}}, {"event_name": "mouseout", "timestamp": "1658962845829", "position": {"x": 606, "y": 377}}, {"event_name": "mouseover", "timestamp": "1658962845829", "position": {"x": 606, "y": 377}}, {"event_name": "mousemove", "timestamp": "1658962845829", "position": {"x": 606, "y": 377}}, {"event_name": "mouseout", "timestamp": "1658962845846", "position": {"x": 417, "y": 285}}, {"event_name": "mouseover", "timestamp": "1658962845846", "position": {"x": 417, "y": 285}}, {"event_name": "mousemove", "timestamp": "1658962845846", "position": {"x": 417, "y": 285}}, {"event_name": "mouseout", "timestamp": "1658962845862", "position": {"x": 340, "y": 292}}, {"event_name": "mouseover", "timestamp": "1658962845862", "position": {"x": 340, "y": 292}}, {"event_name": "mousemove", "timestamp": "1658962845862", "position": {"x": 340, "y": 292}}, {"event_name": "mouseout", "timestamp": "1658962845880", "position": {"x": 1347, "y": 571}}, {"event_name": "mouseover", "timestamp": "1658962845930", "position": {"x": 579, "y": 448}}, {"event_name": "mousemove", "timestamp": "1658962845930", "position": {"x": 579, "y": 448}}, {"event_name": "mouseout", "timestamp": "1658962845947", "position": {"x": 1386, "y": 896}}, {"event_name": "mouseover", "timestamp": "1658962845996", "position": {"x": 258, "y": 514}}, {"event_name": "mousemove", "timestamp": "1658962845996", "position": {"x": 258, "y": 514}}, {"event_name": "mouseout", "timestamp": "1658962846013", "position": {"x": 1142, "y": 210}}, {"event_name": "mouseover", "timestamp": "1658962846246", "position": {"x": 385, "y": 584}}, {"event_name": "mousemove", "timestamp": "1658962846247", "position": {"x": 385, "y": 584}}, {"event_name": "mouseout", "timestamp": "1658962846263", "position": {"x": 1099, "y": 67}}, {"event_name": "mouseover", "timestamp": "1658962846346", "position": {"x": 77, "y": 106}}, {"event_name": "mousemove", "timestamp": "1658962846346", "position": {"x": 77, "y": 106}}, {"event_name": "mouseout", "timestamp": "1658962846364", "position": {"x": 427, "y": 224}}, {"event_name": "mouseover", "timestamp": "1658962846364", "position": {"x": 427, "y": 224}}, {"event_name": "mousemove", "timestamp": "1658962846365", "position": {"x": 427, "y": 224}}, {"event_name": "mouseout", "timestamp": "1658962846380", "position": {"x": 852, "y": 474}}, {"event_name": "mouseover", "timestamp": "1658962846514", "position": {"x": 168, "y": 127}}, {"event_name": "mousemove", "timestamp": "1658962846514", "position": {"x": 168, "y": 127}}, {"event_name": "mouseout", "timestamp": "1658962846530", "position": {"x": 597, "y": 308}}, {"event_name": "mouseover", "timestamp": "1658962846530", "position": {"x": 597, "y": 308}}, {"event_name": "mousemove", "timestamp": "1658962846531", "position": {"x": 597, "y": 308}}, {"event_name": "mouseout", "timestamp": "1658962846546", "position": {"x": 750, "y": 705}}, {"event_name": "mouseover", "timestamp": "1658962846629", "position": {"x": 212, "y": 112}}, {"event_name": "mousemove", "timestamp": "1658962846629", "position": {"x": 212, "y": 112}}, {"event_name": "mouseout", "timestamp": "1658962846645", "position": {"x": 739, "y": 608}}, {"event_name": "mouseover", "timestamp": "1658962846663", "position": {"x": 431, "y": 180}}, {"event_name": "mousemove", "timestamp": "1658962846663", "position": {"x": 431, "y": 180}}, {"event_name": "mouseout", "timestamp": "1658962846679", "position": {"x": 1660, "y": 320}}, {"event_name": "mouseover", "timestamp": "1658962846747", "position": {"x": 343, "y": 17}}, {"event_name": "mousemove", "timestamp": "1658962846747", "position": {"x": 343, "y": 17}}, {"event_name": "mouseout", "timestamp": "1658962846763", "position": {"x": 456, "y": 280}}, {"event_name": "mouseover", "timestamp": "1658962846763", "position": {"x": 456, "y": 280}}, {"event_name": "mousemove", "timestamp": "1658962846763", "position": {"x": 456, "y": 280}}, {"event_name": "mouseout", "timestamp": "1658962846779", "position": {"x": 362, "y": 486}}, {"event_name": "mouseover", "timestamp": "1658962846779", "position": {"x": 362, "y": 486}}, {"event_name": "mousemove", "timestamp": "1658962846779", "position": {"x": 362, "y": 486}}, {"event_name": "mouseout", "timestamp": "1658962846797", "position": {"x": 419, "y": 166}}, {"event_name": "mouseover", "timestamp": "1658962846797", "position": {"x": 419, "y": 166}}, {"event_name": "mousemove", "timestamp": "1658962846797", "position": {"x": 419, "y": 166}}, {"event_name": "mouseout", "timestamp": "1658962846812", "position": {"x": 1261, "y": 693}}, {"event_name": "mouseover", "timestamp": "1658962846929", "position": {"x": 647, "y": 582}}, {"event_name": "mousemove", "timestamp": "1658962846929", "position": {"x": 647, "y": 582}}, {"event_name": "mouseout", "timestamp": "1658962846945", "position": {"x": 35, "y": 525}}, {"event_name": "mouseover", "timestamp": "1658962846946", "position": {"x": 35, "y": 525}}, {"event_name": "mousemove", "timestamp": "1658962846946", "position": {"x": 35, "y": 525}}, {"event_name": "mouseout", "timestamp": "1658962846963", "position": {"x": 388, "y": 208}}, {"event_name": "mouseover", "timestamp": "1658962846963", "position": {"x": 388, "y": 208}}, {"event_name": "mousemove", "timestamp": "1658962846963", "position": {"x": 388, "y": 208}}, {"event_name": "mouseout", "timestamp": "1658962846979", "position": {"x": 939, "y": 372}}, {"event_name": "mouseover", "timestamp": "1658962847029", "position": {"x": 267, "y": 394}}, {"event_name": "mousemove", "timestamp": "1658962847030", "position": {"x": 267, "y": 394}}, {"event_name": "mouseout", "timestamp": "1658962847046", "position": {"x": 1575, "y": 664}}, {"event_name": "mouseover", "timestamp": "1658962847063", "position": {"x": 782, "y": 254}}, {"event_name": "mousemove", "timestamp": "1658962847063", "position": {"x": 782, "y": 254}}, {"event_name": "mouseout", "timestamp": "1658962847079", "position": {"x": 1407, "y": 502}}, {"event_name": "mouseover", "timestamp": "1658962847097", "position": {"x": 295, "y": 106}}, {"event_name": "mousemove", "timestamp": "1658962847097", "position": {"x": 295, "y": 106}}, {"event_name": "mouseout", "timestamp": "1658962847112", "position": {"x": 634, "y": 632}}, {"event_name": "mouseover", "timestamp": "1658962847198", "position": {"x": 504, "y": 243}}, {"event_name": "mousemove", "timestamp": "1658962847198", "position": {"x": 504, "y": 243}}, {"event_name": "mouseout", "timestamp": "1658962847214", "position": {"x": 396, "y": 106}}, {"event_name": "mouseover", "timestamp": "1658962847214", "position": {"x": 396, "y": 106}}, {"event_name": "mousemove", "timestamp": "1658962847214", "position": {"x": 396, "y": 106}}, {"event_name": "mouseout", "timestamp": "1658962847229", "position": {"x": 821, "y": 456}}, {"event_name": "mouseover", "timestamp": "1658962847329", "position": {"x": 178, "y": 482}}, {"event_name": "mousemove", "timestamp": "1658962847330", "position": {"x": 178, "y": 482}}, {"event_name": "mouseout", "timestamp": "1658962847346", "position": {"x": 1291, "y": 850}}, {"event_name": "mouseover", "timestamp": "1658962847413", "position": {"x": 579, "y": 32}}, {"event_name": "mousemove", "timestamp": "1658962847414", "position": {"x": 579, "y": 32}}, {"event_name": "mouseout", "timestamp": "1658962847430", "position": {"x": 153, "y": 614}}, {"event_name": "mouseover", "timestamp": "1658962847630", "position": {"x": 682, "y": 14}}, {"event_name": "mousemove", "timestamp": "1658962847630", "position": {"x": 682, "y": 14}}, {"event_name": "mouseout", "timestamp": "1658962847647", "position": {"x": 509, "y": 115}}, {"event_name": "mouseover", "timestamp": "1658962847647", "position": {"x": 509, "y": 115}}, {"event_name": "mousemove", "timestamp": "1658962847648", "position": {"x": 509, "y": 115}}, {"event_name": "mouseout", "timestamp": "1658962847663", "position": {"x": 1646, "y": 601}}, {"event_name": "mouseover", "timestamp": "1658962847679", "position": {"x": 101, "y": 598}}, {"event_name": "mousemove", "timestamp": "1658962847680", "position": {"x": 101, "y": 598}}, {"event_name": "mouseout", "timestamp": "1658962847696", "position": {"x": 1248, "y": 413}}, {"event_name": "mouseover", "timestamp": "1658962847714", "position": {"x": 622, "y": 502}}, {"event_name": "mousemove", "timestamp": "1658962847714", "position": {"x": 622, "y": 502}}, {"event_name": "mousemove", "timestamp": "1658962847729", "position": {"x": 705, "y": 561}}, {"event_name": "mouseout", "timestamp": "1658962847746", "position": {"x": 936, "y": 355}}]}