{"user_id": "056afc78-c117-441e-a766-fb8f4aba678a", "device": "desktop", "trace": [{"event_name": "load", "timestamp": "1658962733368", "position": {"x": 0, "y": 0}}, {"event_name": "pageshow", "timestamp": "1658962733368", "position": {"x": 0, "y": 0}}, {"event_name": "mouseover", "timestamp": "1658962733384", "position": {"x": 581, "y": 472}}, {"event_name": "mousemove", "timestamp": "1658962733385", "position": {"x": 581, "y": 472}}, {"event_name": "mousemove", "timestamp": "1658962733400", "position": {"x": 668, "y": 308}}, {"event_name": "mouseout", "timestamp": "1658962733417", "position": {"x": 1237, "y": 315}}, {"event_name": "mouseover", "timestamp": "1658962733434", "position": {"x": 123, "y": 370}}, {"event_name": "mousemove", "timestamp": "1658962733434", "position": {"x": 123, "y": 370}}, {"event_name": "mouseout", "timestamp": "1658962733451", "position": {"x": 1529, "y": 623}}, {"event_name": "mouseover", "timestamp": "1658962733467", "position": {"x": 665, "y": 518}}, {"event_name": "mousemove", "timestamp": "1658962733467", "position": {"x": 665, "y": 518}}, {"event_name": "mouseout", "timestamp": "1658962733484", "position": {"x": 33, "y": 461}}, {"event_name": "mouseover", "timestamp": "1658962733485", "position": {"x": 33, "y": 461}}, {"event_name": "mousemove", "timestamp": "1658962733485", "position": {"x": 33, "y": 461}}, {"event_name": "mouseout", "timestamp": "1658962733501", "position": {"x": 856, "y": 509}}, {"event_name": "mouseover", "timestamp": "1658962733534", "position": {"x": 672, "y": 266}}, {"event_name": "mousemove", "timestamp": "1658962733535", "position": {"x": 672, "y": 266}}, {"event_name": "mouseout", "timestamp": "1658962733551", "position": {"x": 704, "y": 447}}, {"event_name": "mouseover", "timestamp": "1658962733551", "position": {"x": 704, "y": 447}}, {"event_name": "mousemove", "timestamp": "1658962733552", "position": {"x": 704, "y": 447}}, {"event_name": "mouseout", "timestamp": "1658962733568", "position": {"x": 208, "y": 600}}, {"event_name": "mousemove", "timestamp": "1658962733668", "position": {"x": 34, "y": 307}}, {"event_name": "mouseover", "timestamp": "1658962733668", "position": {"x": 34, "y": 307}}, {"event_name": "mouseout", "timestamp": "1658962733684", "position": {"x": 618, "y": 45}}, {"event_name": "mouseover", "timestamp": "1658962733684", "position": {"x": 618, "y": 45}}, {"event_name": "mousemove", "timestamp": "1658962733684", "position": {"x": 618, "y": 45}}, {"event_name": "mouseout", "timestamp": "1658962733701", "position": {"x": 1782, "y": 867}}, {"event_name": "mouseover", "timestamp": "1658962733717", "position": {"x": 239, "y": 211}}, {"event_name": "mousemove", "timestamp": "1658962733717", "position": {"x": 239, "y": 211}}, {"event_name": "mouseout", "timestamp": "1658962733733", "position": {"x": 17, "y": 15}}, {"event_name": "mouseover", "timestamp": "1658962733733", "position": {"x": 17, "y": 15}}, {"event_name": "mousemove", "timestamp": "1658962733734", "position": {"x": 17, "y": 15}}, {"event_name": "mouseout", "timestamp": "1658962733750", "position": {"x": 1797, "y": 550}}, {"event_name": "mouseover", "timestamp": "1658962733784", "position": {"x": 556, "y": 7}}, {"event_name": "mousemove", "timestamp": "1658962733784", "position": {"x": 556, "y": 7}}, {"event_name": "mouseout", "timestamp": "1658962733801", "position": {"x": 296, "y": 197}}, {"event_name": "mouseover", "timestamp": "1658962733801", "position": {"x": 296, "y": 197}}, {"event_name": "mousemove", "timestamp": "1658962733801", "position": {"x": 296, "y": 197}}, {"event_name": "mouseout", "timestamp": "1658962733817", "position": {"x": 1328, "y": 19}}, {"event_name": "mouseover", "timestamp": "1658962733901", "position": {"x": 761, "y": 161}}, {"event_name": "mousemove", "timestamp": "1658962733901", "position": {"x": 761, "y": 161}}, {"event_name": "mouseout", "timestamp": "1658962733917", "position": {"x": 1344, "y": 645}}, {"event_name": "mouseover", "timestamp": "1658962733934", "position": {"x": 714, "y": 48}}, {"event_name": "mousemove", "timestamp": "1658962733935", "position": {"x": 714, "y": 48}}, {"event_name": "mouseout", "timestamp": "1658962733953", "position": {"x": 639, "y": 432}}, {"event_name": "mouseover", "timestamp": "1658962733953", "position": {"x": 639, "y": 432}}, {"event_name": "mousemove", "timestamp": "1658962733953", "position": {"x": 639, "y": 432}}, {"event_name": "mouseout", "timestamp": "1658962733967", "position": {"x": 1388, "y": 154}}, {"event_name": "mouseover", "timestamp": "1658962733984", "position": {"x": 231, "y": 245}}, {"event_name": "mousemove", "timestamp": "1658962733984", "position": {"x": 231, "y": 245}}, {"event_name": "mouseout", "timestamp": "1658962734001", "position": {"x": 1212, "y": 360}}, {"event_name": "mouseover", "timestamp": "1658962734051", "position": {"x": 699, "y": 403}}, {"event_name": "mousemove", "timestamp": "1658962734051", "position": {"x": 699, "y": 403}}, {"event_name": "mousemove", "timestamp": "1658962734068", "position": {"x": 520, "y": 403}}, {"event_name": "mouseout", "timestamp": "1658962734084", "position": {"x": 1591, "y": 727}}, {"event_name": "mouseover", "timestamp": "1658962734101", "position": {"x": 707, "y": 303}}, {"event_name": "mousemove", "timestamp": "1658962734102", "position": {"x": 707, "y": 303}}, {"event_name": "mouseout", "timestamp": "1658962734117", "position": {"x": 1754, "y": 750}}, {"event_name": "mouseover", "timestamp": "1658962734184", "position": {"x": 343, "y": 209}}, {"event_name": "mousemove", "timestamp": "1658962734184", "position": {"x": 343, "y": 209}}, {"event_name": "mouseout", "timestamp": "1658962734200", "position": {"x": 941, "y": 417}}, {"event_name": "mouseover", "timestamp": "1658962734251", "position": {"x": 558, "y": 443}}, {"event_name": "mousemove", "timestamp": "1658962734251", "position": {"x": 558, "y": 443}}, {"event_name": "mouseout", "timestamp": "1658962734267", "position": {"x": 1537, "y": 180}}, {"event_name": "mouseover", "timestamp": "1658962734284", "position": {"x": 220, "y": 167}}, {"event_name": "mousemove", "timestamp": "1658962734284", "position": {"x": 220, "y": 167}}, {"event_name": "mouseout", "timestamp": "1658962734301", "position": {"x": 1513, "y": 601}}, {"event_name": "mouseover", "timestamp": "1658962734317", "position": {"x": 413, "y": 95}}, {"event_name": "mousemove", "timestamp": "1658962734318", "position": {"x": 413, "y": 95}}, {"event_name": "mouseout", "timestamp": "1658962734334", "position": {"x": 1702, "y": 850}}, {"event_name": "mouseover", "timestamp": "1658962734484", "position": {"x": 523, "y": 499}}, {"event_name": "mousemove", "timestamp": "1658962734485", "position": {"x": 523, "y": 499}}, {"event_name": "mouseout", "timestamp": "1658962734501", "position": {"x": 1456, "y": 5}}, {"event_name": "mouseover", "timestamp": "1658962734517", "position": {"x": 750, "y": 308}}, {"event_name": "mousemove", "timestamp": "1658962734518", "position": {"x": 750, "y": 308}}, {"event_name": "mouseout", "timestamp": "1658962734534", "position": {"x": 1505, "y": 561}}, {"event_name": "mouseover", "timestamp": "1658962734551", "position": {"x": 773, "y": 339}}, {"event_name": "mousemove", "timestamp": "1658962734551", "position": {"x": 773, "y": 339}}, {"event_name": "mouseout", "timestamp": "1658962734567", "position": {"x": 1498, "y": 90}}, {"event_name": "mouseover", "timestamp": "1658962734602", "position": {"x": 419, "y": 500}}, {"event_name": "mousemove", "timestamp": "1658962734602", "position": {"x": 419, "y": 500}}, {"event_name": "mouseout", "timestamp": "1658962734617", "position": {"x": 760, "y": 877}}, {"event_name": "mouseover", "timestamp": "1658962734634", "position": {"x": 554, "y": 213}}, {"event_name": "mousemove", "timestamp": "1658962734634", "position": {"x": 554, "y": 213}}, {"event_name": "mouseout", "timestamp": "1658962734653", "position": {"x": 973, "y": 718}}, {"event_name": "mouseover", "timestamp": "1658962734669", "position": {"x": 345, "y": 426}}, {"event_name": "mousemove", "timestamp": "1658962734669", "position": {"x": 345, "y": 426}}, {"event_name": "mouseout", "timestamp": "1658962734684", "position": {"x": 75, "y": 173}}, {"event_name": "mouseover", "timestamp": "1658962734684", "position": {"x": 75, "y": 173}}, {"event_name": "mousemove", "timestamp": "1658962734684", "position": {"x": 75, "y": 173}}, {"event_name": "mouseout", "timestamp": "1658962734700", "position": {"x": 77, "y": 529}}, {"event_name": "mouseover", "timestamp": "1658962734700", "position": {"x": 77, "y": 529}}, {"event_name": "mousemove", "timestamp": "1658962734700", "position": {"x": 77, "y": 529}}, {"event_name": "mouseout", "timestamp": "1658962734717", "position": {"x": 852, "y": 889}}, {"event_name": "mouseover", "timestamp": "1658962734750", "position": {"x": 768, "y": 266}}, {"event_name": "mousemove", "timestamp": "1658962734750", "position": {"x": 768, "y": 266}}, {"event_name": "mouseout", "timestamp": "1658962734767", "position": {"x": 1025, "y": 460}}, {"event_name": "mouseover", "timestamp": "1658962734784", "position": {"x": 791, "y": 28}}, {"event_name": "mousemove", "timestamp": "1658962734784", "position": {"x": 791, "y": 28}}, {"event_name": "mouseout", "timestamp": "1658962734801", "position": {"x": 1219, "y": 319}}, {"event_name": "mouseover", "timestamp": "1658962734834", "position": {"x": 474, "y": 118}}, {"event_name": "mousemove", "timestamp": "1658962734835", "position": {"x": 474, "y": 118}}, {"event_name": "mouseout", "timestamp": "1658962734850", "position": {"x": 1427, "y": 8}}, {"event_name": "mouseover", "timestamp": "1658962734867", "position": {"x": 549, "y": 427}}, {"event_name": "mousemove", "timestamp": "1658962734868", "position": {"x": 549, "y": 427}}, {"event_name": "mouseout", "timestamp": "1658962734884", "position": {"x": 247, "y": 795}}, {"event_name": "mouseover", "timestamp": "1658962734934", "position": {"x": 511, "y": 241}}, {"event_name": "mousemove", "timestamp": "1658962734934", "position": {"x": 511, "y": 241}}, {"event_name": "mouseout", "timestamp": "1658962734951", "position": {"x": 675, "y": 482}}, {"event_name": "mouseover", "timestamp": "1658962734954", "position": {"x": 675, "y": 482}}, {"event_name": "mousemove", "timestamp": "1658962734955", "position": {"x": 675, "y": 482}}, {"event_name": "mouseout", "timestamp": "1658962734972", "position": {"x": 661, "y": 517}}, {"event_name": "mouseover", "timestamp": "1658962734972", "position": {"x": 661, "y": 517}}, {"event_name": "mousemove", "timestamp": "1658962734972", "position": {"x": 661, "y": 517}}, {"event_name": "mouseout", "timestamp": "1658962734986", "position": {"x": 1018, "y": 716}}, {"event_name": "mouseover", "timestamp": "1658962735068", "position": {"x": 582, "y": 593}}, {"event_name": "mousemove", "timestamp": "1658962735068", "position": {"x": 582, "y": 593}}, {"event_name": "mouseout", "timestamp": "1658962735084", "position": {"x": 1148, "y": 561}}, {"event_name": "mouseover", "timestamp": "1658962735118", "position": {"x": 278, "y": 506}}, {"event_name": "mousemove", "timestamp": "1658962735119", "position": {"x": 278, "y": 506}}, {"event_name": "mouseout", "timestamp": "1658962735135", "position": {"x": 1748, "y": 330}}, {"event_name": "mouseover", "timestamp": "1658962735167", "position": {"x": 759, "y": 354}}, {"event_name": "mousemove", "timestamp": "1658962735168", "position": {"x": 759, "y": 354}}, {"event_name": "mouseout", "timestamp": "1658962735184", "position": {"x": 100, "y": 845}}, {"event_name": "mouseover", "timestamp": "1658962735201", "position": {"x": 795, "y": 58}}, {"event_name": "mousemove", "timestamp": "1658962735201", "position": {"x": 795, "y": 58}}, {"event_name": "mouseout", "timestamp": "1658962735217", "position": {"x": 925, "y": 280}}, {"event_name": "mouseover", "timestamp": "1658962735303", "position": {"x": 292, "y": 291}}, {"event_name": "mousemove", "timestamp": "1658962735303", "position": {"x": 292, "y": 291}}, {"event_name": "mouseout", "timestamp": "1658962735317", "position": {"x": 341, "y": 112}}, {"event_name": "mouseover", "timestamp": "1658962735318", "position": {"x": 341, "y": 112}}, {"event_name": "mousemove", "timestamp": "1658962735318", "position": {"x": 341, "y": 112}}, {"event_name": "mouseout", "timestamp": "1658962735334", "position": {"x": 1787, "y": 804}}, {"event_name": "mouseover", "timestamp": "1658962735394", "position": {"x": 789, "y": 350}}, {"event_name": "mousemove", "timestamp": "1658962735395", "position": {"x": 789, "y": 350}}, {"event_name": "mouseout", "timestamp": "1658962735400", "position": {"x": 1092, "y": 849}}, {"event_name": "mouseover", "timestamp": "1658962735434", "position": {"x": 699, "y": 143}}, {"event_name": "mousemove", "timestamp": "1658962735434", "position": {"x": 699, "y": 143}}, {"event_name": "mouseout", "timestamp": "1658962735450", "position": {"x": 588, "y": 526}}, {"event_name": "mouseover", "timestamp": "1658962735450", "position": {"x": 588, "y": 526}}, {"event_name": "mousemove", "timestamp": "1658962735450", "position": {"x": 588, "y": 526}}, {"event_name": "mouseout", "timestamp": "1658962735468", "position": {"x": 568, "y": 368}}, {"event_name": "mouseover", "timestamp": "1658962735468", "position": {"x": 568, "y": 368}}, {"event_name": "mousemove", "timestamp": "1658962735468", "position": {"x": 568, "y": 368}}, {"event_name": "mouseout", "timestamp": "1658962735484", "position": {"x": 139, "y": 71}}, {"event_name": "mouseover", "timestamp": "1658962735484", "position": {"x": 139, "y": 71}}, {"event_name": "mousemove", "timestamp": "1658962735484", "position": {"x": 139, "y": 71}}, {"event_name": "mouseout", "timestamp": "1658962735500", "position": {"x": 432, "y": 839}}, {"event_name": "mouseover", "timestamp": "1658962735601", "position": {"x": 674, "y": 402}}, {"event_name": "mousemove", "timestamp": "1658962735601", "position": {"x": 674, "y": 402}}, {"event_name": "mouseout", "timestamp": "1658962735617", "position": {"x": 1444, "y": 346}}, {"event_name": "mouseover", "timestamp": "1658962735701", "position": {"x": 67, "y": 160}}, {"event_name": "mousemove", "timestamp": "1658962735701", "position": {"x": 67, "y": 160}}, {"event_name": "mouseout", "timestamp": "1658962735717", "position": {"x": 559, "y": 351}}, {"event_name": "mouseover", "timestamp": "1658962735717", "position": {"x": 559, "y": 351}}, {"event_name": "mousemove", "timestamp": "1658962735717", "position": {"x": 559, "y": 351}}, {"event_name": "mouseout", "timestamp": "1658962735734", "position": {"x": 1164, "y": 334}}, {"event_name": "mouseover", "timestamp": "1658962735751", "position": {"x": 280, "y": 184}}, {"event_name": "mousemove", "timestamp": "1658962735751", "position": {"x": 280, "y": 184}}, {"event_name": "mouseout", "timestamp": "1658962735767", "position": {"x": 1579, "y": 94}}, {"event_name": "mouseover", "timestamp": "1658962735784", "position": {"x": 179, "y": 341}}, {"event_name": "mousemove", "timestamp": "1658962735784", "position": {"x": 179, "y": 341}}, {"event_name": "mouseout", "timestamp": "1658962735800", "position": {"x": 1690, "y": 104}}, {"event_name": "mouseover", "timestamp": "1658962735850", "position": {"x": 87, "y": 119}}, {"event_name": "mousemove", "timestamp": "1658962735850", "position": {"x": 87, "y": 119}}, {"event_name": "mouseout", "timestamp": "1658962735867", "position": {"x": 1051, "y": 321}}, {"event_name": "mouseover", "timestamp": "1658962735900", "position": {"x": 727, "y": 90}}, {"event_name": "mousemove", "timestamp": "1658962735901", "position": {"x": 727, "y": 90}}, {"event_name": "mouseout", "timestamp": "1658962735917", "position": {"x": 1633, "y": 470}}, {"event_name": "mouseover", "timestamp": "1658962735970", "position": {"x": 697, "y": 487}}, {"event_name": "mousemove", "timestamp": "1658962735970", "position": {"x": 697, "y": 487}}, {"event_name": "mousemove", "timestamp": "1658962735985", "position": {"x": 243, "y": 345}}, {"event_name": "mouseout", "timestamp": "1658962736000", "position": {"x": 477, "y": 802}}, {"event_name": "mouseover", "timestamp": "1658962736052", "position": {"x": 128, "y": 396}}, {"event_name": "mousemove", "timestamp": "1658962736052", "position": {"x": 128, "y": 396}}, {"event_name": "mousemove", "timestamp": "1658962736069", "position": {"x": 139, "y": 461}}, {"event_name": "mouseout", "timestamp": "1658962736084", "position": {"x": 1322, "y": 762}}, {"event_name": "mouseover", "timestamp": "1658962736167", "position": {"x": 790, "y": 463}}, {"event_name": "mousemove", "timestamp": "1658962736167", "position": {"x": 790, "y": 463}}, {"event_name": "mouseout", "timestamp": "1658962736184", "position": {"x": 1104, "y": 20}}, {"event_name": "mouseover", "timestamp": "1658962736318", "position": {"x": 259, "y": 434}}, {"event_name": "mousemove", "timestamp": "1658962736318", "position": {"x": 259, "y": 434}}, {"event_name": "mouseout", "timestamp": "1658962736334", "position": {"x": 1603, "y": 421}}, {"event_name": "mouseover", "timestamp": "1658962736367", "position": {"x": 112, "y": 21}}, {"event_name": "mousemove", "timestamp": "1658962736368", "position": {"x": 112, "y": 21}}, {"event_name": "mouseout", "timestamp": "1658962736386", "position": {"x": 1782, "y": 139}}, {"event_name": "mouseover", "timestamp": "1658962736417", "position": {"x": 182, "y": 412}}, {"event_name": "mousemove", "timestamp": "1658962736418", "position": {"x": 182, "y": 412}}, {"event_name": "mouseout", "timestamp": "1658962736434", "position": {"x": 1370, "y": 483}}, {"event_name": "mouseover", "timestamp": "1658962736467", "position": {"x": 228, "y": 148}}, {"event_name": "mousemove", "timestamp": "1658962736468", "position": {"x": 228, "y": 148}}, {"event_name": "mouseout", "timestamp": "1658962736485", "position": {"x": 79, "y": 540}}, {"event_name": "mouseover", "timestamp": "1658962736485", "position": {"x": 79, "y": 540}}, {"event_name": "mousemove", "timestamp": "1658962736486", "position": {"x": 79, "y": 540}}, {"event_name": "mouseout", "timestamp": "1658962736502", "position": {"x": 1223, "y": 113}}, {"event_name": "mouseover", "timestamp": "1658962736535", "position": {"x": 686, "y": 340}}, {"event_name": "mousemove", "timestamp": "1658962736535", "position": {"x": 686, "y": 340}}, {"event_name": "mouseout", "timestamp": "1658962736551", "position": {"x": 241, "y": 610}}, {"event_name": "mouseover", "timestamp": "1658962736572", "position": {"x": 223, "y": 250}}, {"event_name": "mousemove", "timestamp": "1658962736572", "position": {"x": 223, "y": 250}}, {"event_name": "mouseout", "timestamp": "1658962736587", "position": {"x": 1556, "y": 134}}, {"event_name": "mouseover", "timestamp": "1658962736667", "position": {"x": 49, "y": 205}}, {"event_name": "mousemove", "timestamp": "1658962736667", "position": {"x": 49, "y": 205}}, {"event_name": "mouseout", "timestamp": "1658962736683", "position": {"x": 552, "y": 592}}, {"event_name": "mouseover", "timestamp": "1658962736683", "position": {"x": 552, "y": 592}}, {"event_name": "mousemove", "timestamp": "1658962736683", "position": {"x": 552, "y": 592}}, {"event_name": "mouseout", "timestamp": "1658962736701", "position": {"x": 1523, "y": 579}}, {"event_name": "mouseover", "timestamp": "1658962736752", "position": {"x": 331, "y": 60}}, {"event_name": "mousemove", "timestamp": "1658962736752", "position": {"x": 331, "y": 60}}, {"event_name": "mouseout", "timestamp": "1658962736767", "position": {"x": 1399, "y": 875}}, {"event_name": "mouseover", "timestamp": "1658962736784", "position": {"x": 347, "y": 392}}, {"event_name": "mousemove", "timestamp": "1658962736784", "position": {"x": 347, "y": 392}}, {"event_name": "mouseout", "timestamp": "1658962736800", "position": {"x": 243, "y": 229}}, {"event_name": "mouseover", "timestamp": "1658962736800", "position": {"x": 243, "y": 229}}, {"event_name": "mousemove", "timestamp": "1658962736800", "position": {"x": 243, "y": 229}}, {"event_name": "mouseout", "timestamp": "1658962736818", "position": {"x": 703, "y": 610}}, {"event_name": "mouseover", "timestamp": "1658962736851", "position": {"x": 622, "y": 175}}, {"event_name": "mousemove", "timestamp": "1658962736851", "position": {"x": 622, "y": 175}}, {"event_name": "mouseout", "timestamp": "1658962736868", "position": {"x": 1439, "y": 17}}, {"event_name": "mouseover", "timestamp": "1658962736951", "position": {"x": 616, "y": 231}}, {"event_name": "mousemove", "timestamp": "1658962736951", "position": {"x": 616, "y": 231}}, {"event_name": "mouseout", "timestamp": "1658962736968", "position": {"x": 90, "y": 450}}, {"event_name": "mouseover", "timestamp": "1658962736969", "position": {"x": 90, "y": 450}}, {"event_name": "mousemove", "timestamp": "1658962736969", "position": {"x": 90, "y": 450}}, {"event_name": "mouseout", "timestamp": "1658962736984", "position": {"x": 1172, "y": 400}}, {"event_name": "mouseover", "timestamp": "1658962737055", "position": {"x": 782, "y": 45}}, {"event_name": "mousemove", "timestamp": "1658962737055", "position": {"x": 782, "y": 45}}, {"event_name": "mouseout", "timestamp": "1658962737067", "position": {"x": 1230, "y": 770}}, {"event_name": "mouseover", "timestamp": "1658962737117", "position": {"x": 732, "y": 269}}, {"event_name": "mousemove", "timestamp": "1658962737117", "position": {"x": 732, "y": 269}}, {"event_name": "mouseout", "timestamp": "1658962737133", "position": {"x": 594, "y": 656}}, {"event_name": "mouseover", "timestamp": "1658962737217", "position": {"x": 419, "y": 191}}, {"event_name": "mousemove", "timestamp": "1658962737217", "position": {"x": 419, "y": 191}}, {"event_name": "mouseout", "timestamp": "1658962737234", "position": {"x": 384, "y": 398}}, {"event_name": "mouseover", "timestamp": "1658962737234", "position": {"x": 384, "y": 398}}, {"event_name": "mousemove", "timestamp": "1658962737235", "position": {"x": 384, "y": 398}}, {"event_name": "mouseout", "timestamp": "1658962737252", "position": {"x": 557, "y": 35}}, {"event_name": "mouseover", "timestamp": "1658962737253", "position": {"x": 557, "y": 35}}, {"event_name": "mousemove", "timestamp": "1658962737253", "position": {"x": 557, "y": 35}}, {"event_name": "mouseout", "timestamp": "1658962737268", "position": {"x": 198, "y": 249}}, {"event_name": "mouseover", "timestamp": "1658962737268", "position": {"x": 198, "y": 249}}, {"event_name": "mousemove", "timestamp": "1658962737268", "position": {"x": 198, "y": 249}}, {"event_name": "mouseout", "timestamp": "1658962737284", "position": {"x": 1493, "y": 423}}, {"event_name": "mouseover", "timestamp": "1658962737351", "position": {"x": 238, "y": 447}}, {"event_name": "mousemove", "timestamp": "1658962737351", "position": {"x": 238, "y": 447}}, {"event_name": "mouseout", "timestamp": "1658962737369", "position": {"x": 823, "y": 61}}, {"event_name": "mouseover", "timestamp": "1658962737401", "position": {"x": 482, "y": 312}}, {"event_name": "mousemove", "timestamp": "1658962737401", "position": {"x": 482, "y": 312}}, {"event_name": "mouseout", "timestamp": "1658962737417", "position": {"x": 1492, "y": 228}}, {"event_name": "mouseover", "timestamp": "1658962737484", "position": {"x": 133, "y": 76}}, {"event_name": "mousemove", "timestamp": "1658962737484", "position": {"x": 133, "y": 76}}, {"event_name": "mouseout", "timestamp": "1658962737501", "position": {"x": 38, "y": 550}}, {"event_name": "mouseover", "timestamp": "1658962737501", "position": {"x": 38, "y": 550}}, {"event_name": "mousemove", "timestamp": "1658962737501", "position": {"x": 38, "y": 550}}, {"event_name": "mouseout", "timestamp": "1658962737519", "position": {"x": 209, "y": 77}}, {"event_name": "mouseover", "timestamp": "1658962737519", "position": {"x": 209, "y": 77}}, {"event_name": "mousemove", "timestamp": "1658962737519", "position": {"x": 209, "y": 77}}, {"event_name": "mouseout", "timestamp": "1658962737534", "position": {"x": 9, "y": 880}}, {"event_name": "mouseover", "timestamp": "1658962737601", "position": {"x": 655, "y": 528}}, {"event_name": "mousemove", "timestamp": "1658962737601", "position": {"x": 655, "y": 528}}, {"event_name": "mouseout", "timestamp": "1658962737617", "position": {"x": 163, "y": 115}}, {"event_name": "mouseover", "timestamp": "1658962737617", "position": {"x": 163, "y": 115}}, {"event_name": "mousemove", "timestamp": "1658962737617", "position": {"x": 163, "y": 115}}, {"event_name": "mouseout", "timestamp": "1658962737633", "position": {"x": 603, "y": 786}}, {"event_name": "mouseover", "timestamp": "1658962737666", "position": {"x": 520, "y": 135}}, {"event_name": "mousemove", "timestamp": "1658962737667", "position": {"x": 520, "y": 135}}, {"event_name": "mouseout", "timestamp": "1658962737684", "position": {"x": 1132, "y": 249}}, {"event_name": "mouseover", "timestamp": "1658962737816", "position": {"x": 206, "y": 198}}, {"event_name": "mousemove", "timestamp": "1658962737817", "position": {"x": 206, "y": 198}}, {"event_name": "mouseout", "timestamp": "1658962737834", "position": {"x": 943, "y": 693}}, {"event_name": "mouseover", "timestamp": "1658962737901", "position": {"x": 248, "y": 586}}, {"event_name": "mousemove", "timestamp": "1658962737901", "position": {"x": 248, "y": 586}}, {"event_name": "mouseout", "timestamp": "1658962737919", "position": {"x": 70, "y": 867}}, {"event_name": "mouseover", "timestamp": "1658962737967", "position": {"x": 299, "y": 298}}, {"event_name": "mousemove", "timestamp": "1658962737968", "position": {"x": 299, "y": 298}}, {"event_name": "mouseout", "timestamp": "1658962737984", "position": {"x": 1462, "y": 461}}, {"event_name": "mouseover", "timestamp": "1658962738018", "position": {"x": 798, "y": 470}}, {"event_name": "mousemove", "timestamp": "1658962738018", "position": {"x": 798, "y": 470}}, {"event_name": "mouseout", "timestamp": "1658962738034", "position": {"x": 1227, "y": 1}}, {"event_name": "mousemove", "timestamp": "1658962738134", "position": {"x": 81, "y": 332}}, {"event_name": "mouseover", "timestamp": "1658962738134", "position": {"x": 81, "y": 332}}, {"event_name": "mouseout", "timestamp": "1658962738152", "position": {"x": 808, "y": 595}}, {"event_name": "mouseover", "timestamp": "1658962738318", "position": {"x": 795, "y": 596}}, {"event_name": "mousemove", "timestamp": "1658962738318", "position": {"x": 795, "y": 596}}, {"event_name": "mouseout", "timestamp": "1658962738333", "position": {"x": 1111, "y": 834}}, {"event_name": "mouseover", "timestamp": "1658962738351", "position": {"x": 797, "y": 75}}, {"event_name": "mousemove", "timestamp": "1658962738351", "position": {"x": 797, "y": 75}}, {"event_name": "mouseout", "timestamp": "1658962738367", "position": {"x": 1453, "y": 151}}, {"event_name": "mouseover", "timestamp": "1658962738468", "position": {"x": 284, "y": 159}}, {"event_name": "mousemove", "timestamp": "1658962738468", "position": {"x": 284, "y": 159}}, {"event_name": "mouseout", "timestamp": "1658962738484", "position": {"x": 1390, "y": 135}}, {"event_name": "mouseover", "timestamp": "1658962738553", "position": {"x": 12, "y": 535}}, {"event_name": "mousemove", "timestamp": "1658962738553", "position": {"x": 12, "y": 535}}, {"event_name": "mouseout", "timestamp": "1658962738567", "position": {"x": 549, "y": 377}}, {"event_name": "mouseover", "timestamp": "1658962738567", "position": {"x": 549, "y": 377}}, {"event_name": "mousemove", "timestamp": "1658962738567", "position": {"x": 549, "y": 377}}, {"event_name": "mouseout", "timestamp": "1658962738584", "position": {"x": 943, "y": 66}}, {"event_name": "mouseover", "timestamp": "1658962738651", "position": {"x": 714, "y": 0}}, {"event_name": "mousemove", "timestamp": "1658962738651", "position": {"x": 714, "y": 0}}, {"event_name": "mouseout", "timestamp": "1658962738667", "position": {"x": 1598, "y": 688}}, {"event_name": "mouseover", "timestamp": "1658962738733", "position": {"x": 292, "y": 459}}, {"event_name": "mousemove", "timestamp": "1658962738733", "position": {"x": 292, "y": 459}}, {"event_name": "mouseout", "timestamp": "1658962738750", "position": {"x": 1026, "y": 541}}, {"event_name": "mouseover", "timestamp": "1658962738784", "position": {"x": 708, "y": 72}}, {"event_name": "mousemove", "timestamp": "1658962738784", "position": {"x": 708, "y": 72}}, {"event_name": "mouseout", "timestamp": "1658962738800", "position": {"x": 812, "y": 593}}, {"event_name": "mouseover", "timestamp": "1658962738834", "position": {"x": 291, "y": 345}}, {"event_name": "mousemove", "timestamp": "1658962738834", "position": {"x": 291, "y": 345}}, {"event_name": "mouseout", "timestamp": "1658962738850", "position": {"x": 108, "y": 613}}, {"event_name": "mouseover", "timestamp": "1658962738884", "position": {"x": 784, "y": 223}}, {"event_name": "mousemove", "timestamp": "1658962738884", "position": {"x": 784, "y": 223}}, {"event_name": "mouseout", "timestamp": "1658962738901", "position": {"x": 1141, "y": 597}}, {"event_name": "mouseover", "timestamp": "1658962739001", "position": {"x": 767, "y": 322}}, {"event_name": "mousemove", "timestamp": "1658962739001", "position": {"x": 767, "y": 322}}, {"event_name": "mouseout", "timestamp": "1658962739016", "position": {"x": 1047, "y": 438}}, {"event_name": "mouseover", "timestamp": "1658962739084", "position": {"x": 297, "y": 334}}, {"event_name": "mousemove", "timestamp": "1658962739084", "position": {"x": 297, "y": 334}}, {"event_name": "mouseout", "timestamp": "1658962739100", "position": {"x": 136, "y": 593}}, {"event_name": "mouseover", "timestamp": "1658962739101", "position": {"x": 136, "y": 593}}, {"event_name": "mousemove", "timestamp": "1658962739101", "position": {"x": 136, "y": 593}}, {"event_name": "mouseout", "timestamp": "1658962739118", "position": {"x": 1349, "y": 362}}, {"event_name": "mouseover", "timestamp": "1658962739201", "position": {"x": 765, "y": 276}}, {"event_name": "mousemove", "timestamp": "1658962739201", "position": {"x": 765, "y": 276}}, {"event_name": "mouseout", "timestamp": "1658962739218", "position": {"x": 569, "y": 240}}, {"event_name": "mouseover", "timestamp": "1658962739219", "position": {"x": 569, "y": 240}}, {"event_name": "mousemove", "timestamp": "1658962739219", "position": {"x": 569, "y": 240}}, {"event_name": "mouseout", "timestamp": "1658962739233", "position": {"x": 1363, "y": 608}}, {"event_name": "mouseover", "timestamp": "1658962739267", "position": {"x": 159, "y": 367}}, {"event_name": "mousemove", "timestamp": "1658962739268", "position": {"x": 159, "y": 367}}, {"event_name": "mouseout", "timestamp": "1658962739284", "position": {"x": 740, "y": 684}}, {"event_name": "mouseover", "timestamp": "1658962739385", "position": {"x": 506, "y": 361}}, {"event_name": "mousemove", "timestamp": "1658962739385", "position": {"x": 506, "y": 361}}, {"event_name": "mouseout", "timestamp": "1658962739400", "position": {"x": 1638, "y": 532}}, {"event_name": "mouseover", "timestamp": "1658962739450", "position": {"x": 269, "y": 175}}, {"event_name": "mousemove", "timestamp": "1658962739450", "position": {"x": 269, "y": 175}}, {"event_name": "mouseout", "timestamp": "1658962739467", "position": {"x": 1343, "y": 322}}, {"event_name": "mouseover", "timestamp": "1658962739567", "position": {"x": 335, "y": 360}}, {"event_name": "mousemove", "timestamp": "1658962739567", "position": {"x": 335, "y": 360}}, {"event_name": "mouseout", "timestamp": "1658962739585", "position": {"x": 930, "y": 203}}, {"event_name": "mouseover", "timestamp": "1658962739700", "position": {"x": 796, "y": 581}}, {"event_name": "mousemove", "timestamp": "1658962739701", "position": {"x": 796, "y": 581}}, {"event_name": "mouseout", "timestamp": "1658962739716", "position": {"x": 1725, "y": 465}}, {"event_name": "mouseover", "timestamp": "1658962739784", "position": {"x": 214, "y": 557}}, {"event_name": "mousemove", "timestamp": "1658962739784", "position": {"x": 214, "y": 557}}, {"event_name": "mouseout", "timestamp": "1658962739800", "position": {"x": 795, "y": 213}}, {"event_name": "mouseover", "timestamp": "1658962739801", "position": {"x": 795, "y": 213}}, {"event_name": "mousemove", "timestamp": "1658962739801", "position": {"x": 795, "y": 213}}, {"event_name": "mouseout", "timestamp": "1658962739817", "position": {"x": 1458, "y": 357}}, {"event_name": "mouseover", "timestamp": "1658962739933", "position": {"x": 157, "y": 48}}, {"event_name": "mousemove", "timestamp": "1658962739934", "position": {"x": 157, "y": 48}}, {"event_name": "mouseout", "timestamp": "1658962739951", "position": {"x": 71, "y": 694}}, {"event_name": "mouseover", "timestamp": "1658962739967", "position": {"x": 414, "y": 6}}, {"event_name": "mousemove", "timestamp": "1658962739967", "position": {"x": 414, "y": 6}}, {"event_name": "mouseout", "timestamp": "1658962739984", "position": {"x": 711, "y": 843}}, {"event_name": "mouseover", "timestamp": "1658962740034", "position": {"x": 435, "y": 241}}, {"event_name": "mousemove", "timestamp": "1658962740034", "position": {"x": 435, "y": 241}}, {"event_name": "mouseout", "timestamp": "1658962740050", "position": {"x": 854, "y": 261}}, {"event_name": "mouseover", "timestamp": "1658962740101", "position": {"x": 333, "y": 223}}, {"event_name": "mousemove", "timestamp": "1658962740101", "position": {"x": 333, "y": 223}}, {"event_name": "mouseout", "timestamp": "1658962740118", "position": {"x": 98, "y": 43}}, {"event_name": "mouseover", "timestamp": "1658962740118", "position": {"x": 98, "y": 43}}, {"event_name": "mousemove", "timestamp": "1658962740119", "position": {"x": 98, "y": 43}}, {"event_name": "mouseout", "timestamp": "1658962740133", "position": {"x": 296, "y": 406}}, {"event_name": "mouseover", "timestamp": "1658962740134", "position": {"x": 296, "y": 406}}, {"event_name": "mousemove", "timestamp": "1658962740134", "position": {"x": 296, "y": 406}}, {"event_name": "mousemove", "timestamp": "1658962740151", "position": {"x": 118, "y": 326}}, {"event_name": "mouseout", "timestamp": "1658962740168", "position": {"x": 944, "y": 210}}, {"event_name": "mouseover", "timestamp": "1658962740201", "position": {"x": 149, "y": 156}}, {"event_name": "mousemove", "timestamp": "1658962740201", "position": {"x": 149, "y": 156}}, {"event_name": "mouseout", "timestamp": "1658962740217", "position": {"x": 1254, "y": 814}}, {"event_name": "mouseover", "timestamp": "1658962740234", "position": {"x": 737, "y": 101}}, {"event_name": "mousemove", "timestamp": "1658962740234", "position": {"x": 737, "y": 101}}, {"event_name": "mouseout", "timestamp": "1658962740251", "position": {"x": 717, "y": 470}}, {"event_name": "mouseover", "timestamp": "1658962740251", "position": {"x": 717, "y": 470}}, {"event_name": "mousemove", "timestamp": "1658962740252", "position": {"x": 717, "y": 470}}, {"event_name": "mouseout", "timestamp": "1658962740267", "position": {"x": 1788, "y": 750}}, {"event_name": "mouseover", "timestamp": "1658962740301", "position": {"x": 185, "y": 333}}, {"event_name": "mousemove", "timestamp": "1658962740301", "position": {"x": 185, "y": 333}}, {"event_name": "mouseout", "timestamp": "1658962740317", "position": {"x": 1655, "y": 491}}, {"event_name": "mouseover", "timestamp": "1658962740433", "position": {"x": 336, "y": 364}}, {"event_name": "mousemove", "timestamp": "1658962740434", "position": {"x": 336, "y": 364}}, {"event_name": "mouseout", "timestamp": "1658962740450", "position": {"x": 262, "y": 582}}, {"event_name": "mouseover", "timestamp": "1658962740451", "position": {"x": 262, "y": 582}}, {"event_name": "mousemove", "timestamp": "1658962740451", "position": {"x": 262, "y": 582}}, {"event_name": "mouseout", "timestamp": "1658962740468", "position": {"x": 1512, "y": 252}}, {"event_name": "mouseover", "timestamp": "1658962740534", "position": {"x": 468, "y": 404}}, {"event_name": "mousemove", "timestamp": "1658962740534", "position": {"x": 468, "y": 404}}, {"event_name": "mouseout", "timestamp": "1658962740550", "position": {"x": 478, "y": 5}}, {"event_name": "mouseover", "timestamp": "1658962740551", "position": {"x": 478, "y": 5}}, {"event_name": "mousemove", "timestamp": "1658962740551", "position": {"x": 478, "y": 5}}, {"event_name": "mouseout", "timestamp": "1658962740568", "position": {"x": 754, "y": 100}}, {"event_name": "mouseover", "timestamp": "1658962740568", "position": {"x": 754, "y": 100}}, {"event_name": "mousemove", "timestamp": "1658962740568", "position": {"x": 754, "y": 100}}, {"event_name": "mouseout", "timestamp": "1658962740584", "position": {"x": 916, "y": 78}}, {"event_name": "mousemove", "timestamp": "1658962740617", "position": {"x": 380, "y": 415}}, {"event_name": "mouseover", "timestamp": "1658962740617", "position": {"x": 380, "y": 415}}, {"event_name": "mouseout", "timestamp": "1658962740634", "position": {"x": 1706, "y": 395}}, {"event_name": "mousemove", "timestamp": "1658962740716", "position": {"x": 646, "y": 411}}, {"event_name": "mouseover", "timestamp": "1658962740716", "position": {"x": 646, "y": 411}}, {"event_name": "mouseout", "timestamp": "1658962740733", "position": {"x": 152, "y": 852}}, {"event_name": "mouseover", "timestamp": "1658962740800", "position": {"x": 726, "y": 221}}, {"event_name": "mousemove", "timestamp": "1658962740800", "position": {"x": 726, "y": 221}}, {"event_name": "mouseout", "timestamp": "1658962740817", "position": {"x": 218, "y": 190}}, {"event_name": "mouseover", "timestamp": "1658962740817", "position": {"x": 218, "y": 190}}, {"event_name": "mousemove", "timestamp": "1658962740817", "position": {"x": 218, "y": 190}}, {"event_name": "mouseout", "timestamp": "1658962740834", "position": {"x": 1333, "y": 567}}, {"event_name": "mouseover", "timestamp": "1658962740850", "position": {"x": 490, "y": 171}}, {"event_name": "mousemove", "timestamp": "1658962740850", "position": {"x": 490, "y": 171}}, {"event_name": "mousemove", "timestamp": "1658962740866", "position": {"x": 279, "y": 146}}, {"event_name": "mouseout", "timestamp": "1658962740883", "position": {"x": 807, "y": 338}}, {"event_name": "mouseover", "timestamp": "1658962741001", "position": {"x": 73, "y": 194}}, {"event_name": "mousemove", "timestamp": "1658962741002", "position": {"x": 73, "y": 194}}, {"event_name": "mouseout", "timestamp": "1658962741018", "position": {"x": 433, "y": 523}}, {"event_name": "mouseover", "timestamp": "1658962741018", "position": {"x": 433, "y": 523}}, {"event_name": "mousemove", "timestamp": "1658962741018", "position": {"x": 433, "y": 523}}, {"event_name": "mouseout", "timestamp": "1658962741034", "position": {"x": 949, "y": 452}}, {"event_name": "mouseover", "timestamp": "1658962741050", "position": {"x": 568, "y": 344}}, {"event_name": "mousemove", "timestamp": "1658962741050", "position": {"x": 568, "y": 344}}, {"event_name": "mouseout", "timestamp": "1658962741068", "position": {"x": 1475, "y": 179}}, {"event_name": "mouseover", "timestamp": "1658962741100", "position": {"x": 778, "y": 298}}, {"event_name": "mousemove", "timestamp": "1658962741100", "position": {"x": 778, "y": 298}}, {"event_name": "mouseout", "timestamp": "1658962741117", "position": {"x": 1379, "y": 412}}, {"event_name": "mouseover", "timestamp": "1658962741133", "position": {"x": 455, "y": 572}}, {"event_name": "mousemove", "timestamp": "1658962741134", "position": {"x": 455, "y": 572}}, {"event_name": "mouseout", "timestamp": "1658962741150", "position": {"x": 1746, "y": 758}}, {"event_name": "mouseover", "timestamp": "1658962741300", "position": {"x": 65, "y": 499}}, {"event_name": "mousemove", "timestamp": "1658962741300", "position": {"x": 65, "y": 499}}, {"event_name": "mouseout", "timestamp": "1658962741317", "position": {"x": 740, "y": 587}}, {"event_name": "mouseover", "timestamp": "1658962741317", "position": {"x": 740, "y": 587}}, {"event_name": "mousemove", "timestamp": "1658962741318", "position": {"x": 740, "y": 587}}, {"event_name": "mouseout", "timestamp": "1658962741333", "position": {"x": 121, "y": 869}}, {"event_name": "mouseover", "timestamp": "1658962741400", "position": {"x": 563, "y": 310}}, {"event_name": "mousemove", "timestamp": "1658962741400", "position": {"x": 563, "y": 310}}, {"event_name": "mouseout", "timestamp": "1658962741417", "position": {"x": 997, "y": 484}}, {"event_name": "mouseover", "timestamp": "1658962741467", "position": {"x": 624, "y": 149}}, {"event_name": "mousemove", "timestamp": "1658962741468", "position": {"x": 624, "y": 149}}, {"event_name": "mouseout", "timestamp": "1658962741485", "position": {"x": 764, "y": 513}}, {"event_name": "mouseover", "timestamp": "1658962741486", "position": {"x": 764, "y": 513}}, {"event_name": "mousemove", "timestamp": "1658962741486", "position": {"x": 764, "y": 513}}, {"event_name": "mouseout", "timestamp": "1658962741500", "position": {"x": 694, "y": 332}}, {"event_name": "mouseover", "timestamp": "1658962741501", "position": {"x": 694, "y": 332}}, {"event_name": "mousemove", "timestamp": "1658962741501", "position": {"x": 694, "y": 332}}, {"event_name": "mouseout", "timestamp": "1658962741518", "position": {"x": 848, "y": 368}}, {"event_name": "mouseover", "timestamp": "1658962741551", "position": {"x": 227, "y": 96}}, {"event_name": "mousemove", "timestamp": "1658962741551", "position": {"x": 227, "y": 96}}, {"event_name": "mouseout", "timestamp": "1658962741567", "position": {"x": 303, "y": 41}}, {"event_name": "mouseover", "timestamp": "1658962741567", "position": {"x": 303, "y": 41}}, {"event_name": "mousemove", "timestamp": "1658962741568", "position": {"x": 303, "y": 41}}, {"event_name": "mouseout", "timestamp": "1658962741586", "position": {"x": 963, "y": 273}}, {"event_name": "mouseover", "timestamp": "1658962741601", "position": {"x": 182, "y": 291}}, {"event_name": "mousemove", "timestamp": "1658962741601", "position": {"x": 182, "y": 291}}, {"event_name": "mouseout", "timestamp": "1658962741616", "position": {"x": 204, "y": 715}}, {"event_name": "mouseover", "timestamp": "1658962741633", "position": {"x": 107, "y": 172}}, {"event_name": "mousemove", "timestamp": "1658962741633", "position": {"x": 107, "y": 172}}, {"event_name": "mouseout", "timestamp": "1658962741650", "position": {"x": 744, "y": 318}}, {"event_name": "mouseover", "timestamp": "1658962741650", "position": {"x": 744, "y": 318}}, {"event_name": "mousemove", "timestamp": "1658962741650", "position": {"x": 744, "y": 318}}, {"event_name": "mouseout", "timestamp": "1658962741666", "position": {"x": 270, "y": 20}}, {"event_name": "mouseover", "timestamp": "1658962741666", "position": {"x": 270, "y": 20}}, {"event_name": "mousemove", "timestamp": "1658962741666", "position": {"x": 270, "y": 20}}, {"event_name": "mouseout", "timestamp": "1658962741683", "position": {"x": 1311, "y": 157}}, {"event_name": "mouseover", "timestamp": "1658962741851", "position": {"x": 767, "y": 122}}, {"event_name": "mousemove", "timestamp": "1658962741851", "position": {"x": 767, "y": 122}}, {"event_name": "mouseout", "timestamp": "1658962741867", "position": {"x": 1356, "y": 553}}, {"event_name": "mouseover", "timestamp": "1658962741883", "position": {"x": 642, "y": 186}}, {"event_name": "mousemove", "timestamp": "1658962741883", "position": {"x": 642, "y": 186}}, {"event_name": "mouseout", "timestamp": "1658962741901", "position": {"x": 1219, "y": 428}}, {"event_name": "mouseover", "timestamp": "1658962741917", "position": {"x": 474, "y": 356}}, {"event_name": "mousemove", "timestamp": "1658962741918", "position": {"x": 474, "y": 356}}, {"event_name": "mouseout", "timestamp": "1658962741934", "position": {"x": 221, "y": 265}}, {"event_name": "mouseover", "timestamp": "1658962741935", "position": {"x": 221, "y": 265}}, {"event_name": "mousemove", "timestamp": "1658962741935", "position": {"x": 221, "y": 265}}, {"event_name": "mousemove", "timestamp": "1658962741951", "position": {"x": 272, "y": 266}}, {"event_name": "mouseout", "timestamp": "1658962741967", "position": {"x": 308, "y": 540}}, {"event_name": "mouseover", "timestamp": "1658962741967", "position": {"x": 308, "y": 540}}, {"event_name": "mousemove", "timestamp": "1658962741968", "position": {"x": 308, "y": 540}}, {"event_name": "mouseout", "timestamp": "1658962741985", "position": {"x": 1603, "y": 833}}, {"event_name": "mouseover", "timestamp": "1658962742001", "position": {"x": 30, "y": 70}}, {"event_name": "mousemove", "timestamp": "1658962742002", "position": {"x": 30, "y": 70}}, {"event_name": "mouseout", "timestamp": "1658962742017", "position": {"x": 1499, "y": 311}}, {"event_name": "mouseover", "timestamp": "1658962742117", "position": {"x": 761, "y": 44}}, {"event_name": "mousemove", "timestamp": "1658962742117", "position": {"x": 761, "y": 44}}, {"event_name": "mouseout", "timestamp": "1658962742134", "position": {"x": 1062, "y": 323}}, {"event_name": "mouseover", "timestamp": "1658962742151", "position": {"x": 797, "y": 448}}, {"event_name": "mousemove", "timestamp": "1658962742151", "position": {"x": 797, "y": 448}}, {"event_name": "mouseout", "timestamp": "1658962742167", "position": {"x": 1517, "y": 666}}, {"event_name": "mouseover", "timestamp": "1658962742234", "position": {"x": 341, "y": 359}}, {"event_name": "mousemove", "timestamp": "1658962742234", "position": {"x": 341, "y": 359}}, {"event_name": "mouseout", "timestamp": "1658962742250", "position": {"x": 1542, "y": 355}}, {"event_name": "mouseover", "timestamp": "1658962742268", "position": {"x": 287, "y": 261}}, {"event_name": "mousemove", "timestamp": "1658962742268", "position": {"x": 287, "y": 261}}, {"event_name": "mouseout", "timestamp": "1658962742284", "position": {"x": 602, "y": 411}}, {"event_name": "mouseover", "timestamp": "1658962742285", "position": {"x": 602, "y": 411}}, {"event_name": "mousemove", "timestamp": "1658962742286", "position": {"x": 602, "y": 411}}, {"event_name": "mouseout", "timestamp": "1658962742300", "position": {"x": 1760, "y": 850}}, {"event_name": "mouseover", "timestamp": "1658962742517", "position": {"x": 409, "y": 56}}, {"event_name": "mousemove", "timestamp": "1658962742518", "position": {"x": 409, "y": 56}}, {"event_name": "mouseout", "timestamp": "1658962742534", "position": {"x": 930, "y": 259}}, {"event_name": "mouseover", "timestamp": "1658962742570", "position": {"x": 110, "y": 276}}, {"event_name": "mousemove", "timestamp": "1658962742570", "position": {"x": 110, "y": 276}}, {"event_name": "mouseout", "timestamp": "1658962742585", "position": {"x": 505, "y": 541}}, {"event_name": "mouseover", "timestamp": "1658962742585", "position": {"x": 505, "y": 541}}, {"event_name": "mousemove", "timestamp": "1658962742585", "position": {"x": 505, "y": 541}}, {"event_name": "mouseout", "timestamp": "1658962742601", "position": {"x": 688, "y": 365}}, {"event_name": "mouseover", "timestamp": "1658962742601", "position": {"x": 688, "y": 365}}, {"event_name": "mousemove", "timestamp": "1658962742601", "position": {"x": 688, "y": 365}}, {"event_name": "mouseout", "timestamp": "1658962742617", "position": {"x": 707, "y": 790}}, {"event_name": "mouseover", "timestamp": "1658962742667", "position": {"x": 573, "y": 450}}, {"event_name": "mousemove", "timestamp": "1658962742667", "position": {"x": 573, "y": 450}}, {"event_name": "mouseout", "timestamp": "1658962742684", "position": {"x": 223, "y": 493}}, {"event_name": "mouseover", "timestamp": "1658962742684", "position": {"x": 223, "y": 493}}, {"event_name": "mousemove", "timestamp": "1658962742684", "position": {"x": 223, "y": 493}}, {"event_name": "mouseout", "timestamp": "1658962742700", "position": {"x": 1788, "y": 362}}, {"event_name": "mousemove", "timestamp": "1658962742817", "position": {"x": 89, "y": 422}}, {"event_name": "mouseover", "timestamp": "1658962742817", "position": {"x": 89, "y": 422}}, {"event_name": "mouseout", "timestamp": "1658962742834", "position": {"x": 610, "y": 152}}, {"event_name": "mouseover", "timestamp": "1658962742834", "position": {"x": 610, "y": 152}}, {"event_name": "mousemove", "timestamp": "1658962742834", "position": {"x": 610, "y": 152}}, {"event_name": "mouseout", "timestamp": "1658962742850", "position": {"x": 1460, "y": 414}}, {"event_name": "mouseover", "timestamp": "1658962742867", "position": {"x": 36, "y": 272}}, {"event_name": "mousemove", "timestamp": "1658962742867", "position": {"x": 36, "y": 272}}, {"event_name": "mousemove", "timestamp": "1658962742884", "position": {"x": 774, "y": 492}}, {"event_name": "mouseout", "timestamp": "1658962742900", "position": {"x": 1564, "y": 678}}, {"event_name": "mouseover", "timestamp": "1658962742917", "position": {"x": 678, "y": 340}}, {"event_name": "mousemove", "timestamp": "1658962742918", "position": {"x": 678, "y": 340}}, {"event_name": "mouseout", "timestamp": "1658962742933", "position": {"x": 699, "y": 71}}, {"event_name": "mouseover", "timestamp": "1658962742933", "position": {"x": 699, "y": 71}}, {"event_name": "mousemove", "timestamp": "1658962742934", "position": {"x": 699, "y": 71}}, {"event_name": "mouseout", "timestamp": "1658962742951", "position": {"x": 1144, "y": 579}}, {"event_name": "mouseover", "timestamp": "1658962742967", "position": {"x": 547, "y": 223}}, {"event_name": "mousemove", "timestamp": "1658962742967", "position": {"x": 547, "y": 223}}, {"event_name": "mouseout", "timestamp": "1658962742983", "position": {"x": 595, "y": 99}}, {"event_name": "mouseover", "timestamp": "1658962742984", "position": {"x": 595, "y": 99}}, {"event_name": "mousemove", "timestamp": "1658962742984", "position": {"x": 595, "y": 99}}, {"event_name": "mouseout", "timestamp": "1658962743000", "position": {"x": 392, "y": 656}}, {"event_name": "mouseover", "timestamp": "1658962743017", "position": {"x": 55, "y": 451}}, {"event_name": "mousemove", "timestamp": "1658962743017", "position": {"x": 55, "y": 451}}, {"event_name": "mouseout", "timestamp": "1658962743034", "position": {"x": 1610, "y": 539}}, {"event_name": "mouseover", "timestamp": "1658962743050", "position": {"x": 311, "y": 215}}, {"event_name": "mousemove", "timestamp": "1658962743050", "position": {"x": 311, "y": 215}}, {"event_name": "mouseout", "timestamp": "1658962743067", "position": {"x": 228, "y": 722}}, {"event_name": "mouseover", "timestamp": "1658962743183", "position": {"x": 281, "y": 542}}, {"event_name": "mousemove", "timestamp": "1658962743183", "position": {"x": 281, "y": 542}}, {"event_name": "mouseout", "timestamp": "1658962743201", "position": {"x": 70, "y": 483}}, {"event_name": "mouseover", "timestamp": "1658962743201", "position": {"x": 70, "y": 483}}, {"event_name": "mousemove", "timestamp": "1658962743201", "position": {"x": 70, "y": 483}}, {"event_name": "mouseout", "timestamp": "1658962743217", "position": {"x": 1701, "y": 841}}, {"event_name": "mouseover", "timestamp": "1658962743250", "position": {"x": 257, "y": 483}}, {"event_name": "mousemove", "timestamp": "1658962743251", "position": {"x": 257, "y": 483}}, {"event_name": "mouseout", "timestamp": "1658962743277", "position": {"x": 1248, "y": 397}}, {"event_name": "mouseover", "timestamp": "1658962743301", "position": {"x": 203, "y": 319}}, {"event_name": "mousemove", "timestamp": "1658962743301", "position": {"x": 203, "y": 319}}, {"event_name": "mouseout", "timestamp": "1658962743316", "position": {"x": 265, "y": 678}}, {"event_name": "mouseover", "timestamp": "1658962743383", "position": {"x": 95, "y": 296}}, {"event_name": "mousemove", "timestamp": "1658962743383", "position": {"x": 95, "y": 296}}, {"event_name": "mouseout", "timestamp": "1658962743400", "position": {"x": 1107, "y": 526}}, {"event_name": "mouseover", "timestamp": "1658962743483", "position": {"x": 63, "y": 89}}, {"event_name": "mousemove", "timestamp": "1658962743484", "position": {"x": 63, "y": 89}}, {"event_name": "mouseout", "timestamp": "1658962743500", "position": {"x": 121, "y": 829}}, {"event_name": "mouseover", "timestamp": "1658962743634", "position": {"x": 335, "y": 541}}, {"event_name": "mousemove", "timestamp": "1658962743634", "position": {"x": 335, "y": 541}}, {"event_name": "mouseout", "timestamp": "1658962743650", "position": {"x": 1224, "y": 473}}, {"event_name": "mouseover", "timestamp": "1658962743683", "position": {"x": 418, "y": 205}}, {"event_name": "mousemove", "timestamp": "1658962743684", "position": {"x": 418, "y": 205}}, {"event_name": "mouseout", "timestamp": "1658962743700", "position": {"x": 863, "y": 96}}, {"event_name": "mouseover", "timestamp": "1658962743767", "position": {"x": 168, "y": 116}}, {"event_name": "mousemove", "timestamp": "1658962743767", "position": {"x": 168, "y": 116}}, {"event_name": "mouseout", "timestamp": "1658962743784", "position": {"x": 369, "y": 236}}, {"event_name": "mouseover", "timestamp": "1658962743784", "position": {"x": 369, "y": 236}}, {"event_name": "mousemove", "timestamp": "1658962743784", "position": {"x": 369, "y": 236}}, {"event_name": "mouseout", "timestamp": "1658962743800", "position": {"x": 1783, "y": 482}}, {"event_name": "mouseover", "timestamp": "1658962743817", "position": {"x": 212, "y": 231}}, {"event_name": "mousemove", "timestamp": "1658962743817", "position": {"x": 212, "y": 231}}, {"event_name": "mouseout", "timestamp": "1658962743833", "position": {"x": 1756, "y": 47}}, {"event_name": "mouseover", "timestamp": "1658962743883", "position": {"x": 316, "y": 307}}, {"event_name": "mousemove", "timestamp": "1658962743884", "position": {"x": 316, "y": 307}}, {"event_name": "mouseout", "timestamp": "1658962743900", "position": {"x": 343, "y": 602}}, {"event_name": "mouseover", "timestamp": "1658962743917", "position": {"x": 183, "y": 376}}, {"event_name": "mousemove", "timestamp": "1658962743917", "position": {"x": 183, "y": 376}}, {"event_name": "mouseout", "timestamp": "1658962743933", "position": {"x": 1330, "y": 883}}, {"event_name": "mouseover", "timestamp": "1658962744000", "position": {"x": 88, "y": 528}}, {"event_name": "mousemove", "timestamp": "1658962744000", "position": {"x": 88, "y": 528}}, {"event_name": "mouseout", "timestamp": "1658962744017", "position": {"x": 280, "y": 254}}, {"event_name": "mouseover", "timestamp": "1658962744018", "position": {"x": 280, "y": 254}}, {"event_name": "mousemove", "timestamp": "1658962744018", "position": {"x": 280, "y": 254}}, {"event_name": "mouseout", "timestamp": "1658962744033", "position": {"x": 802, "y": 895}}, {"event_name": "mouseover", "timestamp": "1658962744118", "position": {"x": 145, "y": 128}}, {"event_name": "mousemove", "timestamp": "1658962744118", "position": {"x": 145, "y": 128}}, {"event_name": "mouseout", "timestamp": "1658962744134", "position": {"x": 915, "y": 399}}, {"event_name": "mouseover", "timestamp": "1658962744150", "position": {"x": 517, "y": 387}}, {"event_name": "mousemove", "timestamp": "1658962744150", "position": {"x": 517, "y": 387}}, {"event_name": "mouseout", "timestamp": "1658962744167", "position": {"x": 1098, "y": 116}}, {"event_name": "mouseover", "timestamp": "1658962744183", "position": {"x": 153, "y": 118}}, {"event_name": "mousemove", "timestamp": "1658962744184", "position": {"x": 153, "y": 118}}, {"event_name": "mouseout", "timestamp": "1658962744200", "position": {"x": 1172, "y": 180}}, {"event_name": "mouseover", "timestamp": "1658962744267", "position": {"x": 282, "y": 553}}, {"event_name": "mousemove", "timestamp": "1658962744267", "position": {"x": 282, "y": 553}}, {"event_name": "mouseout", "timestamp": "1658962744284", "position": {"x": 315, "y": 53}}, {"event_name": "mouseover", "timestamp": "1658962744284", "position": {"x": 315, "y": 53}}, {"event_name": "mousemove", "timestamp": "1658962744284", "position": {"x": 315, "y": 53}}, {"event_name": "mouseout", "timestamp": "1658962744300", "position": {"x": 62, "y": 311}}, {"event_name": "mouseover", "timestamp": "1658962744300", "position": {"x": 62, "y": 311}}, {"event_name": "mousemove", "timestamp": "1658962744300", "position": {"x": 62, "y": 311}}, {"event_name": "mouseout", "timestamp": "1658962744316", "position": {"x": 15, "y": 566}}, {"event_name": "mouseover", "timestamp": "1658962744316", "position": {"x": 15, "y": 566}}, {"event_name": "mousemove", "timestamp": "1658962744317", "position": {"x": 15, "y": 566}}, {"event_name": "mousemove", "timestamp": "1658962744334", "position": {"x": 795, "y": 598}}, {"event_name": "mouseout", "timestamp": "1658962744350", "position": {"x": 1197, "y": 496}}, {"event_name": "mouseover", "timestamp": "1658962744567", "position": {"x": 628, "y": 523}}, {"event_name": "mousemove", "timestamp": "1658962744567", "position": {"x": 628, "y": 523}}, {"event_name": "mouseout", "timestamp": "1658962744583", "position": {"x": 332, "y": 492}}, {"event_name": "mouseover", "timestamp": "1658962744584", "position": {"x": 332, "y": 492}}, {"event_name": "mousemove", "timestamp": "1658962744584", "position": {"x": 332, "y": 492}}, {"event_name": "mouseout", "timestamp": "1658962744600", "position": {"x": 214, "y": 205}}, {"event_name": "mouseover", "timestamp": "1658962744600", "position": {"x": 214, "y": 205}}, {"event_name": "mousemove", "timestamp": "1658962744601", "position": {"x": 214, "y": 205}}, {"event_name": "mouseout", "timestamp": "1658962744617", "position": {"x": 612, "y": 715}}, {"event_name": "mouseover", "timestamp": "1658962744650", "position": {"x": 695, "y": 355}}, {"event_name": "mousemove", "timestamp": "1658962744651", "position": {"x": 695, "y": 355}}, {"event_name": "mouseout", "timestamp": "1658962744667", "position": {"x": 1298, "y": 570}}, {"event_name": "mousemove", "timestamp": "1658962744700", "position": {"x": 703, "y": 539}}, {"event_name": "mouseover", "timestamp": "1658962744700", "position": {"x": 703, "y": 539}}, {"event_name": "mouseout", "timestamp": "1658962744717", "position": {"x": 1525, "y": 707}}, {"event_name": "mouseover", "timestamp": "1658962744734", "position": {"x": 584, "y": 517}}, {"event_name": "mousemove", "timestamp": "1658962744734", "position": {"x": 584, "y": 517}}, {"event_name": "mouseout", "timestamp": "1658962744750", "position": {"x": 437, "y": 542}}, {"event_name": "mouseover", "timestamp": "1658962744750", "position": {"x": 437, "y": 542}}, {"event_name": "mousemove", "timestamp": "1658962744750", "position": {"x": 437, "y": 542}}, {"event_name": "mouseout", "timestamp": "1658962744767", "position": {"x": 1740, "y": 453}}, {"event_name": "mouseover", "timestamp": "1658962744833", "position": {"x": 206, "y": 292}}, {"event_name": "mousemove", "timestamp": "1658962744834", "position": {"x": 206, "y": 292}}, {"event_name": "mouseout", "timestamp": "1658962744851", "position": {"x": 1260, "y": 339}}, {"event_name": "mouseover", "timestamp": "1658962744883", "position": {"x": 298, "y": 297}}, {"event_name": "mousemove", "timestamp": "1658962744884", "position": {"x": 298, "y": 297}}, {"event_name": "mouseout", "timestamp": "1658962744903", "position": {"x": 279, "y": 647}}, {"event_name": "mouseover", "timestamp": "1658962744950", "position": {"x": 32, "y": 266}}, {"event_name": "mousemove", "timestamp": "1658962744951", "position": {"x": 32, "y": 266}}, {"event_name": "mouseout", "timestamp": "1658962744967", "position": {"x": 1751, "y": 793}}, {"event_name": "mouseover", "timestamp": "1658962745051", "position": {"x": 164, "y": 476}}, {"event_name": "mousemove", "timestamp": "1658962745051", "position": {"x": 164, "y": 476}}, {"event_name": "mouseout", "timestamp": "1658962745067", "position": {"x": 449, "y": 70}}, {"event_name": "mouseover", "timestamp": "1658962745067", "position": {"x": 449, "y": 70}}, {"event_name": "mousemove", "timestamp": "1658962745067", "position": {"x": 449, "y": 70}}, {"event_name": "mouseout", "timestamp": "1658962745086", "position": {"x": 1443, "y": 173}}, {"event_name": "mouseover", "timestamp": "1658962745216", "position": {"x": 754, "y": 61}}, {"event_name": "mousemove", "timestamp": "1658962745216", "position": {"x": 754, "y": 61}}, {"event_name": "mouseout", "timestamp": "1658962745233", "position": {"x": 947, "y": 881}}, {"event_name": "mouseover", "timestamp": "1658962745251", "position": {"x": 5, "y": 139}}, {"event_name": "mousemove", "timestamp": "1658962745251", "position": {"x": 5, "y": 139}}, {"event_name": "mouseout", "timestamp": "1658962745266", "position": {"x": 1400, "y": 224}}, {"event_name": "mouseover", "timestamp": "1658962745316", "position": {"x": 116, "y": 448}}, {"event_name": "mousemove", "timestamp": "1658962745316", "position": {"x": 116, "y": 448}}, {"event_name": "mouseout", "timestamp": "1658962745333", "position": {"x": 1463, "y": 546}}, {"event_name": "mouseover", "timestamp": "1658962745350", "position": {"x": 343, "y": 407}}, {"event_name": "mousemove", "timestamp": "1658962745350", "position": {"x": 343, "y": 407}}, {"event_name": "mouseout", "timestamp": "1658962745366", "position": {"x": 1398, "y": 119}}, {"event_name": "mouseover", "timestamp": "1658962745417", "position": {"x": 379, "y": 3}}, {"event_name": "mousemove", "timestamp": "1658962745417", "position": {"x": 379, "y": 3}}, {"event_name": "mouseout", "timestamp": "1658962745433", "position": {"x": 1010, "y": 441}}, {"event_name": "mouseover", "timestamp": "1658962745567", "position": {"x": 355, "y": 250}}, {"event_name": "mousemove", "timestamp": "1658962745567", "position": {"x": 355, "y": 250}}, {"event_name": "mouseout", "timestamp": "1658962745584", "position": {"x": 1441, "y": 86}}, {"event_name": "mouseover", "timestamp": "1658962745650", "position": {"x": 230, "y": 74}}, {"event_name": "mousemove", "timestamp": "1658962745650", "position": {"x": 230, "y": 74}}, {"event_name": "mouseout", "timestamp": "1658962745667", "position": {"x": 1511, "y": 595}}, {"event_name": "mouseover", "timestamp": "1658962745683", "position": {"x": 323, "y": 211}}, {"event_name": "mousemove", "timestamp": "1658962745684", "position": {"x": 323, "y": 211}}, {"event_name": "mouseout", "timestamp": "1658962745700", "position": {"x": 435, "y": 761}}, {"event_name": "mouseover", "timestamp": "1658962745734", "position": {"x": 696, "y": 320}}, {"event_name": "mousemove", "timestamp": "1658962745735", "position": {"x": 696, "y": 320}}, {"event_name": "mouseout", "timestamp": "1658962745750", "position": {"x": 160, "y": 560}}, {"event_name": "mouseover", "timestamp": "1658962745750", "position": {"x": 160, "y": 560}}, {"event_name": "mousemove", "timestamp": "1658962745750", "position": {"x": 160, "y": 560}}, {"event_name": "mouseout", "timestamp": "1658962745767", "position": {"x": 1759, "y": 786}}, {"event_name": "mouseover", "timestamp": "1658962745784", "position": {"x": 65, "y": 531}}, {"event_name": "mousemove", "timestamp": "1658962745784", "position": {"x": 65, "y": 531}}, {"event_name": "mouseout", "timestamp": "1658962745799", "position": {"x": 1650, "y": 451}}, {"event_name": "mouseover", "timestamp": "1658962745816", "position": {"x": 67, "y": 55}}, {"event_name": "mousemove", "timestamp": "1658962745816", "position": {"x": 67, "y": 55}}, {"event_name": "mouseout", "timestamp": "1658962745833", "position": {"x": 1595, "y": 59}}, {"event_name": "mouseover", "timestamp": "1658962745950", "position": {"x": 748, "y": 233}}, {"event_name": "mousemove", "timestamp": "1658962745951", "position": {"x": 748, "y": 233}}, {"event_name": "mouseout", "timestamp": "1658962745967", "position": {"x": 1278, "y": 310}}, {"event_name": "mouseover", "timestamp": "1658962746017", "position": {"x": 285, "y": 470}}, {"event_name": "mousemove", "timestamp": "1658962746017", "position": {"x": 285, "y": 470}}, {"event_name": "mouseout", "timestamp": "1658962746033", "position": {"x": 305, "y": 837}}, {"event_name": "mouseover", "timestamp": "1658962746067", "position": {"x": 430, "y": 589}}, {"event_name": "mousemove", "timestamp": "1658962746067", "position": {"x": 430, "y": 589}}, {"event_name": "mouseout", "timestamp": "1658962746083", "position": {"x": 1354, "y": 379}}, {"event_name": "mouseover", "timestamp": "1658962746184", "position": {"x": 564, "y": 46}}, {"event_name": "mousemove", "timestamp": "1658962746184", "position": {"x": 564, "y": 46}}, {"event_name": "mouseout", "timestamp": "1658962746201", "position": {"x": 283, "y": 218}}, {"event_name": "mouseover", "timestamp": "1658962746201", "position": {"x": 283, "y": 218}}, {"event_name": "mousemove", "timestamp": "1658962746201", "position": {"x": 283, "y": 218}}, {"event_name": "mouseout", "timestamp": "1658962746216", "position": {"x": 1263, "y": 111}}, {"event_name": "mouseover", "timestamp": "1658962746268", "position": {"x": 441, "y": 432}}, {"event_name": "mousemove", "timestamp": "1658962746268", "position": {"x": 441, "y": 432}}, {"event_name": "mouseout", "timestamp": "1658962746283", "position": {"x": 839, "y": 115}}, {"event_name": "mouseover", "timestamp": "1658962746317", "position": {"x": 760, "y": 332}}, {"event_name": "mousemove", "timestamp": "1658962746317", "position": {"x": 760, "y": 332}}, {"event_name": "mouseout", "timestamp": "1658962746333", "position": {"x": 276, "y": 136}}, {"event_name": "mouseover", "timestamp": "1658962746333", "position": {"x": 276, "y": 136}}, {"event_name": "mousemove", "timestamp": "1658962746333", "position": {"x": 276, "y": 136}}, {"event_name": "mouseout", "timestamp": "1658962746350", "position": {"x": 1689, "y": 295}}, {"event_name": "mouseover", "timestamp": "1658962746366", "position": {"x": 735, "y": 164}}, {"event_name": "mousemove", "timestamp": "1658962746367", "position": {"x": 735, "y": 164}}, {"event_name": "mouseout", "timestamp": "1658962746383", "position": {"x": 627, "y": 83}}, {"event_name": "mouseover", "timestamp": "1658962746384", "position": {"x": 627, "y": 83}}, {"event_name": "mousemove", "timestamp": "1658962746384", "position": {"x": 627, "y": 83}}, {"event_name": "mouseout", "timestamp": "1658962746400", "position": {"x": 1464, "y": 580}}, {"event_name": "mouseover", "timestamp": "1658962746417", "position": {"x": 242, "y": 524}}, {"event_name": "mousemove", "timestamp": "1658962746418", "position": {"x": 242, "y": 524}}, {"event_name": "mouseout", "timestamp": "1658962746433", "position": {"x": 1584, "y": 700}}, {"event_name": "mouseover", "timestamp": "1658962746450", "position": {"x": 405, "y": 434}}, {"event_name": "mousemove", "timestamp": "1658962746450", "position": {"x": 405, "y": 434}}, {"event_name": "mouseout", "timestamp": "1658962746466", "position": {"x": 823, "y": 483}}, {"event_name": "mouseover", "timestamp": "1658962746500", "position": {"x": 40, "y": 186}}, {"event_name": "mousemove", "timestamp": "1658962746500", "position": {"x": 40, "y": 186}}, {"event_name": "mouseout", "timestamp": "1658962746516", "position": {"x": 771, "y": 697}}, {"event_name": "mouseover", "timestamp": "1658962746684", "position": {"x": 694, "y": 119}}, {"event_name": "mousemove", "timestamp": "1658962746684", "position": {"x": 694, "y": 119}}, {"event_name": "mouseout", "timestamp": "1658962746699", "position": {"x": 1579, "y": 359}}, {"event_name": "mouseover", "timestamp": "1658962746716", "position": {"x": 492, "y": 290}}, {"event_name": "mousemove", "timestamp": "1658962746716", "position": {"x": 492, "y": 290}}, {"event_name": "mouseout", "timestamp": "1658962746733", "position": {"x": 1552, "y": 692}}, {"event_name": "mouseover", "timestamp": "1658962746750", "position": {"x": 44, "y": 459}}, {"event_name": "mousemove", "timestamp": "1658962746750", "position": {"x": 44, "y": 459}}, {"event_name": "mouseout", "timestamp": "1658962746766", "position": {"x": 134, "y": 583}}, {"event_name": "mouseover", "timestamp": "1658962746766", "position": {"x": 134, "y": 583}}, {"event_name": "mousemove", "timestamp": "1658962746766", "position": {"x": 134, "y": 583}}, {"event_name": "mouseout", "timestamp": "1658962746783", "position": {"x": 1663, "y": 560}}, {"event_name": "mouseover", "timestamp": "1658962746833", "position": {"x": 601, "y": 371}}, {"event_name": "mousemove", "timestamp": "1658962746833", "position": {"x": 601, "y": 371}}, {"event_name": "mouseout", "timestamp": "1658962746850", "position": {"x": 916, "y": 180}}, {"event_name": "mouseover", "timestamp": "1658962746917", "position": {"x": 194, "y": 551}}, {"event_name": "mousemove", "timestamp": "1658962746917", "position": {"x": 194, "y": 551}}, {"event_name": "mouseout", "timestamp": "1658962746934", "position": {"x": 1377, "y": 466}}, {"event_name": "mouseover", "timestamp": "1658962746950", "position": {"x": 60, "y": 167}}, {"event_name": "mousemove", "timestamp": "1658962746951", "position": {"x": 60, "y": 167}}, {"event_name": "mousemove", "timestamp": "1658962746970", "position": {"x": 67, "y": 177}}, {"event_name": "mouseout", "timestamp": "1658962746984", "position": {"x": 427, "y": 494}}, {"event_name": "mouseover", "timestamp": "1658962746984", "position": {"x": 427, "y": 494}}, {"event_name": "mousemove", "timestamp": "1658962746986", "position": {"x": 427, "y": 494}}, {"event_name": "mouseout", "timestamp": "1658962747002", "position": {"x": 697, "y": 331}}, {"event_name": "mouseover", "timestamp": "1658962747002", "position": {"x": 697, "y": 331}}, {"event_name": "mousemove", "timestamp": "1658962747002", "position": {"x": 697, "y": 331}}, {"event_name": "mouseout", "timestamp": "1658962747017", "position": {"x": 587, "y": 551}}, {"event_name": "mouseover", "timestamp": "1658962747017", "position": {"x": 587, "y": 551}}, {"event_name": "mousemove", "timestamp": "1658962747017", "position": {"x": 587, "y": 551}}, {"event_name": "mouseout", "timestamp": "1658962747033", "position": {"x": 1009, "y": 851}}, {"event_name": "mouseover", "timestamp": "1658962747050", "position": {"x": 2, "y": 90}}, {"event_name": "mousemove", "timestamp": "1658962747050", "position": {"x": 2, "y": 90}}, {"event_name": "mouseout", "timestamp": "1658962747067", "position": {"x": 1281, "y": 468}}, {"event_name": "mouseover", "timestamp": "1658962747084", "position": {"x": 341, "y": 485}}, {"event_name": "mousemove", "timestamp": "1658962747084", "position": {"x": 341, "y": 485}}, {"event_name": "mouseout", "timestamp": "1658962747100", "position": {"x": 1718, "y": 378}}, {"event_name": "mouseover", "timestamp": "1658962747150", "position": {"x": 756, "y": 87}}, {"event_name": "mousemove", "timestamp": "1658962747150", "position": {"x": 756, "y": 87}}, {"event_name": "mouseout", "timestamp": "1658962747166", "position": {"x": 890, "y": 159}}, {"event_name": "mouseover", "timestamp": "1658962747217", "position": {"x": 732, "y": 41}}, {"event_name": "mousemove", "timestamp": "1658962747217", "position": {"x": 732, "y": 41}}, {"event_name": "mouseout", "timestamp": "1658962747233", "position": {"x": 1576, "y": 866}}, {"event_name": "mouseover", "timestamp": "1658962747300", "position": {"x": 778, "y": 260}}, {"event_name": "mousemove", "timestamp": "1658962747300", "position": {"x": 778, "y": 260}}, {"event_name": "mouseout", "timestamp": "1658962747316", "position": {"x": 1181, "y": 533}}, {"event_name": "mouseover", "timestamp": "1658962747383", "position": {"x": 62, "y": 291}}, {"event_name": "mousemove", "timestamp": "1658962747383", "position": {"x": 62, "y": 291}}, {"event_name": "mouseout", "timestamp": "1658962747400", "position": {"x": 1541, "y": 625}}, {"event_name": "mouseover", "timestamp": "1658962747433", "position": {"x": 171, "y": 314}}, {"event_name": "mousemove", "timestamp": "1658962747433", "position": {"x": 171, "y": 314}}, {"event_name": "mouseout", "timestamp": "1658962747450", "position": {"x": 852, "y": 226}}, {"event_name": "mouseover", "timestamp": "1658962747483", "position": {"x": 119, "y": 314}}, {"event_name": "mousemove", "timestamp": "1658962747483", "position": {"x": 119, "y": 314}}, {"event_name": "mouseout", "timestamp": "1658962747500", "position": {"x": 506, "y": 704}}, {"event_name": "mouseover", "timestamp": "1658962747551", "position": {"x": 125, "y": 59}}, {"event_name": "mousemove", "timestamp": "1658962747551", "position": {"x": 125, "y": 59}}, {"event_name": "mouseout", "timestamp": "1658962747567", "position": {"x": 827, "y": 277}}, {"event_name": "mouseover", "timestamp": "1658962747584", "position": {"x": 495, "y": 133}}, {"event_name": "mousemove", "timestamp": "1658962747584", "position": {"x": 495, "y": 133}}, {"event_name": "mouseout", "timestamp": "1658962747601", "position": {"x": 447, "y": 505}}, {"event_name": "mouseover", "timestamp": "1658962747602", "position": {"x": 447, "y": 505}}, {"event_name": "mousemove", "timestamp": "1658962747602", "position": {"x": 447, "y": 505}}, {"event_name": "mouseout", "timestamp": "1658962747617", "position": {"x": 1064, "y": 655}}, {"event_name": "mouseover", "timestamp": "1658962747633", "position": {"x": 311, "y": 122}}, {"event_name": "mousemove", "timestamp": "1658962747633", "position": {"x": 311, "y": 122}}, {"event_name": "mouseout", "timestamp": "1658962747650", "position": {"x": 1756, "y": 819}}, {"event_name": "mouseover", "timestamp": "1658962747668", "position": {"x": 487, "y": 207}}, {"event_name": "mousemove", "timestamp": "1658962747668", "position": {"x": 487, "y": 207}}, {"event_name": "mouseout", "timestamp": "1658962747683", "position": {"x": 1338, "y": 58}}, {"event_name": "mouseover", "timestamp": "1658962747700", "position": {"x": 508, "y": 539}}, {"event_name": "mousemove", "timestamp": "1658962747700", "position": {"x": 508, "y": 539}}, {"event_name": "mouseout", "timestamp": "1658962747717", "position": {"x": 298, "y": 58}}, {"event_name": "mouseover", "timestamp": "1658962747717", "position": {"x": 298, "y": 58}}, {"event_name": "mousemove", "timestamp": "1658962747717", "position": {"x": 298, "y": 58}}, {"event_name": "mouseout", "timestamp": "1658962747733", "position": {"x": 1269, "y": 624}}, {"event_name": "mouseover", "timestamp": "1658962747766", "position": {"x": 570, "y": 121}}, {"event_name": "mousemove", "timestamp": "1658962747766", "position": {"x": 570, "y": 121}}, {"event_name": "mouseout", "timestamp": "1658962747783", "position": {"x": 670, "y": 587}}, {"event_name": "mouseover", "timestamp": "1658962747783", "position": {"x": 670, "y": 587}}, {"event_name": "mousemove", "timestamp": "1658962747783", "position": {"x": 670, "y": 587}}, {"event_name": "mouseout", "timestamp": "1658962747799", "position": {"x": 809, "y": 191}}, {"event_name": "mouseover", "timestamp": "1658962747850", "position": {"x": 67, "y": 475}}, {"event_name": "mousemove", "timestamp": "1658962747850", "position": {"x": 67, "y": 475}}, {"event_name": "mouseout", "timestamp": "1658962747866", "position": {"x": 1664, "y": 609}}, {"event_name": "mouseover", "timestamp": "1658962747900", "position": {"x": 167, "y": 565}}, {"event_name": "mousemove", "timestamp": "1658962747900", "position": {"x": 167, "y": 565}}, {"event_name": "mouseout", "timestamp": "1658962747917", "position": {"x": 619, "y": 10}}, {"event_name": "mouseover", "timestamp": "1658962747917", "position": {"x": 619, "y": 10}}, {"event_name": "mousemove", "timestamp": "1658962747918", "position": {"x": 619, "y": 10}}, {"event_name": "mouseout", "timestamp": "1658962747933", "position": {"x": 1371, "y": 751}}, {"event_name": "mouseover", "timestamp": "1658962748000", "position": {"x": 255, "y": 327}}, {"event_name": "mousemove", "timestamp": "1658962748000", "position": {"x": 255, "y": 327}}, {"event_name": "mousemove", "timestamp": "1658962748017", "position": {"x": 111, "y": 380}}, {"event_name": "mouseout", "timestamp": "1658962748033", "position": {"x": 945, "y": 137}}, {"event_name": "mouseover", "timestamp": "1658962748067", "position": {"x": 668, "y": 36}}, {"event_name": "mousemove", "timestamp": "1658962748067", "position": {"x": 668, "y": 36}}, {"event_name": "mouseout", "timestamp": "1658962748084", "position": {"x": 797, "y": 878}}, {"event_name": "mouseover", "timestamp": "1658962748100", "position": {"x": 434, "y": 293}}, {"event_name": "mousemove", "timestamp": "1658962748101", "position": {"x": 434, "y": 293}}, {"event_name": "mouseout", "timestamp": "1658962748117", "position": {"x": 636, "y": 795}}, {"event_name": "mouseover", "timestamp": "1658962748135", "position": {"x": 621, "y": 504}}, {"event_name": "mousemove", "timestamp": "1658962748135", "position": {"x": 621, "y": 504}}, {"event_name": "mouseout", "timestamp": "1658962748151", "position": {"x": 1410, "y": 264}}, {"event_name": "mouseover", "timestamp": "1658962748200", "position": {"x": 361, "y": 388}}, {"event_name": "mousemove", "timestamp": "1658962748201", "position": {"x": 361, "y": 388}}, {"event_name": "mouseout", "timestamp": "1658962748217", "position": {"x": 1119, "y": 405}}, {"event_name": "mouseover", "timestamp": "1658962748350", "position": {"x": 495, "y": 342}}, {"event_name": "mousemove", "timestamp": "1658962748350", "position": {"x": 495, "y": 342}}, {"event_name": "mouseout", "timestamp": "1658962748367", "position": {"x": 1100, "y": 104}}, {"event_name": "mouseover", "timestamp": "1658962748485", "position": {"x": 510, "y": 329}}, {"event_name": "mousemove", "timestamp": "1658962748486", "position": {"x": 510, "y": 329}}, {"event_name": "mouseout", "timestamp": "1658962748502", "position": {"x": 25, "y": 878}}, {"event_name": "mouseover", "timestamp": "1658962748633", "position": {"x": 763, "y": 160}}, {"event_name": "mousemove", "timestamp": "1658962748633", "position": {"x": 763, "y": 160}}, {"event_name": "mouseout", "timestamp": "1658962748649", "position": {"x": 520, "y": 335}}, {"event_name": "mouseover", "timestamp": "1658962748650", "position": {"x": 520, "y": 335}}, {"event_name": "mousemove", "timestamp": "1658962748650", "position": {"x": 520, "y": 335}}, {"event_name": "mouseout", "timestamp": "1658962748666", "position": {"x": 1560, "y": 873}}, {"event_name": "mouseover", "timestamp": "1658962748699", "position": {"x": 222, "y": 578}}, {"event_name": "mousemove", "timestamp": "1658962748700", "position": {"x": 222, "y": 578}}, {"event_name": "mouseout", "timestamp": "1658962748716", "position": {"x": 1572, "y": 398}}, {"event_name": "mouseover", "timestamp": "1658962748783", "position": {"x": 564, "y": 240}}, {"event_name": "mousemove", "timestamp": "1658962748783", "position": {"x": 564, "y": 240}}, {"event_name": "mouseout", "timestamp": "1658962748800", "position": {"x": 1058, "y": 33}}, {"event_name": "mouseover", "timestamp": "1658962748883", "position": {"x": 193, "y": 572}}, {"event_name": "mousemove", "timestamp": "1658962748883", "position": {"x": 193, "y": 572}}, {"event_name": "mouseout", "timestamp": "1658962748899", "position": {"x": 1348, "y": 200}}, {"event_name": "mouseover", "timestamp": "1658962749001", "position": {"x": 236, "y": 153}}, {"event_name": "mousemove", "timestamp": "1658962749001", "position": {"x": 236, "y": 153}}, {"event_name": "mouseout", "timestamp": "1658962749017", "position": {"x": 1024, "y": 357}}, {"event_name": "mouseover", "timestamp": "1658962749084", "position": {"x": 137, "y": 382}}, {"event_name": "mousemove", "timestamp": "1658962749084", "position": {"x": 137, "y": 382}}, {"event_name": "mouseout", "timestamp": "1658962749100", "position": {"x": 216, "y": 793}}, {"event_name": "mouseover", "timestamp": "1658962749202", "position": {"x": 590, "y": 298}}, {"event_name": "mousemove", "timestamp": "1658962749203", "position": {"x": 590, "y": 298}}, {"event_name": "mouseout", "timestamp": "1658962749217", "position": {"x": 1264, "y": 557}}, {"event_name": "mouseover", "timestamp": "1658962749284", "position": {"x": 533, "y": 353}}, {"event_name": "mousemove", "timestamp": "1658962749285", "position": {"x": 533, "y": 353}}, {"event_name": "mouseout", "timestamp": "1658962749300", "position": {"x": 761, "y": 158}}, {"event_name": "mouseover", "timestamp": "1658962749300", "position": {"x": 761, "y": 158}}, {"event_name": "mousemove", "timestamp": "1658962749301", "position": {"x": 761, "y": 158}}, {"event_name": "mouseout", "timestamp": "1658962749316", "position": {"x": 1164, "y": 808}}, {"event_name": "mouseover", "timestamp": "1658962749333", "position": {"x": 697, "y": 250}}, {"event_name": "mousemove", "timestamp": "1658962749333", "position": {"x": 697, "y": 250}}, {"event_name": "mouseout", "timestamp": "1658962749350", "position": {"x": 1789, "y": 0}}, {"event_name": "mouseover", "timestamp": "1658962749450", "position": {"x": 661, "y": 540}}, {"event_name": "mousemove", "timestamp": "1658962749450", "position": {"x": 661, "y": 540}}, {"event_name": "mouseout", "timestamp": "1658962749467", "position": {"x": 1768, "y": 656}}, {"event_name": "mouseover", "timestamp": "1658962749500", "position": {"x": 716, "y": 541}}, {"event_name": "mousemove", "timestamp": "1658962749500", "position": {"x": 716, "y": 541}}, {"event_name": "mouseout", "timestamp": "1658962749517", "position": {"x": 1310, "y": 604}}, {"event_name": "mouseover", "timestamp": "1658962749616", "position": {"x": 37, "y": 551}}, {"event_name": "mousemove", "timestamp": "1658962749616", "position": {"x": 37, "y": 551}}, {"event_name": "mouseout", "timestamp": "1658962749633", "position": {"x": 1252, "y": 337}}, {"event_name": "mouseover", "timestamp": "1658962749683", "position": {"x": 731, "y": 371}}, {"event_name": "mousemove", "timestamp": "1658962749683", "position": {"x": 731, "y": 371}}]}