{"user_id": "05d9b3c9-813e-4a6c-8927-a8475a25f300", "device": "desktop", "trace": [{"event_name": "load", "timestamp": "1658963068258", "position": {"x": 0, "y": 0}}, {"event_name": "pageshow", "timestamp": "1658963068258", "position": {"x": 0, "y": 0}}, {"event_name": "mouseover", "timestamp": "1658963068371", "position": {"x": 41, "y": 275}}, {"event_name": "mousemove", "timestamp": "1658963068371", "position": {"x": 41, "y": 275}}, {"event_name": "mouseout", "timestamp": "1658963068387", "position": {"x": 1258, "y": 596}}, {"event_name": "mouseover", "timestamp": "1658963068403", "position": {"x": 242, "y": 364}}, {"event_name": "mousemove", "timestamp": "1658963068404", "position": {"x": 242, "y": 364}}, {"event_name": "mouseout", "timestamp": "1658963068420", "position": {"x": 472, "y": 560}}, {"event_name": "mouseover", "timestamp": "1658963068420", "position": {"x": 472, "y": 560}}, {"event_name": "mousemove", "timestamp": "1658963068421", "position": {"x": 472, "y": 560}}, {"event_name": "mouseout", "timestamp": "1658963068437", "position": {"x": 774, "y": 481}}, {"event_name": "mouseover", "timestamp": "1658963068437", "position": {"x": 774, "y": 481}}, {"event_name": "mousemove", "timestamp": "1658963068437", "position": {"x": 774, "y": 481}}, {"event_name": "mouseout", "timestamp": "1658963068453", "position": {"x": 1632, "y": 49}}, {"event_name": "mouseover", "timestamp": "1658963068487", "position": {"x": 387, "y": 73}}, {"event_name": "mousemove", "timestamp": "1658963068488", "position": {"x": 387, "y": 73}}, {"event_name": "mouseout", "timestamp": "1658963068503", "position": {"x": 1553, "y": 395}}, {"event_name": "mouseover", "timestamp": "1658963068520", "position": {"x": 736, "y": 550}}, {"event_name": "mousemove", "timestamp": "1658963068520", "position": {"x": 736, "y": 550}}, {"event_name": "mousemove", "timestamp": "1658963068537", "position": {"x": 89, "y": 382}}, {"event_name": "mouseout", "timestamp": "1658963068554", "position": {"x": 206, "y": 694}}, {"event_name": "mouseover", "timestamp": "1658963068587", "position": {"x": 328, "y": 185}}, {"event_name": "mousemove", "timestamp": "1658963068588", "position": {"x": 328, "y": 185}}, {"event_name": "mouseout", "timestamp": "1658963068604", "position": {"x": 1794, "y": 486}}, {"event_name": "mouseover", "timestamp": "1658963068620", "position": {"x": 248, "y": 254}}, {"event_name": "mousemove", "timestamp": "1658963068621", "position": {"x": 248, "y": 254}}, {"event_name": "mouseout", "timestamp": "1658963068637", "position": {"x": 249, "y": 283}}, {"event_name": "mouseover", "timestamp": "1658963068637", "position": {"x": 249, "y": 283}}, {"event_name": "mousemove", "timestamp": "1658963068637", "position": {"x": 249, "y": 283}}, {"event_name": "mousemove", "timestamp": "1658963068653", "position": {"x": 703, "y": 228}}, {"event_name": "mouseout", "timestamp": "1658963068673", "position": {"x": 386, "y": 369}}, {"event_name": "mouseover", "timestamp": "1658963068673", "position": {"x": 386, "y": 369}}, {"event_name": "mousemove", "timestamp": "1658963068673", "position": {"x": 386, "y": 369}}, {"event_name": "mouseout", "timestamp": "1658963068689", "position": {"x": 1754, "y": 175}}, {"event_name": "mouseover", "timestamp": "1658963068753", "position": {"x": 381, "y": 115}}, {"event_name": "mousemove", "timestamp": "1658963068753", "position": {"x": 381, "y": 115}}, {"event_name": "mouseout", "timestamp": "1658963068770", "position": {"x": 1330, "y": 500}}, {"event_name": "mouseover", "timestamp": "1658963068787", "position": {"x": 221, "y": 234}}, {"event_name": "mousemove", "timestamp": "1658963068787", "position": {"x": 221, "y": 234}}, {"event_name": "mouseout", "timestamp": "1658963068803", "position": {"x": 2, "y": 101}}, {"event_name": "mouseover", "timestamp": "1658963068804", "position": {"x": 2, "y": 101}}, {"event_name": "mousemove", "timestamp": "1658963068804", "position": {"x": 2, "y": 101}}, {"event_name": "mouseout", "timestamp": "1658963068820", "position": {"x": 528, "y": 216}}, {"event_name": "mouseover", "timestamp": "1658963068820", "position": {"x": 528, "y": 216}}, {"event_name": "mousemove", "timestamp": "1658963068820", "position": {"x": 528, "y": 216}}, {"event_name": "mouseout", "timestamp": "1658963068837", "position": {"x": 604, "y": 17}}, {"event_name": "mouseover", "timestamp": "1658963068837", "position": {"x": 604, "y": 17}}, {"event_name": "mousemove", "timestamp": "1658963068838", "position": {"x": 604, "y": 17}}, {"event_name": "mouseout", "timestamp": "1658963068854", "position": {"x": 641, "y": 545}}, {"event_name": "mouseover", "timestamp": "1658963068854", "position": {"x": 641, "y": 545}}, {"event_name": "mousemove", "timestamp": "1658963068854", "position": {"x": 641, "y": 545}}, {"event_name": "mouseout", "timestamp": "1658963068871", "position": {"x": 88, "y": 708}}, {"event_name": "mouseover", "timestamp": "1658963068888", "position": {"x": 49, "y": 388}}, {"event_name": "mousemove", "timestamp": "1658963068888", "position": {"x": 49, "y": 388}}, {"event_name": "mouseout", "timestamp": "1658963068904", "position": {"x": 1472, "y": 548}}, {"event_name": "mouseover", "timestamp": "1658963069004", "position": {"x": 287, "y": 235}}, {"event_name": "mousemove", "timestamp": "1658963069004", "position": {"x": 287, "y": 235}}, {"event_name": "mouseout", "timestamp": "1658963069020", "position": {"x": 1456, "y": 149}}, {"event_name": "mouseover", "timestamp": "1658963069109", "position": {"x": 458, "y": 332}}, {"event_name": "mousemove", "timestamp": "1658963069109", "position": {"x": 458, "y": 332}}, {"event_name": "mouseout", "timestamp": "1658963069120", "position": {"x": 1055, "y": 686}}, {"event_name": "mouseover", "timestamp": "1658963069355", "position": {"x": 194, "y": 527}}, {"event_name": "mousemove", "timestamp": "1658963069355", "position": {"x": 194, "y": 527}}, {"event_name": "mouseout", "timestamp": "1658963069371", "position": {"x": 1092, "y": 502}}, {"event_name": "mouseover", "timestamp": "1658963069387", "position": {"x": 430, "y": 114}}, {"event_name": "mousemove", "timestamp": "1658963069387", "position": {"x": 430, "y": 114}}, {"event_name": "mouseout", "timestamp": "1658963069404", "position": {"x": 1206, "y": 493}}, {"event_name": "mouseover", "timestamp": "1658963069637", "position": {"x": 565, "y": 235}}, {"event_name": "mousemove", "timestamp": "1658963069637", "position": {"x": 565, "y": 235}}, {"event_name": "mouseout", "timestamp": "1658963069654", "position": {"x": 865, "y": 613}}, {"event_name": "mousemove", "timestamp": "1658963069703", "position": {"x": 75, "y": 337}}, {"event_name": "mouseover", "timestamp": "1658963069703", "position": {"x": 75, "y": 337}}, {"event_name": "mouseout", "timestamp": "1658963069720", "position": {"x": 1305, "y": 128}}, {"event_name": "mouseover", "timestamp": "1658963069737", "position": {"x": 621, "y": 498}}, {"event_name": "mousemove", "timestamp": "1658963069737", "position": {"x": 621, "y": 498}}, {"event_name": "mouseout", "timestamp": "1658963069753", "position": {"x": 997, "y": 151}}, {"event_name": "mouseover", "timestamp": "1658963069937", "position": {"x": 191, "y": 376}}, {"event_name": "mousemove", "timestamp": "1658963069938", "position": {"x": 191, "y": 376}}, {"event_name": "mouseout", "timestamp": "1658963069954", "position": {"x": 268, "y": 118}}, {"event_name": "mouseover", "timestamp": "1658963069954", "position": {"x": 268, "y": 118}}, {"event_name": "mousemove", "timestamp": "1658963069955", "position": {"x": 268, "y": 118}}, {"event_name": "mouseout", "timestamp": "1658963069972", "position": {"x": 1079, "y": 413}}, {"event_name": "mouseover", "timestamp": "1658963070004", "position": {"x": 328, "y": 598}}, {"event_name": "mousemove", "timestamp": "1658963070004", "position": {"x": 328, "y": 598}}, {"event_name": "mouseout", "timestamp": "1658963070021", "position": {"x": 1419, "y": 730}}, {"event_name": "mouseover", "timestamp": "1658963070038", "position": {"x": 321, "y": 570}}, {"event_name": "mousemove", "timestamp": "1658963070038", "position": {"x": 321, "y": 570}}, {"event_name": "mouseout", "timestamp": "1658963070053", "position": {"x": 1368, "y": 686}}, {"event_name": "mouseover", "timestamp": "1658963070137", "position": {"x": 592, "y": 537}}, {"event_name": "mousemove", "timestamp": "1658963070138", "position": {"x": 592, "y": 537}}, {"event_name": "mousemove", "timestamp": "1658963070154", "position": {"x": 724, "y": 496}}, {"event_name": "mouseout", "timestamp": "1658963070170", "position": {"x": 1116, "y": 475}}, {"event_name": "mouseover", "timestamp": "1658963070204", "position": {"x": 533, "y": 242}}, {"event_name": "mousemove", "timestamp": "1658963070205", "position": {"x": 533, "y": 242}}, {"event_name": "mouseout", "timestamp": "1658963070220", "position": {"x": 983, "y": 811}}, {"event_name": "mouseover", "timestamp": "1658963070237", "position": {"x": 758, "y": 295}}, {"event_name": "mousemove", "timestamp": "1658963070237", "position": {"x": 758, "y": 295}}, {"event_name": "mouseout", "timestamp": "1658963070254", "position": {"x": 582, "y": 523}}, {"event_name": "mouseover", "timestamp": "1658963070254", "position": {"x": 582, "y": 523}}, {"event_name": "mousemove", "timestamp": "1658963070254", "position": {"x": 582, "y": 523}}, {"event_name": "mouseout", "timestamp": "1658963070271", "position": {"x": 1101, "y": 15}}, {"event_name": "mouseover", "timestamp": "1658963070420", "position": {"x": 385, "y": 314}}, {"event_name": "mousemove", "timestamp": "1658963070421", "position": {"x": 385, "y": 314}}, {"event_name": "mouseout", "timestamp": "1658963070437", "position": {"x": 619, "y": 73}}, {"event_name": "mouseover", "timestamp": "1658963070437", "position": {"x": 619, "y": 73}}, {"event_name": "mousemove", "timestamp": "1658963070437", "position": {"x": 619, "y": 73}}, {"event_name": "mouseout", "timestamp": "1658963070454", "position": {"x": 1171, "y": 878}}, {"event_name": "mouseover", "timestamp": "1658963070487", "position": {"x": 399, "y": 466}}, {"event_name": "mousemove", "timestamp": "1658963070487", "position": {"x": 399, "y": 466}}, {"event_name": "mouseout", "timestamp": "1658963070509", "position": {"x": 1684, "y": 172}}, {"event_name": "mouseover", "timestamp": "1658963070537", "position": {"x": 610, "y": 576}}, {"event_name": "mousemove", "timestamp": "1658963070537", "position": {"x": 610, "y": 576}}, {"event_name": "mouseout", "timestamp": "1658963070553", "position": {"x": 1283, "y": 13}}, {"event_name": "mouseover", "timestamp": "1658963070638", "position": {"x": 26, "y": 115}}, {"event_name": "mousemove", "timestamp": "1658963070638", "position": {"x": 26, "y": 115}}, {"event_name": "mouseout", "timestamp": "1658963070653", "position": {"x": 1720, "y": 154}}, {"event_name": "mouseover", "timestamp": "1658963070703", "position": {"x": 546, "y": 179}}, {"event_name": "mousemove", "timestamp": "1658963070703", "position": {"x": 546, "y": 179}}, {"event_name": "mouseout", "timestamp": "1658963070721", "position": {"x": 1219, "y": 472}}, {"event_name": "mouseover", "timestamp": "1658963070754", "position": {"x": 575, "y": 447}}, {"event_name": "mousemove", "timestamp": "1658963070754", "position": {"x": 575, "y": 447}}, {"event_name": "mouseout", "timestamp": "1658963070770", "position": {"x": 636, "y": 804}}, {"event_name": "mouseover", "timestamp": "1658963070820", "position": {"x": 197, "y": 238}}, {"event_name": "mousemove", "timestamp": "1658963070821", "position": {"x": 197, "y": 238}}, {"event_name": "mouseout", "timestamp": "1658963070838", "position": {"x": 799, "y": 183}}, {"event_name": "mouseover", "timestamp": "1658963070839", "position": {"x": 799, "y": 183}}, {"event_name": "mousemove", "timestamp": "1658963070839", "position": {"x": 799, "y": 183}}, {"event_name": "mouseout", "timestamp": "1658963070854", "position": {"x": 1626, "y": 112}}, {"event_name": "mouseover", "timestamp": "1658963070904", "position": {"x": 370, "y": 60}}, {"event_name": "mousemove", "timestamp": "1658963070904", "position": {"x": 370, "y": 60}}, {"event_name": "mouseout", "timestamp": "1658963070920", "position": {"x": 250, "y": 867}}, {"event_name": "mouseover", "timestamp": "1658963070954", "position": {"x": 370, "y": 213}}, {"event_name": "mousemove", "timestamp": "1658963070954", "position": {"x": 370, "y": 213}}, {"event_name": "mouseout", "timestamp": "1658963070971", "position": {"x": 361, "y": 239}}, {"event_name": "mouseover", "timestamp": "1658963070971", "position": {"x": 361, "y": 239}}, {"event_name": "mousemove", "timestamp": "1658963070971", "position": {"x": 361, "y": 239}}, {"event_name": "mouseout", "timestamp": "1658963070987", "position": {"x": 1183, "y": 458}}, {"event_name": "mouseover", "timestamp": "1658963071037", "position": {"x": 195, "y": 40}}, {"event_name": "mousemove", "timestamp": "1658963071037", "position": {"x": 195, "y": 40}}, {"event_name": "mouseout", "timestamp": "1658963071055", "position": {"x": 1183, "y": 359}}, {"event_name": "mouseover", "timestamp": "1658963071120", "position": {"x": 636, "y": 488}}, {"event_name": "mousemove", "timestamp": "1658963071121", "position": {"x": 636, "y": 488}}, {"event_name": "mouseout", "timestamp": "1658963071137", "position": {"x": 393, "y": 562}}, {"event_name": "mouseover", "timestamp": "1658963071138", "position": {"x": 393, "y": 562}}, {"event_name": "mousemove", "timestamp": "1658963071138", "position": {"x": 393, "y": 562}}, {"event_name": "mouseout", "timestamp": "1658963071154", "position": {"x": 275, "y": 304}}, {"event_name": "mouseover", "timestamp": "1658963071154", "position": {"x": 275, "y": 304}}, {"event_name": "mousemove", "timestamp": "1658963071154", "position": {"x": 275, "y": 304}}, {"event_name": "mouseout", "timestamp": "1658963071171", "position": {"x": 535, "y": 885}}, {"event_name": "mouseover", "timestamp": "1658963071187", "position": {"x": 309, "y": 417}}, {"event_name": "mousemove", "timestamp": "1658963071187", "position": {"x": 309, "y": 417}}, {"event_name": "mouseout", "timestamp": "1658963071204", "position": {"x": 31, "y": 394}}, {"event_name": "mouseover", "timestamp": "1658963071204", "position": {"x": 31, "y": 394}}, {"event_name": "mousemove", "timestamp": "1658963071204", "position": {"x": 31, "y": 394}}, {"event_name": "mouseout", "timestamp": "1658963071220", "position": {"x": 71, "y": 608}}, {"event_name": "mouseover", "timestamp": "1658963071405", "position": {"x": 257, "y": 312}}, {"event_name": "mousemove", "timestamp": "1658963071405", "position": {"x": 257, "y": 312}}, {"event_name": "mouseout", "timestamp": "1658963071423", "position": {"x": 1120, "y": 606}}, {"event_name": "mouseover", "timestamp": "1658963071505", "position": {"x": 471, "y": 361}}, {"event_name": "mousemove", "timestamp": "1658963071505", "position": {"x": 471, "y": 361}}, {"event_name": "mouseout", "timestamp": "1658963071521", "position": {"x": 249, "y": 556}}, {"event_name": "mouseover", "timestamp": "1658963071521", "position": {"x": 249, "y": 556}}, {"event_name": "mousemove", "timestamp": "1658963071522", "position": {"x": 249, "y": 556}}, {"event_name": "mouseout", "timestamp": "1658963071537", "position": {"x": 1246, "y": 115}}, {"event_name": "mouseover", "timestamp": "1658963071570", "position": {"x": 600, "y": 65}}, {"event_name": "mousemove", "timestamp": "1658963071571", "position": {"x": 600, "y": 65}}, {"event_name": "mouseout", "timestamp": "1658963071589", "position": {"x": 1582, "y": 592}}, {"event_name": "mouseover", "timestamp": "1658963071654", "position": {"x": 526, "y": 113}}, {"event_name": "mousemove", "timestamp": "1658963071654", "position": {"x": 526, "y": 113}}, {"event_name": "mouseout", "timestamp": "1658963071670", "position": {"x": 851, "y": 77}}, {"event_name": "mouseover", "timestamp": "1658963071720", "position": {"x": 399, "y": 32}}, {"event_name": "mousemove", "timestamp": "1658963071720", "position": {"x": 399, "y": 32}}, {"event_name": "mouseout", "timestamp": "1658963071736", "position": {"x": 893, "y": 671}}, {"event_name": "mouseover", "timestamp": "1658963071753", "position": {"x": 465, "y": 578}}, {"event_name": "mousemove", "timestamp": "1658963071753", "position": {"x": 465, "y": 578}}, {"event_name": "mouseout", "timestamp": "1658963071770", "position": {"x": 1316, "y": 797}}, {"event_name": "mouseover", "timestamp": "1658963071803", "position": {"x": 156, "y": 370}}, {"event_name": "mousemove", "timestamp": "1658963071803", "position": {"x": 156, "y": 370}}, {"event_name": "mouseout", "timestamp": "1658963071820", "position": {"x": 286, "y": 782}}, {"event_name": "mouseover", "timestamp": "1658963071973", "position": {"x": 359, "y": 136}}, {"event_name": "mousemove", "timestamp": "1658963071973", "position": {"x": 359, "y": 136}}, {"event_name": "mouseout", "timestamp": "1658963071989", "position": {"x": 1547, "y": 396}}, {"event_name": "mouseover", "timestamp": "1658963072005", "position": {"x": 327, "y": 276}}, {"event_name": "mousemove", "timestamp": "1658963072005", "position": {"x": 327, "y": 276}}, {"event_name": "mouseout", "timestamp": "1658963072020", "position": {"x": 609, "y": 571}}, {"event_name": "mouseover", "timestamp": "1658963072020", "position": {"x": 609, "y": 571}}, {"event_name": "mousemove", "timestamp": "1658963072021", "position": {"x": 609, "y": 571}}, {"event_name": "mouseout", "timestamp": "1658963072038", "position": {"x": 1328, "y": 408}}, {"event_name": "mouseover", "timestamp": "1658963072137", "position": {"x": 25, "y": 589}}, {"event_name": "mousemove", "timestamp": "1658963072138", "position": {"x": 25, "y": 589}}, {"event_name": "mouseout", "timestamp": "1658963072154", "position": {"x": 854, "y": 61}}, {"event_name": "mouseover", "timestamp": "1658963072238", "position": {"x": 153, "y": 434}}, {"event_name": "mousemove", "timestamp": "1658963072238", "position": {"x": 153, "y": 434}}, {"event_name": "mouseout", "timestamp": "1658963072254", "position": {"x": 1608, "y": 42}}, {"event_name": "mouseover", "timestamp": "1658963072388", "position": {"x": 213, "y": 208}}, {"event_name": "mousemove", "timestamp": "1658963072388", "position": {"x": 213, "y": 208}}, {"event_name": "mouseout", "timestamp": "1658963072404", "position": {"x": 917, "y": 665}}, {"event_name": "mouseover", "timestamp": "1658963072420", "position": {"x": 126, "y": 554}}, {"event_name": "mousemove", "timestamp": "1658963072421", "position": {"x": 126, "y": 554}}, {"event_name": "mouseout", "timestamp": "1658963072441", "position": {"x": 307, "y": 646}}, {"event_name": "mouseover", "timestamp": "1658963072473", "position": {"x": 453, "y": 292}}, {"event_name": "mousemove", "timestamp": "1658963072473", "position": {"x": 453, "y": 292}}, {"event_name": "mouseout", "timestamp": "1658963072487", "position": {"x": 186, "y": 727}}, {"event_name": "mouseover", "timestamp": "1658963072503", "position": {"x": 716, "y": 471}}, {"event_name": "mousemove", "timestamp": "1658963072504", "position": {"x": 716, "y": 471}}, {"event_name": "mouseout", "timestamp": "1658963072520", "position": {"x": 146, "y": 267}}, {"event_name": "mouseover", "timestamp": "1658963072521", "position": {"x": 146, "y": 267}}, {"event_name": "mousemove", "timestamp": "1658963072521", "position": {"x": 146, "y": 267}}, {"event_name": "mouseout", "timestamp": "1658963072537", "position": {"x": 461, "y": 581}}, {"event_name": "mouseover", "timestamp": "1658963072537", "position": {"x": 461, "y": 581}}, {"event_name": "mousemove", "timestamp": "1658963072537", "position": {"x": 461, "y": 581}}, {"event_name": "mouseout", "timestamp": "1658963072554", "position": {"x": 29, "y": 753}}, {"event_name": "mouseover", "timestamp": "1658963072620", "position": {"x": 594, "y": 450}}, {"event_name": "mousemove", "timestamp": "1658963072620", "position": {"x": 594, "y": 450}}, {"event_name": "mouseout", "timestamp": "1658963072637", "position": {"x": 123, "y": 160}}, {"event_name": "mouseover", "timestamp": "1658963072637", "position": {"x": 123, "y": 160}}, {"event_name": "mousemove", "timestamp": "1658963072637", "position": {"x": 123, "y": 160}}, {"event_name": "mouseout", "timestamp": "1658963072653", "position": {"x": 999, "y": 662}}, {"event_name": "mouseover", "timestamp": "1658963072687", "position": {"x": 405, "y": 481}}, {"event_name": "mousemove", "timestamp": "1658963072687", "position": {"x": 405, "y": 481}}, {"event_name": "mouseout", "timestamp": "1658963072704", "position": {"x": 1404, "y": 794}}, {"event_name": "mouseover", "timestamp": "1658963072770", "position": {"x": 88, "y": 183}}, {"event_name": "mousemove", "timestamp": "1658963072770", "position": {"x": 88, "y": 183}}, {"event_name": "mouseout", "timestamp": "1658963072787", "position": {"x": 1298, "y": 264}}, {"event_name": "mouseover", "timestamp": "1658963072870", "position": {"x": 778, "y": 174}}, {"event_name": "mousemove", "timestamp": "1658963072870", "position": {"x": 778, "y": 174}}, {"event_name": "mouseout", "timestamp": "1658963072889", "position": {"x": 767, "y": 814}}, {"event_name": "mouseover", "timestamp": "1658963072937", "position": {"x": 610, "y": 339}}, {"event_name": "mousemove", "timestamp": "1658963072937", "position": {"x": 610, "y": 339}}, {"event_name": "mouseout", "timestamp": "1658963072954", "position": {"x": 211, "y": 416}}, {"event_name": "mouseover", "timestamp": "1658963072954", "position": {"x": 211, "y": 416}}, {"event_name": "mousemove", "timestamp": "1658963072954", "position": {"x": 211, "y": 416}}, {"event_name": "mouseout", "timestamp": "1658963072970", "position": {"x": 13, "y": 651}}, {"event_name": "mouseover", "timestamp": "1658963073037", "position": {"x": 680, "y": 450}}, {"event_name": "mousemove", "timestamp": "1658963073037", "position": {"x": 680, "y": 450}}, {"event_name": "mouseout", "timestamp": "1658963073054", "position": {"x": 206, "y": 169}}, {"event_name": "mouseover", "timestamp": "1658963073055", "position": {"x": 206, "y": 169}}, {"event_name": "mousemove", "timestamp": "1658963073055", "position": {"x": 206, "y": 169}}, {"event_name": "mouseout", "timestamp": "1658963073070", "position": {"x": 645, "y": 387}}, {"event_name": "mouseover", "timestamp": "1658963073071", "position": {"x": 645, "y": 387}}, {"event_name": "mousemove", "timestamp": "1658963073071", "position": {"x": 645, "y": 387}}, {"event_name": "mouseout", "timestamp": "1658963073088", "position": {"x": 634, "y": 811}}, {"event_name": "mouseover", "timestamp": "1658963073120", "position": {"x": 742, "y": 158}}, {"event_name": "mousemove", "timestamp": "1658963073120", "position": {"x": 742, "y": 158}}, {"event_name": "mouseout", "timestamp": "1658963073137", "position": {"x": 1211, "y": 814}}, {"event_name": "mouseover", "timestamp": "1658963073187", "position": {"x": 30, "y": 598}}, {"event_name": "mousemove", "timestamp": "1658963073187", "position": {"x": 30, "y": 598}}, {"event_name": "mouseout", "timestamp": "1658963073203", "position": {"x": 829, "y": 563}}, {"event_name": "mouseover", "timestamp": "1658963073270", "position": {"x": 775, "y": 57}}, {"event_name": "mousemove", "timestamp": "1658963073271", "position": {"x": 775, "y": 57}}, {"event_name": "mouseout", "timestamp": "1658963073287", "position": {"x": 248, "y": 325}}, {"event_name": "mouseover", "timestamp": "1658963073287", "position": {"x": 248, "y": 325}}, {"event_name": "mousemove", "timestamp": "1658963073287", "position": {"x": 248, "y": 325}}, {"event_name": "mouseout", "timestamp": "1658963073304", "position": {"x": 563, "y": 261}}, {"event_name": "mouseover", "timestamp": "1658963073305", "position": {"x": 563, "y": 261}}, {"event_name": "mousemove", "timestamp": "1658963073305", "position": {"x": 563, "y": 261}}, {"event_name": "mouseout", "timestamp": "1658963073320", "position": {"x": 1042, "y": 781}}, {"event_name": "mouseover", "timestamp": "1658963073387", "position": {"x": 71, "y": 495}}, {"event_name": "mousemove", "timestamp": "1658963073387", "position": {"x": 71, "y": 495}}, {"event_name": "mouseout", "timestamp": "1658963073403", "position": {"x": 1369, "y": 616}}, {"event_name": "mouseover", "timestamp": "1658963073454", "position": {"x": 131, "y": 302}}, {"event_name": "mousemove", "timestamp": "1658963073454", "position": {"x": 131, "y": 302}}, {"event_name": "mouseout", "timestamp": "1658963073470", "position": {"x": 1564, "y": 14}}, {"event_name": "mouseover", "timestamp": "1658963073521", "position": {"x": 348, "y": 497}}, {"event_name": "mousemove", "timestamp": "1658963073521", "position": {"x": 348, "y": 497}}, {"event_name": "mouseout", "timestamp": "1658963073537", "position": {"x": 1467, "y": 219}}, {"event_name": "mouseover", "timestamp": "1658963073571", "position": {"x": 116, "y": 548}}, {"event_name": "mousemove", "timestamp": "1658963073572", "position": {"x": 116, "y": 548}}, {"event_name": "mouseout", "timestamp": "1658963073587", "position": {"x": 1683, "y": 145}}, {"event_name": "mouseover", "timestamp": "1658963073637", "position": {"x": 154, "y": 293}}, {"event_name": "mousemove", "timestamp": "1658963073638", "position": {"x": 154, "y": 293}}, {"event_name": "mouseout", "timestamp": "1658963073654", "position": {"x": 1028, "y": 851}}, {"event_name": "mouseover", "timestamp": "1658963073720", "position": {"x": 675, "y": 288}}, {"event_name": "mousemove", "timestamp": "1658963073720", "position": {"x": 675, "y": 288}}, {"event_name": "mouseout", "timestamp": "1658963073736", "position": {"x": 314, "y": 305}}, {"event_name": "mouseover", "timestamp": "1658963073737", "position": {"x": 314, "y": 305}}, {"event_name": "mousemove", "timestamp": "1658963073737", "position": {"x": 314, "y": 305}}, {"event_name": "mouseout", "timestamp": "1658963073753", "position": {"x": 111, "y": 823}}, {"event_name": "mouseover", "timestamp": "1658963073819", "position": {"x": 497, "y": 83}}, {"event_name": "mousemove", "timestamp": "1658963073820", "position": {"x": 497, "y": 83}}, {"event_name": "mouseout", "timestamp": "1658963073836", "position": {"x": 1627, "y": 741}}, {"event_name": "mouseover", "timestamp": "1658963073853", "position": {"x": 670, "y": 306}}, {"event_name": "mousemove", "timestamp": "1658963073853", "position": {"x": 670, "y": 306}}, {"event_name": "mouseout", "timestamp": "1658963073870", "position": {"x": 1037, "y": 223}}, {"event_name": "mouseover", "timestamp": "1658963073887", "position": {"x": 527, "y": 6}}, {"event_name": "mousemove", "timestamp": "1658963073887", "position": {"x": 527, "y": 6}}, {"event_name": "mouseout", "timestamp": "1658963073903", "position": {"x": 952, "y": 448}}, {"event_name": "mouseover", "timestamp": "1658963073922", "position": {"x": 659, "y": 339}}, {"event_name": "mousemove", "timestamp": "1658963073922", "position": {"x": 659, "y": 339}}, {"event_name": "mouseout", "timestamp": "1658963073937", "position": {"x": 1383, "y": 132}}, {"event_name": "mouseover", "timestamp": "1658963074073", "position": {"x": 554, "y": 48}}, {"event_name": "mousemove", "timestamp": "1658963074074", "position": {"x": 554, "y": 48}}, {"event_name": "mouseout", "timestamp": "1658963074087", "position": {"x": 1427, "y": 160}}, {"event_name": "mouseover", "timestamp": "1658963074187", "position": {"x": 174, "y": 187}}, {"event_name": "mousemove", "timestamp": "1658963074188", "position": {"x": 174, "y": 187}}, {"event_name": "mouseout", "timestamp": "1658963074203", "position": {"x": 39, "y": 584}}, {"event_name": "mouseover", "timestamp": "1658963074204", "position": {"x": 39, "y": 584}}, {"event_name": "mousemove", "timestamp": "1658963074204", "position": {"x": 39, "y": 584}}, {"event_name": "mouseout", "timestamp": "1658963074220", "position": {"x": 238, "y": 188}}, {"event_name": "mouseover", "timestamp": "1658963074221", "position": {"x": 238, "y": 188}}, {"event_name": "mousemove", "timestamp": "1658963074221", "position": {"x": 238, "y": 188}}, {"event_name": "mouseout", "timestamp": "1658963074237", "position": {"x": 773, "y": 69}}, {"event_name": "mouseover", "timestamp": "1658963074237", "position": {"x": 773, "y": 69}}, {"event_name": "mousemove", "timestamp": "1658963074237", "position": {"x": 773, "y": 69}}, {"event_name": "mouseout", "timestamp": "1658963074253", "position": {"x": 879, "y": 29}}, {"event_name": "mouseover", "timestamp": "1658963074304", "position": {"x": 682, "y": 494}}, {"event_name": "mousemove", "timestamp": "1658963074304", "position": {"x": 682, "y": 494}}, {"event_name": "mouseout", "timestamp": "1658963074320", "position": {"x": 1077, "y": 896}}, {"event_name": "mouseover", "timestamp": "1658963074368", "position": {"x": 265, "y": 536}}, {"event_name": "mousemove", "timestamp": "1658963074368", "position": {"x": 265, "y": 536}}, {"event_name": "mouseout", "timestamp": "1658963074374", "position": {"x": 494, "y": 145}}, {"event_name": "mouseover", "timestamp": "1658963074374", "position": {"x": 494, "y": 145}}, {"event_name": "mousemove", "timestamp": "1658963074374", "position": {"x": 494, "y": 145}}, {"event_name": "mouseout", "timestamp": "1658963074390", "position": {"x": 390, "y": 99}}, {"event_name": "mouseover", "timestamp": "1658963074390", "position": {"x": 390, "y": 99}}, {"event_name": "mousemove", "timestamp": "1658963074391", "position": {"x": 390, "y": 99}}, {"event_name": "mouseout", "timestamp": "1658963074403", "position": {"x": 1663, "y": 422}}, {"event_name": "mouseover", "timestamp": "1658963074420", "position": {"x": 327, "y": 518}}, {"event_name": "mousemove", "timestamp": "1658963074421", "position": {"x": 327, "y": 518}}, {"event_name": "mouseout", "timestamp": "1658963074437", "position": {"x": 351, "y": 144}}, {"event_name": "mouseover", "timestamp": "1658963074438", "position": {"x": 351, "y": 144}}, {"event_name": "mousemove", "timestamp": "1658963074438", "position": {"x": 351, "y": 144}}, {"event_name": "mouseout", "timestamp": "1658963074457", "position": {"x": 537, "y": 731}}, {"event_name": "mouseover", "timestamp": "1658963074520", "position": {"x": 418, "y": 377}}, {"event_name": "mousemove", "timestamp": "1658963074520", "position": {"x": 418, "y": 377}}, {"event_name": "mouseout", "timestamp": "1658963074537", "position": {"x": 318, "y": 83}}, {"event_name": "mouseover", "timestamp": "1658963074537", "position": {"x": 318, "y": 83}}, {"event_name": "mousemove", "timestamp": "1658963074537", "position": {"x": 318, "y": 83}}, {"event_name": "mouseout", "timestamp": "1658963074553", "position": {"x": 1324, "y": 275}}, {"event_name": "mouseover", "timestamp": "1658963074587", "position": {"x": 448, "y": 180}}, {"event_name": "mousemove", "timestamp": "1658963074587", "position": {"x": 448, "y": 180}}, {"event_name": "mouseout", "timestamp": "1658963074603", "position": {"x": 1437, "y": 272}}, {"event_name": "mouseover", "timestamp": "1658963074637", "position": {"x": 442, "y": 519}}, {"event_name": "mousemove", "timestamp": "1658963074637", "position": {"x": 442, "y": 519}}, {"event_name": "mouseout", "timestamp": "1658963074658", "position": {"x": 1744, "y": 21}}, {"event_name": "mouseover", "timestamp": "1658963074686", "position": {"x": 517, "y": 65}}, {"event_name": "mousemove", "timestamp": "1658963074686", "position": {"x": 517, "y": 65}}, {"event_name": "mouseout", "timestamp": "1658963074703", "position": {"x": 1130, "y": 311}}, {"event_name": "mouseover", "timestamp": "1658963074753", "position": {"x": 145, "y": 4}}, {"event_name": "mousemove", "timestamp": "1658963074753", "position": {"x": 145, "y": 4}}, {"event_name": "mouseout", "timestamp": "1658963074770", "position": {"x": 189, "y": 642}}, {"event_name": "mouseover", "timestamp": "1658963074837", "position": {"x": 381, "y": 558}}, {"event_name": "mousemove", "timestamp": "1658963074837", "position": {"x": 381, "y": 558}}, {"event_name": "mouseout", "timestamp": "1658963074854", "position": {"x": 44, "y": 452}}, {"event_name": "mouseover", "timestamp": "1658963074854", "position": {"x": 44, "y": 452}}, {"event_name": "mousemove", "timestamp": "1658963074854", "position": {"x": 44, "y": 452}}, {"event_name": "mouseout", "timestamp": "1658963074870", "position": {"x": 282, "y": 174}}, {"event_name": "mouseover", "timestamp": "1658963074870", "position": {"x": 282, "y": 174}}, {"event_name": "mousemove", "timestamp": "1658963074870", "position": {"x": 282, "y": 174}}, {"event_name": "mouseout", "timestamp": "1658963074887", "position": {"x": 1424, "y": 236}}, {"event_name": "mouseover", "timestamp": "1658963075053", "position": {"x": 166, "y": 531}}, {"event_name": "mousemove", "timestamp": "1658963075054", "position": {"x": 166, "y": 531}}, {"event_name": "mouseout", "timestamp": "1658963075070", "position": {"x": 439, "y": 30}}, {"event_name": "mouseover", "timestamp": "1658963075070", "position": {"x": 439, "y": 30}}, {"event_name": "mousemove", "timestamp": "1658963075070", "position": {"x": 439, "y": 30}}, {"event_name": "mouseout", "timestamp": "1658963075087", "position": {"x": 1095, "y": 786}}, {"event_name": "mouseover", "timestamp": "1658963075136", "position": {"x": 451, "y": 521}}, {"event_name": "mousemove", "timestamp": "1658963075136", "position": {"x": 451, "y": 521}}, {"event_name": "mouseout", "timestamp": "1658963075154", "position": {"x": 481, "y": 164}}, {"event_name": "mouseover", "timestamp": "1658963075154", "position": {"x": 481, "y": 164}}, {"event_name": "mousemove", "timestamp": "1658963075154", "position": {"x": 481, "y": 164}}, {"event_name": "mouseout", "timestamp": "1658963075171", "position": {"x": 537, "y": 442}}, {"event_name": "mouseover", "timestamp": "1658963075172", "position": {"x": 537, "y": 442}}, {"event_name": "mousemove", "timestamp": "1658963075172", "position": {"x": 537, "y": 442}}, {"event_name": "mouseout", "timestamp": "1658963075190", "position": {"x": 1050, "y": 215}}, {"event_name": "mouseover", "timestamp": "1658963075272", "position": {"x": 667, "y": 251}}, {"event_name": "mousemove", "timestamp": "1658963075272", "position": {"x": 667, "y": 251}}, {"event_name": "mouseout", "timestamp": "1658963075288", "position": {"x": 1717, "y": 199}}, {"event_name": "mouseover", "timestamp": "1658963075304", "position": {"x": 75, "y": 365}}, {"event_name": "mousemove", "timestamp": "1658963075304", "position": {"x": 75, "y": 365}}, {"event_name": "mouseout", "timestamp": "1658963075320", "position": {"x": 1397, "y": 294}}, {"event_name": "mouseover", "timestamp": "1658963075339", "position": {"x": 566, "y": 599}}, {"event_name": "mousemove", "timestamp": "1658963075339", "position": {"x": 566, "y": 599}}, {"event_name": "mouseout", "timestamp": "1658963075354", "position": {"x": 543, "y": 268}}, {"event_name": "mouseover", "timestamp": "1658963075354", "position": {"x": 543, "y": 268}}, {"event_name": "mousemove", "timestamp": "1658963075354", "position": {"x": 543, "y": 268}}, {"event_name": "mouseout", "timestamp": "1658963075371", "position": {"x": 233, "y": 807}}, {"event_name": "mouseover", "timestamp": "1658963075454", "position": {"x": 720, "y": 194}}, {"event_name": "mousemove", "timestamp": "1658963075454", "position": {"x": 720, "y": 194}}, {"event_name": "mouseout", "timestamp": "1658963075470", "position": {"x": 990, "y": 44}}, {"event_name": "mouseover", "timestamp": "1658963075521", "position": {"x": 187, "y": 458}}, {"event_name": "mousemove", "timestamp": "1658963075521", "position": {"x": 187, "y": 458}}, {"event_name": "mouseout", "timestamp": "1658963075537", "position": {"x": 220, "y": 146}}, {"event_name": "mouseover", "timestamp": "1658963075537", "position": {"x": 220, "y": 146}}, {"event_name": "mousemove", "timestamp": "1658963075537", "position": {"x": 220, "y": 146}}, {"event_name": "mouseout", "timestamp": "1658963075555", "position": {"x": 938, "y": 3}}, {"event_name": "mouseover", "timestamp": "1658963075573", "position": {"x": 795, "y": 281}}, {"event_name": "mousemove", "timestamp": "1658963075573", "position": {"x": 795, "y": 281}}, {"event_name": "mouseout", "timestamp": "1658963075587", "position": {"x": 1776, "y": 870}}, {"event_name": "mouseover", "timestamp": "1658963075604", "position": {"x": 106, "y": 386}}, {"event_name": "mousemove", "timestamp": "1658963075604", "position": {"x": 106, "y": 386}}, {"event_name": "mouseout", "timestamp": "1658963075625", "position": {"x": 209, "y": 114}}, {"event_name": "mouseover", "timestamp": "1658963075625", "position": {"x": 209, "y": 114}}, {"event_name": "mousemove", "timestamp": "1658963075625", "position": {"x": 209, "y": 114}}, {"event_name": "mouseout", "timestamp": "1658963075637", "position": {"x": 857, "y": 444}}, {"event_name": "mouseover", "timestamp": "1658963075670", "position": {"x": 414, "y": 525}}, {"event_name": "mousemove", "timestamp": "1658963075670", "position": {"x": 414, "y": 525}}, {"event_name": "mouseout", "timestamp": "1658963075687", "position": {"x": 1254, "y": 650}}, {"event_name": "mouseover", "timestamp": "1658963075720", "position": {"x": 126, "y": 300}}, {"event_name": "mousemove", "timestamp": "1658963075720", "position": {"x": 126, "y": 300}}, {"event_name": "mouseout", "timestamp": "1658963075737", "position": {"x": 179, "y": 891}}, {"event_name": "mouseover", "timestamp": "1658963075853", "position": {"x": 573, "y": 188}}, {"event_name": "mousemove", "timestamp": "1658963075853", "position": {"x": 573, "y": 188}}, {"event_name": "mouseout", "timestamp": "1658963075870", "position": {"x": 1221, "y": 335}}, {"event_name": "mouseover", "timestamp": "1658963075970", "position": {"x": 575, "y": 74}}, {"event_name": "mousemove", "timestamp": "1658963075970", "position": {"x": 575, "y": 74}}, {"event_name": "mouseout", "timestamp": "1658963075987", "position": {"x": 259, "y": 67}}, {"event_name": "mouseover", "timestamp": "1658963075987", "position": {"x": 259, "y": 67}}, {"event_name": "mousemove", "timestamp": "1658963075988", "position": {"x": 259, "y": 67}}, {"event_name": "mouseout", "timestamp": "1658963076009", "position": {"x": 1639, "y": 750}}, {"event_name": "mouseover", "timestamp": "1658963076055", "position": {"x": 308, "y": 237}}, {"event_name": "mousemove", "timestamp": "1658963076055", "position": {"x": 308, "y": 237}}, {"event_name": "mouseout", "timestamp": "1658963076070", "position": {"x": 763, "y": 623}}, {"event_name": "mouseover", "timestamp": "1658963076154", "position": {"x": 450, "y": 535}}, {"event_name": "mousemove", "timestamp": "1658963076155", "position": {"x": 450, "y": 535}}, {"event_name": "mouseout", "timestamp": "1658963076170", "position": {"x": 1301, "y": 861}}, {"event_name": "mouseover", "timestamp": "1658963076203", "position": {"x": 269, "y": 297}}, {"event_name": "mousemove", "timestamp": "1658963076204", "position": {"x": 269, "y": 297}}, {"event_name": "mouseout", "timestamp": "1658963076221", "position": {"x": 74, "y": 684}}, {"event_name": "mouseover", "timestamp": "1658963076270", "position": {"x": 315, "y": 517}}, {"event_name": "mousemove", "timestamp": "1658963076271", "position": {"x": 315, "y": 517}}, {"event_name": "mouseout", "timestamp": "1658963076287", "position": {"x": 768, "y": 891}}, {"event_name": "mouseover", "timestamp": "1658963076306", "position": {"x": 591, "y": 101}}, {"event_name": "mousemove", "timestamp": "1658963076306", "position": {"x": 591, "y": 101}}, {"event_name": "mouseout", "timestamp": "1658963076320", "position": {"x": 338, "y": 189}}, {"event_name": "mouseover", "timestamp": "1658963076321", "position": {"x": 338, "y": 189}}, {"event_name": "mousemove", "timestamp": "1658963076321", "position": {"x": 338, "y": 189}}, {"event_name": "mouseout", "timestamp": "1658963076337", "position": {"x": 308, "y": 878}}, {"event_name": "mouseover", "timestamp": "1658963076387", "position": {"x": 21, "y": 435}}, {"event_name": "mousemove", "timestamp": "1658963076388", "position": {"x": 21, "y": 435}}, {"event_name": "mouseout", "timestamp": "1658963076404", "position": {"x": 1624, "y": 713}}, {"event_name": "mouseover", "timestamp": "1658963076503", "position": {"x": 459, "y": 375}}, {"event_name": "mousemove", "timestamp": "1658963076504", "position": {"x": 459, "y": 375}}, {"event_name": "mouseout", "timestamp": "1658963076520", "position": {"x": 1465, "y": 98}}, {"event_name": "mouseover", "timestamp": "1658963076670", "position": {"x": 251, "y": 198}}, {"event_name": "mousemove", "timestamp": "1658963076670", "position": {"x": 251, "y": 198}}, {"event_name": "mouseout", "timestamp": "1658963076687", "position": {"x": 774, "y": 260}}, {"event_name": "mouseover", "timestamp": "1658963076687", "position": {"x": 774, "y": 260}}, {"event_name": "mousemove", "timestamp": "1658963076687", "position": {"x": 774, "y": 260}}, {"event_name": "mouseout", "timestamp": "1658963076703", "position": {"x": 1509, "y": 2}}, {"event_name": "mouseover", "timestamp": "1658963076737", "position": {"x": 447, "y": 475}}, {"event_name": "mousemove", "timestamp": "1658963076737", "position": {"x": 447, "y": 475}}, {"event_name": "mouseout", "timestamp": "1658963076753", "position": {"x": 1634, "y": 756}}, {"event_name": "mouseover", "timestamp": "1658963076770", "position": {"x": 206, "y": 378}}, {"event_name": "mousemove", "timestamp": "1658963076770", "position": {"x": 206, "y": 378}}, {"event_name": "mouseout", "timestamp": "1658963076787", "position": {"x": 15, "y": 207}}, {"event_name": "mouseover", "timestamp": "1658963076787", "position": {"x": 15, "y": 207}}, {"event_name": "mousemove", "timestamp": "1658963076787", "position": {"x": 15, "y": 207}}, {"event_name": "mouseout", "timestamp": "1658963076803", "position": {"x": 1041, "y": 365}}, {"event_name": "mouseover", "timestamp": "1658963076836", "position": {"x": 546, "y": 261}}, {"event_name": "mousemove", "timestamp": "1658963076836", "position": {"x": 546, "y": 261}}, {"event_name": "mouseout", "timestamp": "1658963076853", "position": {"x": 1210, "y": 605}}, {"event_name": "mouseover", "timestamp": "1658963076954", "position": {"x": 162, "y": 312}}, {"event_name": "mousemove", "timestamp": "1658963076955", "position": {"x": 162, "y": 312}}, {"event_name": "mouseout", "timestamp": "1658963076971", "position": {"x": 1496, "y": 502}}, {"event_name": "mouseover", "timestamp": "1658963077004", "position": {"x": 350, "y": 83}}, {"event_name": "mousemove", "timestamp": "1658963077004", "position": {"x": 350, "y": 83}}, {"event_name": "mouseout", "timestamp": "1658963077020", "position": {"x": 1644, "y": 318}}, {"event_name": "mouseover", "timestamp": "1658963077088", "position": {"x": 156, "y": 134}}, {"event_name": "mousemove", "timestamp": "1658963077089", "position": {"x": 156, "y": 134}}, {"event_name": "mouseout", "timestamp": "1658963077104", "position": {"x": 1569, "y": 400}}, {"event_name": "mouseover", "timestamp": "1658963077170", "position": {"x": 698, "y": 381}}, {"event_name": "mousemove", "timestamp": "1658963077171", "position": {"x": 698, "y": 381}}, {"event_name": "mouseout", "timestamp": "1658963077188", "position": {"x": 1051, "y": 644}}, {"event_name": "mouseover", "timestamp": "1658963077204", "position": {"x": 227, "y": 463}}, {"event_name": "mousemove", "timestamp": "1658963077204", "position": {"x": 227, "y": 463}}, {"event_name": "mouseout", "timestamp": "1658963077222", "position": {"x": 548, "y": 707}}, {"event_name": "mouseover", "timestamp": "1658963077237", "position": {"x": 64, "y": 520}}, {"event_name": "mousemove", "timestamp": "1658963077238", "position": {"x": 64, "y": 520}}, {"event_name": "mouseout", "timestamp": "1658963077254", "position": {"x": 771, "y": 475}}, {"event_name": "mouseover", "timestamp": "1658963077254", "position": {"x": 771, "y": 475}}, {"event_name": "mousemove", "timestamp": "1658963077254", "position": {"x": 771, "y": 475}}, {"event_name": "mouseout", "timestamp": "1658963077277", "position": {"x": 979, "y": 768}}, {"event_name": "mouseover", "timestamp": "1658963077287", "position": {"x": 322, "y": 536}}, {"event_name": "mousemove", "timestamp": "1658963077287", "position": {"x": 322, "y": 536}}, {"event_name": "mouseout", "timestamp": "1658963077304", "position": {"x": 718, "y": 212}}, {"event_name": "mouseover", "timestamp": "1658963077304", "position": {"x": 718, "y": 212}}, {"event_name": "mousemove", "timestamp": "1658963077304", "position": {"x": 718, "y": 212}}, {"event_name": "mouseout", "timestamp": "1658963077320", "position": {"x": 808, "y": 394}}, {"event_name": "mouseover", "timestamp": "1658963077337", "position": {"x": 246, "y": 176}}, {"event_name": "mousemove", "timestamp": "1658963077338", "position": {"x": 246, "y": 176}}, {"event_name": "mouseout", "timestamp": "1658963077353", "position": {"x": 1062, "y": 440}}, {"event_name": "mouseover", "timestamp": "1658963077389", "position": {"x": 688, "y": 485}}, {"event_name": "mousemove", "timestamp": "1658963077389", "position": {"x": 688, "y": 485}}, {"event_name": "mouseout", "timestamp": "1658963077404", "position": {"x": 1722, "y": 8}}, {"event_name": "mouseover", "timestamp": "1658963077454", "position": {"x": 668, "y": 506}}, {"event_name": "mousemove", "timestamp": "1658963077454", "position": {"x": 668, "y": 506}}, {"event_name": "mouseout", "timestamp": "1658963077471", "position": {"x": 1570, "y": 49}}, {"event_name": "mouseover", "timestamp": "1658963077490", "position": {"x": 204, "y": 382}}, {"event_name": "mousemove", "timestamp": "1658963077491", "position": {"x": 204, "y": 382}}, {"event_name": "mouseout", "timestamp": "1658963077504", "position": {"x": 1375, "y": 536}}, {"event_name": "mouseover", "timestamp": "1658963077620", "position": {"x": 359, "y": 230}}, {"event_name": "mousemove", "timestamp": "1658963077620", "position": {"x": 359, "y": 230}}, {"event_name": "mouseout", "timestamp": "1658963077637", "position": {"x": 1043, "y": 250}}, {"event_name": "mouseover", "timestamp": "1658963077703", "position": {"x": 453, "y": 3}}, {"event_name": "mousemove", "timestamp": "1658963077704", "position": {"x": 453, "y": 3}}, {"event_name": "mouseout", "timestamp": "1658963077720", "position": {"x": 1098, "y": 319}}, {"event_name": "mouseover", "timestamp": "1658963077736", "position": {"x": 193, "y": 466}}, {"event_name": "mousemove", "timestamp": "1658963077736", "position": {"x": 193, "y": 466}}, {"event_name": "mouseout", "timestamp": "1658963077753", "position": {"x": 484, "y": 409}}, {"event_name": "mouseover", "timestamp": "1658963077753", "position": {"x": 484, "y": 409}}, {"event_name": "mousemove", "timestamp": "1658963077753", "position": {"x": 484, "y": 409}}, {"event_name": "mousemove", "timestamp": "1658963077770", "position": {"x": 472, "y": 309}}, {"event_name": "mouseout", "timestamp": "1658963077787", "position": {"x": 1382, "y": 357}}, {"event_name": "mouseover", "timestamp": "1658963077804", "position": {"x": 219, "y": 144}}, {"event_name": "mousemove", "timestamp": "1658963077804", "position": {"x": 219, "y": 144}}, {"event_name": "mouseout", "timestamp": "1658963077820", "position": {"x": 588, "y": 619}}, {"event_name": "mouseover", "timestamp": "1658963077987", "position": {"x": 588, "y": 188}}, {"event_name": "mousemove", "timestamp": "1658963077987", "position": {"x": 588, "y": 188}}, {"event_name": "mouseout", "timestamp": "1658963078004", "position": {"x": 1276, "y": 840}}, {"event_name": "mouseover", "timestamp": "1658963078020", "position": {"x": 24, "y": 209}}, {"event_name": "mousemove", "timestamp": "1658963078020", "position": {"x": 24, "y": 209}}, {"event_name": "mouseout", "timestamp": "1658963078037", "position": {"x": 1514, "y": 331}}, {"event_name": "mouseover", "timestamp": "1658963078070", "position": {"x": 107, "y": 134}}, {"event_name": "mousemove", "timestamp": "1658963078070", "position": {"x": 107, "y": 134}}, {"event_name": "mouseout", "timestamp": "1658963078087", "position": {"x": 1101, "y": 551}}, {"event_name": "mouseover", "timestamp": "1658963078103", "position": {"x": 190, "y": 108}}, {"event_name": "mousemove", "timestamp": "1658963078103", "position": {"x": 190, "y": 108}}, {"event_name": "mouseout", "timestamp": "1658963078120", "position": {"x": 1442, "y": 596}}, {"event_name": "mouseover", "timestamp": "1658963078237", "position": {"x": 5, "y": 135}}, {"event_name": "mousemove", "timestamp": "1658963078237", "position": {"x": 5, "y": 135}}, {"event_name": "mouseout", "timestamp": "1658963078254", "position": {"x": 1209, "y": 350}}, {"event_name": "mouseover", "timestamp": "1658963078336", "position": {"x": 762, "y": 370}}, {"event_name": "mousemove", "timestamp": "1658963078337", "position": {"x": 762, "y": 370}}, {"event_name": "mouseout", "timestamp": "1658963078353", "position": {"x": 619, "y": 725}}, {"event_name": "mouseover", "timestamp": "1658963078470", "position": {"x": 406, "y": 520}}, {"event_name": "mousemove", "timestamp": "1658963078470", "position": {"x": 406, "y": 520}}, {"event_name": "mouseout", "timestamp": "1658963078487", "position": {"x": 1287, "y": 827}}, {"event_name": "mouseover", "timestamp": "1658963078656", "position": {"x": 778, "y": 103}}, {"event_name": "mousemove", "timestamp": "1658963078656", "position": {"x": 778, "y": 103}}, {"event_name": "mouseout", "timestamp": "1658963078671", "position": {"x": 494, "y": 410}}, {"event_name": "mouseover", "timestamp": "1658963078671", "position": {"x": 494, "y": 410}}, {"event_name": "mousemove", "timestamp": "1658963078671", "position": {"x": 494, "y": 410}}, {"event_name": "mouseout", "timestamp": "1658963078687", "position": {"x": 77, "y": 824}}, {"event_name": "mouseover", "timestamp": "1658963078704", "position": {"x": 439, "y": 103}}, {"event_name": "mousemove", "timestamp": "1658963078704", "position": {"x": 439, "y": 103}}, {"event_name": "mouseout", "timestamp": "1658963078720", "position": {"x": 180, "y": 40}}, {"event_name": "mouseover", "timestamp": "1658963078720", "position": {"x": 180, "y": 40}}, {"event_name": "mousemove", "timestamp": "1658963078720", "position": {"x": 180, "y": 40}}, {"event_name": "mouseout", "timestamp": "1658963078740", "position": {"x": 207, "y": 403}}, {"event_name": "mouseover", "timestamp": "1658963078741", "position": {"x": 207, "y": 403}}, {"event_name": "mousemove", "timestamp": "1658963078741", "position": {"x": 207, "y": 403}}, {"event_name": "mouseout", "timestamp": "1658963078753", "position": {"x": 19, "y": 753}}, {"event_name": "mouseover", "timestamp": "1658963078804", "position": {"x": 136, "y": 32}}, {"event_name": "mousemove", "timestamp": "1658963078804", "position": {"x": 136, "y": 32}}, {"event_name": "mouseout", "timestamp": "1658963078820", "position": {"x": 888, "y": 155}}, {"event_name": "mouseover", "timestamp": "1658963078871", "position": {"x": 420, "y": 398}}, {"event_name": "mousemove", "timestamp": "1658963078871", "position": {"x": 420, "y": 398}}, {"event_name": "mouseout", "timestamp": "1658963078887", "position": {"x": 594, "y": 644}}, {"event_name": "mouseover", "timestamp": "1658963078904", "position": {"x": 753, "y": 375}}, {"event_name": "mousemove", "timestamp": "1658963078904", "position": {"x": 753, "y": 375}}, {"event_name": "mouseout", "timestamp": "1658963078920", "position": {"x": 984, "y": 837}}, {"event_name": "mouseover", "timestamp": "1658963078972", "position": {"x": 639, "y": 344}}, {"event_name": "mousemove", "timestamp": "1658963078973", "position": {"x": 639, "y": 344}}, {"event_name": "mouseout", "timestamp": "1658963078988", "position": {"x": 1779, "y": 868}}, {"event_name": "mouseover", "timestamp": "1658963079004", "position": {"x": 565, "y": 143}}, {"event_name": "mousemove", "timestamp": "1658963079004", "position": {"x": 565, "y": 143}}, {"event_name": "mouseout", "timestamp": "1658963079023", "position": {"x": 587, "y": 248}}, {"event_name": "mouseover", "timestamp": "1658963079023", "position": {"x": 587, "y": 248}}, {"event_name": "mousemove", "timestamp": "1658963079023", "position": {"x": 587, "y": 248}}, {"event_name": "mouseout", "timestamp": "1658963079038", "position": {"x": 603, "y": 804}}, {"event_name": "mouseover", "timestamp": "1658963079071", "position": {"x": 166, "y": 149}}, {"event_name": "mousemove", "timestamp": "1658963079071", "position": {"x": 166, "y": 149}}, {"event_name": "mouseout", "timestamp": "1658963079087", "position": {"x": 678, "y": 553}}, {"event_name": "mouseover", "timestamp": "1658963079087", "position": {"x": 678, "y": 553}}, {"event_name": "mousemove", "timestamp": "1658963079088", "position": {"x": 678, "y": 553}}, {"event_name": "mouseout", "timestamp": "1658963079103", "position": {"x": 231, "y": 209}}, {"event_name": "mouseover", "timestamp": "1658963079104", "position": {"x": 231, "y": 209}}, {"event_name": "mousemove", "timestamp": "1658963079104", "position": {"x": 231, "y": 209}}, {"event_name": "mouseout", "timestamp": "1658963079120", "position": {"x": 468, "y": 601}}, {"event_name": "mouseover", "timestamp": "1658963079171", "position": {"x": 84, "y": 575}}, {"event_name": "mousemove", "timestamp": "1658963079171", "position": {"x": 84, "y": 575}}, {"event_name": "mouseout", "timestamp": "1658963079187", "position": {"x": 1762, "y": 483}}, {"event_name": "mouseover", "timestamp": "1658963079203", "position": {"x": 558, "y": 574}}, {"event_name": "mousemove", "timestamp": "1658963079204", "position": {"x": 558, "y": 574}}, {"event_name": "mouseout", "timestamp": "1658963079222", "position": {"x": 270, "y": 38}}, {"event_name": "mouseover", "timestamp": "1658963079222", "position": {"x": 270, "y": 38}}, {"event_name": "mousemove", "timestamp": "1658963079222", "position": {"x": 270, "y": 38}}, {"event_name": "mouseout", "timestamp": "1658963079237", "position": {"x": 1252, "y": 23}}, {"event_name": "mouseover", "timestamp": "1658963079355", "position": {"x": 494, "y": 293}}, {"event_name": "mousemove", "timestamp": "1658963079355", "position": {"x": 494, "y": 293}}, {"event_name": "mouseout", "timestamp": "1658963079372", "position": {"x": 1198, "y": 828}}, {"event_name": "mouseover", "timestamp": "1658963079504", "position": {"x": 470, "y": 110}}, {"event_name": "mousemove", "timestamp": "1658963079504", "position": {"x": 470, "y": 110}}, {"event_name": "mouseout", "timestamp": "1658963079520", "position": {"x": 549, "y": 750}}, {"event_name": "mouseover", "timestamp": "1658963079553", "position": {"x": 44, "y": 64}}, {"event_name": "mousemove", "timestamp": "1658963079554", "position": {"x": 44, "y": 64}}, {"event_name": "mouseout", "timestamp": "1658963079570", "position": {"x": 81, "y": 520}}, {"event_name": "mouseover", "timestamp": "1658963079571", "position": {"x": 81, "y": 520}}, {"event_name": "mousemove", "timestamp": "1658963079571", "position": {"x": 81, "y": 520}}, {"event_name": "mouseout", "timestamp": "1658963079587", "position": {"x": 1387, "y": 41}}, {"event_name": "mouseover", "timestamp": "1658963079687", "position": {"x": 83, "y": 413}}, {"event_name": "mousemove", "timestamp": "1658963079687", "position": {"x": 83, "y": 413}}, {"event_name": "mouseout", "timestamp": "1658963079703", "position": {"x": 889, "y": 394}}, {"event_name": "mouseover", "timestamp": "1658963079770", "position": {"x": 274, "y": 487}}, {"event_name": "mousemove", "timestamp": "1658963079770", "position": {"x": 274, "y": 487}}, {"event_name": "mouseout", "timestamp": "1658963079786", "position": {"x": 190, "y": 534}}, {"event_name": "mouseover", "timestamp": "1658963079786", "position": {"x": 190, "y": 534}}, {"event_name": "mousemove", "timestamp": "1658963079786", "position": {"x": 190, "y": 534}}, {"event_name": "mouseout", "timestamp": "1658963079804", "position": {"x": 86, "y": 510}}, {"event_name": "mouseover", "timestamp": "1658963079804", "position": {"x": 86, "y": 510}}, {"event_name": "mousemove", "timestamp": "1658963079804", "position": {"x": 86, "y": 510}}, {"event_name": "mouseout", "timestamp": "1658963079821", "position": {"x": 922, "y": 518}}, {"event_name": "mouseover", "timestamp": "1658963079836", "position": {"x": 114, "y": 117}}, {"event_name": "mousemove", "timestamp": "1658963079836", "position": {"x": 114, "y": 117}}, {"event_name": "mouseout", "timestamp": "1658963079854", "position": {"x": 1757, "y": 765}}, {"event_name": "mouseover", "timestamp": "1658963079887", "position": {"x": 754, "y": 75}}, {"event_name": "mousemove", "timestamp": "1658963079887", "position": {"x": 754, "y": 75}}, {"event_name": "mouseout", "timestamp": "1658963079904", "position": {"x": 715, "y": 226}}, {"event_name": "mouseover", "timestamp": "1658963079905", "position": {"x": 715, "y": 226}}, {"event_name": "mousemove", "timestamp": "1658963079905", "position": {"x": 715, "y": 226}}, {"event_name": "mouseout", "timestamp": "1658963079925", "position": {"x": 443, "y": 115}}, {"event_name": "mouseover", "timestamp": "1658963079925", "position": {"x": 443, "y": 115}}, {"event_name": "mousemove", "timestamp": "1658963079926", "position": {"x": 443, "y": 115}}, {"event_name": "mouseout", "timestamp": "1658963079938", "position": {"x": 1211, "y": 613}}, {"event_name": "mouseover", "timestamp": "1658963080004", "position": {"x": 240, "y": 354}}, {"event_name": "mousemove", "timestamp": "1658963080004", "position": {"x": 240, "y": 354}}, {"event_name": "mouseout", "timestamp": "1658963080021", "position": {"x": 914, "y": 401}}, {"event_name": "mouseover", "timestamp": "1658963080056", "position": {"x": 84, "y": 84}}, {"event_name": "mousemove", "timestamp": "1658963080056", "position": {"x": 84, "y": 84}}, {"event_name": "mouseout", "timestamp": "1658963080070", "position": {"x": 1680, "y": 92}}, {"event_name": "mouseover", "timestamp": "1658963080087", "position": {"x": 698, "y": 576}}, {"event_name": "mousemove", "timestamp": "1658963080087", "position": {"x": 698, "y": 576}}, {"event_name": "mousemove", "timestamp": "1658963080103", "position": {"x": 334, "y": 314}}, {"event_name": "mouseout", "timestamp": "1658963080120", "position": {"x": 819, "y": 747}}, {"event_name": "mouseover", "timestamp": "1658963080287", "position": {"x": 612, "y": 233}}, {"event_name": "mousemove", "timestamp": "1658963080287", "position": {"x": 612, "y": 233}}, {"event_name": "mouseout", "timestamp": "1658963080303", "position": {"x": 119, "y": 838}}, {"event_name": "mouseover", "timestamp": "1658963080336", "position": {"x": 239, "y": 577}}, {"event_name": "mousemove", "timestamp": "1658963080337", "position": {"x": 239, "y": 577}}, {"event_name": "mouseout", "timestamp": "1658963080353", "position": {"x": 1451, "y": 831}}, {"event_name": "mouseover", "timestamp": "1658963080420", "position": {"x": 286, "y": 269}}, {"event_name": "mousemove", "timestamp": "1658963080420", "position": {"x": 286, "y": 269}}, {"event_name": "mouseout", "timestamp": "1658963080438", "position": {"x": 565, "y": 246}}, {"event_name": "mouseover", "timestamp": "1658963080438", "position": {"x": 565, "y": 246}}, {"event_name": "mousemove", "timestamp": "1658963080438", "position": {"x": 565, "y": 246}}, {"event_name": "mouseout", "timestamp": "1658963080453", "position": {"x": 475, "y": 604}}, {"event_name": "mouseover", "timestamp": "1658963080487", "position": {"x": 728, "y": 327}}, {"event_name": "mousemove", "timestamp": "1658963080487", "position": {"x": 728, "y": 327}}, {"event_name": "mouseout", "timestamp": "1658963080507", "position": {"x": 760, "y": 174}}, {"event_name": "mouseover", "timestamp": "1658963080507", "position": {"x": 760, "y": 174}}, {"event_name": "mousemove", "timestamp": "1658963080507", "position": {"x": 760, "y": 174}}, {"event_name": "mouseout", "timestamp": "1658963080520", "position": {"x": 441, "y": 312}}, {"event_name": "mouseover", "timestamp": "1658963080520", "position": {"x": 441, "y": 312}}, {"event_name": "mousemove", "timestamp": "1658963080520", "position": {"x": 441, "y": 312}}, {"event_name": "mouseout", "timestamp": "1658963080541", "position": {"x": 228, "y": 483}}, {"event_name": "mouseover", "timestamp": "1658963080541", "position": {"x": 228, "y": 483}}, {"event_name": "mousemove", "timestamp": "1658963080541", "position": {"x": 228, "y": 483}}, {"event_name": "mouseout", "timestamp": "1658963080557", "position": {"x": 122, "y": 278}}, {"event_name": "mouseover", "timestamp": "1658963080557", "position": {"x": 122, "y": 278}}, {"event_name": "mousemove", "timestamp": "1658963080557", "position": {"x": 122, "y": 278}}, {"event_name": "mouseout", "timestamp": "1658963080570", "position": {"x": 234, "y": 129}}, {"event_name": "mouseover", "timestamp": "1658963080570", "position": {"x": 234, "y": 129}}, {"event_name": "mousemove", "timestamp": "1658963080571", "position": {"x": 234, "y": 129}}, {"event_name": "mouseout", "timestamp": "1658963080589", "position": {"x": 127, "y": 549}}, {"event_name": "mouseover", "timestamp": "1658963080590", "position": {"x": 127, "y": 549}}, {"event_name": "mousemove", "timestamp": "1658963080590", "position": {"x": 127, "y": 549}}, {"event_name": "mouseout", "timestamp": "1658963080604", "position": {"x": 1641, "y": 233}}, {"event_name": "mousemove", "timestamp": "1658963080670", "position": {"x": 181, "y": 430}}, {"event_name": "mouseover", "timestamp": "1658963080670", "position": {"x": 181, "y": 430}}, {"event_name": "mouseout", "timestamp": "1658963080686", "position": {"x": 582, "y": 208}}, {"event_name": "mouseover", "timestamp": "1658963080686", "position": {"x": 582, "y": 208}}, {"event_name": "mousemove", "timestamp": "1658963080686", "position": {"x": 582, "y": 208}}, {"event_name": "mouseout", "timestamp": "1658963080705", "position": {"x": 342, "y": 356}}, {"event_name": "mouseover", "timestamp": "1658963080706", "position": {"x": 342, "y": 356}}, {"event_name": "mousemove", "timestamp": "1658963080706", "position": {"x": 342, "y": 356}}, {"event_name": "mouseout", "timestamp": "1658963080720", "position": {"x": 476, "y": 731}}, {"event_name": "mouseover", "timestamp": "1658963080855", "position": {"x": 68, "y": 344}}, {"event_name": "mousemove", "timestamp": "1658963080855", "position": {"x": 68, "y": 344}}, {"event_name": "mouseout", "timestamp": "1658963080871", "position": {"x": 1636, "y": 735}}, {"event_name": "mouseover", "timestamp": "1658963080908", "position": {"x": 20, "y": 368}}, {"event_name": "mousemove", "timestamp": "1658963080908", "position": {"x": 20, "y": 368}}, {"event_name": "mouseout", "timestamp": "1658963080920", "position": {"x": 754, "y": 142}}, {"event_name": "mouseover", "timestamp": "1658963080920", "position": {"x": 754, "y": 142}}, {"event_name": "mousemove", "timestamp": "1658963080920", "position": {"x": 754, "y": 142}}, {"event_name": "mouseout", "timestamp": "1658963080941", "position": {"x": 498, "y": 73}}, {"event_name": "mouseover", "timestamp": "1658963080941", "position": {"x": 498, "y": 73}}, {"event_name": "mousemove", "timestamp": "1658963080941", "position": {"x": 498, "y": 73}}, {"event_name": "mouseout", "timestamp": "1658963080954", "position": {"x": 1396, "y": 827}}, {"event_name": "mouseover", "timestamp": "1658963081086", "position": {"x": 107, "y": 400}}, {"event_name": "mousemove", "timestamp": "1658963081087", "position": {"x": 107, "y": 400}}, {"event_name": "mouseout", "timestamp": "1658963081106", "position": {"x": 1660, "y": 304}}, {"event_name": "mouseover", "timestamp": "1658963081121", "position": {"x": 549, "y": 189}}, {"event_name": "mousemove", "timestamp": "1658963081122", "position": {"x": 549, "y": 189}}, {"event_name": "mouseout", "timestamp": "1658963081137", "position": {"x": 852, "y": 249}}, {"event_name": "mouseover", "timestamp": "1658963081203", "position": {"x": 550, "y": 431}}, {"event_name": "mousemove", "timestamp": "1658963081204", "position": {"x": 550, "y": 431}}, {"event_name": "mouseout", "timestamp": "1658963081220", "position": {"x": 898, "y": 1}}, {"event_name": "mouseover", "timestamp": "1658963081290", "position": {"x": 723, "y": 583}}, {"event_name": "mousemove", "timestamp": "1658963081290", "position": {"x": 723, "y": 583}}, {"event_name": "mousemove", "timestamp": "1658963081309", "position": {"x": 693, "y": 498}}, {"event_name": "mouseout", "timestamp": "1658963081320", "position": {"x": 138, "y": 769}}, {"event_name": "mouseover", "timestamp": "1658963081336", "position": {"x": 325, "y": 579}}, {"event_name": "mousemove", "timestamp": "1658963081337", "position": {"x": 325, "y": 579}}, {"event_name": "mouseout", "timestamp": "1658963081354", "position": {"x": 741, "y": 762}}, {"event_name": "mouseover", "timestamp": "1658963081369", "position": {"x": 442, "y": 236}}, {"event_name": "mousemove", "timestamp": "1658963081369", "position": {"x": 442, "y": 236}}, {"event_name": "mouseout", "timestamp": "1658963081386", "position": {"x": 605, "y": 448}}, {"event_name": "mouseover", "timestamp": "1658963081386", "position": {"x": 605, "y": 448}}, {"event_name": "mousemove", "timestamp": "1658963081386", "position": {"x": 605, "y": 448}}, {"event_name": "mouseout", "timestamp": "1658963081403", "position": {"x": 310, "y": 793}}, {"event_name": "mouseover", "timestamp": "1658963081470", "position": {"x": 554, "y": 263}}, {"event_name": "mousemove", "timestamp": "1658963081471", "position": {"x": 554, "y": 263}}, {"event_name": "mouseout", "timestamp": "1658963081488", "position": {"x": 1433, "y": 841}}, {"event_name": "mouseover", "timestamp": "1658963081504", "position": {"x": 414, "y": 391}}, {"event_name": "mousemove", "timestamp": "1658963081504", "position": {"x": 414, "y": 391}}, {"event_name": "mouseout", "timestamp": "1658963081520", "position": {"x": 466, "y": 229}}, {"event_name": "mouseover", "timestamp": "1658963081520", "position": {"x": 466, "y": 229}}, {"event_name": "mousemove", "timestamp": "1658963081520", "position": {"x": 466, "y": 229}}, {"event_name": "mouseout", "timestamp": "1658963081537", "position": {"x": 489, "y": 850}}, {"event_name": "mouseover", "timestamp": "1658963081554", "position": {"x": 560, "y": 444}}, {"event_name": "mousemove", "timestamp": "1658963081554", "position": {"x": 560, "y": 444}}, {"event_name": "mouseout", "timestamp": "1658963081570", "position": {"x": 499, "y": 267}}, {"event_name": "mouseover", "timestamp": "1658963081570", "position": {"x": 499, "y": 267}}, {"event_name": "mousemove", "timestamp": "1658963081570", "position": {"x": 499, "y": 267}}, {"event_name": "mouseout", "timestamp": "1658963081587", "position": {"x": 815, "y": 648}}, {"event_name": "mouseover", "timestamp": "1658963081638", "position": {"x": 61, "y": 272}}, {"event_name": "mousemove", "timestamp": "1658963081638", "position": {"x": 61, "y": 272}}, {"event_name": "mouseout", "timestamp": "1658963081653", "position": {"x": 895, "y": 878}}, {"event_name": "mouseover", "timestamp": "1658963081736", "position": {"x": 271, "y": 199}}, {"event_name": "mousemove", "timestamp": "1658963081736", "position": {"x": 271, "y": 199}}, {"event_name": "mouseout", "timestamp": "1658963081753", "position": {"x": 1566, "y": 506}}, {"event_name": "mouseover", "timestamp": "1658963081770", "position": {"x": 396, "y": 447}}, {"event_name": "mousemove", "timestamp": "1658963081770", "position": {"x": 396, "y": 447}}, {"event_name": "mouseout", "timestamp": "1658963081787", "position": {"x": 557, "y": 282}}, {"event_name": "mouseover", "timestamp": "1658963081787", "position": {"x": 557, "y": 282}}, {"event_name": "mousemove", "timestamp": "1658963081788", "position": {"x": 557, "y": 282}}, {"event_name": "mouseout", "timestamp": "1658963081804", "position": {"x": 1342, "y": 824}}, {"event_name": "mouseover", "timestamp": "1658963081905", "position": {"x": 642, "y": 2}}, {"event_name": "mousemove", "timestamp": "1658963081911", "position": {"x": 642, "y": 2}}, {"event_name": "mouseout", "timestamp": "1658963081920", "position": {"x": 992, "y": 88}}, {"event_name": "mouseover", "timestamp": "1658963081954", "position": {"x": 532, "y": 23}}, {"event_name": "mousemove", "timestamp": "1658963081954", "position": {"x": 532, "y": 23}}, {"event_name": "mouseout", "timestamp": "1658963081971", "position": {"x": 786, "y": 355}}, {"event_name": "mouseover", "timestamp": "1658963081971", "position": {"x": 786, "y": 355}}, {"event_name": "mousemove", "timestamp": "1658963081971", "position": {"x": 786, "y": 355}}, {"event_name": "mouseout", "timestamp": "1658963081989", "position": {"x": 0, "y": 782}}, {"event_name": "mouseover", "timestamp": "1658963082020", "position": {"x": 212, "y": 48}}, {"event_name": "mousemove", "timestamp": "1658963082021", "position": {"x": 212, "y": 48}}, {"event_name": "mouseout", "timestamp": "1658963082036", "position": {"x": 724, "y": 63}}, {"event_name": "mouseover", "timestamp": "1658963082036", "position": {"x": 724, "y": 63}}, {"event_name": "mousemove", "timestamp": "1658963082036", "position": {"x": 724, "y": 63}}, {"event_name": "mouseout", "timestamp": "1658963082053", "position": {"x": 1167, "y": 872}}, {"event_name": "mouseover", "timestamp": "1658963082253", "position": {"x": 136, "y": 483}}, {"event_name": "mousemove", "timestamp": "1658963082253", "position": {"x": 136, "y": 483}}, {"event_name": "mouseout", "timestamp": "1658963082271", "position": {"x": 973, "y": 34}}, {"event_name": "mouseover", "timestamp": "1658963082303", "position": {"x": 404, "y": 43}}, {"event_name": "mousemove", "timestamp": "1658963082304", "position": {"x": 404, "y": 43}}, {"event_name": "mouseout", "timestamp": "1658963082320", "position": {"x": 1214, "y": 703}}, {"event_name": "mouseover", "timestamp": "1658963082337", "position": {"x": 777, "y": 279}}, {"event_name": "mousemove", "timestamp": "1658963082337", "position": {"x": 777, "y": 279}}, {"event_name": "mouseout", "timestamp": "1658963082354", "position": {"x": 462, "y": 565}}, {"event_name": "mouseover", "timestamp": "1658963082354", "position": {"x": 462, "y": 565}}, {"event_name": "mousemove", "timestamp": "1658963082354", "position": {"x": 462, "y": 565}}, {"event_name": "mouseout", "timestamp": "1658963082370", "position": {"x": 1058, "y": 252}}, {"event_name": "mouseover", "timestamp": "1658963082386", "position": {"x": 120, "y": 296}}, {"event_name": "mousemove", "timestamp": "1658963082386", "position": {"x": 120, "y": 296}}, {"event_name": "mouseout", "timestamp": "1658963082403", "position": {"x": 431, "y": 855}}, {"event_name": "mouseover", "timestamp": "1658963082437", "position": {"x": 334, "y": 544}}, {"event_name": "mousemove", "timestamp": "1658963082437", "position": {"x": 334, "y": 544}}, {"event_name": "mouseout", "timestamp": "1658963082453", "position": {"x": 122, "y": 21}}, {"event_name": "mouseover", "timestamp": "1658963082454", "position": {"x": 122, "y": 21}}, {"event_name": "mousemove", "timestamp": "1658963082454", "position": {"x": 122, "y": 21}}, {"event_name": "mouseout", "timestamp": "1658963082470", "position": {"x": 1477, "y": 357}}, {"event_name": "mouseover", "timestamp": "1658963082503", "position": {"x": 570, "y": 240}}, {"event_name": "mousemove", "timestamp": "1658963082503", "position": {"x": 570, "y": 240}}, {"event_name": "mouseout", "timestamp": "1658963082520", "position": {"x": 1779, "y": 875}}, {"event_name": "mouseover", "timestamp": "1658963082571", "position": {"x": 722, "y": 353}}, {"event_name": "mousemove", "timestamp": "1658963082571", "position": {"x": 722, "y": 353}}, {"event_name": "mouseout", "timestamp": "1658963082587", "position": {"x": 223, "y": 89}}, {"event_name": "mouseover", "timestamp": "1658963082587", "position": {"x": 223, "y": 89}}, {"event_name": "mousemove", "timestamp": "1658963082588", "position": {"x": 223, "y": 89}}, {"event_name": "mouseout", "timestamp": "1658963082603", "position": {"x": 1627, "y": 853}}, {"event_name": "mouseover", "timestamp": "1658963082637", "position": {"x": 109, "y": 418}}, {"event_name": "mousemove", "timestamp": "1658963082637", "position": {"x": 109, "y": 418}}, {"event_name": "mouseout", "timestamp": "1658963082655", "position": {"x": 1741, "y": 146}}, {"event_name": "mouseover", "timestamp": "1658963082720", "position": {"x": 768, "y": 258}}, {"event_name": "mousemove", "timestamp": "1658963082720", "position": {"x": 768, "y": 258}}, {"event_name": "mouseout", "timestamp": "1658963082736", "position": {"x": 1631, "y": 530}}, {"event_name": "mouseover", "timestamp": "1658963082769", "position": {"x": 563, "y": 310}}, {"event_name": "mousemove", "timestamp": "1658963082769", "position": {"x": 563, "y": 310}}, {"event_name": "mouseout", "timestamp": "1658963082787", "position": {"x": 803, "y": 11}}, {"event_name": "mouseover", "timestamp": "1658963082836", "position": {"x": 748, "y": 444}}, {"event_name": "mousemove", "timestamp": "1658963082836", "position": {"x": 748, "y": 444}}, {"event_name": "mouseout", "timestamp": "1658963082854", "position": {"x": 1000, "y": 246}}, {"event_name": "mouseover", "timestamp": "1658963082903", "position": {"x": 290, "y": 27}}, {"event_name": "mousemove", "timestamp": "1658963082904", "position": {"x": 290, "y": 27}}, {"event_name": "mouseout", "timestamp": "1658963082937", "position": {"x": 639, "y": 357}}, {"event_name": "mouseover", "timestamp": "1658963082937", "position": {"x": 639, "y": 357}}, {"event_name": "mousemove", "timestamp": "1658963082937", "position": {"x": 639, "y": 357}}, {"event_name": "mouseout", "timestamp": "1658963082954", "position": {"x": 205, "y": 582}}, {"event_name": "mouseover", "timestamp": "1658963082954", "position": {"x": 205, "y": 582}}, {"event_name": "mousemove", "timestamp": "1658963082954", "position": {"x": 205, "y": 582}}, {"event_name": "mouseout", "timestamp": "1658963082970", "position": {"x": 1199, "y": 388}}, {"event_name": "mouseover", "timestamp": "1658963082986", "position": {"x": 444, "y": 567}}, {"event_name": "mousemove", "timestamp": "1658963082987", "position": {"x": 444, "y": 567}}, {"event_name": "mouseout", "timestamp": "1658963083003", "position": {"x": 1234, "y": 635}}, {"event_name": "mouseover", "timestamp": "1658963083036", "position": {"x": 494, "y": 441}}, {"event_name": "mousemove", "timestamp": "1658963083037", "position": {"x": 494, "y": 441}}, {"event_name": "mouseout", "timestamp": "1658963083053", "position": {"x": 982, "y": 323}}, {"event_name": "mouseover", "timestamp": "1658963083086", "position": {"x": 224, "y": 494}}, {"event_name": "mousemove", "timestamp": "1658963083086", "position": {"x": 224, "y": 494}}, {"event_name": "mouseout", "timestamp": "1658963083103", "position": {"x": 1618, "y": 802}}, {"event_name": "mouseover", "timestamp": "1658963083186", "position": {"x": 490, "y": 160}}, {"event_name": "mousemove", "timestamp": "1658963083186", "position": {"x": 490, "y": 160}}, {"event_name": "mouseout", "timestamp": "1658963083203", "position": {"x": 562, "y": 816}}, {"event_name": "mouseover", "timestamp": "1658963083220", "position": {"x": 488, "y": 283}}, {"event_name": "mousemove", "timestamp": "1658963083221", "position": {"x": 488, "y": 283}}, {"event_name": "mouseout", "timestamp": "1658963083237", "position": {"x": 574, "y": 201}}, {"event_name": "mouseover", "timestamp": "1658963083237", "position": {"x": 574, "y": 201}}, {"event_name": "mousemove", "timestamp": "1658963083237", "position": {"x": 574, "y": 201}}, {"event_name": "mouseout", "timestamp": "1658963083253", "position": {"x": 1664, "y": 364}}, {"event_name": "mouseover", "timestamp": "1658963083287", "position": {"x": 142, "y": 553}}, {"event_name": "mousemove", "timestamp": "1658963083287", "position": {"x": 142, "y": 553}}, {"event_name": "mouseout", "timestamp": "1658963083303", "position": {"x": 841, "y": 783}}, {"event_name": "mouseover", "timestamp": "1658963083421", "position": {"x": 456, "y": 494}}, {"event_name": "mousemove", "timestamp": "1658963083421", "position": {"x": 456, "y": 494}}, {"event_name": "mouseout", "timestamp": "1658963083436", "position": {"x": 1681, "y": 188}}, {"event_name": "mouseover", "timestamp": "1658963083453", "position": {"x": 450, "y": 115}}, {"event_name": "mousemove", "timestamp": "1658963083454", "position": {"x": 450, "y": 115}}, {"event_name": "mouseout", "timestamp": "1658963083470", "position": {"x": 1552, "y": 147}}, {"event_name": "mouseover", "timestamp": "1658963083586", "position": {"x": 28, "y": 158}}, {"event_name": "mousemove", "timestamp": "1658963083587", "position": {"x": 28, "y": 158}}, {"event_name": "mouseout", "timestamp": "1658963083603", "position": {"x": 860, "y": 569}}, {"event_name": "mouseover", "timestamp": "1658963083620", "position": {"x": 676, "y": 373}}, {"event_name": "mousemove", "timestamp": "1658963083620", "position": {"x": 676, "y": 373}}, {"event_name": "mouseout", "timestamp": "1658963083636", "position": {"x": 35, "y": 679}}, {"event_name": "mouseover", "timestamp": "1658963083719", "position": {"x": 67, "y": 53}}, {"event_name": "mousemove", "timestamp": "1658963083720", "position": {"x": 67, "y": 53}}, {"event_name": "mouseout", "timestamp": "1658963083736", "position": {"x": 233, "y": 337}}, {"event_name": "mouseover", "timestamp": "1658963083737", "position": {"x": 233, "y": 337}}, {"event_name": "mousemove", "timestamp": "1658963083737", "position": {"x": 233, "y": 337}}, {"event_name": "mouseout", "timestamp": "1658963083753", "position": {"x": 1642, "y": 394}}, {"event_name": "mouseover", "timestamp": "1658963083770", "position": {"x": 318, "y": 71}}, {"event_name": "mousemove", "timestamp": "1658963083770", "position": {"x": 318, "y": 71}}, {"event_name": "mouseout", "timestamp": "1658963083787", "position": {"x": 690, "y": 796}}, {"event_name": "mouseover", "timestamp": "1658963083871", "position": {"x": 190, "y": 342}}, {"event_name": "mousemove", "timestamp": "1658963083871", "position": {"x": 190, "y": 342}}, {"event_name": "mouseout", "timestamp": "1658963083887", "position": {"x": 1402, "y": 215}}, {"event_name": "mouseover", "timestamp": "1658963084037", "position": {"x": 581, "y": 46}}, {"event_name": "mousemove", "timestamp": "1658963084037", "position": {"x": 581, "y": 46}}, {"event_name": "mouseout", "timestamp": "1658963084053", "position": {"x": 1292, "y": 80}}, {"event_name": "mouseover", "timestamp": "1658963084136", "position": {"x": 152, "y": 131}}, {"event_name": "mousemove", "timestamp": "1658963084137", "position": {"x": 152, "y": 131}}, {"event_name": "mouseout", "timestamp": "1658963084153", "position": {"x": 1663, "y": 546}}, {"event_name": "mouseover", "timestamp": "1658963084170", "position": {"x": 11, "y": 367}}, {"event_name": "mousemove", "timestamp": "1658963084170", "position": {"x": 11, "y": 367}}, {"event_name": "mouseout", "timestamp": "1658963084188", "position": {"x": 489, "y": 163}}, {"event_name": "mouseover", "timestamp": "1658963084188", "position": {"x": 489, "y": 163}}, {"event_name": "mousemove", "timestamp": "1658963084188", "position": {"x": 489, "y": 163}}, {"event_name": "mouseout", "timestamp": "1658963084204", "position": {"x": 1281, "y": 87}}, {"event_name": "mouseover", "timestamp": "1658963084220", "position": {"x": 572, "y": 368}}, {"event_name": "mousemove", "timestamp": "1658963084220", "position": {"x": 572, "y": 368}}, {"event_name": "mouseout", "timestamp": "1658963084237", "position": {"x": 1513, "y": 207}}, {"event_name": "mouseover", "timestamp": "1658963084287", "position": {"x": 116, "y": 476}}, {"event_name": "mousemove", "timestamp": "1658963084287", "position": {"x": 116, "y": 476}}, {"event_name": "mouseout", "timestamp": "1658963084303", "position": {"x": 440, "y": 781}}, {"event_name": "mouseover", "timestamp": "1658963084354", "position": {"x": 25, "y": 256}}, {"event_name": "mousemove", "timestamp": "1658963084354", "position": {"x": 25, "y": 256}}, {"event_name": "mouseout", "timestamp": "1658963084370", "position": {"x": 157, "y": 177}}, {"event_name": "mouseover", "timestamp": "1658963084370", "position": {"x": 157, "y": 177}}, {"event_name": "mousemove", "timestamp": "1658963084371", "position": {"x": 157, "y": 177}}, {"event_name": "mouseout", "timestamp": "1658963084387", "position": {"x": 1411, "y": 487}}, {"event_name": "mouseover", "timestamp": "1658963084504", "position": {"x": 360, "y": 146}}, {"event_name": "mousemove", "timestamp": "1658963084504", "position": {"x": 360, "y": 146}}, {"event_name": "mouseout", "timestamp": "1658963084520", "position": {"x": 363, "y": 669}}, {"event_name": "mouseover", "timestamp": "1658963084554", "position": {"x": 103, "y": 482}}, {"event_name": "mousemove", "timestamp": "1658963084554", "position": {"x": 103, "y": 482}}, {"event_name": "mouseout", "timestamp": "1658963084570", "position": {"x": 1019, "y": 702}}, {"event_name": "mouseover", "timestamp": "1658963084622", "position": {"x": 625, "y": 34}}, {"event_name": "mousemove", "timestamp": "1658963084622", "position": {"x": 625, "y": 34}}, {"event_name": "mouseout", "timestamp": "1658963084637", "position": {"x": 420, "y": 114}}, {"event_name": "mouseover", "timestamp": "1658963084638", "position": {"x": 420, "y": 114}}, {"event_name": "mousemove", "timestamp": "1658963084638", "position": {"x": 420, "y": 114}}, {"event_name": "mouseout", "timestamp": "1658963084653", "position": {"x": 416, "y": 826}}]}