{"user_id": "0a3437de-f627-4b76-84c4-c2401b5dda71", "device": "desktop", "trace": [{"event_name": "load", "timestamp": "1695938966561", "position": {"x": 0, "y": 0}}, {"event_name": "pageshow", "timestamp": "1695938966562", "position": {"x": 0, "y": 0}}, {"event_name": "click", "timestamp": "1695938967591", "position": {"x": 185, "y": 2366}}, {"event_name": "keydown", "timestamp": "1695938967595", "position": {"x": 0, "y": 0}}, {"event_name": "scroll", "timestamp": "1695938967602", "position": {"x": 0, "y": 0}}, {"event_name": "click", "timestamp": "1695938967614", "position": {"x": 184, "y": 485}}, {"event_name": "keyup", "timestamp": "1695938967617", "position": {"x": 0, "y": 0}}, {"event_name": "scroll", "timestamp": "1695938967617", "position": {"x": 0, "y": 0}}, {"event_name": "click", "timestamp": "1695938967624", "position": {"x": 47, "y": 1218}}, {"event_name": "mouseover", "timestamp": "1695938967631", "position": {"x": 513, "y": 725}}, {"event_name": "keypress", "timestamp": "1695938967633", "position": {"x": 0, "y": 0}}, {"event_name": "scroll", "timestamp": "1695938967634", "position": {"x": 0, "y": 0}}, {"event_name": "mousemove", "timestamp": "1695938967649", "position": {"x": 649, "y": 2153}}, {"event_name": "keyup", "timestamp": "1695938967651", "position": {"x": 0, "y": 0}}, {"event_name": "mousedown", "timestamp": "1695938967729", "position": {"x": 673, "y": 1323}}, {"event_name": "scroll", "timestamp": "1695938967730", "position": {"x": 0, "y": 0}}, {"event_name": "mousemove", "timestamp": "1695938967763", "position": {"x": 612, "y": 966}}, {"event_name": "keyup", "timestamp": "1695938967768", "position": {"x": 0, "y": 0}}, {"event_name": "scroll", "timestamp": "1695938967769", "position": {"x": 0, "y": 0}}, {"event_name": "dblclick", "timestamp": "1695938967781", "position": {"x": 438, "y": 1834}}, {"event_name": "mouseover", "timestamp": "1695938967783", "position": {"x": 630, "y": 1875}}, {"event_name": "keydown", "timestamp": "1695938967786", "position": {"x": 0, "y": 0}}, {"event_name": "mouseover", "timestamp": "1695938967801", "position": {"x": 29, "y": 1598}}, {"event_name": "scroll", "timestamp": "1695938967806", "position": {"x": 0, "y": 0}}, {"event_name": "mouseover", "timestamp": "1695938967813", "position": {"x": 160, "y": 1697}}, {"event_name": "keypress", "timestamp": "1695938967816", "position": {"x": 0, "y": 0}}, {"event_name": "scroll", "timestamp": "1695938967817", "position": {"x": 0, "y": 0}}, {"event_name": "click", "timestamp": "1695938967860", "position": {"x": 673, "y": 1736}}, {"event_name": "keyup", "timestamp": "1695938967864", "position": {"x": 0, "y": 0}}, {"event_name": "scroll", "timestamp": "1695938967864", "position": {"x": 0, "y": 0}}, {"event_name": "mousedown", "timestamp": "1695938967899", "position": {"x": 433, "y": 358}}, {"event_name": "keypress", "timestamp": "1695938967904", "position": {"x": 0, "y": 0}}, {"event_name": "scroll", "timestamp": "1695938967912", "position": {"x": 0, "y": 0}}, {"event_name": "click", "timestamp": "1695938967925", "position": {"x": 686, "y": 2627}}, {"event_name": "keyup", "timestamp": "1695938967939", "position": {"x": 0, "y": 0}}, {"event_name": "mouseover", "timestamp": "1695938967942", "position": {"x": 524, "y": 598}}, {"event_name": "scroll", "timestamp": "1695938967948", "position": {"x": 0, "y": 0}}, {"event_name": "mouseout", "timestamp": "1695938967977", "position": {"x": 572, "y": 699}}, {"event_name": "keypress", "timestamp": "1695938967984", "position": {"x": 0, "y": 0}}, {"event_name": "mouseout", "timestamp": "1695938967987", "position": {"x": 463, "y": 609}}, {"event_name": "scroll", "timestamp": "1695938967990", "position": {"x": 0, "y": 0}}, {"event_name": "mouseover", "timestamp": "1695938968040", "position": {"x": 547, "y": 224}}, {"event_name": "keypress", "timestamp": "1695938968053", "position": {"x": 0, "y": 0}}, {"event_name": "scroll", "timestamp": "1695938968058", "position": {"x": 0, "y": 0}}, {"event_name": "click", "timestamp": "1695938968111", "position": {"x": 544, "y": 2006}}, {"event_name": "keyup", "timestamp": "1695938968116", "position": {"x": 0, "y": 0}}, {"event_name": "keypress", "timestamp": "1695938968120", "position": {"x": 0, "y": 0}}, {"event_name": "dblclick", "timestamp": "1695938968132", "position": {"x": 28, "y": 2606}}, {"event_name": "keypress", "timestamp": "1695938968134", "position": {"x": 0, "y": 0}}, {"event_name": "scroll", "timestamp": "1695938968135", "position": {"x": 0, "y": 0}}, {"event_name": "dblclick", "timestamp": "1695938968195", "position": {"x": 112, "y": 819}}, {"event_name": "keypress", "timestamp": "1695938968203", "position": {"x": 0, "y": 0}}, {"event_name": "scroll", "timestamp": "1695938968204", "position": {"x": 0, "y": 0}}, {"event_name": "mouseout", "timestamp": "1695938968232", "position": {"x": 550, "y": 2393}}, {"event_name": "keyup", "timestamp": "1695938968235", "position": {"x": 0, "y": 0}}, {"event_name": "click", "timestamp": "1695938968237", "position": {"x": 630, "y": 1845}}, {"event_name": "mousemove", "timestamp": "1695938968248", "position": {"x": 472, "y": 2056}}, {"event_name": "keypress", "timestamp": "1695938968251", "position": {"x": 0, "y": 0}}, {"event_name": "mouseover", "timestamp": "1695938968268", "position": {"x": 523, "y": 1229}}, {"event_name": "scroll", "timestamp": "1695938968270", "position": {"x": 0, "y": 0}}, {"event_name": "click", "timestamp": "1695938968284", "position": {"x": 405, "y": 901}}, {"event_name": "keydown", "timestamp": "1695938968293", "position": {"x": 0, "y": 0}}, {"event_name": "scroll", "timestamp": "1695938968294", "position": {"x": 0, "y": 0}}, {"event_name": "mousemove", "timestamp": "1695938968311", "position": {"x": 247, "y": 1113}}, {"event_name": "click", "timestamp": "1695938968337", "position": {"x": 433, "y": 1149}}, {"event_name": "keydown", "timestamp": "1695938968341", "position": {"x": 0, "y": 0}}, {"event_name": "dblclick", "timestamp": "1695938968347", "position": {"x": 679, "y": 1339}}, {"event_name": "mouseover", "timestamp": "1695938968357", "position": {"x": 791, "y": 1170}}, {"event_name": "keyup", "timestamp": "1695938968362", "position": {"x": 0, "y": 0}}, {"event_name": "scroll", "timestamp": "1695938968388", "position": {"x": 0, "y": 0}}, {"event_name": "mouseup", "timestamp": "1695938968435", "position": {"x": 469, "y": 2192}}, {"event_name": "keyup", "timestamp": "1695938968451", "position": {"x": 0, "y": 0}}, {"event_name": "scroll", "timestamp": "1695938968455", "position": {"x": 0, "y": 0}}, {"event_name": "mouseup", "timestamp": "1695938968487", "position": {"x": 190, "y": 814}}, {"event_name": "keypress", "timestamp": "1695938968574", "position": {"x": 0, "y": 0}}, {"event_name": "scroll", "timestamp": "1695938968577", "position": {"x": 0, "y": 0}}, {"event_name": "click", "timestamp": "1695938968631", "position": {"x": 527, "y": 1255}}, {"event_name": "keydown", "timestamp": "1695938968635", "position": {"x": 0, "y": 0}}, {"event_name": "scroll", "timestamp": "1695938968637", "position": {"x": 0, "y": 0}}, {"event_name": "mousemove", "timestamp": "1695938968693", "position": {"x": 365, "y": 2417}}, {"event_name": "keydown", "timestamp": "1695938968711", "position": {"x": 0, "y": 0}}, {"event_name": "scroll", "timestamp": "1695938968712", "position": {"x": 0, "y": 0}}, {"event_name": "mouseover", "timestamp": "1695938968744", "position": {"x": 445, "y": 1012}}, {"event_name": "mouseup", "timestamp": "1695938968750", "position": {"x": 45, "y": 1377}}, {"event_name": "keypress", "timestamp": "1695938968761", "position": {"x": 0, "y": 0}}, {"event_name": "click", "timestamp": "1695938968776", "position": {"x": 221, "y": 1414}}, {"event_name": "keydown", "timestamp": "1695938968781", "position": {"x": 0, "y": 0}}, {"event_name": "mouseover", "timestamp": "1695938968793", "position": {"x": 567, "y": 309}}, {"event_name": "keyup", "timestamp": "1695938968799", "position": {"x": 0, "y": 0}}, {"event_name": "click", "timestamp": "1695938968813", "position": {"x": 175, "y": 235}}, {"event_name": "keyup", "timestamp": "1695938968823", "position": {"x": 0, "y": 0}}, {"event_name": "scroll", "timestamp": "1695938968824", "position": {"x": 0, "y": 0}}, {"event_name": "mouseover", "timestamp": "1695938968883", "position": {"x": 360, "y": 2096}}, {"event_name": "keypress", "timestamp": "1695938968887", "position": {"x": 0, "y": 0}}, {"event_name": "keypress", "timestamp": "1695938968893", "position": {"x": 0, "y": 0}}, {"event_name": "mouseover", "timestamp": "1695938968908", "position": {"x": 278, "y": 2334}}, {"event_name": "keydown", "timestamp": "1695938968928", "position": {"x": 0, "y": 0}}, {"event_name": "scroll", "timestamp": "1695938968930", "position": {"x": 0, "y": 0}}, {"event_name": "keydown", "timestamp": "1695938968953", "position": {"x": 0, "y": 0}}, {"event_name": "mousemove", "timestamp": "1695938968990", "position": {"x": 127, "y": 1117}}, {"event_name": "keyup", "timestamp": "1695938968996", "position": {"x": 0, "y": 0}}, {"event_name": "scroll", "timestamp": "1695938968997", "position": {"x": 0, "y": 0}}, {"event_name": "click", "timestamp": "1695938969019", "position": {"x": 228, "y": 1028}}, {"event_name": "keyup", "timestamp": "1695938969023", "position": {"x": 0, "y": 0}}, {"event_name": "click", "timestamp": "1695938969037", "position": {"x": 59, "y": 642}}, {"event_name": "keypress", "timestamp": "1695938969050", "position": {"x": 0, "y": 0}}, {"event_name": "scroll", "timestamp": "1695938969051", "position": {"x": 0, "y": 0}}, {"event_name": "click", "timestamp": "1695938969112", "position": {"x": 233, "y": 752}}, {"event_name": "keyup", "timestamp": "1695938969118", "position": {"x": 0, "y": 0}}, {"event_name": "scroll", "timestamp": "1695938969147", "position": {"x": 0, "y": 0}}, {"event_name": "click", "timestamp": "1695938969187", "position": {"x": 86, "y": 1431}}, {"event_name": "keyup", "timestamp": "1695938969207", "position": {"x": 0, "y": 0}}, {"event_name": "mousemove", "timestamp": "1695938969213", "position": {"x": 298, "y": 2569}}, {"event_name": "click", "timestamp": "1695938969224", "position": {"x": 465, "y": 2700}}, {"event_name": "keydown", "timestamp": "1695938969232", "position": {"x": 0, "y": 0}}, {"event_name": "mousedown", "timestamp": "1695938969248", "position": {"x": 135, "y": 2922}}, {"event_name": "keyup", "timestamp": "1695938969267", "position": {"x": 0, "y": 0}}, {"event_name": "mouseover", "timestamp": "1695938969286", "position": {"x": 356, "y": 2069}}, {"event_name": "keydown", "timestamp": "1695938969321", "position": {"x": 0, "y": 0}}, {"event_name": "click", "timestamp": "1695938969329", "position": {"x": 40, "y": 861}}, {"event_name": "click", "timestamp": "1695938969347", "position": {"x": 505, "y": 1003}}, {"event_name": "keyup", "timestamp": "1695938969365", "position": {"x": 0, "y": 0}}, {"event_name": "keyup", "timestamp": "1695938969369", "position": {"x": 0, "y": 0}}, {"event_name": "dblclick", "timestamp": "1695938969379", "position": {"x": 653, "y": 1580}}, {"event_name": "keyup", "timestamp": "1695938969385", "position": {"x": 0, "y": 0}}, {"event_name": "mouseover", "timestamp": "1695938969399", "position": {"x": 581, "y": 471}}, {"event_name": "keyup", "timestamp": "1695938969405", "position": {"x": 0, "y": 0}}, {"event_name": "dblclick", "timestamp": "1695938969420", "position": {"x": 700, "y": 2019}}, {"event_name": "keydown", "timestamp": "1695938969431", "position": {"x": 0, "y": 0}}, {"event_name": "keydown", "timestamp": "1695938969434", "position": {"x": 0, "y": 0}}, {"event_name": "dblclick", "timestamp": "1695938969467", "position": {"x": 53, "y": 1932}}, {"event_name": "keydown", "timestamp": "1695938969484", "position": {"x": 0, "y": 0}}, {"event_name": "scroll", "timestamp": "1695938969494", "position": {"x": 0, "y": 0}}, {"event_name": "click", "timestamp": "1695938969530", "position": {"x": 734, "y": 509}}, {"event_name": "keypress", "timestamp": "1695938969550", "position": {"x": 0, "y": 0}}, {"event_name": "click", "timestamp": "1695938969557", "position": {"x": 157, "y": 1102}}, {"event_name": "scroll", "timestamp": "1695938969559", "position": {"x": 0, "y": 0}}, {"event_name": "mouseover", "timestamp": "1695938969832", "position": {"x": 796, "y": 1288}}, {"event_name": "keyup", "timestamp": "1695938969855", "position": {"x": 0, "y": 0}}, {"event_name": "scroll", "timestamp": "1695938969868", "position": {"x": 0, "y": 0}}, {"event_name": "mouseout", "timestamp": "1695938970021", "position": {"x": 306, "y": 2730}}, {"event_name": "keyup", "timestamp": "1695938970029", "position": {"x": 0, "y": 0}}, {"event_name": "scroll", "timestamp": "1695938970035", "position": {"x": 0, "y": 0}}, {"event_name": "mousedown", "timestamp": "1695938970119", "position": {"x": 36, "y": 1032}}, {"event_name": "keypress", "timestamp": "1695938970132", "position": {"x": 0, "y": 0}}, {"event_name": "keyup", "timestamp": "1695938970135", "position": {"x": 0, "y": 0}}, {"event_name": "scroll", "timestamp": "1695938970136", "position": {"x": 0, "y": 0}}, {"event_name": "mouseover", "timestamp": "1695938970236", "position": {"x": 667, "y": 2587}}, {"event_name": "keyup", "timestamp": "1695938970253", "position": {"x": 0, "y": 0}}, {"event_name": "scroll", "timestamp": "1695938970266", "position": {"x": 0, "y": 0}}, {"event_name": "click", "timestamp": "1695938970372", "position": {"x": 615, "y": 2738}}, {"event_name": "keypress", "timestamp": "1695938970382", "position": {"x": 0, "y": 0}}, {"event_name": "scroll", "timestamp": "1695938970388", "position": {"x": 0, "y": 0}}, {"event_name": "dblclick", "timestamp": "1695938970407", "position": {"x": 64, "y": 707}}, {"event_name": "click", "timestamp": "1695938970466", "position": {"x": 163, "y": 677}}, {"event_name": "keydown", "timestamp": "1695938970470", "position": {"x": 0, "y": 0}}, {"event_name": "scroll", "timestamp": "1695938970471", "position": {"x": 0, "y": 0}}, {"event_name": "dblclick", "timestamp": "1695938970580", "position": {"x": 193, "y": 1162}}, {"event_name": "keypress", "timestamp": "1695938970596", "position": {"x": 0, "y": 0}}, {"event_name": "scroll", "timestamp": "1695938970597", "position": {"x": 0, "y": 0}}, {"event_name": "dblclick", "timestamp": "1695938970672", "position": {"x": 127, "y": 1483}}, {"event_name": "keyup", "timestamp": "1695938970677", "position": {"x": 0, "y": 0}}, {"event_name": "scroll", "timestamp": "1695938970685", "position": {"x": 0, "y": 0}}, {"event_name": "scroll", "timestamp": "1695938970704", "position": {"x": 0, "y": 0}}, {"event_name": "mouseover", "timestamp": "1695938970755", "position": {"x": 522, "y": 2450}}, {"event_name": "keydown", "timestamp": "1695938970761", "position": {"x": 0, "y": 0}}, {"event_name": "keydown", "timestamp": "1695938970764", "position": {"x": 0, "y": 0}}, {"event_name": "scroll", "timestamp": "1695938970767", "position": {"x": 0, "y": 0}}, {"event_name": "mouseover", "timestamp": "1695938970801", "position": {"x": 397, "y": 1694}}, {"event_name": "keyup", "timestamp": "1695938970807", "position": {"x": 0, "y": 0}}, {"event_name": "scroll", "timestamp": "1695938970813", "position": {"x": 0, "y": 0}}, {"event_name": "mouseover", "timestamp": "1695938971286", "position": {"x": 532, "y": 1597}}, {"event_name": "keypress", "timestamp": "1695938971315", "position": {"x": 0, "y": 0}}, {"event_name": "scroll", "timestamp": "1695938971328", "position": {"x": 0, "y": 0}}, {"event_name": "mouseup", "timestamp": "1695938971481", "position": {"x": 116, "y": 2760}}, {"event_name": "keyup", "timestamp": "1695938971505", "position": {"x": 0, "y": 0}}, {"event_name": "scroll", "timestamp": "1695938971506", "position": {"x": 0, "y": 0}}, {"event_name": "dblclick", "timestamp": "1695938971616", "position": {"x": 589, "y": 2731}}, {"event_name": "keyup", "timestamp": "1695938971620", "position": {"x": 0, "y": 0}}, {"event_name": "scroll", "timestamp": "1695938971621", "position": {"x": 0, "y": 0}}, {"event_name": "scroll", "timestamp": "1695938971658", "position": {"x": 0, "y": 0}}, {"event_name": "mouseover", "timestamp": "1695938971730", "position": {"x": 184, "y": 332}}, {"event_name": "keypress", "timestamp": "1695938971738", "position": {"x": 0, "y": 0}}, {"event_name": "scroll", "timestamp": "1695938971738", "position": {"x": 0, "y": 0}}, {"event_name": "keypress", "timestamp": "1695938971756", "position": {"x": 0, "y": 0}}, {"event_name": "click", "timestamp": "1695938971855", "position": {"x": 476, "y": 1572}}, {"event_name": "keydown", "timestamp": "1695938971868", "position": {"x": 0, "y": 0}}, {"event_name": "scroll", "timestamp": "1695938971871", "position": {"x": 0, "y": 0}}, {"event_name": "mouseout", "timestamp": "1695938971884", "position": {"x": 457, "y": 1960}}, {"event_name": "mouseup", "timestamp": "1695938971950", "position": {"x": 575, "y": 2171}}, {"event_name": "keypress", "timestamp": "1695938971955", "position": {"x": 0, "y": 0}}, {"event_name": "scroll", "timestamp": "1695938971957", "position": {"x": 0, "y": 0}}, {"event_name": "click", "timestamp": "1695938972077", "position": {"x": 213, "y": 1578}}, {"event_name": "keyup", "timestamp": "1695938972089", "position": {"x": 0, "y": 0}}, {"event_name": "scroll", "timestamp": "1695938972091", "position": {"x": 0, "y": 0}}, {"event_name": "mouseup", "timestamp": "1695938972148", "position": {"x": 117, "y": 559}}, {"event_name": "click", "timestamp": "1695938972188", "position": {"x": 496, "y": 751}}, {"event_name": "keyup", "timestamp": "1695938972199", "position": {"x": 0, "y": 0}}, {"event_name": "scroll", "timestamp": "1695938972201", "position": {"x": 0, "y": 0}}, {"event_name": "mousemove", "timestamp": "1695938972356", "position": {"x": 105, "y": 1476}}, {"event_name": "keyup", "timestamp": "1695938972363", "position": {"x": 0, "y": 0}}, {"event_name": "scroll", "timestamp": "1695938972364", "position": {"x": 0, "y": 0}}, {"event_name": "dblclick", "timestamp": "1695938972391", "position": {"x": 174, "y": 1662}}, {"event_name": "keyup", "timestamp": "1695938972406", "position": {"x": 0, "y": 0}}, {"event_name": "scroll", "timestamp": "1695938972407", "position": {"x": 0, "y": 0}}, {"event_name": "click", "timestamp": "1695938972482", "position": {"x": 402, "y": 927}}, {"event_name": "keydown", "timestamp": "1695938972488", "position": {"x": 0, "y": 0}}, {"event_name": "keyup", "timestamp": "1695938972498", "position": {"x": 0, "y": 0}}, {"event_name": "scroll", "timestamp": "1695938972500", "position": {"x": 0, "y": 0}}, {"event_name": "click", "timestamp": "1695938972550", "position": {"x": 556, "y": 1821}}, {"event_name": "keydown", "timestamp": "1695938972570", "position": {"x": 0, "y": 0}}, {"event_name": "scroll", "timestamp": "1695938972572", "position": {"x": 0, "y": 0}}, {"event_name": "keyup", "timestamp": "1695938972626", "position": {"x": 0, "y": 0}}, {"event_name": "mouseover", "timestamp": "1695938972720", "position": {"x": 488, "y": 1195}}, {"event_name": "keyup", "timestamp": "1695938972740", "position": {"x": 0, "y": 0}}, {"event_name": "scroll", "timestamp": "1695938972742", "position": {"x": 0, "y": 0}}, {"event_name": "keypress", "timestamp": "1695938972787", "position": {"x": 0, "y": 0}}, {"event_name": "dblclick", "timestamp": "1695938972842", "position": {"x": 312, "y": 992}}, {"event_name": "keypress", "timestamp": "1695938972863", "position": {"x": 0, "y": 0}}, {"event_name": "scroll", "timestamp": "1695938972865", "position": {"x": 0, "y": 0}}, {"event_name": "dblclick", "timestamp": "1695938972971", "position": {"x": 270, "y": 994}}, {"event_name": "keypress", "timestamp": "1695938972981", "position": {"x": 0, "y": 0}}, {"event_name": "scroll", "timestamp": "1695938972989", "position": {"x": 0, "y": 0}}, {"event_name": "click", "timestamp": "1695938973023", "position": {"x": 391, "y": 445}}, {"event_name": "mouseover", "timestamp": "1695938973166", "position": {"x": 656, "y": 915}}, {"event_name": "keyup", "timestamp": "1695938973172", "position": {"x": 0, "y": 0}}, {"event_name": "scroll", "timestamp": "1695938973173", "position": {"x": 0, "y": 0}}, {"event_name": "dblclick", "timestamp": "1695938973243", "position": {"x": 593, "y": 1442}}, {"event_name": "keyup", "timestamp": "1695938973259", "position": {"x": 0, "y": 0}}, {"event_name": "scroll", "timestamp": "1695938973261", "position": {"x": 0, "y": 0}}, {"event_name": "scroll", "timestamp": "1695938973284", "position": {"x": 0, "y": 0}}, {"event_name": "mouseover", "timestamp": "1695938973343", "position": {"x": 243, "y": 498}}, {"event_name": "keypress", "timestamp": "1695938973350", "position": {"x": 0, "y": 0}}, {"event_name": "scroll", "timestamp": "1695938973351", "position": {"x": 0, "y": 0}}, {"event_name": "mouseover", "timestamp": "1695938973375", "position": {"x": 423, "y": 710}}, {"event_name": "mouseover", "timestamp": "1695938973392", "position": {"x": 579, "y": 1143}}, {"event_name": "keydown", "timestamp": "1695938973399", "position": {"x": 0, "y": 0}}, {"event_name": "scroll", "timestamp": "1695938973401", "position": {"x": 0, "y": 0}}, {"event_name": "click", "timestamp": "1695938973473", "position": {"x": 150, "y": 737}}, {"event_name": "keyup", "timestamp": "1695938973483", "position": {"x": 0, "y": 0}}, {"event_name": "keyup", "timestamp": "1695938973492", "position": {"x": 0, "y": 0}}, {"event_name": "scroll", "timestamp": "1695938973499", "position": {"x": 0, "y": 0}}, {"event_name": "mouseover", "timestamp": "1695938973536", "position": {"x": 380, "y": 1237}}, {"event_name": "keydown", "timestamp": "1695938973543", "position": {"x": 0, "y": 0}}, {"event_name": "scroll", "timestamp": "1695938973546", "position": {"x": 0, "y": 0}}, {"event_name": "keypress", "timestamp": "1695938973569", "position": {"x": 0, "y": 0}}, {"event_name": "mouseover", "timestamp": "1695938973618", "position": {"x": 271, "y": 2357}}, {"event_name": "keypress", "timestamp": "1695938973633", "position": {"x": 0, "y": 0}}, {"event_name": "scroll", "timestamp": "1695938973652", "position": {"x": 0, "y": 0}}, {"event_name": "click", "timestamp": "1695938973741", "position": {"x": 580, "y": 1929}}, {"event_name": "click", "timestamp": "1695938973772", "position": {"x": 315, "y": 1822}}, {"event_name": "keyup", "timestamp": "1695938973788", "position": {"x": 0, "y": 0}}, {"event_name": "scroll", "timestamp": "1695938973789", "position": {"x": 0, "y": 0}}, {"event_name": "scroll", "timestamp": "1695938973942", "position": {"x": 0, "y": 0}}, {"event_name": "click", "timestamp": "1695938974022", "position": {"x": 141, "y": 2483}}, {"event_name": "keydown", "timestamp": "1695938974031", "position": {"x": 0, "y": 0}}, {"event_name": "scroll", "timestamp": "1695938974033", "position": {"x": 0, "y": 0}}, {"event_name": "click", "timestamp": "1695938974288", "position": {"x": 483, "y": 2710}}, {"event_name": "keydown", "timestamp": "1695938974311", "position": {"x": 0, "y": 0}}, {"event_name": "scroll", "timestamp": "1695938974313", "position": {"x": 0, "y": 0}}, {"event_name": "keyup", "timestamp": "1695938974339", "position": {"x": 0, "y": 0}}, {"event_name": "mouseover", "timestamp": "1695938974956", "position": {"x": 691, "y": 2530}}, {"event_name": "keyup", "timestamp": "1695938974967", "position": {"x": 0, "y": 0}}, {"event_name": "mouseover", "timestamp": "1695938974990", "position": {"x": 65, "y": 2027}}, {"event_name": "scroll", "timestamp": "1695938974999", "position": {"x": 0, "y": 0}}, {"event_name": "mousedown", "timestamp": "1695938976705", "position": {"x": 409, "y": 1914}}, {"event_name": "keyup", "timestamp": "1695938976708", "position": {"x": 0, "y": 0}}, {"event_name": "scroll", "timestamp": "1695938976709", "position": {"x": 0, "y": 0}}, {"event_name": "mousedown", "timestamp": "1695938976738", "position": {"x": 123, "y": 2420}}, {"event_name": "keydown", "timestamp": "1695938976741", "position": {"x": 0, "y": 0}}, {"event_name": "keyup", "timestamp": "1695938976743", "position": {"x": 0, "y": 0}}, {"event_name": "scroll", "timestamp": "1695938976744", "position": {"x": 0, "y": 0}}, {"event_name": "mouseover", "timestamp": "1695938976759", "position": {"x": 523, "y": 2005}}, {"event_name": "keypress", "timestamp": "1695938976763", "position": {"x": 0, "y": 0}}, {"event_name": "scroll", "timestamp": "1695938976766", "position": {"x": 0, "y": 0}}, {"event_name": "mousedown", "timestamp": "1695938976783", "position": {"x": 280, "y": 1495}}, {"event_name": "keydown", "timestamp": "1695938976788", "position": {"x": 0, "y": 0}}, {"event_name": "scroll", "timestamp": "1695938976795", "position": {"x": 0, "y": 0}}, {"event_name": "keydown", "timestamp": "1695938976809", "position": {"x": 0, "y": 0}}, {"event_name": "click", "timestamp": "1695938976919", "position": {"x": 588, "y": 2398}}, {"event_name": "keypress", "timestamp": "1695938976924", "position": {"x": 0, "y": 0}}, {"event_name": "scroll", "timestamp": "1695938976926", "position": {"x": 0, "y": 0}}, {"event_name": "mouseup", "timestamp": "1695938976977", "position": {"x": 219, "y": 849}}, {"event_name": "keypress", "timestamp": "1695938976984", "position": {"x": 0, "y": 0}}, {"event_name": "scroll", "timestamp": "1695938976986", "position": {"x": 0, "y": 0}}, {"event_name": "mouseup", "timestamp": "1695938977003", "position": {"x": 308, "y": 330}}, {"event_name": "click", "timestamp": "1695938977060", "position": {"x": 337, "y": 353}}, {"event_name": "keypress", "timestamp": "1695938977069", "position": {"x": 0, "y": 0}}, {"event_name": "scroll", "timestamp": "1695938977071", "position": {"x": 0, "y": 0}}, {"event_name": "click", "timestamp": "1695938977122", "position": {"x": 110, "y": 1042}}, {"event_name": "mousemove", "timestamp": "1695938977163", "position": {"x": 233, "y": 952}}, {"event_name": "keyup", "timestamp": "1695938977173", "position": {"x": 0, "y": 0}}, {"event_name": "scroll", "timestamp": "1695938977178", "position": {"x": 0, "y": 0}}, {"event_name": "dblclick", "timestamp": "1695938977259", "position": {"x": 630, "y": 1764}}, {"event_name": "keydown", "timestamp": "1695938977270", "position": {"x": 0, "y": 0}}, {"event_name": "scroll", "timestamp": "1695938977272", "position": {"x": 0, "y": 0}}, {"event_name": "dblclick", "timestamp": "1695938977302", "position": {"x": 317, "y": 67}}, {"event_name": "click", "timestamp": "1695938977492", "position": {"x": 572, "y": 530}}, {"event_name": "keypress", "timestamp": "1695938977514", "position": {"x": 0, "y": 0}}, {"event_name": "scroll", "timestamp": "1695938977516", "position": {"x": 0, "y": 0}}, {"event_name": "mouseup", "timestamp": "1695938977685", "position": {"x": 511, "y": 2612}}, {"event_name": "keyup", "timestamp": "1695938977691", "position": {"x": 0, "y": 0}}, {"event_name": "scroll", "timestamp": "1695938977694", "position": {"x": 0, "y": 0}}, {"event_name": "mouseover", "timestamp": "1695938977738", "position": {"x": 162, "y": 2246}}, {"event_name": "keyup", "timestamp": "1695938977743", "position": {"x": 0, "y": 0}}, {"event_name": "mousemove", "timestamp": "1695938977756", "position": {"x": 202, "y": 2923}}, {"event_name": "scroll", "timestamp": "1695938977757", "position": {"x": 0, "y": 0}}, {"event_name": "mousedown", "timestamp": "1695938977819", "position": {"x": 811, "y": 2852}}, {"event_name": "keypress", "timestamp": "1695938977831", "position": {"x": 0, "y": 0}}, {"event_name": "scroll", "timestamp": "1695938977832", "position": {"x": 0, "y": 0}}, {"event_name": "click", "timestamp": "1695938977859", "position": {"x": 577, "y": 922}}, {"event_name": "dblclick", "timestamp": "1695938977917", "position": {"x": 265, "y": 884}}, {"event_name": "keydown", "timestamp": "1695938977924", "position": {"x": 0, "y": 0}}, {"event_name": "scroll", "timestamp": "1695938977926", "position": {"x": 0, "y": 0}}, {"event_name": "click", "timestamp": "1695938977956", "position": {"x": 191, "y": 1805}}, {"event_name": "click", "timestamp": "1695938977986", "position": {"x": 67, "y": 2222}}, {"event_name": "keypress", "timestamp": "1695938977994", "position": {"x": 0, "y": 0}}, {"event_name": "scroll", "timestamp": "1695938978004", "position": {"x": 0, "y": 0}}, {"event_name": "scroll", "timestamp": "1695938978036", "position": {"x": 0, "y": 0}}, {"event_name": "mouseover", "timestamp": "1695938978084", "position": {"x": 611, "y": 2522}}, {"event_name": "keypress", "timestamp": "1695938978104", "position": {"x": 0, "y": 0}}, {"event_name": "scroll", "timestamp": "1695938978108", "position": {"x": 0, "y": 0}}, {"event_name": "click", "timestamp": "1695938978153", "position": {"x": 787, "y": 2668}}, {"event_name": "keypress", "timestamp": "1695938978162", "position": {"x": 0, "y": 0}}, {"event_name": "scroll", "timestamp": "1695938978165", "position": {"x": 0, "y": 0}}, {"event_name": "click", "timestamp": "1695938978272", "position": {"x": 387, "y": 2806}}, {"event_name": "keypress", "timestamp": "1695938978297", "position": {"x": 0, "y": 0}}, {"event_name": "scroll", "timestamp": "1695938978299", "position": {"x": 0, "y": 0}}, {"event_name": "keypress", "timestamp": "1695938978351", "position": {"x": 0, "y": 0}}, {"event_name": "mouseover", "timestamp": "1695938978417", "position": {"x": 78, "y": 980}}, {"event_name": "keypress", "timestamp": "1695938978436", "position": {"x": 0, "y": 0}}, {"event_name": "scroll", "timestamp": "1695938978438", "position": {"x": 0, "y": 0}}, {"event_name": "dblclick", "timestamp": "1695938978693", "position": {"x": 323, "y": 1917}}, {"event_name": "keydown", "timestamp": "1695938978706", "position": {"x": 0, "y": 0}}, {"event_name": "scroll", "timestamp": "1695938978709", "position": {"x": 0, "y": 0}}, {"event_name": "mouseup", "timestamp": "1695938978740", "position": {"x": 158, "y": 2429}}, {"event_name": "scroll", "timestamp": "1695938979030", "position": {"x": 0, "y": 0}}, {"event_name": "scroll", "timestamp": "1695938979468", "position": {"x": 0, "y": 0}}, {"event_name": "click", "timestamp": "1695938979550", "position": {"x": 704, "y": 1837}}, {"event_name": "scroll", "timestamp": "1695938979601", "position": {"x": 0, "y": 0}}, {"event_name": "keydown", "timestamp": "1695938979736", "position": {"x": 0, "y": 0}}, {"event_name": "keydown", "timestamp": "1695938979816", "position": {"x": 0, "y": 0}}, {"event_name": "mouseover", "timestamp": "1695938980022", "position": {"x": 320, "y": 2088}}, {"event_name": "keypress", "timestamp": "1695938980271", "position": {"x": 0, "y": 0}}, {"event_name": "scroll", "timestamp": "1695938980434", "position": {"x": 0, "y": 0}}, {"event_name": "scroll", "timestamp": "1695938980499", "position": {"x": 0, "y": 0}}, {"event_name": "dblclick", "timestamp": "1695938980620", "position": {"x": 374, "y": 1256}}, {"event_name": "scroll", "timestamp": "1695938980705", "position": {"x": 0, "y": 0}}, {"event_name": "keypress", "timestamp": "1695938980766", "position": {"x": 0, "y": 0}}, {"event_name": "scroll", "timestamp": "1695938980768", "position": {"x": 0, "y": 0}}, {"event_name": "keyup", "timestamp": "1695938980807", "position": {"x": 0, "y": 0}}, {"event_name": "scroll", "timestamp": "1695938980958", "position": {"x": 0, "y": 0}}, {"event_name": "keydown", "timestamp": "1695938981046", "position": {"x": 0, "y": 0}}, {"event_name": "mousemove", "timestamp": "1695938981126", "position": {"x": 461, "y": 2054}}, {"event_name": "scroll", "timestamp": "1695938981194", "position": {"x": 0, "y": 0}}, {"event_name": "scroll", "timestamp": "1695938981271", "position": {"x": 0, "y": 0}}, {"event_name": "click", "timestamp": "1695938981437", "position": {"x": 225, "y": 2773}}, {"event_name": "keydown", "timestamp": "1695938981468", "position": {"x": 0, "y": 0}}, {"event_name": "click", "timestamp": "1695938981569", "position": {"x": 732, "y": 2694}}, {"event_name": "click", "timestamp": "1695938981766", "position": {"x": 780, "y": 2723}}, {"event_name": "scroll", "timestamp": "1695938981840", "position": {"x": 0, "y": 0}}, {"event_name": "keypress", "timestamp": "1695938981863", "position": {"x": 0, "y": 0}}, {"event_name": "mouseup", "timestamp": "1695938981982", "position": {"x": 356, "y": 2997}}, {"event_name": "scroll", "timestamp": "1695938982146", "position": {"x": 0, "y": 0}}, {"event_name": "scroll", "timestamp": "1695938982174", "position": {"x": 0, "y": 0}}, {"event_name": "keypress", "timestamp": "1695938982201", "position": {"x": 0, "y": 0}}, {"event_name": "scroll", "timestamp": "1695938982205", "position": {"x": 0, "y": 0}}, {"event_name": "scroll", "timestamp": "1695938982256", "position": {"x": 0, "y": 0}}, {"event_name": "mouseup", "timestamp": "1695938982278", "position": {"x": 630, "y": 959}}, {"event_name": "scroll", "timestamp": "1695938982439", "position": {"x": 0, "y": 0}}, {"event_name": "keydown", "timestamp": "1695938982521", "position": {"x": 0, "y": 0}}, {"event_name": "scroll", "timestamp": "1695938982738", "position": {"x": 0, "y": 0}}, {"event_name": "keypress", "timestamp": "1695938982816", "position": {"x": 0, "y": 0}}, {"event_name": "scroll", "timestamp": "1695938983022", "position": {"x": 0, "y": 0}}, {"event_name": "click", "timestamp": "1695938983076", "position": {"x": 798, "y": 2912}}, {"event_name": "scroll", "timestamp": "1695938983218", "position": {"x": 0, "y": 0}}, {"event_name": "click", "timestamp": "1695938983257", "position": {"x": 758, "y": 2239}}, {"event_name": "scroll", "timestamp": "1695938983285", "position": {"x": 0, "y": 0}}, {"event_name": "scroll", "timestamp": "1695938983311", "position": {"x": 0, "y": 0}}, {"event_name": "keyup", "timestamp": "1695938983377", "position": {"x": 0, "y": 0}}, {"event_name": "keypress", "timestamp": "1695938983413", "position": {"x": 0, "y": 0}}, {"event_name": "click", "timestamp": "1695938983440", "position": {"x": 482, "y": 2770}}, {"event_name": "scroll", "timestamp": "1695938983496", "position": {"x": 0, "y": 0}}, {"event_name": "keypress", "timestamp": "1695938983588", "position": {"x": 0, "y": 0}}, {"event_name": "keyup", "timestamp": "1695938983705", "position": {"x": 0, "y": 0}}, {"event_name": "scroll", "timestamp": "1695938983729", "position": {"x": 0, "y": 0}}, {"event_name": "keyup", "timestamp": "1695938983909", "position": {"x": 0, "y": 0}}, {"event_name": "keypress", "timestamp": "1695938984156", "position": {"x": 0, "y": 0}}, {"event_name": "click", "timestamp": "1695938984240", "position": {"x": 830, "y": 2560}}, {"event_name": "click", "timestamp": "1695938984283", "position": {"x": 183, "y": 2442}}, {"event_name": "mousedown", "timestamp": "1695938984313", "position": {"x": 323, "y": 2664}}, {"event_name": "scroll", "timestamp": "1695938984350", "position": {"x": 0, "y": 0}}, {"event_name": "mousedown", "timestamp": "1695938984472", "position": {"x": 463, "y": 817}}, {"event_name": "scroll", "timestamp": "1695938984529", "position": {"x": 0, "y": 0}}, {"event_name": "scroll", "timestamp": "1695938984553", "position": {"x": 0, "y": 0}}, {"event_name": "click", "timestamp": "1695938984576", "position": {"x": 694, "y": 493}}, {"event_name": "click", "timestamp": "1695938984655", "position": {"x": 771, "y": 729}}, {"event_name": "scroll", "timestamp": "1695938984705", "position": {"x": 0, "y": 0}}, {"event_name": "scroll", "timestamp": "1695938984753", "position": {"x": 0, "y": 0}}, {"event_name": "keyup", "timestamp": "1695938984786", "position": {"x": 0, "y": 0}}, {"event_name": "mouseover", "timestamp": "1695938984825", "position": {"x": 368, "y": 697}}, {"event_name": "scroll", "timestamp": "1695938984910", "position": {"x": 0, "y": 0}}, {"event_name": "click", "timestamp": "1695938985011", "position": {"x": 874, "y": 1028}}, {"event_name": "keydown", "timestamp": "1695938985047", "position": {"x": 0, "y": 0}}, {"event_name": "keypress", "timestamp": "1695938985105", "position": {"x": 0, "y": 0}}, {"event_name": "scroll", "timestamp": "1695938985110", "position": {"x": 0, "y": 0}}, {"event_name": "scroll", "timestamp": "1695938985136", "position": {"x": 0, "y": 0}}, {"event_name": "keyup", "timestamp": "1695938985148", "position": {"x": 0, "y": 0}}, {"event_name": "click", "timestamp": "1695938985214", "position": {"x": 686, "y": 2289}}, {"event_name": "click", "timestamp": "1695938985229", "position": {"x": 748, "y": 2066}}, {"event_name": "mousedown", "timestamp": "1695938985331", "position": {"x": 495, "y": 2237}}, {"event_name": "keypress", "timestamp": "1695938985364", "position": {"x": 0, "y": 0}}, {"event_name": "scroll", "timestamp": "1695938985383", "position": {"x": 0, "y": 0}}, {"event_name": "keydown", "timestamp": "1695938985433", "position": {"x": 0, "y": 0}}, {"event_name": "dblclick", "timestamp": "1695938985464", "position": {"x": 327, "y": 2367}}, {"event_name": "scroll", "timestamp": "1695938985490", "position": {"x": 0, "y": 0}}, {"event_name": "mouseover", "timestamp": "1695938985513", "position": {"x": 319, "y": 838}}, {"event_name": "scroll", "timestamp": "1695938985545", "position": {"x": 0, "y": 0}}, {"event_name": "click", "timestamp": "1695938985576", "position": {"x": 192, "y": 740}}, {"event_name": "scroll", "timestamp": "1695938985577", "position": {"x": 0, "y": 0}}, {"event_name": "click", "timestamp": "1695938985642", "position": {"x": 780, "y": 903}}, {"event_name": "mousemove", "timestamp": "1695938985676", "position": {"x": 625, "y": 573}}, {"event_name": "scroll", "timestamp": "1695938985694", "position": {"x": 0, "y": 0}}, {"event_name": "scroll", "timestamp": "1695938985749", "position": {"x": 0, "y": 0}}, {"event_name": "keydown", "timestamp": "1695938985792", "position": {"x": 0, "y": 0}}, {"event_name": "keydown", "timestamp": "1695938985849", "position": {"x": 0, "y": 0}}, {"event_name": "keydown", "timestamp": "1695938985872", "position": {"x": 0, "y": 0}}, {"event_name": "click", "timestamp": "1695938985888", "position": {"x": 745, "y": 2860}}, {"event_name": "keyup", "timestamp": "1695938986015", "position": {"x": 0, "y": 0}}, {"event_name": "keypress", "timestamp": "1695938986086", "position": {"x": 0, "y": 0}}, {"event_name": "keyup", "timestamp": "1695938986104", "position": {"x": 0, "y": 0}}, {"event_name": "scroll", "timestamp": "1695938986125", "position": {"x": 0, "y": 0}}, {"event_name": "scroll", "timestamp": "1695938986146", "position": {"x": 0, "y": 0}}, {"event_name": "scroll", "timestamp": "1695938986172", "position": {"x": 0, "y": 0}}, {"event_name": "scroll", "timestamp": "1695938986188", "position": {"x": 0, "y": 0}}, {"event_name": "mouseover", "timestamp": "1695938986219", "position": {"x": 705, "y": 2319}}, {"event_name": "keyup", "timestamp": "1695938986270", "position": {"x": 0, "y": 0}}, {"event_name": "scroll", "timestamp": "1695938986291", "position": {"x": 0, "y": 0}}, {"event_name": "mouseout", "timestamp": "1695938986361", "position": {"x": 691, "y": 716}}, {"event_name": "mouseover", "timestamp": "1695938986405", "position": {"x": 635, "y": 1013}}, {"event_name": "keyup", "timestamp": "1695938986426", "position": {"x": 0, "y": 0}}, {"event_name": "scroll", "timestamp": "1695938986437", "position": {"x": 0, "y": 0}}, {"event_name": "scroll", "timestamp": "1695938986474", "position": {"x": 0, "y": 0}}, {"event_name": "click", "timestamp": "1695938986539", "position": {"x": 236, "y": 1795}}, {"event_name": "scroll", "timestamp": "1695938986575", "position": {"x": 0, "y": 0}}, {"event_name": "scroll", "timestamp": "1695938986667", "position": {"x": 0, "y": 0}}, {"event_name": "click", "timestamp": "1695938986745", "position": {"x": 707, "y": 1591}}, {"event_name": "scroll", "timestamp": "1695938986778", "position": {"x": 0, "y": 0}}, {"event_name": "scroll", "timestamp": "1695938986797", "position": {"x": 0, "y": 0}}, {"event_name": "scroll", "timestamp": "1695938986832", "position": {"x": 0, "y": 0}}, {"event_name": "mouseup", "timestamp": "1695938986899", "position": {"x": 74, "y": 1393}}, {"event_name": "scroll", "timestamp": "1695938986963", "position": {"x": 0, "y": 0}}, {"event_name": "keyup", "timestamp": "1695938986982", "position": {"x": 0, "y": 0}}, {"event_name": "keydown", "timestamp": "1695938987080", "position": {"x": 0, "y": 0}}, {"event_name": "mouseover", "timestamp": "1695938987138", "position": {"x": 529, "y": 932}}, {"event_name": "keydown", "timestamp": "1695938987151", "position": {"x": 0, "y": 0}}, {"event_name": "scroll", "timestamp": "1695938987173", "position": {"x": 0, "y": 0}}, {"event_name": "keypress", "timestamp": "1695938987266", "position": {"x": 0, "y": 0}}, {"event_name": "keypress", "timestamp": "1695938987284", "position": {"x": 0, "y": 0}}, {"event_name": "scroll", "timestamp": "1695938987363", "position": {"x": 0, "y": 0}}, {"event_name": "scroll", "timestamp": "1695938987374", "position": {"x": 0, "y": 0}}, {"event_name": "keydown", "timestamp": "1695938987413", "position": {"x": 0, "y": 0}}, {"event_name": "keydown", "timestamp": "1695938987448", "position": {"x": 0, "y": 0}}, {"event_name": "click", "timestamp": "1695938987554", "position": {"x": 595, "y": 2497}}]}