{"user_id": "0a5cb30a-ce92-436e-bbed-4002e6b5a39e", "device": "desktop", "trace": [{"event_name": "load", "timestamp": "1695938169853", "position": {"x": 0, "y": 0}}, {"event_name": "pageshow", "timestamp": "1695938169855", "position": {"x": 0, "y": 0}}, {"event_name": "mouseover", "timestamp": "1695938170879", "position": {"x": 78, "y": 1418}}, {"event_name": "keydown", "timestamp": "1695938170882", "position": {"x": 0, "y": 0}}, {"event_name": "scroll", "timestamp": "1695938170883", "position": {"x": 0, "y": 0}}, {"event_name": "click", "timestamp": "1695938170894", "position": {"x": 366, "y": 1350}}, {"event_name": "keydown", "timestamp": "1695938170896", "position": {"x": 0, "y": 0}}, {"event_name": "scroll", "timestamp": "1695938170897", "position": {"x": 0, "y": 0}}, {"event_name": "click", "timestamp": "1695938170905", "position": {"x": 368, "y": 1965}}, {"event_name": "click", "timestamp": "1695938170907", "position": {"x": 283, "y": 2433}}, {"event_name": "keypress", "timestamp": "1695938170910", "position": {"x": 0, "y": 0}}, {"event_name": "scroll", "timestamp": "1695938170914", "position": {"x": 0, "y": 0}}, {"event_name": "click", "timestamp": "1695938170917", "position": {"x": 763, "y": 608}}, {"event_name": "dblclick", "timestamp": "1695938170922", "position": {"x": 16, "y": 324}}, {"event_name": "keypress", "timestamp": "1695938170924", "position": {"x": 0, "y": 0}}, {"event_name": "keypress", "timestamp": "1695938170928", "position": {"x": 0, "y": 0}}, {"event_name": "scroll", "timestamp": "1695938170938", "position": {"x": 0, "y": 0}}, {"event_name": "click", "timestamp": "1695938170945", "position": {"x": 29, "y": 2553}}, {"event_name": "keyup", "timestamp": "1695938170946", "position": {"x": 0, "y": 0}}, {"event_name": "scroll", "timestamp": "1695938170947", "position": {"x": 0, "y": 0}}, {"event_name": "mouseout", "timestamp": "1695938171019", "position": {"x": 61, "y": 639}}, {"event_name": "keyup", "timestamp": "1695938171025", "position": {"x": 0, "y": 0}}, {"event_name": "scroll", "timestamp": "1695938171031", "position": {"x": 0, "y": 0}}, {"event_name": "mouseout", "timestamp": "1695938171050", "position": {"x": 217, "y": 2606}}, {"event_name": "keypress", "timestamp": "1695938171052", "position": {"x": 0, "y": 0}}, {"event_name": "click", "timestamp": "1695938171063", "position": {"x": 107, "y": 735}}, {"event_name": "keypress", "timestamp": "1695938171065", "position": {"x": 0, "y": 0}}, {"event_name": "keydown", "timestamp": "1695938171090", "position": {"x": 0, "y": 0}}, {"event_name": "scroll", "timestamp": "1695938171091", "position": {"x": 0, "y": 0}}, {"event_name": "dblclick", "timestamp": "1695938171101", "position": {"x": 27, "y": 548}}, {"event_name": "keypress", "timestamp": "1695938171108", "position": {"x": 0, "y": 0}}, {"event_name": "dblclick", "timestamp": "1695938171121", "position": {"x": 182, "y": 593}}, {"event_name": "keydown", "timestamp": "1695938171129", "position": {"x": 0, "y": 0}}, {"event_name": "mouseup", "timestamp": "1695938171141", "position": {"x": 594, "y": 2307}}, {"event_name": "keyup", "timestamp": "1695938171152", "position": {"x": 0, "y": 0}}, {"event_name": "scroll", "timestamp": "1695938171153", "position": {"x": 0, "y": 0}}, {"event_name": "dblclick", "timestamp": "1695938171176", "position": {"x": 331, "y": 2956}}, {"event_name": "keyup", "timestamp": "1695938171178", "position": {"x": 0, "y": 0}}, {"event_name": "mousedown", "timestamp": "1695938171202", "position": {"x": 793, "y": 919}}, {"event_name": "keydown", "timestamp": "1695938171205", "position": {"x": 0, "y": 0}}, {"event_name": "mouseover", "timestamp": "1695938171214", "position": {"x": 15, "y": 369}}, {"event_name": "mousemove", "timestamp": "1695938171218", "position": {"x": 573, "y": 425}}, {"event_name": "keypress", "timestamp": "1695938171222", "position": {"x": 0, "y": 0}}, {"event_name": "click", "timestamp": "1695938171227", "position": {"x": 626, "y": 353}}, {"event_name": "mouseout", "timestamp": "1695938171236", "position": {"x": 516, "y": 529}}, {"event_name": "keyup", "timestamp": "1695938171240", "position": {"x": 0, "y": 0}}, {"event_name": "dblclick", "timestamp": "1695938171254", "position": {"x": 357, "y": 780}}, {"event_name": "keypress", "timestamp": "1695938171260", "position": {"x": 0, "y": 0}}, {"event_name": "keydown", "timestamp": "1695938171561", "position": {"x": 0, "y": 0}}, {"event_name": "click", "timestamp": "1695938171578", "position": {"x": 470, "y": 1196}}, {"event_name": "keydown", "timestamp": "1695938171585", "position": {"x": 0, "y": 0}}, {"event_name": "scroll", "timestamp": "1695938171586", "position": {"x": 0, "y": 0}}, {"event_name": "keypress", "timestamp": "1695938171735", "position": {"x": 0, "y": 0}}, {"event_name": "mouseover", "timestamp": "1695938171956", "position": {"x": 756, "y": 1855}}, {"event_name": "keyup", "timestamp": "1695938171967", "position": {"x": 0, "y": 0}}, {"event_name": "scroll", "timestamp": "1695938171973", "position": {"x": 0, "y": 0}}, {"event_name": "mouseover", "timestamp": "1695938172528", "position": {"x": 715, "y": 2070}}, {"event_name": "keyup", "timestamp": "1695938172531", "position": {"x": 0, "y": 0}}, {"event_name": "scroll", "timestamp": "1695938172531", "position": {"x": 0, "y": 0}}, {"event_name": "scroll", "timestamp": "1695938172832", "position": {"x": 0, "y": 0}}, {"event_name": "dblclick", "timestamp": "1695938172838", "position": {"x": 460, "y": 2736}}, {"event_name": "keydown", "timestamp": "1695938172840", "position": {"x": 0, "y": 0}}, {"event_name": "scroll", "timestamp": "1695938172856", "position": {"x": 0, "y": 0}}, {"event_name": "mouseover", "timestamp": "1695938172872", "position": {"x": 507, "y": 2964}}, {"event_name": "keydown", "timestamp": "1695938172879", "position": {"x": 0, "y": 0}}, {"event_name": "keyup", "timestamp": "1695938172889", "position": {"x": 0, "y": 0}}, {"event_name": "scroll", "timestamp": "1695938172890", "position": {"x": 0, "y": 0}}, {"event_name": "mouseup", "timestamp": "1695938172902", "position": {"x": 169, "y": 2588}}, {"event_name": "keydown", "timestamp": "1695938172905", "position": {"x": 0, "y": 0}}, {"event_name": "scroll", "timestamp": "1695938172906", "position": {"x": 0, "y": 0}}, {"event_name": "mouseover", "timestamp": "1695938172922", "position": {"x": 221, "y": 2887}}, {"event_name": "keydown", "timestamp": "1695938172926", "position": {"x": 0, "y": 0}}, {"event_name": "scroll", "timestamp": "1695938172932", "position": {"x": 0, "y": 0}}, {"event_name": "mouseover", "timestamp": "1695938172946", "position": {"x": 244, "y": 1495}}, {"event_name": "keypress", "timestamp": "1695938172950", "position": {"x": 0, "y": 0}}, {"event_name": "scroll", "timestamp": "1695938172953", "position": {"x": 0, "y": 0}}, {"event_name": "mouseup", "timestamp": "1695938172963", "position": {"x": 509, "y": 1449}}, {"event_name": "keypress", "timestamp": "1695938172965", "position": {"x": 0, "y": 0}}, {"event_name": "scroll", "timestamp": "1695938172965", "position": {"x": 0, "y": 0}}, {"event_name": "click", "timestamp": "1695938172977", "position": {"x": 274, "y": 1394}}, {"event_name": "keypress", "timestamp": "1695938172980", "position": {"x": 0, "y": 0}}, {"event_name": "scroll", "timestamp": "1695938172981", "position": {"x": 0, "y": 0}}, {"event_name": "mouseover", "timestamp": "1695938172993", "position": {"x": 196, "y": 1133}}, {"event_name": "keypress", "timestamp": "1695938172996", "position": {"x": 0, "y": 0}}, {"event_name": "scroll", "timestamp": "1695938172997", "position": {"x": 0, "y": 0}}, {"event_name": "click", "timestamp": "1695938173041", "position": {"x": 322, "y": 1304}}, {"event_name": "keypress", "timestamp": "1695938173045", "position": {"x": 0, "y": 0}}, {"event_name": "scroll", "timestamp": "1695938173046", "position": {"x": 0, "y": 0}}, {"event_name": "dblclick", "timestamp": "1695938173070", "position": {"x": 827, "y": 2057}}, {"event_name": "keypress", "timestamp": "1695938173072", "position": {"x": 0, "y": 0}}, {"event_name": "scroll", "timestamp": "1695938173073", "position": {"x": 0, "y": 0}}, {"event_name": "click", "timestamp": "1695938173089", "position": {"x": 331, "y": 2632}}, {"event_name": "keyup", "timestamp": "1695938173095", "position": {"x": 0, "y": 0}}, {"event_name": "scroll", "timestamp": "1695938173095", "position": {"x": 0, "y": 0}}, {"event_name": "scroll", "timestamp": "1695938173107", "position": {"x": 0, "y": 0}}, {"event_name": "mouseover", "timestamp": "1695938173125", "position": {"x": 268, "y": 807}}, {"event_name": "keyup", "timestamp": "1695938173128", "position": {"x": 0, "y": 0}}, {"event_name": "scroll", "timestamp": "1695938173129", "position": {"x": 0, "y": 0}}, {"event_name": "click", "timestamp": "1695938173321", "position": {"x": 633, "y": 1263}}, {"event_name": "keyup", "timestamp": "1695938173327", "position": {"x": 0, "y": 0}}, {"event_name": "scroll", "timestamp": "1695938173329", "position": {"x": 0, "y": 0}}, {"event_name": "mouseover", "timestamp": "1695938173460", "position": {"x": 444, "y": 853}}, {"event_name": "click", "timestamp": "1695938173771", "position": {"x": 773, "y": 658}}, {"event_name": "keyup", "timestamp": "1695938173788", "position": {"x": 0, "y": 0}}, {"event_name": "scroll", "timestamp": "1695938173792", "position": {"x": 0, "y": 0}}, {"event_name": "mouseover", "timestamp": "1695938173972", "position": {"x": 79, "y": 712}}, {"event_name": "keydown", "timestamp": "1695938173975", "position": {"x": 0, "y": 0}}, {"event_name": "click", "timestamp": "1695938173981", "position": {"x": 596, "y": 1058}}, {"event_name": "mouseup", "timestamp": "1695938173988", "position": {"x": 451, "y": 1109}}, {"event_name": "keydown", "timestamp": "1695938173991", "position": {"x": 0, "y": 0}}, {"event_name": "keypress", "timestamp": "1695938173992", "position": {"x": 0, "y": 0}}, {"event_name": "scroll", "timestamp": "1695938173997", "position": {"x": 0, "y": 0}}, {"event_name": "mouseup", "timestamp": "1695938174043", "position": {"x": 90, "y": 1259}}, {"event_name": "keypress", "timestamp": "1695938174047", "position": {"x": 0, "y": 0}}, {"event_name": "mouseover", "timestamp": "1695938174051", "position": {"x": 487, "y": 2738}}, {"event_name": "scroll", "timestamp": "1695938174052", "position": {"x": 0, "y": 0}}, {"event_name": "mouseover", "timestamp": "1695938174498", "position": {"x": 363, "y": 2569}}, {"event_name": "keyup", "timestamp": "1695938174504", "position": {"x": 0, "y": 0}}, {"event_name": "keyup", "timestamp": "1695938174507", "position": {"x": 0, "y": 0}}, {"event_name": "scroll", "timestamp": "1695938174508", "position": {"x": 0, "y": 0}}, {"event_name": "click", "timestamp": "1695938174608", "position": {"x": 225, "y": 2574}}, {"event_name": "keydown", "timestamp": "1695938174610", "position": {"x": 0, "y": 0}}, {"event_name": "scroll", "timestamp": "1695938174615", "position": {"x": 0, "y": 0}}, {"event_name": "mouseover", "timestamp": "1695938174628", "position": {"x": 159, "y": 676}}, {"event_name": "keyup", "timestamp": "1695938174632", "position": {"x": 0, "y": 0}}, {"event_name": "scroll", "timestamp": "1695938174636", "position": {"x": 0, "y": 0}}, {"event_name": "click", "timestamp": "1695938174828", "position": {"x": 813, "y": 2141}}, {"event_name": "keydown", "timestamp": "1695938174833", "position": {"x": 0, "y": 0}}, {"event_name": "keypress", "timestamp": "1695938174837", "position": {"x": 0, "y": 0}}, {"event_name": "scroll", "timestamp": "1695938174838", "position": {"x": 0, "y": 0}}, {"event_name": "mouseover", "timestamp": "1695938174967", "position": {"x": 147, "y": 1369}}, {"event_name": "keydown", "timestamp": "1695938174973", "position": {"x": 0, "y": 0}}, {"event_name": "scroll", "timestamp": "1695938174976", "position": {"x": 0, "y": 0}}, {"event_name": "click", "timestamp": "1695938175021", "position": {"x": 239, "y": 1022}}, {"event_name": "keypress", "timestamp": "1695938175026", "position": {"x": 0, "y": 0}}, {"event_name": "scroll", "timestamp": "1695938175027", "position": {"x": 0, "y": 0}}, {"event_name": "dblclick", "timestamp": "1695938175096", "position": {"x": 323, "y": 889}}, {"event_name": "keyup", "timestamp": "1695938175100", "position": {"x": 0, "y": 0}}, {"event_name": "scroll", "timestamp": "1695938175101", "position": {"x": 0, "y": 0}}, {"event_name": "mousedown", "timestamp": "1695938175112", "position": {"x": 550, "y": 1792}}, {"event_name": "dblclick", "timestamp": "1695938175120", "position": {"x": 541, "y": 1746}}, {"event_name": "keydown", "timestamp": "1695938175125", "position": {"x": 0, "y": 0}}, {"event_name": "scroll", "timestamp": "1695938175126", "position": {"x": 0, "y": 0}}, {"event_name": "scroll", "timestamp": "1695938175140", "position": {"x": 0, "y": 0}}, {"event_name": "click", "timestamp": "1695938175161", "position": {"x": 551, "y": 985}}, {"event_name": "keypress", "timestamp": "1695938175166", "position": {"x": 0, "y": 0}}, {"event_name": "scroll", "timestamp": "1695938175167", "position": {"x": 0, "y": 0}}, {"event_name": "scroll", "timestamp": "1695938175182", "position": {"x": 0, "y": 0}}, {"event_name": "click", "timestamp": "1695938175249", "position": {"x": 304, "y": 1394}}, {"event_name": "keydown", "timestamp": "1695938175255", "position": {"x": 0, "y": 0}}, {"event_name": "scroll", "timestamp": "1695938175261", "position": {"x": 0, "y": 0}}, {"event_name": "mouseout", "timestamp": "1695938175377", "position": {"x": 870, "y": 1038}}, {"event_name": "keydown", "timestamp": "1695938175383", "position": {"x": 0, "y": 0}}, {"event_name": "scroll", "timestamp": "1695938175384", "position": {"x": 0, "y": 0}}, {"event_name": "scroll", "timestamp": "1695938175404", "position": {"x": 0, "y": 0}}, {"event_name": "dblclick", "timestamp": "1695938175562", "position": {"x": 514, "y": 1032}}, {"event_name": "keyup", "timestamp": "1695938175568", "position": {"x": 0, "y": 0}}, {"event_name": "scroll", "timestamp": "1695938175570", "position": {"x": 0, "y": 0}}, {"event_name": "mouseover", "timestamp": "1695938175634", "position": {"x": 519, "y": 2621}}, {"event_name": "mouseout", "timestamp": "1695938175647", "position": {"x": 173, "y": 2665}}, {"event_name": "keyup", "timestamp": "1695938175653", "position": {"x": 0, "y": 0}}, {"event_name": "scroll", "timestamp": "1695938175655", "position": {"x": 0, "y": 0}}, {"event_name": "click", "timestamp": "1695938176009", "position": {"x": 678, "y": 1156}}, {"event_name": "keyup", "timestamp": "1695938176013", "position": {"x": 0, "y": 0}}, {"event_name": "scroll", "timestamp": "1695938176015", "position": {"x": 0, "y": 0}}, {"event_name": "click", "timestamp": "1695938176040", "position": {"x": 136, "y": 899}}, {"event_name": "mouseover", "timestamp": "1695938176239", "position": {"x": 226, "y": 779}}, {"event_name": "keydown", "timestamp": "1695938176242", "position": {"x": 0, "y": 0}}, {"event_name": "keyup", "timestamp": "1695938176247", "position": {"x": 0, "y": 0}}, {"event_name": "scroll", "timestamp": "1695938176249", "position": {"x": 0, "y": 0}}, {"event_name": "mouseover", "timestamp": "1695938176327", "position": {"x": 835, "y": 2361}}, {"event_name": "keydown", "timestamp": "1695938176332", "position": {"x": 0, "y": 0}}, {"event_name": "keydown", "timestamp": "1695938176334", "position": {"x": 0, "y": 0}}, {"event_name": "scroll", "timestamp": "1695938176342", "position": {"x": 0, "y": 0}}, {"event_name": "click", "timestamp": "1695938176435", "position": {"x": 781, "y": 1758}}, {"event_name": "keydown", "timestamp": "1695938176442", "position": {"x": 0, "y": 0}}, {"event_name": "scroll", "timestamp": "1695938176443", "position": {"x": 0, "y": 0}}, {"event_name": "dblclick", "timestamp": "1695938176463", "position": {"x": 275, "y": 2031}}, {"event_name": "dblclick", "timestamp": "1695938176504", "position": {"x": 110, "y": 2199}}, {"event_name": "keypress", "timestamp": "1695938176510", "position": {"x": 0, "y": 0}}, {"event_name": "scroll", "timestamp": "1695938176513", "position": {"x": 0, "y": 0}}, {"event_name": "mouseover", "timestamp": "1695938176642", "position": {"x": 325, "y": 1550}}, {"event_name": "keyup", "timestamp": "1695938176645", "position": {"x": 0, "y": 0}}, {"event_name": "keydown", "timestamp": "1695938176648", "position": {"x": 0, "y": 0}}, {"event_name": "scroll", "timestamp": "1695938176649", "position": {"x": 0, "y": 0}}, {"event_name": "mouseup", "timestamp": "1695938176669", "position": {"x": 209, "y": 2070}}, {"event_name": "keydown", "timestamp": "1695938176685", "position": {"x": 0, "y": 0}}, {"event_name": "scroll", "timestamp": "1695938176691", "position": {"x": 0, "y": 0}}, {"event_name": "mouseup", "timestamp": "1695938176702", "position": {"x": 324, "y": 2100}}, {"event_name": "dblclick", "timestamp": "1695938176730", "position": {"x": 769, "y": 1996}}, {"event_name": "keyup", "timestamp": "1695938176735", "position": {"x": 0, "y": 0}}, {"event_name": "scroll", "timestamp": "1695938176736", "position": {"x": 0, "y": 0}}, {"event_name": "mouseout", "timestamp": "1695938176747", "position": {"x": 567, "y": 1617}}, {"event_name": "mouseover", "timestamp": "1695938176768", "position": {"x": 204, "y": 1772}}, {"event_name": "keydown", "timestamp": "1695938176775", "position": {"x": 0, "y": 0}}, {"event_name": "scroll", "timestamp": "1695938176777", "position": {"x": 0, "y": 0}}, {"event_name": "scroll", "timestamp": "1695938176828", "position": {"x": 0, "y": 0}}, {"event_name": "click", "timestamp": "1695938176859", "position": {"x": 148, "y": 1651}}, {"event_name": "keyup", "timestamp": "1695938176870", "position": {"x": 0, "y": 0}}, {"event_name": "scroll", "timestamp": "1695938176872", "position": {"x": 0, "y": 0}}, {"event_name": "dblclick", "timestamp": "1695938177098", "position": {"x": 385, "y": 1744}}, {"event_name": "keydown", "timestamp": "1695938177107", "position": {"x": 0, "y": 0}}, {"event_name": "scroll", "timestamp": "1695938177109", "position": {"x": 0, "y": 0}}, {"event_name": "dblclick", "timestamp": "1695938177128", "position": {"x": 878, "y": 459}}, {"event_name": "click", "timestamp": "1695938177161", "position": {"x": 607, "y": 733}}, {"event_name": "keydown", "timestamp": "1695938177171", "position": {"x": 0, "y": 0}}, {"event_name": "scroll", "timestamp": "1695938177173", "position": {"x": 0, "y": 0}}, {"event_name": "scroll", "timestamp": "1695938177191", "position": {"x": 0, "y": 0}}, {"event_name": "click", "timestamp": "1695938177360", "position": {"x": 489, "y": 1927}}, {"event_name": "keypress", "timestamp": "1695938177366", "position": {"x": 0, "y": 0}}, {"event_name": "scroll", "timestamp": "1695938177368", "position": {"x": 0, "y": 0}}, {"event_name": "scroll", "timestamp": "1695938177385", "position": {"x": 0, "y": 0}}, {"event_name": "mousemove", "timestamp": "1695938177499", "position": {"x": 119, "y": 2579}}, {"event_name": "keypress", "timestamp": "1695938177512", "position": {"x": 0, "y": 0}}, {"event_name": "scroll", "timestamp": "1695938177514", "position": {"x": 0, "y": 0}}, {"event_name": "scroll", "timestamp": "1695938177526", "position": {"x": 0, "y": 0}}, {"event_name": "click", "timestamp": "1695938177611", "position": {"x": 274, "y": 1428}}, {"event_name": "keyup", "timestamp": "1695938177616", "position": {"x": 0, "y": 0}}, {"event_name": "scroll", "timestamp": "1695938177618", "position": {"x": 0, "y": 0}}, {"event_name": "mouseover", "timestamp": "1695938177644", "position": {"x": 627, "y": 2758}}, {"event_name": "keyup", "timestamp": "1695938177648", "position": {"x": 0, "y": 0}}, {"event_name": "scroll", "timestamp": "1695938177650", "position": {"x": 0, "y": 0}}, {"event_name": "dblclick", "timestamp": "1695938177717", "position": {"x": 707, "y": 919}}, {"event_name": "mousedown", "timestamp": "1695938177825", "position": {"x": 724, "y": 532}}, {"event_name": "keydown", "timestamp": "1695938177831", "position": {"x": 0, "y": 0}}, {"event_name": "scroll", "timestamp": "1695938177841", "position": {"x": 0, "y": 0}}, {"event_name": "mouseover", "timestamp": "1695938177909", "position": {"x": 143, "y": 1127}}, {"event_name": "keyup", "timestamp": "1695938177930", "position": {"x": 0, "y": 0}}, {"event_name": "scroll", "timestamp": "1695938177932", "position": {"x": 0, "y": 0}}, {"event_name": "keyup", "timestamp": "1695938177973", "position": {"x": 0, "y": 0}}, {"event_name": "dblclick", "timestamp": "1695938178049", "position": {"x": 695, "y": 3122}}, {"event_name": "keyup", "timestamp": "1695938178068", "position": {"x": 0, "y": 0}}, {"event_name": "scroll", "timestamp": "1695938178082", "position": {"x": 0, "y": 0}}, {"event_name": "scroll", "timestamp": "1695938178237", "position": {"x": 0, "y": 0}}, {"event_name": "dblclick", "timestamp": "1695938178278", "position": {"x": 698, "y": 2697}}, {"event_name": "keyup", "timestamp": "1695938178284", "position": {"x": 0, "y": 0}}, {"event_name": "scroll", "timestamp": "1695938178288", "position": {"x": 0, "y": 0}}, {"event_name": "scroll", "timestamp": "1695938178374", "position": {"x": 0, "y": 0}}, {"event_name": "mouseout", "timestamp": "1695938178431", "position": {"x": 362, "y": 749}}, {"event_name": "keydown", "timestamp": "1695938178445", "position": {"x": 0, "y": 0}}, {"event_name": "scroll", "timestamp": "1695938178446", "position": {"x": 0, "y": 0}}, {"event_name": "mouseover", "timestamp": "1695938178561", "position": {"x": 693, "y": 2367}}, {"event_name": "mousedown", "timestamp": "1695938178588", "position": {"x": 820, "y": 2012}}, {"event_name": "keydown", "timestamp": "1695938178593", "position": {"x": 0, "y": 0}}, {"event_name": "scroll", "timestamp": "1695938178595", "position": {"x": 0, "y": 0}}, {"event_name": "mouseover", "timestamp": "1695938178647", "position": {"x": 272, "y": 552}}, {"event_name": "keydown", "timestamp": "1695938178654", "position": {"x": 0, "y": 0}}, {"event_name": "scroll", "timestamp": "1695938178666", "position": {"x": 0, "y": 0}}, {"event_name": "click", "timestamp": "1695938178728", "position": {"x": 621, "y": 1014}}, {"event_name": "keypress", "timestamp": "1695938178733", "position": {"x": 0, "y": 0}}, {"event_name": "scroll", "timestamp": "1695938178741", "position": {"x": 0, "y": 0}}, {"event_name": "mouseup", "timestamp": "1695938178783", "position": {"x": 263, "y": 902}}, {"event_name": "keyup", "timestamp": "1695938178789", "position": {"x": 0, "y": 0}}, {"event_name": "scroll", "timestamp": "1695938178790", "position": {"x": 0, "y": 0}}, {"event_name": "mouseover", "timestamp": "1695938178855", "position": {"x": 623, "y": 586}}, {"event_name": "keydown", "timestamp": "1695938178862", "position": {"x": 0, "y": 0}}, {"event_name": "scroll", "timestamp": "1695938178863", "position": {"x": 0, "y": 0}}, {"event_name": "mouseover", "timestamp": "1695938178893", "position": {"x": 91, "y": 1186}}, {"event_name": "keyup", "timestamp": "1695938178901", "position": {"x": 0, "y": 0}}, {"event_name": "scroll", "timestamp": "1695938178903", "position": {"x": 0, "y": 0}}, {"event_name": "click", "timestamp": "1695938178923", "position": {"x": 481, "y": 1137}}, {"event_name": "click", "timestamp": "1695938178935", "position": {"x": 349, "y": 859}}, {"event_name": "keydown", "timestamp": "1695938178955", "position": {"x": 0, "y": 0}}, {"event_name": "scroll", "timestamp": "1695938178965", "position": {"x": 0, "y": 0}}, {"event_name": "mouseover", "timestamp": "1695938179003", "position": {"x": 737, "y": 292}}, {"event_name": "keypress", "timestamp": "1695938179010", "position": {"x": 0, "y": 0}}, {"event_name": "scroll", "timestamp": "1695938179012", "position": {"x": 0, "y": 0}}, {"event_name": "scroll", "timestamp": "1695938179137", "position": {"x": 0, "y": 0}}, {"event_name": "mouseover", "timestamp": "1695938179192", "position": {"x": 661, "y": 1297}}, {"event_name": "keydown", "timestamp": "1695938179203", "position": {"x": 0, "y": 0}}, {"event_name": "scroll", "timestamp": "1695938179205", "position": {"x": 0, "y": 0}}, {"event_name": "scroll", "timestamp": "1695938179257", "position": {"x": 0, "y": 0}}, {"event_name": "mousedown", "timestamp": "1695938179407", "position": {"x": 468, "y": 2766}}, {"event_name": "keyup", "timestamp": "1695938179415", "position": {"x": 0, "y": 0}}, {"event_name": "scroll", "timestamp": "1695938179417", "position": {"x": 0, "y": 0}}, {"event_name": "keypress", "timestamp": "1695938179656", "position": {"x": 0, "y": 0}}, {"event_name": "mouseover", "timestamp": "1695938179722", "position": {"x": 592, "y": 992}}, {"event_name": "keydown", "timestamp": "1695938179730", "position": {"x": 0, "y": 0}}, {"event_name": "scroll", "timestamp": "1695938179731", "position": {"x": 0, "y": 0}}, {"event_name": "mouseover", "timestamp": "1695938179754", "position": {"x": 306, "y": 403}}, {"event_name": "dblclick", "timestamp": "1695938179784", "position": {"x": 613, "y": 736}}, {"event_name": "keypress", "timestamp": "1695938179787", "position": {"x": 0, "y": 0}}, {"event_name": "scroll", "timestamp": "1695938179788", "position": {"x": 0, "y": 0}}, {"event_name": "keyup", "timestamp": "1695938179815", "position": {"x": 0, "y": 0}}, {"event_name": "click", "timestamp": "1695938179905", "position": {"x": 852, "y": 1974}}, {"event_name": "keydown", "timestamp": "1695938179912", "position": {"x": 0, "y": 0}}, {"event_name": "scroll", "timestamp": "1695938179913", "position": {"x": 0, "y": 0}}, {"event_name": "scroll", "timestamp": "1695938179977", "position": {"x": 0, "y": 0}}, {"event_name": "click", "timestamp": "1695938180136", "position": {"x": 378, "y": 1579}}, {"event_name": "keyup", "timestamp": "1695938180141", "position": {"x": 0, "y": 0}}, {"event_name": "scroll", "timestamp": "1695938180149", "position": {"x": 0, "y": 0}}, {"event_name": "click", "timestamp": "1695938180231", "position": {"x": 39, "y": 1173}}, {"event_name": "keydown", "timestamp": "1695938180236", "position": {"x": 0, "y": 0}}, {"event_name": "scroll", "timestamp": "1695938180243", "position": {"x": 0, "y": 0}}, {"event_name": "mouseover", "timestamp": "1695938180418", "position": {"x": 638, "y": 1296}}, {"event_name": "keypress", "timestamp": "1695938180424", "position": {"x": 0, "y": 0}}, {"event_name": "keydown", "timestamp": "1695938180429", "position": {"x": 0, "y": 0}}, {"event_name": "scroll", "timestamp": "1695938180433", "position": {"x": 0, "y": 0}}, {"event_name": "click", "timestamp": "1695938180489", "position": {"x": 264, "y": 2028}}, {"event_name": "keypress", "timestamp": "1695938180495", "position": {"x": 0, "y": 0}}, {"event_name": "keydown", "timestamp": "1695938180498", "position": {"x": 0, "y": 0}}, {"event_name": "scroll", "timestamp": "1695938180499", "position": {"x": 0, "y": 0}}, {"event_name": "click", "timestamp": "1695938180558", "position": {"x": 38, "y": 1665}}, {"event_name": "keyup", "timestamp": "1695938180568", "position": {"x": 0, "y": 0}}, {"event_name": "click", "timestamp": "1695938180571", "position": {"x": 534, "y": 620}}, {"event_name": "scroll", "timestamp": "1695938180573", "position": {"x": 0, "y": 0}}, {"event_name": "mouseup", "timestamp": "1695938180624", "position": {"x": 596, "y": 403}}, {"event_name": "keyup", "timestamp": "1695938180633", "position": {"x": 0, "y": 0}}, {"event_name": "keyup", "timestamp": "1695938180638", "position": {"x": 0, "y": 0}}, {"event_name": "scroll", "timestamp": "1695938180639", "position": {"x": 0, "y": 0}}, {"event_name": "dblclick", "timestamp": "1695938180714", "position": {"x": 758, "y": 380}}, {"event_name": "keydown", "timestamp": "1695938180720", "position": {"x": 0, "y": 0}}, {"event_name": "scroll", "timestamp": "1695938180721", "position": {"x": 0, "y": 0}}, {"event_name": "scroll", "timestamp": "1695938180744", "position": {"x": 0, "y": 0}}, {"event_name": "mouseup", "timestamp": "1695938180778", "position": {"x": 440, "y": 2084}}, {"event_name": "keypress", "timestamp": "1695938180796", "position": {"x": 0, "y": 0}}, {"event_name": "scroll", "timestamp": "1695938180798", "position": {"x": 0, "y": 0}}, {"event_name": "click", "timestamp": "1695938180858", "position": {"x": 191, "y": 358}}, {"event_name": "keyup", "timestamp": "1695938180865", "position": {"x": 0, "y": 0}}, {"event_name": "scroll", "timestamp": "1695938180866", "position": {"x": 0, "y": 0}}, {"event_name": "dblclick", "timestamp": "1695938181133", "position": {"x": 759, "y": 2528}}, {"event_name": "keypress", "timestamp": "1695938181140", "position": {"x": 0, "y": 0}}, {"event_name": "scroll", "timestamp": "1695938181143", "position": {"x": 0, "y": 0}}, {"event_name": "dblclick", "timestamp": "1695938181249", "position": {"x": 535, "y": 544}}, {"event_name": "keypress", "timestamp": "1695938181260", "position": {"x": 0, "y": 0}}, {"event_name": "scroll", "timestamp": "1695938181261", "position": {"x": 0, "y": 0}}, {"event_name": "mousedown", "timestamp": "1695938181367", "position": {"x": 200, "y": 2470}}, {"event_name": "keyup", "timestamp": "1695938181373", "position": {"x": 0, "y": 0}}, {"event_name": "scroll", "timestamp": "1695938181375", "position": {"x": 0, "y": 0}}, {"event_name": "dblclick", "timestamp": "1695938181406", "position": {"x": 389, "y": 2567}}, {"event_name": "mouseover", "timestamp": "1695938181511", "position": {"x": 790, "y": 2314}}, {"event_name": "keypress", "timestamp": "1695938181516", "position": {"x": 0, "y": 0}}, {"event_name": "scroll", "timestamp": "1695938181518", "position": {"x": 0, "y": 0}}, {"event_name": "scroll", "timestamp": "1695938181589", "position": {"x": 0, "y": 0}}, {"event_name": "mouseover", "timestamp": "1695938181803", "position": {"x": 649, "y": 2605}}, {"event_name": "keydown", "timestamp": "1695938181815", "position": {"x": 0, "y": 0}}, {"event_name": "scroll", "timestamp": "1695938181816", "position": {"x": 0, "y": 0}}, {"event_name": "dblclick", "timestamp": "1695938181934", "position": {"x": 243, "y": 2708}}, {"event_name": "mouseup", "timestamp": "1695938182022", "position": {"x": 274, "y": 2298}}, {"event_name": "keydown", "timestamp": "1695938182039", "position": {"x": 0, "y": 0}}, {"event_name": "scroll", "timestamp": "1695938182041", "position": {"x": 0, "y": 0}}, {"event_name": "mouseup", "timestamp": "1695938182727", "position": {"x": 326, "y": 651}}, {"event_name": "keydown", "timestamp": "1695938182738", "position": {"x": 0, "y": 0}}, {"event_name": "scroll", "timestamp": "1695938182739", "position": {"x": 0, "y": 0}}, {"event_name": "keypress", "timestamp": "1695938182965", "position": {"x": 0, "y": 0}}, {"event_name": "mouseout", "timestamp": "1695938182973", "position": {"x": 749, "y": 441}}, {"event_name": "keypress", "timestamp": "1695938182976", "position": {"x": 0, "y": 0}}, {"event_name": "scroll", "timestamp": "1695938182977", "position": {"x": 0, "y": 0}}, {"event_name": "scroll", "timestamp": "1695938183077", "position": {"x": 0, "y": 0}}, {"event_name": "scroll", "timestamp": "1695938183670", "position": {"x": 0, "y": 0}}, {"event_name": "keydown", "timestamp": "1695938183745", "position": {"x": 0, "y": 0}}, {"event_name": "dblclick", "timestamp": "1695938183812", "position": {"x": 459, "y": 338}}, {"event_name": "keydown", "timestamp": "1695938183848", "position": {"x": 0, "y": 0}}, {"event_name": "keydown", "timestamp": "1695938184004", "position": {"x": 0, "y": 0}}, {"event_name": "keypress", "timestamp": "1695938184035", "position": {"x": 0, "y": 0}}, {"event_name": "keydown", "timestamp": "1695938184101", "position": {"x": 0, "y": 0}}, {"event_name": "mouseout", "timestamp": "1695938184401", "position": {"x": 210, "y": 113}}, {"event_name": "mouseout", "timestamp": "1695938184562", "position": {"x": 570, "y": 323}}, {"event_name": "scroll", "timestamp": "1695938184683", "position": {"x": 0, "y": 0}}, {"event_name": "scroll", "timestamp": "1695938184721", "position": {"x": 0, "y": 0}}, {"event_name": "scroll", "timestamp": "1695938184741", "position": {"x": 0, "y": 0}}, {"event_name": "keypress", "timestamp": "1695938184766", "position": {"x": 0, "y": 0}}, {"event_name": "scroll", "timestamp": "1695938184797", "position": {"x": 0, "y": 0}}, {"event_name": "keydown", "timestamp": "1695938184856", "position": {"x": 0, "y": 0}}, {"event_name": "keydown", "timestamp": "1695938184938", "position": {"x": 0, "y": 0}}, {"event_name": "click", "timestamp": "1695938185052", "position": {"x": 724, "y": 1611}}, {"event_name": "click", "timestamp": "1695938185109", "position": {"x": 529, "y": 1586}}, {"event_name": "keypress", "timestamp": "1695938185168", "position": {"x": 0, "y": 0}}, {"event_name": "scroll", "timestamp": "1695938185171", "position": {"x": 0, "y": 0}}, {"event_name": "keypress", "timestamp": "1695938185459", "position": {"x": 0, "y": 0}}, {"event_name": "keydown", "timestamp": "1695938185524", "position": {"x": 0, "y": 0}}, {"event_name": "scroll", "timestamp": "1695938185652", "position": {"x": 0, "y": 0}}, {"event_name": "keyup", "timestamp": "1695938185675", "position": {"x": 0, "y": 0}}, {"event_name": "click", "timestamp": "1695938185712", "position": {"x": 59, "y": 2279}}, {"event_name": "click", "timestamp": "1695938185842", "position": {"x": 480, "y": 2170}}, {"event_name": "scroll", "timestamp": "1695938185873", "position": {"x": 0, "y": 0}}, {"event_name": "keypress", "timestamp": "1695938185996", "position": {"x": 0, "y": 0}}, {"event_name": "scroll", "timestamp": "1695938186109", "position": {"x": 0, "y": 0}}, {"event_name": "mouseover", "timestamp": "1695938186140", "position": {"x": 604, "y": 1982}}, {"event_name": "keypress", "timestamp": "1695938186207", "position": {"x": 0, "y": 0}}, {"event_name": "scroll", "timestamp": "1695938186351", "position": {"x": 0, "y": 0}}, {"event_name": "keypress", "timestamp": "1695938186435", "position": {"x": 0, "y": 0}}, {"event_name": "scroll", "timestamp": "1695938186452", "position": {"x": 0, "y": 0}}, {"event_name": "scroll", "timestamp": "1695938186813", "position": {"x": 0, "y": 0}}, {"event_name": "mouseover", "timestamp": "1695938186925", "position": {"x": 543, "y": 1293}}, {"event_name": "scroll", "timestamp": "1695938187004", "position": {"x": 0, "y": 0}}, {"event_name": "keypress", "timestamp": "1695938187031", "position": {"x": 0, "y": 0}}, {"event_name": "keypress", "timestamp": "1695938187069", "position": {"x": 0, "y": 0}}, {"event_name": "keyup", "timestamp": "1695938187087", "position": {"x": 0, "y": 0}}, {"event_name": "click", "timestamp": "1695938187173", "position": {"x": 402, "y": 707}}, {"event_name": "scroll", "timestamp": "1695938187204", "position": {"x": 0, "y": 0}}, {"event_name": "scroll", "timestamp": "1695938187257", "position": {"x": 0, "y": 0}}, {"event_name": "mousemove", "timestamp": "1695938187283", "position": {"x": 65, "y": 2032}}, {"event_name": "keydown", "timestamp": "1695938187321", "position": {"x": 0, "y": 0}}, {"event_name": "dblclick", "timestamp": "1695938187386", "position": {"x": 788, "y": 2399}}, {"event_name": "keypress", "timestamp": "1695938187417", "position": {"x": 0, "y": 0}}, {"event_name": "keydown", "timestamp": "1695938187578", "position": {"x": 0, "y": 0}}, {"event_name": "keypress", "timestamp": "1695938187592", "position": {"x": 0, "y": 0}}, {"event_name": "keydown", "timestamp": "1695938187639", "position": {"x": 0, "y": 0}}, {"event_name": "mousedown", "timestamp": "1695938187665", "position": {"x": 263, "y": 2013}}, {"event_name": "mouseup", "timestamp": "1695938187692", "position": {"x": 347, "y": 2317}}, {"event_name": "keydown", "timestamp": "1695938187705", "position": {"x": 0, "y": 0}}, {"event_name": "click", "timestamp": "1695938187793", "position": {"x": 99, "y": 510}}, {"event_name": "keyup", "timestamp": "1695938187809", "position": {"x": 0, "y": 0}}, {"event_name": "mouseover", "timestamp": "1695938187841", "position": {"x": 680, "y": 356}}, {"event_name": "scroll", "timestamp": "1695938188290", "position": {"x": 0, "y": 0}}, {"event_name": "mouseup", "timestamp": "1695938188319", "position": {"x": 515, "y": 2849}}, {"event_name": "keypress", "timestamp": "1695938188345", "position": {"x": 0, "y": 0}}, {"event_name": "keypress", "timestamp": "1695938188395", "position": {"x": 0, "y": 0}}, {"event_name": "click", "timestamp": "1695938188445", "position": {"x": 179, "y": 2675}}, {"event_name": "scroll", "timestamp": "1695938188499", "position": {"x": 0, "y": 0}}, {"event_name": "scroll", "timestamp": "1695938188514", "position": {"x": 0, "y": 0}}, {"event_name": "scroll", "timestamp": "1695938188933", "position": {"x": 0, "y": 0}}, {"event_name": "keydown", "timestamp": "1695938189042", "position": {"x": 0, "y": 0}}, {"event_name": "keypress", "timestamp": "1695938189099", "position": {"x": 0, "y": 0}}, {"event_name": "scroll", "timestamp": "1695938189132", "position": {"x": 0, "y": 0}}, {"event_name": "scroll", "timestamp": "1695938189189", "position": {"x": 0, "y": 0}}, {"event_name": "keydown", "timestamp": "1695938189388", "position": {"x": 0, "y": 0}}, {"event_name": "scroll", "timestamp": "1695938189423", "position": {"x": 0, "y": 0}}, {"event_name": "keyup", "timestamp": "1695938189612", "position": {"x": 0, "y": 0}}, {"event_name": "keydown", "timestamp": "1695938189740", "position": {"x": 0, "y": 0}}, {"event_name": "keypress", "timestamp": "1695938189783", "position": {"x": 0, "y": 0}}, {"event_name": "scroll", "timestamp": "1695938189801", "position": {"x": 0, "y": 0}}, {"event_name": "mousedown", "timestamp": "1695938189818", "position": {"x": 520, "y": 2644}}, {"event_name": "scroll", "timestamp": "1695938189854", "position": {"x": 0, "y": 0}}]}