{"user_id": "0bd40c6c-5fb2-489f-a3bd-8dc082ba2724", "device": "desktop", "trace": [{"event_name": "load", "timestamp": "1695937741648", "position": {"x": 0, "y": 0}}, {"event_name": "pageshow", "timestamp": "1695937741649", "position": {"x": 0, "y": 0}}, {"event_name": "dblclick", "timestamp": "1695937742686", "position": {"x": 163, "y": 533}}, {"event_name": "mousedown", "timestamp": "1695937742689", "position": {"x": 397, "y": 576}}, {"event_name": "keyup", "timestamp": "1695937742694", "position": {"x": 0, "y": 0}}, {"event_name": "scroll", "timestamp": "1695937742699", "position": {"x": 0, "y": 0}}, {"event_name": "click", "timestamp": "1695937742728", "position": {"x": 495, "y": 658}}, {"event_name": "keypress", "timestamp": "1695937742730", "position": {"x": 0, "y": 0}}, {"event_name": "scroll", "timestamp": "1695937742787", "position": {"x": 0, "y": 0}}, {"event_name": "click", "timestamp": "1695937742791", "position": {"x": 173, "y": 425}}, {"event_name": "keyup", "timestamp": "1695937742793", "position": {"x": 0, "y": 0}}, {"event_name": "scroll", "timestamp": "1695937742794", "position": {"x": 0, "y": 0}}, {"event_name": "click", "timestamp": "1695937742806", "position": {"x": 180, "y": 1979}}, {"event_name": "keydown", "timestamp": "1695937742808", "position": {"x": 0, "y": 0}}, {"event_name": "mouseover", "timestamp": "1695937742810", "position": {"x": 127, "y": 2495}}, {"event_name": "scroll", "timestamp": "1695937742815", "position": {"x": 0, "y": 0}}, {"event_name": "mouseup", "timestamp": "1695937742820", "position": {"x": 464, "y": 2673}}, {"event_name": "keydown", "timestamp": "1695937742821", "position": {"x": 0, "y": 0}}, {"event_name": "click", "timestamp": "1695937742832", "position": {"x": 66, "y": 456}}, {"event_name": "keyup", "timestamp": "1695937742834", "position": {"x": 0, "y": 0}}, {"event_name": "scroll", "timestamp": "1695937742835", "position": {"x": 0, "y": 0}}, {"event_name": "mouseout", "timestamp": "1695937742845", "position": {"x": 366, "y": 2421}}, {"event_name": "keydown", "timestamp": "1695937742846", "position": {"x": 0, "y": 0}}, {"event_name": "scroll", "timestamp": "1695937742856", "position": {"x": 0, "y": 0}}, {"event_name": "mouseover", "timestamp": "1695937742871", "position": {"x": 477, "y": 2126}}, {"event_name": "keyup", "timestamp": "1695937742886", "position": {"x": 0, "y": 0}}, {"event_name": "keydown", "timestamp": "1695937742897", "position": {"x": 0, "y": 0}}, {"event_name": "scroll", "timestamp": "1695937742898", "position": {"x": 0, "y": 0}}, {"event_name": "mousemove", "timestamp": "1695937742912", "position": {"x": 550, "y": 2456}}, {"event_name": "keydown", "timestamp": "1695937742915", "position": {"x": 0, "y": 0}}, {"event_name": "scroll", "timestamp": "1695937742924", "position": {"x": 0, "y": 0}}, {"event_name": "mouseover", "timestamp": "1695937742935", "position": {"x": 543, "y": 612}}, {"event_name": "keypress", "timestamp": "1695937742938", "position": {"x": 0, "y": 0}}, {"event_name": "scroll", "timestamp": "1695937742939", "position": {"x": 0, "y": 0}}, {"event_name": "click", "timestamp": "1695937742952", "position": {"x": 291, "y": 2572}}, {"event_name": "keypress", "timestamp": "1695937742955", "position": {"x": 0, "y": 0}}, {"event_name": "scroll", "timestamp": "1695937742956", "position": {"x": 0, "y": 0}}, {"event_name": "click", "timestamp": "1695937743000", "position": {"x": 521, "y": 2672}}, {"event_name": "keyup", "timestamp": "1695937743003", "position": {"x": 0, "y": 0}}, {"event_name": "click", "timestamp": "1695937743015", "position": {"x": 248, "y": 2531}}, {"event_name": "click", "timestamp": "1695937743029", "position": {"x": 90, "y": 2679}}, {"event_name": "keypress", "timestamp": "1695937743039", "position": {"x": 0, "y": 0}}, {"event_name": "mouseout", "timestamp": "1695937743053", "position": {"x": 249, "y": 2709}}, {"event_name": "keypress", "timestamp": "1695937743059", "position": {"x": 0, "y": 0}}, {"event_name": "scroll", "timestamp": "1695937743064", "position": {"x": 0, "y": 0}}, {"event_name": "click", "timestamp": "1695937743079", "position": {"x": 429, "y": 1279}}, {"event_name": "keydown", "timestamp": "1695937743084", "position": {"x": 0, "y": 0}}, {"event_name": "scroll", "timestamp": "1695937743085", "position": {"x": 0, "y": 0}}, {"event_name": "keydown", "timestamp": "1695937743379", "position": {"x": 0, "y": 0}}, {"event_name": "click", "timestamp": "1695937743551", "position": {"x": 398, "y": 1990}}, {"event_name": "keypress", "timestamp": "1695937743556", "position": {"x": 0, "y": 0}}, {"event_name": "scroll", "timestamp": "1695937743559", "position": {"x": 0, "y": 0}}, {"event_name": "click", "timestamp": "1695937743571", "position": {"x": 833, "y": 1831}}, {"event_name": "keypress", "timestamp": "1695937743574", "position": {"x": 0, "y": 0}}, {"event_name": "scroll", "timestamp": "1695937743576", "position": {"x": 0, "y": 0}}, {"event_name": "click", "timestamp": "1695937743960", "position": {"x": 725, "y": 1875}}, {"event_name": "keydown", "timestamp": "1695937743963", "position": {"x": 0, "y": 0}}, {"event_name": "dblclick", "timestamp": "1695937743965", "position": {"x": 276, "y": 2297}}, {"event_name": "scroll", "timestamp": "1695937743968", "position": {"x": 0, "y": 0}}, {"event_name": "mouseup", "timestamp": "1695937744322", "position": {"x": 189, "y": 2434}}, {"event_name": "keypress", "timestamp": "1695937744327", "position": {"x": 0, "y": 0}}, {"event_name": "keyup", "timestamp": "1695937744329", "position": {"x": 0, "y": 0}}, {"event_name": "scroll", "timestamp": "1695937744330", "position": {"x": 0, "y": 0}}, {"event_name": "click", "timestamp": "1695937744472", "position": {"x": 209, "y": 1992}}, {"event_name": "keyup", "timestamp": "1695937744474", "position": {"x": 0, "y": 0}}, {"event_name": "scroll", "timestamp": "1695937744475", "position": {"x": 0, "y": 0}}, {"event_name": "mouseover", "timestamp": "1695937744614", "position": {"x": 208, "y": 2001}}, {"event_name": "keyup", "timestamp": "1695937744624", "position": {"x": 0, "y": 0}}, {"event_name": "scroll", "timestamp": "1695937744625", "position": {"x": 0, "y": 0}}, {"event_name": "dblclick", "timestamp": "1695937744688", "position": {"x": 57, "y": 1436}}, {"event_name": "keypress", "timestamp": "1695937744691", "position": {"x": 0, "y": 0}}, {"event_name": "click", "timestamp": "1695937744694", "position": {"x": 240, "y": 2579}}, {"event_name": "scroll", "timestamp": "1695937744699", "position": {"x": 0, "y": 0}}, {"event_name": "click", "timestamp": "1695937744777", "position": {"x": 485, "y": 3017}}, {"event_name": "keydown", "timestamp": "1695937744780", "position": {"x": 0, "y": 0}}, {"event_name": "dblclick", "timestamp": "1695937744781", "position": {"x": 502, "y": 1876}}, {"event_name": "scroll", "timestamp": "1695937744782", "position": {"x": 0, "y": 0}}, {"event_name": "mouseup", "timestamp": "1695937744792", "position": {"x": 832, "y": 1776}}, {"event_name": "keyup", "timestamp": "1695937744794", "position": {"x": 0, "y": 0}}, {"event_name": "scroll", "timestamp": "1695937744798", "position": {"x": 0, "y": 0}}, {"event_name": "mousemove", "timestamp": "1695937744890", "position": {"x": 139, "y": 2950}}, {"event_name": "keydown", "timestamp": "1695937744891", "position": {"x": 0, "y": 0}}, {"event_name": "scroll", "timestamp": "1695937744892", "position": {"x": 0, "y": 0}}, {"event_name": "dblclick", "timestamp": "1695937745169", "position": {"x": 316, "y": 444}}, {"event_name": "keydown", "timestamp": "1695937745173", "position": {"x": 0, "y": 0}}, {"event_name": "scroll", "timestamp": "1695937745173", "position": {"x": 0, "y": 0}}, {"event_name": "click", "timestamp": "1695937745281", "position": {"x": 554, "y": 2818}}, {"event_name": "keyup", "timestamp": "1695937745290", "position": {"x": 0, "y": 0}}, {"event_name": "scroll", "timestamp": "1695937745292", "position": {"x": 0, "y": 0}}, {"event_name": "mouseover", "timestamp": "1695937745313", "position": {"x": 284, "y": 2975}}, {"event_name": "click", "timestamp": "1695937745322", "position": {"x": 238, "y": 2879}}, {"event_name": "keyup", "timestamp": "1695937745324", "position": {"x": 0, "y": 0}}, {"event_name": "scroll", "timestamp": "1695937745343", "position": {"x": 0, "y": 0}}, {"event_name": "mouseover", "timestamp": "1695937745442", "position": {"x": 752, "y": 2211}}, {"event_name": "keypress", "timestamp": "1695937745445", "position": {"x": 0, "y": 0}}, {"event_name": "scroll", "timestamp": "1695937745446", "position": {"x": 0, "y": 0}}, {"event_name": "mousedown", "timestamp": "1695937745515", "position": {"x": 93, "y": 723}}, {"event_name": "dblclick", "timestamp": "1695937745659", "position": {"x": 743, "y": 673}}, {"event_name": "keydown", "timestamp": "1695937745668", "position": {"x": 0, "y": 0}}, {"event_name": "scroll", "timestamp": "1695937745676", "position": {"x": 0, "y": 0}}, {"event_name": "keypress", "timestamp": "1695937745689", "position": {"x": 0, "y": 0}}, {"event_name": "click", "timestamp": "1695937746722", "position": {"x": 621, "y": 480}}, {"event_name": "keydown", "timestamp": "1695937746726", "position": {"x": 0, "y": 0}}, {"event_name": "scroll", "timestamp": "1695937746737", "position": {"x": 0, "y": 0}}, {"event_name": "click", "timestamp": "1695937746819", "position": {"x": 372, "y": 1236}}, {"event_name": "keydown", "timestamp": "1695937746821", "position": {"x": 0, "y": 0}}, {"event_name": "click", "timestamp": "1695937746829", "position": {"x": 652, "y": 2018}}, {"event_name": "scroll", "timestamp": "1695937746829", "position": {"x": 0, "y": 0}}, {"event_name": "mouseup", "timestamp": "1695937746842", "position": {"x": 701, "y": 1721}}, {"event_name": "keydown", "timestamp": "1695937746845", "position": {"x": 0, "y": 0}}, {"event_name": "scroll", "timestamp": "1695937746854", "position": {"x": 0, "y": 0}}, {"event_name": "click", "timestamp": "1695937746860", "position": {"x": 439, "y": 930}}, {"event_name": "keypress", "timestamp": "1695937746862", "position": {"x": 0, "y": 0}}, {"event_name": "scroll", "timestamp": "1695937746868", "position": {"x": 0, "y": 0}}, {"event_name": "click", "timestamp": "1695937746915", "position": {"x": 697, "y": 2787}}, {"event_name": "keyup", "timestamp": "1695937746922", "position": {"x": 0, "y": 0}}, {"event_name": "keyup", "timestamp": "1695937746924", "position": {"x": 0, "y": 0}}, {"event_name": "scroll", "timestamp": "1695937746925", "position": {"x": 0, "y": 0}}, {"event_name": "mousedown", "timestamp": "1695937746948", "position": {"x": 217, "y": 2502}}, {"event_name": "keydown", "timestamp": "1695937746953", "position": {"x": 0, "y": 0}}, {"event_name": "scroll", "timestamp": "1695937746956", "position": {"x": 0, "y": 0}}, {"event_name": "click", "timestamp": "1695937747017", "position": {"x": 250, "y": 2112}}, {"event_name": "keydown", "timestamp": "1695937747025", "position": {"x": 0, "y": 0}}, {"event_name": "scroll", "timestamp": "1695937747028", "position": {"x": 0, "y": 0}}, {"event_name": "dblclick", "timestamp": "1695937747049", "position": {"x": 428, "y": 2649}}, {"event_name": "keydown", "timestamp": "1695937747056", "position": {"x": 0, "y": 0}}, {"event_name": "keypress", "timestamp": "1695937747059", "position": {"x": 0, "y": 0}}, {"event_name": "scroll", "timestamp": "1695937747060", "position": {"x": 0, "y": 0}}, {"event_name": "click", "timestamp": "1695937747077", "position": {"x": 136, "y": 648}}, {"event_name": "keyup", "timestamp": "1695937747082", "position": {"x": 0, "y": 0}}, {"event_name": "scroll", "timestamp": "1695937747083", "position": {"x": 0, "y": 0}}, {"event_name": "click", "timestamp": "1695937747103", "position": {"x": 87, "y": 712}}, {"event_name": "keyup", "timestamp": "1695937747108", "position": {"x": 0, "y": 0}}, {"event_name": "scroll", "timestamp": "1695937747109", "position": {"x": 0, "y": 0}}, {"event_name": "scroll", "timestamp": "1695937747124", "position": {"x": 0, "y": 0}}, {"event_name": "click", "timestamp": "1695937747142", "position": {"x": 305, "y": 1373}}, {"event_name": "keydown", "timestamp": "1695937747147", "position": {"x": 0, "y": 0}}, {"event_name": "scroll", "timestamp": "1695937747153", "position": {"x": 0, "y": 0}}, {"event_name": "click", "timestamp": "1695937747359", "position": {"x": 48, "y": 2619}}, {"event_name": "keyup", "timestamp": "1695937747366", "position": {"x": 0, "y": 0}}, {"event_name": "scroll", "timestamp": "1695937747373", "position": {"x": 0, "y": 0}}, {"event_name": "mouseover", "timestamp": "1695937747386", "position": {"x": 810, "y": 1539}}, {"event_name": "keydown", "timestamp": "1695937747392", "position": {"x": 0, "y": 0}}, {"event_name": "scroll", "timestamp": "1695937747393", "position": {"x": 0, "y": 0}}, {"event_name": "click", "timestamp": "1695937747573", "position": {"x": 448, "y": 1993}}, {"event_name": "click", "timestamp": "1695937747579", "position": {"x": 301, "y": 2150}}, {"event_name": "keyup", "timestamp": "1695937747585", "position": {"x": 0, "y": 0}}, {"event_name": "scroll", "timestamp": "1695937747586", "position": {"x": 0, "y": 0}}, {"event_name": "click", "timestamp": "1695937748040", "position": {"x": 307, "y": 650}}, {"event_name": "keydown", "timestamp": "1695937748043", "position": {"x": 0, "y": 0}}, {"event_name": "scroll", "timestamp": "1695937748051", "position": {"x": 0, "y": 0}}, {"event_name": "mousemove", "timestamp": "1695937748066", "position": {"x": 563, "y": 2708}}, {"event_name": "keyup", "timestamp": "1695937748069", "position": {"x": 0, "y": 0}}, {"event_name": "scroll", "timestamp": "1695937748070", "position": {"x": 0, "y": 0}}, {"event_name": "mouseup", "timestamp": "1695937748078", "position": {"x": 609, "y": 441}}, {"event_name": "mouseover", "timestamp": "1695937748083", "position": {"x": 589, "y": 338}}, {"event_name": "keyup", "timestamp": "1695937748088", "position": {"x": 0, "y": 0}}, {"event_name": "scroll", "timestamp": "1695937748089", "position": {"x": 0, "y": 0}}, {"event_name": "click", "timestamp": "1695937748291", "position": {"x": 139, "y": 149}}, {"event_name": "keyup", "timestamp": "1695937748294", "position": {"x": 0, "y": 0}}, {"event_name": "scroll", "timestamp": "1695937748295", "position": {"x": 0, "y": 0}}, {"event_name": "click", "timestamp": "1695937748387", "position": {"x": 403, "y": 1444}}, {"event_name": "click", "timestamp": "1695937748392", "position": {"x": 77, "y": 1277}}, {"event_name": "keyup", "timestamp": "1695937748395", "position": {"x": 0, "y": 0}}, {"event_name": "scroll", "timestamp": "1695937748395", "position": {"x": 0, "y": 0}}, {"event_name": "keypress", "timestamp": "1695937748410", "position": {"x": 0, "y": 0}}, {"event_name": "dblclick", "timestamp": "1695937748414", "position": {"x": 909, "y": 1410}}, {"event_name": "keypress", "timestamp": "1695937748418", "position": {"x": 0, "y": 0}}, {"event_name": "scroll", "timestamp": "1695937748419", "position": {"x": 0, "y": 0}}, {"event_name": "mouseup", "timestamp": "1695937748431", "position": {"x": 158, "y": 3053}}, {"event_name": "keydown", "timestamp": "1695937748435", "position": {"x": 0, "y": 0}}, {"event_name": "scroll", "timestamp": "1695937748436", "position": {"x": 0, "y": 0}}, {"event_name": "scroll", "timestamp": "1695937748462", "position": {"x": 0, "y": 0}}, {"event_name": "click", "timestamp": "1695937748542", "position": {"x": 741, "y": 669}}, {"event_name": "keydown", "timestamp": "1695937748551", "position": {"x": 0, "y": 0}}, {"event_name": "scroll", "timestamp": "1695937748552", "position": {"x": 0, "y": 0}}, {"event_name": "keydown", "timestamp": "1695937748599", "position": {"x": 0, "y": 0}}, {"event_name": "click", "timestamp": "1695937748625", "position": {"x": 605, "y": 2116}}, {"event_name": "keydown", "timestamp": "1695937748636", "position": {"x": 0, "y": 0}}, {"event_name": "scroll", "timestamp": "1695937748638", "position": {"x": 0, "y": 0}}, {"event_name": "dblclick", "timestamp": "1695937748707", "position": {"x": 623, "y": 2245}}, {"event_name": "dblclick", "timestamp": "1695937748743", "position": {"x": 413, "y": 2302}}, {"event_name": "keypress", "timestamp": "1695937748748", "position": {"x": 0, "y": 0}}, {"event_name": "scroll", "timestamp": "1695937748749", "position": {"x": 0, "y": 0}}, {"event_name": "click", "timestamp": "1695937748793", "position": {"x": 513, "y": 545}}, {"event_name": "keypress", "timestamp": "1695937748799", "position": {"x": 0, "y": 0}}, {"event_name": "scroll", "timestamp": "1695937748824", "position": {"x": 0, "y": 0}}, {"event_name": "click", "timestamp": "1695937748866", "position": {"x": 183, "y": 2432}}, {"event_name": "keydown", "timestamp": "1695937748872", "position": {"x": 0, "y": 0}}, {"event_name": "scroll", "timestamp": "1695937748874", "position": {"x": 0, "y": 0}}, {"event_name": "click", "timestamp": "1695937748925", "position": {"x": 583, "y": 2650}}, {"event_name": "keypress", "timestamp": "1695937748932", "position": {"x": 0, "y": 0}}, {"event_name": "scroll", "timestamp": "1695937748934", "position": {"x": 0, "y": 0}}, {"event_name": "click", "timestamp": "1695937748978", "position": {"x": 822, "y": 1531}}, {"event_name": "keypress", "timestamp": "1695937748993", "position": {"x": 0, "y": 0}}, {"event_name": "scroll", "timestamp": "1695937749002", "position": {"x": 0, "y": 0}}, {"event_name": "dblclick", "timestamp": "1695937749070", "position": {"x": 244, "y": 595}}, {"event_name": "keyup", "timestamp": "1695937749078", "position": {"x": 0, "y": 0}}, {"event_name": "scroll", "timestamp": "1695937749081", "position": {"x": 0, "y": 0}}, {"event_name": "click", "timestamp": "1695937749145", "position": {"x": 456, "y": 2778}}, {"event_name": "keyup", "timestamp": "1695937749155", "position": {"x": 0, "y": 0}}, {"event_name": "dblclick", "timestamp": "1695937749158", "position": {"x": 657, "y": 2110}}, {"event_name": "scroll", "timestamp": "1695937749160", "position": {"x": 0, "y": 0}}, {"event_name": "click", "timestamp": "1695937749193", "position": {"x": 95, "y": 1930}}, {"event_name": "keydown", "timestamp": "1695937749199", "position": {"x": 0, "y": 0}}, {"event_name": "scroll", "timestamp": "1695937749200", "position": {"x": 0, "y": 0}}, {"event_name": "keypress", "timestamp": "1695937749236", "position": {"x": 0, "y": 0}}, {"event_name": "mouseover", "timestamp": "1695937749755", "position": {"x": 380, "y": 1045}}, {"event_name": "keyup", "timestamp": "1695937749767", "position": {"x": 0, "y": 0}}, {"event_name": "scroll", "timestamp": "1695937749778", "position": {"x": 0, "y": 0}}, {"event_name": "keydown", "timestamp": "1695937749819", "position": {"x": 0, "y": 0}}, {"event_name": "click", "timestamp": "1695937749866", "position": {"x": 799, "y": 1545}}, {"event_name": "keyup", "timestamp": "1695937749868", "position": {"x": 0, "y": 0}}, {"event_name": "scroll", "timestamp": "1695937749880", "position": {"x": 0, "y": 0}}, {"event_name": "click", "timestamp": "1695937749893", "position": {"x": 663, "y": 902}}, {"event_name": "keypress", "timestamp": "1695937749901", "position": {"x": 0, "y": 0}}, {"event_name": "scroll", "timestamp": "1695937749902", "position": {"x": 0, "y": 0}}, {"event_name": "keyup", "timestamp": "1695937749908", "position": {"x": 0, "y": 0}}, {"event_name": "mouseover", "timestamp": "1695937749919", "position": {"x": 407, "y": 1464}}, {"event_name": "keyup", "timestamp": "1695937749924", "position": {"x": 0, "y": 0}}, {"event_name": "scroll", "timestamp": "1695937749926", "position": {"x": 0, "y": 0}}, {"event_name": "keypress", "timestamp": "1695937749945", "position": {"x": 0, "y": 0}}, {"event_name": "click", "timestamp": "1695937749971", "position": {"x": 515, "y": 870}}, {"event_name": "keydown", "timestamp": "1695937749976", "position": {"x": 0, "y": 0}}, {"event_name": "scroll", "timestamp": "1695937749978", "position": {"x": 0, "y": 0}}, {"event_name": "mouseout", "timestamp": "1695937750013", "position": {"x": 160, "y": 2623}}, {"event_name": "keyup", "timestamp": "1695937750019", "position": {"x": 0, "y": 0}}, {"event_name": "scroll", "timestamp": "1695937750021", "position": {"x": 0, "y": 0}}, {"event_name": "mouseover", "timestamp": "1695937750239", "position": {"x": 410, "y": 539}}, {"event_name": "keydown", "timestamp": "1695937750245", "position": {"x": 0, "y": 0}}, {"event_name": "keypress", "timestamp": "1695937750251", "position": {"x": 0, "y": 0}}, {"event_name": "scroll", "timestamp": "1695937750253", "position": {"x": 0, "y": 0}}, {"event_name": "dblclick", "timestamp": "1695937750281", "position": {"x": 810, "y": 639}}, {"event_name": "keydown", "timestamp": "1695937750286", "position": {"x": 0, "y": 0}}, {"event_name": "scroll", "timestamp": "1695937750289", "position": {"x": 0, "y": 0}}, {"event_name": "scroll", "timestamp": "1695937750309", "position": {"x": 0, "y": 0}}, {"event_name": "mouseover", "timestamp": "1695937750345", "position": {"x": 689, "y": 2597}}, {"event_name": "keypress", "timestamp": "1695937750360", "position": {"x": 0, "y": 0}}, {"event_name": "scroll", "timestamp": "1695937750363", "position": {"x": 0, "y": 0}}, {"event_name": "keyup", "timestamp": "1695937750394", "position": {"x": 0, "y": 0}}, {"event_name": "click", "timestamp": "1695937750478", "position": {"x": 347, "y": 1959}}, {"event_name": "keypress", "timestamp": "1695937750484", "position": {"x": 0, "y": 0}}, {"event_name": "scroll", "timestamp": "1695937750486", "position": {"x": 0, "y": 0}}, {"event_name": "keypress", "timestamp": "1695937750542", "position": {"x": 0, "y": 0}}, {"event_name": "click", "timestamp": "1695937750581", "position": {"x": 773, "y": 2384}}, {"event_name": "keypress", "timestamp": "1695937750586", "position": {"x": 0, "y": 0}}, {"event_name": "scroll", "timestamp": "1695937750588", "position": {"x": 0, "y": 0}}, {"event_name": "keyup", "timestamp": "1695937750631", "position": {"x": 0, "y": 0}}, {"event_name": "mousemove", "timestamp": "1695937750638", "position": {"x": 177, "y": 1639}}, {"event_name": "keydown", "timestamp": "1695937750643", "position": {"x": 0, "y": 0}}, {"event_name": "scroll", "timestamp": "1695937750645", "position": {"x": 0, "y": 0}}, {"event_name": "click", "timestamp": "1695937750751", "position": {"x": 329, "y": 122}}, {"event_name": "keydown", "timestamp": "1695937750761", "position": {"x": 0, "y": 0}}, {"event_name": "keyup", "timestamp": "1695937750770", "position": {"x": 0, "y": 0}}, {"event_name": "scroll", "timestamp": "1695937750775", "position": {"x": 0, "y": 0}}, {"event_name": "click", "timestamp": "1695937750861", "position": {"x": 879, "y": 1158}}, {"event_name": "keydown", "timestamp": "1695937750879", "position": {"x": 0, "y": 0}}, {"event_name": "scroll", "timestamp": "1695937750881", "position": {"x": 0, "y": 0}}, {"event_name": "keydown", "timestamp": "1695937750908", "position": {"x": 0, "y": 0}}, {"event_name": "mouseover", "timestamp": "1695937751015", "position": {"x": 694, "y": 2291}}, {"event_name": "keyup", "timestamp": "1695937751028", "position": {"x": 0, "y": 0}}, {"event_name": "scroll", "timestamp": "1695937751030", "position": {"x": 0, "y": 0}}, {"event_name": "keypress", "timestamp": "1695937751156", "position": {"x": 0, "y": 0}}, {"event_name": "click", "timestamp": "1695937751177", "position": {"x": 404, "y": 1003}}, {"event_name": "keypress", "timestamp": "1695937751181", "position": {"x": 0, "y": 0}}, {"event_name": "scroll", "timestamp": "1695937751182", "position": {"x": 0, "y": 0}}, {"event_name": "mouseout", "timestamp": "1695937751310", "position": {"x": 712, "y": 2459}}, {"event_name": "keypress", "timestamp": "1695937751314", "position": {"x": 0, "y": 0}}, {"event_name": "scroll", "timestamp": "1695937751316", "position": {"x": 0, "y": 0}}, {"event_name": "scroll", "timestamp": "1695937751802", "position": {"x": 0, "y": 0}}, {"event_name": "click", "timestamp": "1695937751819", "position": {"x": 599, "y": 1109}}, {"event_name": "keydown", "timestamp": "1695937751824", "position": {"x": 0, "y": 0}}, {"event_name": "scroll", "timestamp": "1695937751825", "position": {"x": 0, "y": 0}}, {"event_name": "click", "timestamp": "1695937752269", "position": {"x": 563, "y": 2368}}, {"event_name": "keyup", "timestamp": "1695937752272", "position": {"x": 0, "y": 0}}, {"event_name": "scroll", "timestamp": "1695937752277", "position": {"x": 0, "y": 0}}, {"event_name": "keydown", "timestamp": "1695937752299", "position": {"x": 0, "y": 0}}, {"event_name": "click", "timestamp": "1695937752310", "position": {"x": 255, "y": 1539}}, {"event_name": "keyup", "timestamp": "1695937752313", "position": {"x": 0, "y": 0}}, {"event_name": "keypress", "timestamp": "1695937752318", "position": {"x": 0, "y": 0}}, {"event_name": "click", "timestamp": "1695937752327", "position": {"x": 411, "y": 410}}, {"event_name": "keyup", "timestamp": "1695937752332", "position": {"x": 0, "y": 0}}, {"event_name": "scroll", "timestamp": "1695937752337", "position": {"x": 0, "y": 0}}, {"event_name": "mouseover", "timestamp": "1695937752363", "position": {"x": 270, "y": 1637}}, {"event_name": "keyup", "timestamp": "1695937752366", "position": {"x": 0, "y": 0}}, {"event_name": "scroll", "timestamp": "1695937752367", "position": {"x": 0, "y": 0}}, {"event_name": "mouseover", "timestamp": "1695937752644", "position": {"x": 838, "y": 639}}, {"event_name": "keydown", "timestamp": "1695937752658", "position": {"x": 0, "y": 0}}, {"event_name": "scroll", "timestamp": "1695937752665", "position": {"x": 0, "y": 0}}, {"event_name": "mousedown", "timestamp": "1695937752709", "position": {"x": 386, "y": 2595}}, {"event_name": "keyup", "timestamp": "1695937752713", "position": {"x": 0, "y": 0}}, {"event_name": "scroll", "timestamp": "1695937752715", "position": {"x": 0, "y": 0}}, {"event_name": "scroll", "timestamp": "1695937752727", "position": {"x": 0, "y": 0}}, {"event_name": "dblclick", "timestamp": "1695937752749", "position": {"x": 227, "y": 2227}}, {"event_name": "keypress", "timestamp": "1695937752754", "position": {"x": 0, "y": 0}}, {"event_name": "scroll", "timestamp": "1695937752754", "position": {"x": 0, "y": 0}}, {"event_name": "keydown", "timestamp": "1695937752796", "position": {"x": 0, "y": 0}}, {"event_name": "dblclick", "timestamp": "1695937752817", "position": {"x": 739, "y": 1902}}, {"event_name": "keypress", "timestamp": "1695937752823", "position": {"x": 0, "y": 0}}, {"event_name": "dblclick", "timestamp": "1695937752849", "position": {"x": 733, "y": 1854}}, {"event_name": "scroll", "timestamp": "1695937752851", "position": {"x": 0, "y": 0}}, {"event_name": "click", "timestamp": "1695937752870", "position": {"x": 208, "y": 1825}}, {"event_name": "keyup", "timestamp": "1695937752877", "position": {"x": 0, "y": 0}}, {"event_name": "scroll", "timestamp": "1695937752878", "position": {"x": 0, "y": 0}}, {"event_name": "click", "timestamp": "1695937752941", "position": {"x": 660, "y": 2793}}, {"event_name": "mouseover", "timestamp": "1695937752952", "position": {"x": 376, "y": 2799}}, {"event_name": "keyup", "timestamp": "1695937752958", "position": {"x": 0, "y": 0}}, {"event_name": "scroll", "timestamp": "1695937752959", "position": {"x": 0, "y": 0}}, {"event_name": "keypress", "timestamp": "1695937752976", "position": {"x": 0, "y": 0}}, {"event_name": "click", "timestamp": "1695937753019", "position": {"x": 589, "y": 1702}}, {"event_name": "keyup", "timestamp": "1695937753028", "position": {"x": 0, "y": 0}}, {"event_name": "click", "timestamp": "1695937753032", "position": {"x": 463, "y": 2129}}, {"event_name": "scroll", "timestamp": "1695937753034", "position": {"x": 0, "y": 0}}, {"event_name": "mouseout", "timestamp": "1695937753270", "position": {"x": 630, "y": 1824}}, {"event_name": "keyup", "timestamp": "1695937753309", "position": {"x": 0, "y": 0}}, {"event_name": "scroll", "timestamp": "1695937753311", "position": {"x": 0, "y": 0}}, {"event_name": "click", "timestamp": "1695937753384", "position": {"x": 473, "y": 1100}}, {"event_name": "click", "timestamp": "1695937753419", "position": {"x": 346, "y": 1559}}, {"event_name": "keydown", "timestamp": "1695937753425", "position": {"x": 0, "y": 0}}, {"event_name": "scroll", "timestamp": "1695937753437", "position": {"x": 0, "y": 0}}, {"event_name": "mousedown", "timestamp": "1695937753455", "position": {"x": 395, "y": 1098}}, {"event_name": "keydown", "timestamp": "1695937753468", "position": {"x": 0, "y": 0}}, {"event_name": "scroll", "timestamp": "1695937753469", "position": {"x": 0, "y": 0}}, {"event_name": "mouseover", "timestamp": "1695937753563", "position": {"x": 737, "y": 1928}}, {"event_name": "keypress", "timestamp": "1695937753568", "position": {"x": 0, "y": 0}}, {"event_name": "scroll", "timestamp": "1695937753569", "position": {"x": 0, "y": 0}}, {"event_name": "mousedown", "timestamp": "1695937753617", "position": {"x": 871, "y": 1291}}, {"event_name": "click", "timestamp": "1695937753665", "position": {"x": 559, "y": 840}}, {"event_name": "keypress", "timestamp": "1695937753681", "position": {"x": 0, "y": 0}}, {"event_name": "scroll", "timestamp": "1695937753682", "position": {"x": 0, "y": 0}}, {"event_name": "mouseover", "timestamp": "1695937753771", "position": {"x": 655, "y": 2003}}, {"event_name": "keypress", "timestamp": "1695937753783", "position": {"x": 0, "y": 0}}, {"event_name": "scroll", "timestamp": "1695937753784", "position": {"x": 0, "y": 0}}, {"event_name": "click", "timestamp": "1695937753804", "position": {"x": 520, "y": 1067}}, {"event_name": "mouseover", "timestamp": "1695937753831", "position": {"x": 248, "y": 955}}, {"event_name": "keydown", "timestamp": "1695937753842", "position": {"x": 0, "y": 0}}, {"event_name": "scroll", "timestamp": "1695937753849", "position": {"x": 0, "y": 0}}, {"event_name": "mousemove", "timestamp": "1695937753875", "position": {"x": 566, "y": 1369}}, {"event_name": "keydown", "timestamp": "1695937753884", "position": {"x": 0, "y": 0}}, {"event_name": "scroll", "timestamp": "1695937753886", "position": {"x": 0, "y": 0}}, {"event_name": "click", "timestamp": "1695937753905", "position": {"x": 719, "y": 1183}}, {"event_name": "click", "timestamp": "1695937753999", "position": {"x": 467, "y": 1530}}, {"event_name": "keyup", "timestamp": "1695937754010", "position": {"x": 0, "y": 0}}, {"event_name": "scroll", "timestamp": "1695937754012", "position": {"x": 0, "y": 0}}, {"event_name": "keydown", "timestamp": "1695937754045", "position": {"x": 0, "y": 0}}, {"event_name": "dblclick", "timestamp": "1695937754123", "position": {"x": 162, "y": 2952}}, {"event_name": "keyup", "timestamp": "1695937754129", "position": {"x": 0, "y": 0}}, {"event_name": "scroll", "timestamp": "1695937754131", "position": {"x": 0, "y": 0}}, {"event_name": "keypress", "timestamp": "1695937754236", "position": {"x": 0, "y": 0}}, {"event_name": "click", "timestamp": "1695937754306", "position": {"x": 868, "y": 1663}}, {"event_name": "scroll", "timestamp": "1695937754358", "position": {"x": 0, "y": 0}}, {"event_name": "keyup", "timestamp": "1695937754392", "position": {"x": 0, "y": 0}}, {"event_name": "mouseover", "timestamp": "1695937754578", "position": {"x": 831, "y": 772}}, {"event_name": "mouseover", "timestamp": "1695937754639", "position": {"x": 185, "y": 584}}, {"event_name": "scroll", "timestamp": "1695937754775", "position": {"x": 0, "y": 0}}, {"event_name": "scroll", "timestamp": "1695937754870", "position": {"x": 0, "y": 0}}, {"event_name": "scroll", "timestamp": "1695937754932", "position": {"x": 0, "y": 0}}, {"event_name": "scroll", "timestamp": "1695937755221", "position": {"x": 0, "y": 0}}, {"event_name": "mousemove", "timestamp": "1695937755379", "position": {"x": 501, "y": 2850}}, {"event_name": "keyup", "timestamp": "1695937755399", "position": {"x": 0, "y": 0}}, {"event_name": "mousemove", "timestamp": "1695937755496", "position": {"x": 825, "y": 3075}}, {"event_name": "scroll", "timestamp": "1695937755596", "position": {"x": 0, "y": 0}}, {"event_name": "keydown", "timestamp": "1695937755728", "position": {"x": 0, "y": 0}}, {"event_name": "mouseout", "timestamp": "1695937755839", "position": {"x": 269, "y": 843}}, {"event_name": "click", "timestamp": "1695937756000", "position": {"x": 225, "y": 826}}, {"event_name": "keyup", "timestamp": "1695937756069", "position": {"x": 0, "y": 0}}, {"event_name": "click", "timestamp": "1695937756128", "position": {"x": 510, "y": 972}}, {"event_name": "keyup", "timestamp": "1695937756151", "position": {"x": 0, "y": 0}}, {"event_name": "mousemove", "timestamp": "1695937756203", "position": {"x": 354, "y": 918}}, {"event_name": "keydown", "timestamp": "1695937756257", "position": {"x": 0, "y": 0}}, {"event_name": "dblclick", "timestamp": "1695937756380", "position": {"x": 260, "y": 579}}, {"event_name": "scroll", "timestamp": "1695937756406", "position": {"x": 0, "y": 0}}, {"event_name": "mouseover", "timestamp": "1695937756433", "position": {"x": 281, "y": 1988}}, {"event_name": "keydown", "timestamp": "1695937756470", "position": {"x": 0, "y": 0}}, {"event_name": "keyup", "timestamp": "1695937756579", "position": {"x": 0, "y": 0}}, {"event_name": "scroll", "timestamp": "1695937756656", "position": {"x": 0, "y": 0}}, {"event_name": "keyup", "timestamp": "1695937756761", "position": {"x": 0, "y": 0}}, {"event_name": "scroll", "timestamp": "1695937756905", "position": {"x": 0, "y": 0}}, {"event_name": "scroll", "timestamp": "1695937756967", "position": {"x": 0, "y": 0}}, {"event_name": "dblclick", "timestamp": "1695937756995", "position": {"x": 778, "y": 1125}}, {"event_name": "mouseover", "timestamp": "1695937757012", "position": {"x": 250, "y": 1297}}, {"event_name": "keypress", "timestamp": "1695937757079", "position": {"x": 0, "y": 0}}, {"event_name": "scroll", "timestamp": "1695937757119", "position": {"x": 0, "y": 0}}, {"event_name": "scroll", "timestamp": "1695937757207", "position": {"x": 0, "y": 0}}, {"event_name": "click", "timestamp": "1695937757284", "position": {"x": 267, "y": 2520}}, {"event_name": "keyup", "timestamp": "1695937757396", "position": {"x": 0, "y": 0}}, {"event_name": "scroll", "timestamp": "1695937757495", "position": {"x": 0, "y": 0}}, {"event_name": "scroll", "timestamp": "1695937757560", "position": {"x": 0, "y": 0}}, {"event_name": "mousedown", "timestamp": "1695937757607", "position": {"x": 882, "y": 1917}}, {"event_name": "mousemove", "timestamp": "1695937757698", "position": {"x": 902, "y": 2227}}, {"event_name": "scroll", "timestamp": "1695937757748", "position": {"x": 0, "y": 0}}, {"event_name": "scroll", "timestamp": "1695937757790", "position": {"x": 0, "y": 0}}, {"event_name": "keyup", "timestamp": "1695937757888", "position": {"x": 0, "y": 0}}, {"event_name": "scroll", "timestamp": "1695937757936", "position": {"x": 0, "y": 0}}, {"event_name": "scroll", "timestamp": "1695937757968", "position": {"x": 0, "y": 0}}, {"event_name": "keydown", "timestamp": "1695937758115", "position": {"x": 0, "y": 0}}, {"event_name": "keydown", "timestamp": "1695937758302", "position": {"x": 0, "y": 0}}, {"event_name": "scroll", "timestamp": "1695937758418", "position": {"x": 0, "y": 0}}, {"event_name": "keydown", "timestamp": "1695937758443", "position": {"x": 0, "y": 0}}, {"event_name": "scroll", "timestamp": "1695937758643", "position": {"x": 0, "y": 0}}, {"event_name": "keydown", "timestamp": "1695937758711", "position": {"x": 0, "y": 0}}, {"event_name": "scroll", "timestamp": "1695937758736", "position": {"x": 0, "y": 0}}, {"event_name": "mouseout", "timestamp": "1695937758744", "position": {"x": 783, "y": 1216}}, {"event_name": "mouseover", "timestamp": "1695937758775", "position": {"x": 109, "y": 1269}}, {"event_name": "scroll", "timestamp": "1695937758797", "position": {"x": 0, "y": 0}}, {"event_name": "scroll", "timestamp": "1695937758825", "position": {"x": 0, "y": 0}}, {"event_name": "mouseout", "timestamp": "1695937758836", "position": {"x": 418, "y": 2732}}, {"event_name": "scroll", "timestamp": "1695937758917", "position": {"x": 0, "y": 0}}, {"event_name": "keypress", "timestamp": "1695937759039", "position": {"x": 0, "y": 0}}, {"event_name": "scroll", "timestamp": "1695937759202", "position": {"x": 0, "y": 0}}, {"event_name": "scroll", "timestamp": "1695937759228", "position": {"x": 0, "y": 0}}, {"event_name": "mouseover", "timestamp": "1695937759266", "position": {"x": 393, "y": 829}}, {"event_name": "scroll", "timestamp": "1695937759281", "position": {"x": 0, "y": 0}}, {"event_name": "keypress", "timestamp": "1695937759295", "position": {"x": 0, "y": 0}}, {"event_name": "click", "timestamp": "1695937759311", "position": {"x": 107, "y": 1311}}, {"event_name": "mouseover", "timestamp": "1695937759447", "position": {"x": 200, "y": 1397}}, {"event_name": "scroll", "timestamp": "1695937759555", "position": {"x": 0, "y": 0}}, {"event_name": "keypress", "timestamp": "1695937759623", "position": {"x": 0, "y": 0}}, {"event_name": "scroll", "timestamp": "1695937759670", "position": {"x": 0, "y": 0}}, {"event_name": "scroll", "timestamp": "1695937759710", "position": {"x": 0, "y": 0}}, {"event_name": "scroll", "timestamp": "1695937759806", "position": {"x": 0, "y": 0}}, {"event_name": "dblclick", "timestamp": "1695937759840", "position": {"x": 641, "y": 1102}}, {"event_name": "keypress", "timestamp": "1695937759979", "position": {"x": 0, "y": 0}}, {"event_name": "mouseover", "timestamp": "1695937760045", "position": {"x": 99, "y": 1168}}, {"event_name": "dblclick", "timestamp": "1695937760129", "position": {"x": 16, "y": 1320}}, {"event_name": "scroll", "timestamp": "1695937760143", "position": {"x": 0, "y": 0}}, {"event_name": "keyup", "timestamp": "1695937760178", "position": {"x": 0, "y": 0}}, {"event_name": "click", "timestamp": "1695937760208", "position": {"x": 447, "y": 2426}}, {"event_name": "keyup", "timestamp": "1695937760229", "position": {"x": 0, "y": 0}}, {"event_name": "dblclick", "timestamp": "1695937760310", "position": {"x": 223, "y": 2360}}, {"event_name": "mouseover", "timestamp": "1695937760334", "position": {"x": 623, "y": 2237}}, {"event_name": "keyup", "timestamp": "1695937760400", "position": {"x": 0, "y": 0}}, {"event_name": "scroll", "timestamp": "1695937760486", "position": {"x": 0, "y": 0}}, {"event_name": "dblclick", "timestamp": "1695937760529", "position": {"x": 757, "y": 1849}}, {"event_name": "keypress", "timestamp": "1695937760559", "position": {"x": 0, "y": 0}}, {"event_name": "scroll", "timestamp": "1695937760586", "position": {"x": 0, "y": 0}}, {"event_name": "scroll", "timestamp": "1695937760617", "position": {"x": 0, "y": 0}}, {"event_name": "keypress", "timestamp": "1695937760775", "position": {"x": 0, "y": 0}}, {"event_name": "mousemove", "timestamp": "1695937760959", "position": {"x": 574, "y": 1738}}, {"event_name": "dblclick", "timestamp": "1695937761033", "position": {"x": 605, "y": 1507}}, {"event_name": "dblclick", "timestamp": "1695937761098", "position": {"x": 424, "y": 2018}}, {"event_name": "click", "timestamp": "1695937761116", "position": {"x": 537, "y": 1450}}, {"event_name": "click", "timestamp": "1695937761133", "position": {"x": 561, "y": 1793}}, {"event_name": "keyup", "timestamp": "1695937761145", "position": {"x": 0, "y": 0}}, {"event_name": "keyup", "timestamp": "1695937761158", "position": {"x": 0, "y": 0}}, {"event_name": "mousemove", "timestamp": "1695937761208", "position": {"x": 27, "y": 2335}}, {"event_name": "mousemove", "timestamp": "1695937761232", "position": {"x": 635, "y": 2489}}, {"event_name": "keypress", "timestamp": "1695937761308", "position": {"x": 0, "y": 0}}, {"event_name": "keyup", "timestamp": "1695937761334", "position": {"x": 0, "y": 0}}, {"event_name": "keyup", "timestamp": "1695937761389", "position": {"x": 0, "y": 0}}, {"event_name": "mouseover", "timestamp": "1695937761402", "position": {"x": 759, "y": 2342}}, {"event_name": "keypress", "timestamp": "1695937761439", "position": {"x": 0, "y": 0}}, {"event_name": "dblclick", "timestamp": "1695937761465", "position": {"x": 205, "y": 574}}, {"event_name": "keydown", "timestamp": "1695937761490", "position": {"x": 0, "y": 0}}, {"event_name": "keypress", "timestamp": "1695937761506", "position": {"x": 0, "y": 0}}, {"event_name": "scroll", "timestamp": "1695937761509", "position": {"x": 0, "y": 0}}, {"event_name": "keydown", "timestamp": "1695937761624", "position": {"x": 0, "y": 0}}, {"event_name": "mouseover", "timestamp": "1695937761660", "position": {"x": 281, "y": 748}}, {"event_name": "keyup", "timestamp": "1695937761714", "position": {"x": 0, "y": 0}}, {"event_name": "mouseover", "timestamp": "1695937761762", "position": {"x": 110, "y": 471}}, {"event_name": "keydown", "timestamp": "1695937761841", "position": {"x": 0, "y": 0}}, {"event_name": "click", "timestamp": "1695937761908", "position": {"x": 751, "y": 880}}, {"event_name": "scroll", "timestamp": "1695937761925", "position": {"x": 0, "y": 0}}, {"event_name": "keypress", "timestamp": "1695937761957", "position": {"x": 0, "y": 0}}, {"event_name": "keydown", "timestamp": "1695937762042", "position": {"x": 0, "y": 0}}, {"event_name": "keydown", "timestamp": "1695937762102", "position": {"x": 0, "y": 0}}, {"event_name": "click", "timestamp": "1695937762170", "position": {"x": 701, "y": 1796}}, {"event_name": "keypress", "timestamp": "1695937762258", "position": {"x": 0, "y": 0}}, {"event_name": "keypress", "timestamp": "1695937762342", "position": {"x": 0, "y": 0}}, {"event_name": "keydown", "timestamp": "1695937762424", "position": {"x": 0, "y": 0}}, {"event_name": "keydown", "timestamp": "1695937762544", "position": {"x": 0, "y": 0}}]}