{"user_id": "0d350c78-4a3b-4d31-bb29-17e1e1e68cec", "device": "desktop", "trace": [{"event_name": "load", "timestamp": "1695937809264", "position": {"x": 0, "y": 0}}, {"event_name": "pageshow", "timestamp": "1695937809267", "position": {"x": 0, "y": 0}}, {"event_name": "mousemove", "timestamp": "1695937810287", "position": {"x": 532, "y": 1472}}, {"event_name": "keyup", "timestamp": "1695937810290", "position": {"x": 0, "y": 0}}, {"event_name": "scroll", "timestamp": "1695937810295", "position": {"x": 0, "y": 0}}, {"event_name": "click", "timestamp": "1695937810302", "position": {"x": 168, "y": 1995}}, {"event_name": "keyup", "timestamp": "1695937810304", "position": {"x": 0, "y": 0}}, {"event_name": "scroll", "timestamp": "1695937810312", "position": {"x": 0, "y": 0}}, {"event_name": "click", "timestamp": "1695937810314", "position": {"x": 591, "y": 1641}}, {"event_name": "keyup", "timestamp": "1695937810316", "position": {"x": 0, "y": 0}}, {"event_name": "scroll", "timestamp": "1695937810390", "position": {"x": 0, "y": 0}}, {"event_name": "click", "timestamp": "1695937810393", "position": {"x": 421, "y": 1630}}, {"event_name": "keypress", "timestamp": "1695937810397", "position": {"x": 0, "y": 0}}, {"event_name": "scroll", "timestamp": "1695937810398", "position": {"x": 0, "y": 0}}, {"event_name": "click", "timestamp": "1695937810409", "position": {"x": 60, "y": 1611}}, {"event_name": "keydown", "timestamp": "1695937810412", "position": {"x": 0, "y": 0}}, {"event_name": "scroll", "timestamp": "1695937810413", "position": {"x": 0, "y": 0}}, {"event_name": "click", "timestamp": "1695937810424", "position": {"x": 421, "y": 2497}}, {"event_name": "keypress", "timestamp": "1695937810440", "position": {"x": 0, "y": 0}}, {"event_name": "scroll", "timestamp": "1695937810440", "position": {"x": 0, "y": 0}}, {"event_name": "click", "timestamp": "1695937810472", "position": {"x": 237, "y": 447}}, {"event_name": "keyup", "timestamp": "1695937810480", "position": {"x": 0, "y": 0}}, {"event_name": "scroll", "timestamp": "1695937810484", "position": {"x": 0, "y": 0}}, {"event_name": "click", "timestamp": "1695937810496", "position": {"x": 73, "y": 2132}}, {"event_name": "keydown", "timestamp": "1695937810503", "position": {"x": 0, "y": 0}}, {"event_name": "scroll", "timestamp": "1695937810504", "position": {"x": 0, "y": 0}}, {"event_name": "click", "timestamp": "1695937810518", "position": {"x": 325, "y": 1542}}, {"event_name": "keyup", "timestamp": "1695937810530", "position": {"x": 0, "y": 0}}, {"event_name": "scroll", "timestamp": "1695937810530", "position": {"x": 0, "y": 0}}, {"event_name": "mouseout", "timestamp": "1695937810631", "position": {"x": 720, "y": 2232}}, {"event_name": "dblclick", "timestamp": "1695937810639", "position": {"x": 63, "y": 1787}}, {"event_name": "keypress", "timestamp": "1695937810642", "position": {"x": 0, "y": 0}}, {"event_name": "scroll", "timestamp": "1695937810645", "position": {"x": 0, "y": 0}}, {"event_name": "mouseup", "timestamp": "1695937810904", "position": {"x": 755, "y": 2242}}, {"event_name": "keyup", "timestamp": "1695937810971", "position": {"x": 0, "y": 0}}, {"event_name": "scroll", "timestamp": "1695937810980", "position": {"x": 0, "y": 0}}, {"event_name": "mouseover", "timestamp": "1695937811436", "position": {"x": 492, "y": 2117}}, {"event_name": "keypress", "timestamp": "1695937811440", "position": {"x": 0, "y": 0}}, {"event_name": "scroll", "timestamp": "1695937811442", "position": {"x": 0, "y": 0}}, {"event_name": "mouseout", "timestamp": "1695937811907", "position": {"x": 488, "y": 1826}}, {"event_name": "keypress", "timestamp": "1695937811909", "position": {"x": 0, "y": 0}}, {"event_name": "keypress", "timestamp": "1695937811911", "position": {"x": 0, "y": 0}}, {"event_name": "scroll", "timestamp": "1695937811912", "position": {"x": 0, "y": 0}}, {"event_name": "click", "timestamp": "1695937811973", "position": {"x": 734, "y": 2129}}, {"event_name": "keypress", "timestamp": "1695937811975", "position": {"x": 0, "y": 0}}, {"event_name": "scroll", "timestamp": "1695937811982", "position": {"x": 0, "y": 0}}, {"event_name": "click", "timestamp": "1695937812203", "position": {"x": 680, "y": 2157}}, {"event_name": "keypress", "timestamp": "1695937812205", "position": {"x": 0, "y": 0}}, {"event_name": "keydown", "timestamp": "1695937812207", "position": {"x": 0, "y": 0}}, {"event_name": "scroll", "timestamp": "1695937812208", "position": {"x": 0, "y": 0}}, {"event_name": "mouseover", "timestamp": "1695937812224", "position": {"x": 254, "y": 940}}, {"event_name": "keyup", "timestamp": "1695937812225", "position": {"x": 0, "y": 0}}, {"event_name": "keyup", "timestamp": "1695937812226", "position": {"x": 0, "y": 0}}, {"event_name": "click", "timestamp": "1695937812313", "position": {"x": 449, "y": 362}}, {"event_name": "keypress", "timestamp": "1695937812323", "position": {"x": 0, "y": 0}}, {"event_name": "scroll", "timestamp": "1695937812328", "position": {"x": 0, "y": 0}}, {"event_name": "click", "timestamp": "1695937812410", "position": {"x": 104, "y": 1991}}, {"event_name": "keydown", "timestamp": "1695937812418", "position": {"x": 0, "y": 0}}, {"event_name": "scroll", "timestamp": "1695937812418", "position": {"x": 0, "y": 0}}, {"event_name": "click", "timestamp": "1695937812462", "position": {"x": 187, "y": 2031}}, {"event_name": "keypress", "timestamp": "1695937812470", "position": {"x": 0, "y": 0}}, {"event_name": "scroll", "timestamp": "1695937812471", "position": {"x": 0, "y": 0}}, {"event_name": "click", "timestamp": "1695937812495", "position": {"x": 197, "y": 753}}, {"event_name": "keydown", "timestamp": "1695937812499", "position": {"x": 0, "y": 0}}, {"event_name": "scroll", "timestamp": "1695937812501", "position": {"x": 0, "y": 0}}, {"event_name": "click", "timestamp": "1695937812549", "position": {"x": 807, "y": 2871}}, {"event_name": "mouseover", "timestamp": "1695937812592", "position": {"x": 467, "y": 2416}}, {"event_name": "keyup", "timestamp": "1695937812597", "position": {"x": 0, "y": 0}}, {"event_name": "scroll", "timestamp": "1695937812599", "position": {"x": 0, "y": 0}}, {"event_name": "dblclick", "timestamp": "1695937812620", "position": {"x": 641, "y": 995}}, {"event_name": "mouseover", "timestamp": "1695937813553", "position": {"x": 439, "y": 850}}, {"event_name": "keydown", "timestamp": "1695937813573", "position": {"x": 0, "y": 0}}, {"event_name": "scroll", "timestamp": "1695937813574", "position": {"x": 0, "y": 0}}, {"event_name": "scroll", "timestamp": "1695937813595", "position": {"x": 0, "y": 0}}, {"event_name": "mouseup", "timestamp": "1695937813645", "position": {"x": 112, "y": 1819}}, {"event_name": "keydown", "timestamp": "1695937813647", "position": {"x": 0, "y": 0}}, {"event_name": "scroll", "timestamp": "1695937813650", "position": {"x": 0, "y": 0}}, {"event_name": "mouseover", "timestamp": "1695937813675", "position": {"x": 835, "y": 509}}, {"event_name": "keyup", "timestamp": "1695937813678", "position": {"x": 0, "y": 0}}, {"event_name": "click", "timestamp": "1695937813681", "position": {"x": 753, "y": 448}}, {"event_name": "scroll", "timestamp": "1695937813681", "position": {"x": 0, "y": 0}}, {"event_name": "click", "timestamp": "1695937813691", "position": {"x": 359, "y": 645}}, {"event_name": "keypress", "timestamp": "1695937813699", "position": {"x": 0, "y": 0}}, {"event_name": "scroll", "timestamp": "1695937813700", "position": {"x": 0, "y": 0}}, {"event_name": "scroll", "timestamp": "1695937813718", "position": {"x": 0, "y": 0}}, {"event_name": "mousedown", "timestamp": "1695937813742", "position": {"x": 299, "y": 918}}, {"event_name": "keydown", "timestamp": "1695937813748", "position": {"x": 0, "y": 0}}, {"event_name": "scroll", "timestamp": "1695937813749", "position": {"x": 0, "y": 0}}, {"event_name": "mouseover", "timestamp": "1695937813780", "position": {"x": 716, "y": 1694}}, {"event_name": "keypress", "timestamp": "1695937813784", "position": {"x": 0, "y": 0}}, {"event_name": "scroll", "timestamp": "1695937813785", "position": {"x": 0, "y": 0}}, {"event_name": "click", "timestamp": "1695937813813", "position": {"x": 244, "y": 390}}, {"event_name": "keyup", "timestamp": "1695937813818", "position": {"x": 0, "y": 0}}, {"event_name": "scroll", "timestamp": "1695937813819", "position": {"x": 0, "y": 0}}, {"event_name": "mouseover", "timestamp": "1695937813863", "position": {"x": 43, "y": 680}}, {"event_name": "keydown", "timestamp": "1695937813873", "position": {"x": 0, "y": 0}}, {"event_name": "scroll", "timestamp": "1695937813875", "position": {"x": 0, "y": 0}}, {"event_name": "dblclick", "timestamp": "1695937813904", "position": {"x": 439, "y": 299}}, {"event_name": "keydown", "timestamp": "1695937813911", "position": {"x": 0, "y": 0}}, {"event_name": "scroll", "timestamp": "1695937813912", "position": {"x": 0, "y": 0}}, {"event_name": "scroll", "timestamp": "1695937813944", "position": {"x": 0, "y": 0}}, {"event_name": "mouseover", "timestamp": "1695937813969", "position": {"x": 417, "y": 609}}, {"event_name": "keydown", "timestamp": "1695937813980", "position": {"x": 0, "y": 0}}, {"event_name": "scroll", "timestamp": "1695937813982", "position": {"x": 0, "y": 0}}, {"event_name": "click", "timestamp": "1695937814060", "position": {"x": 741, "y": 2688}}, {"event_name": "keydown", "timestamp": "1695937814073", "position": {"x": 0, "y": 0}}, {"event_name": "scroll", "timestamp": "1695937814084", "position": {"x": 0, "y": 0}}, {"event_name": "keypress", "timestamp": "1695937814168", "position": {"x": 0, "y": 0}}, {"event_name": "mousedown", "timestamp": "1695937814215", "position": {"x": 670, "y": 900}}, {"event_name": "keyup", "timestamp": "1695937814232", "position": {"x": 0, "y": 0}}, {"event_name": "scroll", "timestamp": "1695937814234", "position": {"x": 0, "y": 0}}, {"event_name": "mouseover", "timestamp": "1695937814331", "position": {"x": 42, "y": 1247}}, {"event_name": "mouseout", "timestamp": "1695937814365", "position": {"x": 57, "y": 1301}}, {"event_name": "keyup", "timestamp": "1695937814372", "position": {"x": 0, "y": 0}}, {"event_name": "scroll", "timestamp": "1695937814376", "position": {"x": 0, "y": 0}}, {"event_name": "click", "timestamp": "1695937814630", "position": {"x": 732, "y": 1518}}, {"event_name": "keyup", "timestamp": "1695937814639", "position": {"x": 0, "y": 0}}, {"event_name": "scroll", "timestamp": "1695937814649", "position": {"x": 0, "y": 0}}, {"event_name": "click", "timestamp": "1695937815154", "position": {"x": 549, "y": 1454}}, {"event_name": "keyup", "timestamp": "1695937815161", "position": {"x": 0, "y": 0}}, {"event_name": "scroll", "timestamp": "1695937815163", "position": {"x": 0, "y": 0}}, {"event_name": "mouseover", "timestamp": "1695937815304", "position": {"x": 146, "y": 2274}}, {"event_name": "keydown", "timestamp": "1695937815308", "position": {"x": 0, "y": 0}}, {"event_name": "scroll", "timestamp": "1695937815312", "position": {"x": 0, "y": 0}}, {"event_name": "click", "timestamp": "1695937815396", "position": {"x": 514, "y": 1719}}, {"event_name": "keydown", "timestamp": "1695937815399", "position": {"x": 0, "y": 0}}, {"event_name": "scroll", "timestamp": "1695937815401", "position": {"x": 0, "y": 0}}, {"event_name": "keypress", "timestamp": "1695937815414", "position": {"x": 0, "y": 0}}, {"event_name": "click", "timestamp": "1695937815428", "position": {"x": 728, "y": 814}}, {"event_name": "keypress", "timestamp": "1695937815431", "position": {"x": 0, "y": 0}}, {"event_name": "scroll", "timestamp": "1695937815435", "position": {"x": 0, "y": 0}}, {"event_name": "click", "timestamp": "1695937815456", "position": {"x": 498, "y": 2001}}, {"event_name": "keydown", "timestamp": "1695937815460", "position": {"x": 0, "y": 0}}, {"event_name": "scroll", "timestamp": "1695937815466", "position": {"x": 0, "y": 0}}, {"event_name": "mouseover", "timestamp": "1695937815481", "position": {"x": 630, "y": 1617}}, {"event_name": "keypress", "timestamp": "1695937815487", "position": {"x": 0, "y": 0}}, {"event_name": "scroll", "timestamp": "1695937815489", "position": {"x": 0, "y": 0}}, {"event_name": "mouseover", "timestamp": "1695937815526", "position": {"x": 462, "y": 2454}}, {"event_name": "keydown", "timestamp": "1695937815532", "position": {"x": 0, "y": 0}}, {"event_name": "scroll", "timestamp": "1695937815534", "position": {"x": 0, "y": 0}}, {"event_name": "dblclick", "timestamp": "1695937815595", "position": {"x": 441, "y": 2502}}, {"event_name": "keypress", "timestamp": "1695937815603", "position": {"x": 0, "y": 0}}, {"event_name": "scroll", "timestamp": "1695937815607", "position": {"x": 0, "y": 0}}, {"event_name": "dblclick", "timestamp": "1695937815701", "position": {"x": 768, "y": 895}}, {"event_name": "keyup", "timestamp": "1695937815710", "position": {"x": 0, "y": 0}}, {"event_name": "scroll", "timestamp": "1695937815712", "position": {"x": 0, "y": 0}}, {"event_name": "scroll", "timestamp": "1695937815776", "position": {"x": 0, "y": 0}}, {"event_name": "click", "timestamp": "1695937815835", "position": {"x": 458, "y": 1380}}, {"event_name": "keypress", "timestamp": "1695937815842", "position": {"x": 0, "y": 0}}, {"event_name": "scroll", "timestamp": "1695937815844", "position": {"x": 0, "y": 0}}, {"event_name": "mousedown", "timestamp": "1695937816131", "position": {"x": 839, "y": 1846}}, {"event_name": "keyup", "timestamp": "1695937816143", "position": {"x": 0, "y": 0}}, {"event_name": "scroll", "timestamp": "1695937816146", "position": {"x": 0, "y": 0}}, {"event_name": "click", "timestamp": "1695937816211", "position": {"x": 679, "y": 745}}, {"event_name": "keypress", "timestamp": "1695937816215", "position": {"x": 0, "y": 0}}, {"event_name": "scroll", "timestamp": "1695937816417", "position": {"x": 0, "y": 0}}, {"event_name": "click", "timestamp": "1695937816489", "position": {"x": 96, "y": 2599}}, {"event_name": "keypress", "timestamp": "1695937816495", "position": {"x": 0, "y": 0}}, {"event_name": "scroll", "timestamp": "1695937816502", "position": {"x": 0, "y": 0}}, {"event_name": "keypress", "timestamp": "1695937816584", "position": {"x": 0, "y": 0}}, {"event_name": "mouseup", "timestamp": "1695937816641", "position": {"x": 364, "y": 1222}}, {"event_name": "keydown", "timestamp": "1695937816660", "position": {"x": 0, "y": 0}}, {"event_name": "scroll", "timestamp": "1695937816661", "position": {"x": 0, "y": 0}}, {"event_name": "mousemove", "timestamp": "1695937816808", "position": {"x": 710, "y": 771}}, {"event_name": "keyup", "timestamp": "1695937816814", "position": {"x": 0, "y": 0}}, {"event_name": "scroll", "timestamp": "1695937816815", "position": {"x": 0, "y": 0}}, {"event_name": "mousemove", "timestamp": "1695937816933", "position": {"x": 4, "y": 2153}}, {"event_name": "keyup", "timestamp": "1695937816936", "position": {"x": 0, "y": 0}}, {"event_name": "scroll", "timestamp": "1695937816938", "position": {"x": 0, "y": 0}}, {"event_name": "dblclick", "timestamp": "1695937816978", "position": {"x": 83, "y": 1807}}, {"event_name": "keydown", "timestamp": "1695937816988", "position": {"x": 0, "y": 0}}, {"event_name": "scroll", "timestamp": "1695937816990", "position": {"x": 0, "y": 0}}, {"event_name": "click", "timestamp": "1695937817024", "position": {"x": 251, "y": 476}}, {"event_name": "mouseover", "timestamp": "1695937817034", "position": {"x": 678, "y": 615}}, {"event_name": "keydown", "timestamp": "1695937817041", "position": {"x": 0, "y": 0}}, {"event_name": "scroll", "timestamp": "1695937817043", "position": {"x": 0, "y": 0}}, {"event_name": "mousedown", "timestamp": "1695937817088", "position": {"x": 294, "y": 2325}}, {"event_name": "keyup", "timestamp": "1695937817098", "position": {"x": 0, "y": 0}}, {"event_name": "scroll", "timestamp": "1695937817103", "position": {"x": 0, "y": 0}}, {"event_name": "keydown", "timestamp": "1695937817150", "position": {"x": 0, "y": 0}}, {"event_name": "mouseover", "timestamp": "1695937817189", "position": {"x": 651, "y": 1437}}, {"event_name": "keydown", "timestamp": "1695937817207", "position": {"x": 0, "y": 0}}, {"event_name": "scroll", "timestamp": "1695937817209", "position": {"x": 0, "y": 0}}, {"event_name": "mouseover", "timestamp": "1695937817330", "position": {"x": 798, "y": 939}}, {"event_name": "keydown", "timestamp": "1695937817356", "position": {"x": 0, "y": 0}}, {"event_name": "scroll", "timestamp": "1695937817365", "position": {"x": 0, "y": 0}}, {"event_name": "keydown", "timestamp": "1695937817421", "position": {"x": 0, "y": 0}}, {"event_name": "click", "timestamp": "1695937817486", "position": {"x": 250, "y": 2987}}, {"event_name": "keypress", "timestamp": "1695937817496", "position": {"x": 0, "y": 0}}, {"event_name": "scroll", "timestamp": "1695937817502", "position": {"x": 0, "y": 0}}, {"event_name": "scroll", "timestamp": "1695937817556", "position": {"x": 0, "y": 0}}, {"event_name": "click", "timestamp": "1695937817727", "position": {"x": 713, "y": 975}}, {"event_name": "keypress", "timestamp": "1695937817734", "position": {"x": 0, "y": 0}}, {"event_name": "scroll", "timestamp": "1695937817737", "position": {"x": 0, "y": 0}}, {"event_name": "mouseover", "timestamp": "1695937817772", "position": {"x": 602, "y": 268}}, {"event_name": "keypress", "timestamp": "1695937817777", "position": {"x": 0, "y": 0}}, {"event_name": "keydown", "timestamp": "1695937817780", "position": {"x": 0, "y": 0}}, {"event_name": "click", "timestamp": "1695937817794", "position": {"x": 139, "y": 899}}, {"event_name": "keydown", "timestamp": "1695937817801", "position": {"x": 0, "y": 0}}, {"event_name": "scroll", "timestamp": "1695937817802", "position": {"x": 0, "y": 0}}, {"event_name": "scroll", "timestamp": "1695937817896", "position": {"x": 0, "y": 0}}, {"event_name": "mouseover", "timestamp": "1695937818166", "position": {"x": 699, "y": 917}}, {"event_name": "keydown", "timestamp": "1695937818173", "position": {"x": 0, "y": 0}}, {"event_name": "scroll", "timestamp": "1695937818174", "position": {"x": 0, "y": 0}}, {"event_name": "keyup", "timestamp": "1695937818220", "position": {"x": 0, "y": 0}}, {"event_name": "click", "timestamp": "1695937818371", "position": {"x": 784, "y": 508}}, {"event_name": "keypress", "timestamp": "1695937818386", "position": {"x": 0, "y": 0}}, {"event_name": "scroll", "timestamp": "1695937818389", "position": {"x": 0, "y": 0}}, {"event_name": "mouseup", "timestamp": "1695937818584", "position": {"x": 764, "y": 807}}, {"event_name": "keydown", "timestamp": "1695937818589", "position": {"x": 0, "y": 0}}, {"event_name": "scroll", "timestamp": "1695937818590", "position": {"x": 0, "y": 0}}, {"event_name": "mousemove", "timestamp": "1695937818631", "position": {"x": 633, "y": 1224}}, {"event_name": "keydown", "timestamp": "1695937818638", "position": {"x": 0, "y": 0}}, {"event_name": "scroll", "timestamp": "1695937818643", "position": {"x": 0, "y": 0}}, {"event_name": "mouseover", "timestamp": "1695937818709", "position": {"x": 585, "y": 815}}, {"event_name": "keyup", "timestamp": "1695937818716", "position": {"x": 0, "y": 0}}, {"event_name": "scroll", "timestamp": "1695937818718", "position": {"x": 0, "y": 0}}, {"event_name": "scroll", "timestamp": "1695937818766", "position": {"x": 0, "y": 0}}, {"event_name": "dblclick", "timestamp": "1695937818802", "position": {"x": 217, "y": 751}}, {"event_name": "keyup", "timestamp": "1695937818808", "position": {"x": 0, "y": 0}}, {"event_name": "scroll", "timestamp": "1695937818811", "position": {"x": 0, "y": 0}}, {"event_name": "mousemove", "timestamp": "1695937818934", "position": {"x": 649, "y": 1592}}, {"event_name": "keydown", "timestamp": "1695937818941", "position": {"x": 0, "y": 0}}, {"event_name": "scroll", "timestamp": "1695937818960", "position": {"x": 0, "y": 0}}, {"event_name": "keyup", "timestamp": "1695937818991", "position": {"x": 0, "y": 0}}, {"event_name": "dblclick", "timestamp": "1695937819093", "position": {"x": 688, "y": 2268}}, {"event_name": "keyup", "timestamp": "1695937819101", "position": {"x": 0, "y": 0}}, {"event_name": "scroll", "timestamp": "1695937819102", "position": {"x": 0, "y": 0}}, {"event_name": "dblclick", "timestamp": "1695937819133", "position": {"x": 223, "y": 1878}}, {"event_name": "dblclick", "timestamp": "1695937819210", "position": {"x": 1, "y": 1885}}, {"event_name": "keyup", "timestamp": "1695937819220", "position": {"x": 0, "y": 0}}, {"event_name": "scroll", "timestamp": "1695937819222", "position": {"x": 0, "y": 0}}, {"event_name": "scroll", "timestamp": "1695937819349", "position": {"x": 0, "y": 0}}, {"event_name": "click", "timestamp": "1695937819396", "position": {"x": 809, "y": 1629}}, {"event_name": "keydown", "timestamp": "1695937819401", "position": {"x": 0, "y": 0}}, {"event_name": "scroll", "timestamp": "1695937819403", "position": {"x": 0, "y": 0}}, {"event_name": "keydown", "timestamp": "1695937819428", "position": {"x": 0, "y": 0}}, {"event_name": "dblclick", "timestamp": "1695937819523", "position": {"x": 411, "y": 180}}, {"event_name": "keyup", "timestamp": "1695937819532", "position": {"x": 0, "y": 0}}, {"event_name": "scroll", "timestamp": "1695937819533", "position": {"x": 0, "y": 0}}, {"event_name": "click", "timestamp": "1695937819803", "position": {"x": 397, "y": 2095}}, {"event_name": "keyup", "timestamp": "1695937819830", "position": {"x": 0, "y": 0}}, {"event_name": "scroll", "timestamp": "1695937819831", "position": {"x": 0, "y": 0}}, {"event_name": "scroll", "timestamp": "1695937819905", "position": {"x": 0, "y": 0}}, {"event_name": "mouseover", "timestamp": "1695937820013", "position": {"x": 155, "y": 204}}, {"event_name": "keyup", "timestamp": "1695937820021", "position": {"x": 0, "y": 0}}, {"event_name": "scroll", "timestamp": "1695937820022", "position": {"x": 0, "y": 0}}, {"event_name": "click", "timestamp": "1695937820048", "position": {"x": 576, "y": 1921}}, {"event_name": "keydown", "timestamp": "1695937820050", "position": {"x": 0, "y": 0}}, {"event_name": "scroll", "timestamp": "1695937820051", "position": {"x": 0, "y": 0}}, {"event_name": "click", "timestamp": "1695937820161", "position": {"x": 464, "y": 2755}}, {"event_name": "keyup", "timestamp": "1695937820166", "position": {"x": 0, "y": 0}}, {"event_name": "scroll", "timestamp": "1695937820167", "position": {"x": 0, "y": 0}}, {"event_name": "scroll", "timestamp": "1695937820266", "position": {"x": 0, "y": 0}}, {"event_name": "mouseover", "timestamp": "1695937820332", "position": {"x": 336, "y": 2522}}, {"event_name": "keydown", "timestamp": "1695937820337", "position": {"x": 0, "y": 0}}, {"event_name": "scroll", "timestamp": "1695937820339", "position": {"x": 0, "y": 0}}, {"event_name": "keyup", "timestamp": "1695937820443", "position": {"x": 0, "y": 0}}, {"event_name": "click", "timestamp": "1695937820487", "position": {"x": 585, "y": 1203}}, {"event_name": "keydown", "timestamp": "1695937820497", "position": {"x": 0, "y": 0}}, {"event_name": "scroll", "timestamp": "1695937820498", "position": {"x": 0, "y": 0}}, {"event_name": "mouseout", "timestamp": "1695937820565", "position": {"x": 247, "y": 1358}}, {"event_name": "mouseout", "timestamp": "1695937820576", "position": {"x": 722, "y": 1396}}, {"event_name": "keydown", "timestamp": "1695937820588", "position": {"x": 0, "y": 0}}, {"event_name": "scroll", "timestamp": "1695937820589", "position": {"x": 0, "y": 0}}, {"event_name": "mousedown", "timestamp": "1695937820742", "position": {"x": 305, "y": 1800}}, {"event_name": "keypress", "timestamp": "1695937820754", "position": {"x": 0, "y": 0}}, {"event_name": "scroll", "timestamp": "1695937820781", "position": {"x": 0, "y": 0}}, {"event_name": "click", "timestamp": "1695937820893", "position": {"x": 680, "y": 2284}}, {"event_name": "keypress", "timestamp": "1695937820897", "position": {"x": 0, "y": 0}}, {"event_name": "scroll", "timestamp": "1695937820905", "position": {"x": 0, "y": 0}}, {"event_name": "click", "timestamp": "1695937820938", "position": {"x": 810, "y": 997}}, {"event_name": "mouseover", "timestamp": "1695937821016", "position": {"x": 690, "y": 687}}, {"event_name": "keyup", "timestamp": "1695937821023", "position": {"x": 0, "y": 0}}, {"event_name": "scroll", "timestamp": "1695937821029", "position": {"x": 0, "y": 0}}, {"event_name": "scroll", "timestamp": "1695937821050", "position": {"x": 0, "y": 0}}, {"event_name": "dblclick", "timestamp": "1695937821124", "position": {"x": 313, "y": 2180}}, {"event_name": "keydown", "timestamp": "1695937821135", "position": {"x": 0, "y": 0}}, {"event_name": "scroll", "timestamp": "1695937821136", "position": {"x": 0, "y": 0}}, {"event_name": "mouseup", "timestamp": "1695937821192", "position": {"x": 824, "y": 1850}}, {"event_name": "keypress", "timestamp": "1695937821199", "position": {"x": 0, "y": 0}}, {"event_name": "scroll", "timestamp": "1695937821201", "position": {"x": 0, "y": 0}}, {"event_name": "mouseover", "timestamp": "1695937821268", "position": {"x": 42, "y": 1503}}, {"event_name": "keydown", "timestamp": "1695937821277", "position": {"x": 0, "y": 0}}, {"event_name": "scroll", "timestamp": "1695937821289", "position": {"x": 0, "y": 0}}, {"event_name": "scroll", "timestamp": "1695937821319", "position": {"x": 0, "y": 0}}, {"event_name": "click", "timestamp": "1695937821515", "position": {"x": 754, "y": 2230}}, {"event_name": "keyup", "timestamp": "1695937821522", "position": {"x": 0, "y": 0}}, {"event_name": "scroll", "timestamp": "1695937821523", "position": {"x": 0, "y": 0}}, {"event_name": "scroll", "timestamp": "1695937821798", "position": {"x": 0, "y": 0}}, {"event_name": "mouseover", "timestamp": "1695937822312", "position": {"x": 757, "y": 210}}, {"event_name": "keyup", "timestamp": "1695937822319", "position": {"x": 0, "y": 0}}, {"event_name": "scroll", "timestamp": "1695937822327", "position": {"x": 0, "y": 0}}, {"event_name": "keypress", "timestamp": "1695937822397", "position": {"x": 0, "y": 0}}, {"event_name": "click", "timestamp": "1695937822552", "position": {"x": 115, "y": 2317}}, {"event_name": "keydown", "timestamp": "1695937822559", "position": {"x": 0, "y": 0}}, {"event_name": "scroll", "timestamp": "1695937822571", "position": {"x": 0, "y": 0}}, {"event_name": "click", "timestamp": "1695937822712", "position": {"x": 488, "y": 1346}}, {"event_name": "keydown", "timestamp": "1695937822715", "position": {"x": 0, "y": 0}}, {"event_name": "scroll", "timestamp": "1695937822717", "position": {"x": 0, "y": 0}}, {"event_name": "dblclick", "timestamp": "1695937822731", "position": {"x": 591, "y": 326}}, {"event_name": "keydown", "timestamp": "1695937822735", "position": {"x": 0, "y": 0}}, {"event_name": "scroll", "timestamp": "1695937822737", "position": {"x": 0, "y": 0}}, {"event_name": "click", "timestamp": "1695937822792", "position": {"x": 590, "y": 2034}}, {"event_name": "keypress", "timestamp": "1695937822797", "position": {"x": 0, "y": 0}}, {"event_name": "scroll", "timestamp": "1695937822799", "position": {"x": 0, "y": 0}}, {"event_name": "keydown", "timestamp": "1695937822820", "position": {"x": 0, "y": 0}}, {"event_name": "mouseover", "timestamp": "1695937822861", "position": {"x": 687, "y": 2995}}, {"event_name": "keyup", "timestamp": "1695937822871", "position": {"x": 0, "y": 0}}, {"event_name": "scroll", "timestamp": "1695937822902", "position": {"x": 0, "y": 0}}, {"event_name": "click", "timestamp": "1695937823055", "position": {"x": 299, "y": 1146}}, {"event_name": "keypress", "timestamp": "1695937823072", "position": {"x": 0, "y": 0}}, {"event_name": "scroll", "timestamp": "1695937823074", "position": {"x": 0, "y": 0}}, {"event_name": "dblclick", "timestamp": "1695937823110", "position": {"x": 879, "y": 2502}}, {"event_name": "click", "timestamp": "1695937823158", "position": {"x": 341, "y": 2081}}, {"event_name": "keyup", "timestamp": "1695937823165", "position": {"x": 0, "y": 0}}, {"event_name": "scroll", "timestamp": "1695937823167", "position": {"x": 0, "y": 0}}, {"event_name": "keyup", "timestamp": "1695937823186", "position": {"x": 0, "y": 0}}, {"event_name": "mouseover", "timestamp": "1695937823204", "position": {"x": 310, "y": 1617}}, {"event_name": "keyup", "timestamp": "1695937823215", "position": {"x": 0, "y": 0}}, {"event_name": "scroll", "timestamp": "1695937823218", "position": {"x": 0, "y": 0}}, {"event_name": "click", "timestamp": "1695937823241", "position": {"x": 524, "y": 1335}}, {"event_name": "mousedown", "timestamp": "1695937823267", "position": {"x": 103, "y": 951}}, {"event_name": "keypress", "timestamp": "1695937823276", "position": {"x": 0, "y": 0}}, {"event_name": "scroll", "timestamp": "1695937823278", "position": {"x": 0, "y": 0}}, {"event_name": "scroll", "timestamp": "1695937823332", "position": {"x": 0, "y": 0}}, {"event_name": "mousedown", "timestamp": "1695937823355", "position": {"x": 572, "y": 422}}, {"event_name": "keydown", "timestamp": "1695937823363", "position": {"x": 0, "y": 0}}, {"event_name": "scroll", "timestamp": "1695937823365", "position": {"x": 0, "y": 0}}, {"event_name": "mouseover", "timestamp": "1695937823405", "position": {"x": 513, "y": 1626}}, {"event_name": "dblclick", "timestamp": "1695937823696", "position": {"x": 286, "y": 1438}}, {"event_name": "keydown", "timestamp": "1695937823705", "position": {"x": 0, "y": 0}}, {"event_name": "scroll", "timestamp": "1695937823707", "position": {"x": 0, "y": 0}}, {"event_name": "mouseover", "timestamp": "1695937823754", "position": {"x": 920, "y": 2744}}, {"event_name": "mouseover", "timestamp": "1695937823881", "position": {"x": 441, "y": 2541}}, {"event_name": "keypress", "timestamp": "1695937823887", "position": {"x": 0, "y": 0}}, {"event_name": "scroll", "timestamp": "1695937823891", "position": {"x": 0, "y": 0}}, {"event_name": "dblclick", "timestamp": "1695937823958", "position": {"x": 595, "y": 1003}}, {"event_name": "keydown", "timestamp": "1695937823970", "position": {"x": 0, "y": 0}}, {"event_name": "scroll", "timestamp": "1695937823972", "position": {"x": 0, "y": 0}}, {"event_name": "click", "timestamp": "1695937823988", "position": {"x": 266, "y": 1622}}, {"event_name": "click", "timestamp": "1695937824027", "position": {"x": 218, "y": 1117}}, {"event_name": "keyup", "timestamp": "1695937824034", "position": {"x": 0, "y": 0}}, {"event_name": "scroll", "timestamp": "1695937824037", "position": {"x": 0, "y": 0}}, {"event_name": "dblclick", "timestamp": "1695937824061", "position": {"x": 507, "y": 2093}}, {"event_name": "scroll", "timestamp": "1695937824617", "position": {"x": 0, "y": 0}}, {"event_name": "scroll", "timestamp": "1695937824882", "position": {"x": 0, "y": 0}}, {"event_name": "dblclick", "timestamp": "1695937825014", "position": {"x": 401, "y": 181}}, {"event_name": "click", "timestamp": "1695937825087", "position": {"x": 646, "y": 146}}, {"event_name": "click", "timestamp": "1695937825105", "position": {"x": 929, "y": 300}}, {"event_name": "keydown", "timestamp": "1695937825241", "position": {"x": 0, "y": 0}}, {"event_name": "click", "timestamp": "1695937825590", "position": {"x": 442, "y": 460}}, {"event_name": "click", "timestamp": "1695937825688", "position": {"x": 440, "y": 605}}, {"event_name": "dblclick", "timestamp": "1695937825704", "position": {"x": 924, "y": 603}}, {"event_name": "keyup", "timestamp": "1695937825742", "position": {"x": 0, "y": 0}}, {"event_name": "scroll", "timestamp": "1695937825775", "position": {"x": 0, "y": 0}}, {"event_name": "mouseover", "timestamp": "1695937826175", "position": {"x": 33, "y": 284}}, {"event_name": "keydown", "timestamp": "1695937826265", "position": {"x": 0, "y": 0}}, {"event_name": "scroll", "timestamp": "1695937826361", "position": {"x": 0, "y": 0}}, {"event_name": "keyup", "timestamp": "1695937826496", "position": {"x": 0, "y": 0}}, {"event_name": "scroll", "timestamp": "1695937826541", "position": {"x": 0, "y": 0}}, {"event_name": "scroll", "timestamp": "1695937826617", "position": {"x": 0, "y": 0}}, {"event_name": "mousemove", "timestamp": "1695937826641", "position": {"x": 262, "y": 513}}, {"event_name": "scroll", "timestamp": "1695937826877", "position": {"x": 0, "y": 0}}, {"event_name": "keydown", "timestamp": "1695937827001", "position": {"x": 0, "y": 0}}, {"event_name": "mouseout", "timestamp": "1695937827063", "position": {"x": 424, "y": 1562}}, {"event_name": "keypress", "timestamp": "1695937827177", "position": {"x": 0, "y": 0}}, {"event_name": "keyup", "timestamp": "1695937827209", "position": {"x": 0, "y": 0}}, {"event_name": "scroll", "timestamp": "1695937827233", "position": {"x": 0, "y": 0}}, {"event_name": "scroll", "timestamp": "1695937827272", "position": {"x": 0, "y": 0}}, {"event_name": "mousedown", "timestamp": "1695937827316", "position": {"x": 867, "y": 164}}, {"event_name": "keydown", "timestamp": "1695937827411", "position": {"x": 0, "y": 0}}, {"event_name": "click", "timestamp": "1695937827451", "position": {"x": 906, "y": 575}}, {"event_name": "keypress", "timestamp": "1695937827476", "position": {"x": 0, "y": 0}}, {"event_name": "click", "timestamp": "1695937827510", "position": {"x": 837, "y": 534}}, {"event_name": "mouseover", "timestamp": "1695937827657", "position": {"x": 408, "y": 300}}, {"event_name": "mouseover", "timestamp": "1695937827718", "position": {"x": 460, "y": 627}}, {"event_name": "keypress", "timestamp": "1695937827746", "position": {"x": 0, "y": 0}}, {"event_name": "scroll", "timestamp": "1695937827820", "position": {"x": 0, "y": 0}}, {"event_name": "click", "timestamp": "1695937827877", "position": {"x": 457, "y": 790}}, {"event_name": "scroll", "timestamp": "1695937828034", "position": {"x": 0, "y": 0}}, {"event_name": "scroll", "timestamp": "1695937828055", "position": {"x": 0, "y": 0}}, {"event_name": "scroll", "timestamp": "1695937828075", "position": {"x": 0, "y": 0}}, {"event_name": "dblclick", "timestamp": "1695937828098", "position": {"x": 117, "y": 2852}}, {"event_name": "keypress", "timestamp": "1695937828172", "position": {"x": 0, "y": 0}}, {"event_name": "click", "timestamp": "1695937828232", "position": {"x": 488, "y": 2828}}, {"event_name": "scroll", "timestamp": "1695937828371", "position": {"x": 0, "y": 0}}, {"event_name": "keyup", "timestamp": "1695937828418", "position": {"x": 0, "y": 0}}, {"event_name": "dblclick", "timestamp": "1695937828454", "position": {"x": 411, "y": 104}}, {"event_name": "scroll", "timestamp": "1695937828606", "position": {"x": 0, "y": 0}}, {"event_name": "keypress", "timestamp": "1695937828648", "position": {"x": 0, "y": 0}}, {"event_name": "keyup", "timestamp": "1695937828667", "position": {"x": 0, "y": 0}}, {"event_name": "mouseout", "timestamp": "1695937828756", "position": {"x": 159, "y": 1583}}, {"event_name": "scroll", "timestamp": "1695937828786", "position": {"x": 0, "y": 0}}, {"event_name": "keydown", "timestamp": "1695937828855", "position": {"x": 0, "y": 0}}, {"event_name": "mouseup", "timestamp": "1695937828889", "position": {"x": 772, "y": 1264}}, {"event_name": "dblclick", "timestamp": "1695937828917", "position": {"x": 854, "y": 1195}}, {"event_name": "keyup", "timestamp": "1695937828981", "position": {"x": 0, "y": 0}}, {"event_name": "keydown", "timestamp": "1695937829061", "position": {"x": 0, "y": 0}}, {"event_name": "dblclick", "timestamp": "1695937829083", "position": {"x": 529, "y": 1420}}, {"event_name": "scroll", "timestamp": "1695937829125", "position": {"x": 0, "y": 0}}, {"event_name": "click", "timestamp": "1695937829147", "position": {"x": 589, "y": 1037}}, {"event_name": "scroll", "timestamp": "1695937829192", "position": {"x": 0, "y": 0}}, {"event_name": "click", "timestamp": "1695937829281", "position": {"x": 489, "y": 1727}}, {"event_name": "keypress", "timestamp": "1695937829372", "position": {"x": 0, "y": 0}}, {"event_name": "scroll", "timestamp": "1695937829495", "position": {"x": 0, "y": 0}}, {"event_name": "keyup", "timestamp": "1695937829518", "position": {"x": 0, "y": 0}}, {"event_name": "scroll", "timestamp": "1695937829546", "position": {"x": 0, "y": 0}}, {"event_name": "keyup", "timestamp": "1695937829692", "position": {"x": 0, "y": 0}}, {"event_name": "dblclick", "timestamp": "1695937829725", "position": {"x": 536, "y": 1872}}, {"event_name": "scroll", "timestamp": "1695937829750", "position": {"x": 0, "y": 0}}, {"event_name": "click", "timestamp": "1695937829762", "position": {"x": 127, "y": 1575}}, {"event_name": "scroll", "timestamp": "1695937829786", "position": {"x": 0, "y": 0}}, {"event_name": "scroll", "timestamp": "1695937829816", "position": {"x": 0, "y": 0}}, {"event_name": "scroll", "timestamp": "1695937829835", "position": {"x": 0, "y": 0}}, {"event_name": "mousedown", "timestamp": "1695937829858", "position": {"x": 564, "y": 873}}, {"event_name": "click", "timestamp": "1695937830052", "position": {"x": 178, "y": 791}}, {"event_name": "scroll", "timestamp": "1695937830080", "position": {"x": 0, "y": 0}}, {"event_name": "mousemove", "timestamp": "1695937830097", "position": {"x": 455, "y": 1259}}, {"event_name": "keyup", "timestamp": "1695937830120", "position": {"x": 0, "y": 0}}, {"event_name": "keypress", "timestamp": "1695937830150", "position": {"x": 0, "y": 0}}, {"event_name": "mouseup", "timestamp": "1695937830175", "position": {"x": 762, "y": 886}}, {"event_name": "keypress", "timestamp": "1695937830195", "position": {"x": 0, "y": 0}}, {"event_name": "keydown", "timestamp": "1695937830218", "position": {"x": 0, "y": 0}}, {"event_name": "mouseout", "timestamp": "1695937830246", "position": {"x": 326, "y": 1087}}]}