{"user_id": "0eb00210-b337-4a21-8cd3-458ae6ed702c", "device": "desktop", "trace": [{"event_name": "load", "timestamp": "1695939326480", "position": {"x": 0, "y": 0}}, {"event_name": "pageshow", "timestamp": "1695939326480", "position": {"x": 0, "y": 0}}, {"event_name": "keydown", "timestamp": "1695939327510", "position": {"x": 0, "y": 0}}, {"event_name": "click", "timestamp": "1695939327512", "position": {"x": 359, "y": 454}}, {"event_name": "keydown", "timestamp": "1695939327515", "position": {"x": 0, "y": 0}}, {"event_name": "scroll", "timestamp": "1695939327520", "position": {"x": 0, "y": 0}}, {"event_name": "mouseout", "timestamp": "1695939327528", "position": {"x": 583, "y": 254}}, {"event_name": "keydown", "timestamp": "1695939327531", "position": {"x": 0, "y": 0}}, {"event_name": "mouseout", "timestamp": "1695939327534", "position": {"x": 610, "y": 2235}}, {"event_name": "scroll", "timestamp": "1695939327537", "position": {"x": 0, "y": 0}}, {"event_name": "mouseover", "timestamp": "1695939327543", "position": {"x": 725, "y": 2223}}, {"event_name": "keydown", "timestamp": "1695939327552", "position": {"x": 0, "y": 0}}, {"event_name": "scroll", "timestamp": "1695939327556", "position": {"x": 0, "y": 0}}, {"event_name": "mouseout", "timestamp": "1695939327563", "position": {"x": 556, "y": 2526}}, {"event_name": "click", "timestamp": "1695939327576", "position": {"x": 585, "y": 2677}}, {"event_name": "keypress", "timestamp": "1695939327578", "position": {"x": 0, "y": 0}}, {"event_name": "scroll", "timestamp": "1695939327593", "position": {"x": 0, "y": 0}}, {"event_name": "click", "timestamp": "1695939327599", "position": {"x": 168, "y": 1338}}, {"event_name": "keyup", "timestamp": "1695939327602", "position": {"x": 0, "y": 0}}, {"event_name": "scroll", "timestamp": "1695939327608", "position": {"x": 0, "y": 0}}, {"event_name": "dblclick", "timestamp": "1695939327614", "position": {"x": 563, "y": 757}}, {"event_name": "keypress", "timestamp": "1695939327617", "position": {"x": 0, "y": 0}}, {"event_name": "scroll", "timestamp": "1695939327622", "position": {"x": 0, "y": 0}}, {"event_name": "click", "timestamp": "1695939327629", "position": {"x": 659, "y": 716}}, {"event_name": "keyup", "timestamp": "1695939327632", "position": {"x": 0, "y": 0}}, {"event_name": "scroll", "timestamp": "1695939327640", "position": {"x": 0, "y": 0}}, {"event_name": "mouseover", "timestamp": "1695939327648", "position": {"x": 24, "y": 2414}}, {"event_name": "keydown", "timestamp": "1695939327657", "position": {"x": 0, "y": 0}}, {"event_name": "keypress", "timestamp": "1695939327659", "position": {"x": 0, "y": 0}}, {"event_name": "scroll", "timestamp": "1695939327660", "position": {"x": 0, "y": 0}}, {"event_name": "mouseout", "timestamp": "1695939327695", "position": {"x": 482, "y": 1262}}, {"event_name": "keypress", "timestamp": "1695939327698", "position": {"x": 0, "y": 0}}, {"event_name": "keydown", "timestamp": "1695939327700", "position": {"x": 0, "y": 0}}, {"event_name": "scroll", "timestamp": "1695939327705", "position": {"x": 0, "y": 0}}, {"event_name": "mouseover", "timestamp": "1695939327720", "position": {"x": 404, "y": 169}}, {"event_name": "keypress", "timestamp": "1695939327723", "position": {"x": 0, "y": 0}}, {"event_name": "keyup", "timestamp": "1695939327732", "position": {"x": 0, "y": 0}}, {"event_name": "scroll", "timestamp": "1695939327732", "position": {"x": 0, "y": 0}}, {"event_name": "click", "timestamp": "1695939327747", "position": {"x": 457, "y": 731}}, {"event_name": "keypress", "timestamp": "1695939327758", "position": {"x": 0, "y": 0}}, {"event_name": "scroll", "timestamp": "1695939327760", "position": {"x": 0, "y": 0}}, {"event_name": "mouseover", "timestamp": "1695939327801", "position": {"x": 604, "y": 1360}}, {"event_name": "keyup", "timestamp": "1695939327814", "position": {"x": 0, "y": 0}}, {"event_name": "dblclick", "timestamp": "1695939327915", "position": {"x": 488, "y": 698}}, {"event_name": "scroll", "timestamp": "1695939327916", "position": {"x": 0, "y": 0}}, {"event_name": "dblclick", "timestamp": "1695939327937", "position": {"x": 495, "y": 427}}, {"event_name": "keypress", "timestamp": "1695939327943", "position": {"x": 0, "y": 0}}, {"event_name": "mouseout", "timestamp": "1695939327946", "position": {"x": 270, "y": 2608}}, {"event_name": "scroll", "timestamp": "1695939327952", "position": {"x": 0, "y": 0}}, {"event_name": "mousedown", "timestamp": "1695939327966", "position": {"x": 786, "y": 2707}}, {"event_name": "keydown", "timestamp": "1695939327975", "position": {"x": 0, "y": 0}}, {"event_name": "mouseover", "timestamp": "1695939327990", "position": {"x": 739, "y": 1975}}, {"event_name": "keyup", "timestamp": "1695939327994", "position": {"x": 0, "y": 0}}, {"event_name": "scroll", "timestamp": "1695939328012", "position": {"x": 0, "y": 0}}, {"event_name": "click", "timestamp": "1695939328043", "position": {"x": 788, "y": 2238}}, {"event_name": "keydown", "timestamp": "1695939328051", "position": {"x": 0, "y": 0}}, {"event_name": "keypress", "timestamp": "1695939328054", "position": {"x": 0, "y": 0}}, {"event_name": "scroll", "timestamp": "1695939328055", "position": {"x": 0, "y": 0}}, {"event_name": "mouseover", "timestamp": "1695939328120", "position": {"x": 552, "y": 1736}}, {"event_name": "keyup", "timestamp": "1695939328133", "position": {"x": 0, "y": 0}}, {"event_name": "keydown", "timestamp": "1695939328136", "position": {"x": 0, "y": 0}}, {"event_name": "scroll", "timestamp": "1695939328137", "position": {"x": 0, "y": 0}}, {"event_name": "dblclick", "timestamp": "1695939328206", "position": {"x": 266, "y": 2747}}, {"event_name": "keydown", "timestamp": "1695939328223", "position": {"x": 0, "y": 0}}, {"event_name": "keyup", "timestamp": "1695939328231", "position": {"x": 0, "y": 0}}, {"event_name": "scroll", "timestamp": "1695939328232", "position": {"x": 0, "y": 0}}, {"event_name": "mouseover", "timestamp": "1695939328280", "position": {"x": 585, "y": 69}}, {"event_name": "keypress", "timestamp": "1695939328285", "position": {"x": 0, "y": 0}}, {"event_name": "scroll", "timestamp": "1695939328299", "position": {"x": 0, "y": 0}}, {"event_name": "mousedown", "timestamp": "1695939328328", "position": {"x": 354, "y": 2067}}, {"event_name": "keydown", "timestamp": "1695939328338", "position": {"x": 0, "y": 0}}, {"event_name": "mouseover", "timestamp": "1695939328349", "position": {"x": 318, "y": 1820}}, {"event_name": "scroll", "timestamp": "1695939328351", "position": {"x": 0, "y": 0}}, {"event_name": "mousedown", "timestamp": "1695939328382", "position": {"x": 255, "y": 1651}}, {"event_name": "keypress", "timestamp": "1695939328402", "position": {"x": 0, "y": 0}}, {"event_name": "scroll", "timestamp": "1695939328403", "position": {"x": 0, "y": 0}}, {"event_name": "mousemove", "timestamp": "1695939328420", "position": {"x": 300, "y": 2266}}, {"event_name": "mouseover", "timestamp": "1695939328427", "position": {"x": 173, "y": 2311}}, {"event_name": "keydown", "timestamp": "1695939328438", "position": {"x": 0, "y": 0}}, {"event_name": "mouseover", "timestamp": "1695939328464", "position": {"x": 475, "y": 1965}}, {"event_name": "keyup", "timestamp": "1695939328471", "position": {"x": 0, "y": 0}}, {"event_name": "click", "timestamp": "1695939328474", "position": {"x": 193, "y": 2616}}, {"event_name": "scroll", "timestamp": "1695939328481", "position": {"x": 0, "y": 0}}, {"event_name": "mousemove", "timestamp": "1695939328527", "position": {"x": 168, "y": 2519}}, {"event_name": "keypress", "timestamp": "1695939328546", "position": {"x": 0, "y": 0}}, {"event_name": "scroll", "timestamp": "1695939328548", "position": {"x": 0, "y": 0}}, {"event_name": "click", "timestamp": "1695939328627", "position": {"x": 346, "y": 2318}}, {"event_name": "keyup", "timestamp": "1695939328642", "position": {"x": 0, "y": 0}}, {"event_name": "scroll", "timestamp": "1695939328643", "position": {"x": 0, "y": 0}}, {"event_name": "mouseover", "timestamp": "1695939328712", "position": {"x": 64, "y": 655}}, {"event_name": "click", "timestamp": "1695939328807", "position": {"x": 282, "y": 919}}, {"event_name": "keydown", "timestamp": "1695939328814", "position": {"x": 0, "y": 0}}, {"event_name": "scroll", "timestamp": "1695939328815", "position": {"x": 0, "y": 0}}, {"event_name": "keyup", "timestamp": "1695939328893", "position": {"x": 0, "y": 0}}, {"event_name": "click", "timestamp": "1695939328977", "position": {"x": 440, "y": 1221}}, {"event_name": "keydown", "timestamp": "1695939328981", "position": {"x": 0, "y": 0}}, {"event_name": "scroll", "timestamp": "1695939328985", "position": {"x": 0, "y": 0}}, {"event_name": "click", "timestamp": "1695939329058", "position": {"x": 181, "y": 2543}}, {"event_name": "keydown", "timestamp": "1695939329071", "position": {"x": 0, "y": 0}}, {"event_name": "scroll", "timestamp": "1695939329089", "position": {"x": 0, "y": 0}}, {"event_name": "mouseout", "timestamp": "1695939329111", "position": {"x": 87, "y": 3020}}, {"event_name": "keyup", "timestamp": "1695939329116", "position": {"x": 0, "y": 0}}, {"event_name": "click", "timestamp": "1695939329132", "position": {"x": 475, "y": 529}}, {"event_name": "keypress", "timestamp": "1695939329137", "position": {"x": 0, "y": 0}}, {"event_name": "click", "timestamp": "1695939329152", "position": {"x": 494, "y": 1525}}, {"event_name": "keypress", "timestamp": "1695939329156", "position": {"x": 0, "y": 0}}, {"event_name": "scroll", "timestamp": "1695939329159", "position": {"x": 0, "y": 0}}, {"event_name": "click", "timestamp": "1695939329222", "position": {"x": 506, "y": 2465}}, {"event_name": "keypress", "timestamp": "1695939329248", "position": {"x": 0, "y": 0}}, {"event_name": "scroll", "timestamp": "1695939329261", "position": {"x": 0, "y": 0}}, {"event_name": "dblclick", "timestamp": "1695939329304", "position": {"x": 269, "y": 1467}}, {"event_name": "keyup", "timestamp": "1695939329311", "position": {"x": 0, "y": 0}}, {"event_name": "scroll", "timestamp": "1695939329313", "position": {"x": 0, "y": 0}}, {"event_name": "dblclick", "timestamp": "1695939329362", "position": {"x": 700, "y": 1854}}, {"event_name": "keypress", "timestamp": "1695939329367", "position": {"x": 0, "y": 0}}, {"event_name": "keypress", "timestamp": "1695939329369", "position": {"x": 0, "y": 0}}, {"event_name": "scroll", "timestamp": "1695939329370", "position": {"x": 0, "y": 0}}, {"event_name": "click", "timestamp": "1695939329390", "position": {"x": 237, "y": 2349}}, {"event_name": "keypress", "timestamp": "1695939329399", "position": {"x": 0, "y": 0}}, {"event_name": "scroll", "timestamp": "1695939329405", "position": {"x": 0, "y": 0}}, {"event_name": "mousemove", "timestamp": "1695939329429", "position": {"x": 53, "y": 2125}}, {"event_name": "keypress", "timestamp": "1695939329436", "position": {"x": 0, "y": 0}}, {"event_name": "click", "timestamp": "1695939329453", "position": {"x": 830, "y": 566}}, {"event_name": "keydown", "timestamp": "1695939329460", "position": {"x": 0, "y": 0}}, {"event_name": "click", "timestamp": "1695939329464", "position": {"x": 189, "y": 2686}}, {"event_name": "click", "timestamp": "1695939329479", "position": {"x": 242, "y": 2654}}, {"event_name": "keypress", "timestamp": "1695939329493", "position": {"x": 0, "y": 0}}, {"event_name": "scroll", "timestamp": "1695939329494", "position": {"x": 0, "y": 0}}, {"event_name": "click", "timestamp": "1695939329664", "position": {"x": 659, "y": 2815}}, {"event_name": "keypress", "timestamp": "1695939329672", "position": {"x": 0, "y": 0}}, {"event_name": "scroll", "timestamp": "1695939329674", "position": {"x": 0, "y": 0}}, {"event_name": "scroll", "timestamp": "1695939329721", "position": {"x": 0, "y": 0}}, {"event_name": "mouseout", "timestamp": "1695939329782", "position": {"x": 741, "y": 1400}}, {"event_name": "keydown", "timestamp": "1695939329808", "position": {"x": 0, "y": 0}}, {"event_name": "scroll", "timestamp": "1695939329809", "position": {"x": 0, "y": 0}}, {"event_name": "mousedown", "timestamp": "1695939329871", "position": {"x": 745, "y": 2254}}, {"event_name": "keypress", "timestamp": "1695939329899", "position": {"x": 0, "y": 0}}, {"event_name": "scroll", "timestamp": "1695939329901", "position": {"x": 0, "y": 0}}, {"event_name": "click", "timestamp": "1695939330025", "position": {"x": 440, "y": 730}}, {"event_name": "keypress", "timestamp": "1695939330041", "position": {"x": 0, "y": 0}}, {"event_name": "scroll", "timestamp": "1695939330042", "position": {"x": 0, "y": 0}}, {"event_name": "mouseup", "timestamp": "1695939330100", "position": {"x": 228, "y": 657}}, {"event_name": "keyup", "timestamp": "1695939330106", "position": {"x": 0, "y": 0}}, {"event_name": "scroll", "timestamp": "1695939330114", "position": {"x": 0, "y": 0}}, {"event_name": "mouseover", "timestamp": "1695939330146", "position": {"x": 713, "y": 2119}}, {"event_name": "keyup", "timestamp": "1695939330151", "position": {"x": 0, "y": 0}}, {"event_name": "scroll", "timestamp": "1695939330162", "position": {"x": 0, "y": 0}}, {"event_name": "click", "timestamp": "1695939330186", "position": {"x": 611, "y": 1280}}, {"event_name": "keypress", "timestamp": "1695939330192", "position": {"x": 0, "y": 0}}, {"event_name": "keypress", "timestamp": "1695939330195", "position": {"x": 0, "y": 0}}, {"event_name": "scroll", "timestamp": "1695939330196", "position": {"x": 0, "y": 0}}, {"event_name": "mouseover", "timestamp": "1695939330235", "position": {"x": 68, "y": 1811}}, {"event_name": "keyup", "timestamp": "1695939330241", "position": {"x": 0, "y": 0}}, {"event_name": "scroll", "timestamp": "1695939330261", "position": {"x": 0, "y": 0}}, {"event_name": "click", "timestamp": "1695939330307", "position": {"x": 603, "y": 905}}, {"event_name": "keypress", "timestamp": "1695939330322", "position": {"x": 0, "y": 0}}, {"event_name": "scroll", "timestamp": "1695939330328", "position": {"x": 0, "y": 0}}, {"event_name": "mouseup", "timestamp": "1695939330461", "position": {"x": 205, "y": 259}}, {"event_name": "keyup", "timestamp": "1695939330477", "position": {"x": 0, "y": 0}}, {"event_name": "dblclick", "timestamp": "1695939330494", "position": {"x": 113, "y": 2985}}, {"event_name": "scroll", "timestamp": "1695939330495", "position": {"x": 0, "y": 0}}, {"event_name": "click", "timestamp": "1695939330602", "position": {"x": 149, "y": 2771}}, {"event_name": "keypress", "timestamp": "1695939330618", "position": {"x": 0, "y": 0}}, {"event_name": "scroll", "timestamp": "1695939330620", "position": {"x": 0, "y": 0}}, {"event_name": "dblclick", "timestamp": "1695939330692", "position": {"x": 677, "y": 865}}, {"event_name": "keydown", "timestamp": "1695939330697", "position": {"x": 0, "y": 0}}, {"event_name": "keypress", "timestamp": "1695939330701", "position": {"x": 0, "y": 0}}, {"event_name": "mouseover", "timestamp": "1695939330712", "position": {"x": 721, "y": 655}}, {"event_name": "keypress", "timestamp": "1695939330716", "position": {"x": 0, "y": 0}}, {"event_name": "mousedown", "timestamp": "1695939330730", "position": {"x": 212, "y": 2403}}, {"event_name": "keypress", "timestamp": "1695939330734", "position": {"x": 0, "y": 0}}, {"event_name": "mouseover", "timestamp": "1695939330783", "position": {"x": 167, "y": 1675}}, {"event_name": "keydown", "timestamp": "1695939330790", "position": {"x": 0, "y": 0}}, {"event_name": "scroll", "timestamp": "1695939330791", "position": {"x": 0, "y": 0}}, {"event_name": "dblclick", "timestamp": "1695939330859", "position": {"x": 74, "y": 2873}}, {"event_name": "keydown", "timestamp": "1695939330866", "position": {"x": 0, "y": 0}}, {"event_name": "scroll", "timestamp": "1695939330867", "position": {"x": 0, "y": 0}}, {"event_name": "mouseover", "timestamp": "1695939330912", "position": {"x": 514, "y": 1038}}, {"event_name": "dblclick", "timestamp": "1695939330978", "position": {"x": 550, "y": 1530}}, {"event_name": "keydown", "timestamp": "1695939330994", "position": {"x": 0, "y": 0}}, {"event_name": "scroll", "timestamp": "1695939330996", "position": {"x": 0, "y": 0}}, {"event_name": "mouseup", "timestamp": "1695939331064", "position": {"x": 760, "y": 1524}}, {"event_name": "click", "timestamp": "1695939331133", "position": {"x": 527, "y": 1799}}, {"event_name": "keydown", "timestamp": "1695939331140", "position": {"x": 0, "y": 0}}, {"event_name": "scroll", "timestamp": "1695939331141", "position": {"x": 0, "y": 0}}, {"event_name": "mousedown", "timestamp": "1695939331188", "position": {"x": 545, "y": 842}}, {"event_name": "keypress", "timestamp": "1695939331197", "position": {"x": 0, "y": 0}}, {"event_name": "scroll", "timestamp": "1695939331198", "position": {"x": 0, "y": 0}}, {"event_name": "mousedown", "timestamp": "1695939331469", "position": {"x": 805, "y": 576}}, {"event_name": "keypress", "timestamp": "1695939331497", "position": {"x": 0, "y": 0}}, {"event_name": "scroll", "timestamp": "1695939331499", "position": {"x": 0, "y": 0}}, {"event_name": "mouseout", "timestamp": "1695939331601", "position": {"x": 204, "y": 1069}}, {"event_name": "keypress", "timestamp": "1695939331609", "position": {"x": 0, "y": 0}}, {"event_name": "scroll", "timestamp": "1695939331610", "position": {"x": 0, "y": 0}}, {"event_name": "click", "timestamp": "1695939331689", "position": {"x": 713, "y": 2679}}, {"event_name": "keyup", "timestamp": "1695939331722", "position": {"x": 0, "y": 0}}, {"event_name": "scroll", "timestamp": "1695939331724", "position": {"x": 0, "y": 0}}, {"event_name": "keydown", "timestamp": "1695939331750", "position": {"x": 0, "y": 0}}, {"event_name": "mousedown", "timestamp": "1695939331794", "position": {"x": 234, "y": 1345}}, {"event_name": "keyup", "timestamp": "1695939331815", "position": {"x": 0, "y": 0}}, {"event_name": "scroll", "timestamp": "1695939331834", "position": {"x": 0, "y": 0}}, {"event_name": "mouseup", "timestamp": "1695939331893", "position": {"x": 822, "y": 2590}}, {"event_name": "keydown", "timestamp": "1695939331900", "position": {"x": 0, "y": 0}}, {"event_name": "scroll", "timestamp": "1695939331903", "position": {"x": 0, "y": 0}}, {"event_name": "mouseout", "timestamp": "1695939331974", "position": {"x": 644, "y": 2298}}, {"event_name": "keypress", "timestamp": "1695939331980", "position": {"x": 0, "y": 0}}, {"event_name": "scroll", "timestamp": "1695939331982", "position": {"x": 0, "y": 0}}, {"event_name": "mouseover", "timestamp": "1695939332226", "position": {"x": 479, "y": 2568}}, {"event_name": "keypress", "timestamp": "1695939332243", "position": {"x": 0, "y": 0}}, {"event_name": "scroll", "timestamp": "1695939332245", "position": {"x": 0, "y": 0}}, {"event_name": "click", "timestamp": "1695939332388", "position": {"x": 348, "y": 1721}}, {"event_name": "keyup", "timestamp": "1695939332395", "position": {"x": 0, "y": 0}}, {"event_name": "scroll", "timestamp": "1695939332397", "position": {"x": 0, "y": 0}}, {"event_name": "scroll", "timestamp": "1695939332429", "position": {"x": 0, "y": 0}}, {"event_name": "mouseup", "timestamp": "1695939332449", "position": {"x": 359, "y": 586}}, {"event_name": "keydown", "timestamp": "1695939332453", "position": {"x": 0, "y": 0}}, {"event_name": "mouseover", "timestamp": "1695939332465", "position": {"x": 824, "y": 1479}}, {"event_name": "keydown", "timestamp": "1695939332469", "position": {"x": 0, "y": 0}}, {"event_name": "click", "timestamp": "1695939332534", "position": {"x": 743, "y": 1283}}, {"event_name": "keydown", "timestamp": "1695939332540", "position": {"x": 0, "y": 0}}, {"event_name": "scroll", "timestamp": "1695939332542", "position": {"x": 0, "y": 0}}, {"event_name": "click", "timestamp": "1695939332607", "position": {"x": 71, "y": 2859}}, {"event_name": "keydown", "timestamp": "1695939332614", "position": {"x": 0, "y": 0}}, {"event_name": "scroll", "timestamp": "1695939332624", "position": {"x": 0, "y": 0}}, {"event_name": "dblclick", "timestamp": "1695939332703", "position": {"x": 771, "y": 321}}, {"event_name": "keypress", "timestamp": "1695939332719", "position": {"x": 0, "y": 0}}, {"event_name": "click", "timestamp": "1695939332724", "position": {"x": 574, "y": 1034}}, {"event_name": "scroll", "timestamp": "1695939332732", "position": {"x": 0, "y": 0}}, {"event_name": "scroll", "timestamp": "1695939332868", "position": {"x": 0, "y": 0}}, {"event_name": "click", "timestamp": "1695939332914", "position": {"x": 319, "y": 1180}}, {"event_name": "keypress", "timestamp": "1695939332924", "position": {"x": 0, "y": 0}}, {"event_name": "scroll", "timestamp": "1695939332928", "position": {"x": 0, "y": 0}}, {"event_name": "mouseout", "timestamp": "1695939333028", "position": {"x": 656, "y": 2371}}, {"event_name": "keydown", "timestamp": "1695939333040", "position": {"x": 0, "y": 0}}, {"event_name": "scroll", "timestamp": "1695939333044", "position": {"x": 0, "y": 0}}, {"event_name": "mouseover", "timestamp": "1695939333140", "position": {"x": 527, "y": 2441}}, {"event_name": "keydown", "timestamp": "1695939333146", "position": {"x": 0, "y": 0}}, {"event_name": "click", "timestamp": "1695939333167", "position": {"x": 549, "y": 1725}}, {"event_name": "keydown", "timestamp": "1695939333175", "position": {"x": 0, "y": 0}}, {"event_name": "mousemove", "timestamp": "1695939333199", "position": {"x": 503, "y": 1217}}, {"event_name": "keydown", "timestamp": "1695939333206", "position": {"x": 0, "y": 0}}, {"event_name": "scroll", "timestamp": "1695939333212", "position": {"x": 0, "y": 0}}, {"event_name": "click", "timestamp": "1695939333263", "position": {"x": 86, "y": 2635}}, {"event_name": "click", "timestamp": "1695939333310", "position": {"x": 456, "y": 2312}}, {"event_name": "keyup", "timestamp": "1695939333316", "position": {"x": 0, "y": 0}}, {"event_name": "scroll", "timestamp": "1695939333317", "position": {"x": 0, "y": 0}}, {"event_name": "click", "timestamp": "1695939333567", "position": {"x": 700, "y": 1720}}, {"event_name": "click", "timestamp": "1695939333608", "position": {"x": 727, "y": 1377}}, {"event_name": "keydown", "timestamp": "1695939333618", "position": {"x": 0, "y": 0}}, {"event_name": "scroll", "timestamp": "1695939333620", "position": {"x": 0, "y": 0}}, {"event_name": "mouseout", "timestamp": "1695939333686", "position": {"x": 367, "y": 1138}}, {"event_name": "keypress", "timestamp": "1695939333701", "position": {"x": 0, "y": 0}}, {"event_name": "scroll", "timestamp": "1695939333703", "position": {"x": 0, "y": 0}}, {"event_name": "keydown", "timestamp": "1695939333728", "position": {"x": 0, "y": 0}}, {"event_name": "click", "timestamp": "1695939333775", "position": {"x": 278, "y": 426}}, {"event_name": "keydown", "timestamp": "1695939333779", "position": {"x": 0, "y": 0}}, {"event_name": "click", "timestamp": "1695939333822", "position": {"x": 517, "y": 2295}}, {"event_name": "keypress", "timestamp": "1695939333827", "position": {"x": 0, "y": 0}}, {"event_name": "dblclick", "timestamp": "1695939333830", "position": {"x": 172, "y": 2783}}, {"event_name": "click", "timestamp": "1695939333842", "position": {"x": 662, "y": 2556}}, {"event_name": "keydown", "timestamp": "1695939333854", "position": {"x": 0, "y": 0}}, {"event_name": "click", "timestamp": "1695939333871", "position": {"x": 174, "y": 340}}, {"event_name": "keypress", "timestamp": "1695939333887", "position": {"x": 0, "y": 0}}, {"event_name": "keydown", "timestamp": "1695939333890", "position": {"x": 0, "y": 0}}, {"event_name": "mouseup", "timestamp": "1695939333920", "position": {"x": 443, "y": 2608}}, {"event_name": "keydown", "timestamp": "1695939333933", "position": {"x": 0, "y": 0}}, {"event_name": "scroll", "timestamp": "1695939333934", "position": {"x": 0, "y": 0}}, {"event_name": "keyup", "timestamp": "1695939333985", "position": {"x": 0, "y": 0}}, {"event_name": "mouseout", "timestamp": "1695939334085", "position": {"x": 720, "y": 2360}}, {"event_name": "keydown", "timestamp": "1695939334101", "position": {"x": 0, "y": 0}}, {"event_name": "scroll", "timestamp": "1695939334102", "position": {"x": 0, "y": 0}}, {"event_name": "keyup", "timestamp": "1695939334166", "position": {"x": 0, "y": 0}}, {"event_name": "mouseout", "timestamp": "1695939334277", "position": {"x": 325, "y": 248}}, {"event_name": "keypress", "timestamp": "1695939334295", "position": {"x": 0, "y": 0}}, {"event_name": "scroll", "timestamp": "1695939334303", "position": {"x": 0, "y": 0}}, {"event_name": "mouseup", "timestamp": "1695939334396", "position": {"x": 727, "y": 1619}}, {"event_name": "keydown", "timestamp": "1695939334413", "position": {"x": 0, "y": 0}}, {"event_name": "scroll", "timestamp": "1695939334415", "position": {"x": 0, "y": 0}}, {"event_name": "mouseover", "timestamp": "1695939334513", "position": {"x": 331, "y": 2190}}, {"event_name": "keydown", "timestamp": "1695939334537", "position": {"x": 0, "y": 0}}, {"event_name": "scroll", "timestamp": "1695939334539", "position": {"x": 0, "y": 0}}, {"event_name": "mouseover", "timestamp": "1695939334651", "position": {"x": 805, "y": 1722}}, {"event_name": "keyup", "timestamp": "1695939334663", "position": {"x": 0, "y": 0}}, {"event_name": "scroll", "timestamp": "1695939334670", "position": {"x": 0, "y": 0}}, {"event_name": "mouseover", "timestamp": "1695939334884", "position": {"x": 246, "y": 849}}, {"event_name": "keyup", "timestamp": "1695939334891", "position": {"x": 0, "y": 0}}, {"event_name": "scroll", "timestamp": "1695939334894", "position": {"x": 0, "y": 0}}, {"event_name": "click", "timestamp": "1695939334946", "position": {"x": 330, "y": 2899}}, {"event_name": "mousemove", "timestamp": "1695939334952", "position": {"x": 595, "y": 2665}}, {"event_name": "keyup", "timestamp": "1695939334996", "position": {"x": 0, "y": 0}}, {"event_name": "scroll", "timestamp": "1695939334997", "position": {"x": 0, "y": 0}}, {"event_name": "keypress", "timestamp": "1695939335088", "position": {"x": 0, "y": 0}}, {"event_name": "mouseover", "timestamp": "1695939335174", "position": {"x": 490, "y": 931}}, {"event_name": "keypress", "timestamp": "1695939335179", "position": {"x": 0, "y": 0}}, {"event_name": "keypress", "timestamp": "1695939335197", "position": {"x": 0, "y": 0}}, {"event_name": "scroll", "timestamp": "1695939335198", "position": {"x": 0, "y": 0}}, {"event_name": "mousedown", "timestamp": "1695939335271", "position": {"x": 812, "y": 914}}, {"event_name": "keydown", "timestamp": "1695939335275", "position": {"x": 0, "y": 0}}, {"event_name": "scroll", "timestamp": "1695939335278", "position": {"x": 0, "y": 0}}, {"event_name": "click", "timestamp": "1695939335361", "position": {"x": 775, "y": 2363}}, {"event_name": "keydown", "timestamp": "1695939335380", "position": {"x": 0, "y": 0}}, {"event_name": "scroll", "timestamp": "1695939335384", "position": {"x": 0, "y": 0}}, {"event_name": "click", "timestamp": "1695939335503", "position": {"x": 404, "y": 805}}, {"event_name": "keyup", "timestamp": "1695939335508", "position": {"x": 0, "y": 0}}, {"event_name": "keyup", "timestamp": "1695939335514", "position": {"x": 0, "y": 0}}, {"event_name": "scroll", "timestamp": "1695939335515", "position": {"x": 0, "y": 0}}, {"event_name": "click", "timestamp": "1695939335540", "position": {"x": 174, "y": 2409}}, {"event_name": "keypress", "timestamp": "1695939335548", "position": {"x": 0, "y": 0}}, {"event_name": "keydown", "timestamp": "1695939335550", "position": {"x": 0, "y": 0}}, {"event_name": "scroll", "timestamp": "1695939335551", "position": {"x": 0, "y": 0}}, {"event_name": "dblclick", "timestamp": "1695939335601", "position": {"x": 172, "y": 451}}, {"event_name": "keydown", "timestamp": "1695939335607", "position": {"x": 0, "y": 0}}, {"event_name": "scroll", "timestamp": "1695939335617", "position": {"x": 0, "y": 0}}, {"event_name": "keydown", "timestamp": "1695939335650", "position": {"x": 0, "y": 0}}, {"event_name": "click", "timestamp": "1695939335673", "position": {"x": 585, "y": 1177}}, {"event_name": "keyup", "timestamp": "1695939335685", "position": {"x": 0, "y": 0}}, {"event_name": "scroll", "timestamp": "1695939335695", "position": {"x": 0, "y": 0}}, {"event_name": "click", "timestamp": "1695939335742", "position": {"x": 204, "y": 2867}}, {"event_name": "keydown", "timestamp": "1695939335749", "position": {"x": 0, "y": 0}}, {"event_name": "scroll", "timestamp": "1695939335752", "position": {"x": 0, "y": 0}}, {"event_name": "mouseover", "timestamp": "1695939335836", "position": {"x": 594, "y": 719}}, {"event_name": "keyup", "timestamp": "1695939335856", "position": {"x": 0, "y": 0}}, {"event_name": "scroll", "timestamp": "1695939335857", "position": {"x": 0, "y": 0}}, {"event_name": "mousemove", "timestamp": "1695939335981", "position": {"x": 89, "y": 1030}}, {"event_name": "keyup", "timestamp": "1695939335995", "position": {"x": 0, "y": 0}}, {"event_name": "scroll", "timestamp": "1695939335997", "position": {"x": 0, "y": 0}}, {"event_name": "scroll", "timestamp": "1695939336067", "position": {"x": 0, "y": 0}}, {"event_name": "mousedown", "timestamp": "1695939336096", "position": {"x": 358, "y": 872}}, {"event_name": "mouseup", "timestamp": "1695939336128", "position": {"x": 587, "y": 673}}, {"event_name": "click", "timestamp": "1695939336264", "position": {"x": 453, "y": 768}}, {"event_name": "keyup", "timestamp": "1695939336330", "position": {"x": 0, "y": 0}}, {"event_name": "click", "timestamp": "1695939336565", "position": {"x": 420, "y": 882}}, {"event_name": "scroll", "timestamp": "1695939336672", "position": {"x": 0, "y": 0}}, {"event_name": "keypress", "timestamp": "1695939336742", "position": {"x": 0, "y": 0}}, {"event_name": "click", "timestamp": "1695939337096", "position": {"x": 826, "y": 1772}}, {"event_name": "scroll", "timestamp": "1695939337160", "position": {"x": 0, "y": 0}}, {"event_name": "keypress", "timestamp": "1695939337237", "position": {"x": 0, "y": 0}}, {"event_name": "keyup", "timestamp": "1695939337320", "position": {"x": 0, "y": 0}}, {"event_name": "keydown", "timestamp": "1695939337412", "position": {"x": 0, "y": 0}}, {"event_name": "keypress", "timestamp": "1695939337592", "position": {"x": 0, "y": 0}}, {"event_name": "scroll", "timestamp": "1695939337661", "position": {"x": 0, "y": 0}}, {"event_name": "click", "timestamp": "1695939337783", "position": {"x": 736, "y": 999}}, {"event_name": "keyup", "timestamp": "1695939337831", "position": {"x": 0, "y": 0}}, {"event_name": "keyup", "timestamp": "1695939337894", "position": {"x": 0, "y": 0}}, {"event_name": "mousemove", "timestamp": "1695939337925", "position": {"x": 588, "y": 872}}, {"event_name": "keydown", "timestamp": "1695939337967", "position": {"x": 0, "y": 0}}, {"event_name": "scroll", "timestamp": "1695939338060", "position": {"x": 0, "y": 0}}, {"event_name": "keyup", "timestamp": "1695939338643", "position": {"x": 0, "y": 0}}, {"event_name": "mousemove", "timestamp": "1695939338715", "position": {"x": 229, "y": 2213}}, {"event_name": "scroll", "timestamp": "1695939338770", "position": {"x": 0, "y": 0}}, {"event_name": "scroll", "timestamp": "1695939338959", "position": {"x": 0, "y": 0}}, {"event_name": "scroll", "timestamp": "1695939338998", "position": {"x": 0, "y": 0}}, {"event_name": "dblclick", "timestamp": "1695939339131", "position": {"x": 886, "y": 1589}}, {"event_name": "mouseout", "timestamp": "1695939339216", "position": {"x": 419, "y": 1738}}, {"event_name": "keyup", "timestamp": "1695939339556", "position": {"x": 0, "y": 0}}, {"event_name": "scroll", "timestamp": "1695939339733", "position": {"x": 0, "y": 0}}, {"event_name": "click", "timestamp": "1695939339811", "position": {"x": 321, "y": 1609}}, {"event_name": "mouseout", "timestamp": "1695939339841", "position": {"x": 155, "y": 1703}}, {"event_name": "scroll", "timestamp": "1695939339842", "position": {"x": 0, "y": 0}}, {"event_name": "scroll", "timestamp": "1695939339908", "position": {"x": 0, "y": 0}}, {"event_name": "scroll", "timestamp": "1695939340003", "position": {"x": 0, "y": 0}}, {"event_name": "scroll", "timestamp": "1695939340078", "position": {"x": 0, "y": 0}}, {"event_name": "scroll", "timestamp": "1695939340290", "position": {"x": 0, "y": 0}}, {"event_name": "keydown", "timestamp": "1695939340313", "position": {"x": 0, "y": 0}}, {"event_name": "scroll", "timestamp": "1695939340385", "position": {"x": 0, "y": 0}}, {"event_name": "scroll", "timestamp": "1695939340448", "position": {"x": 0, "y": 0}}, {"event_name": "mouseover", "timestamp": "1695939340520", "position": {"x": 461, "y": 901}}, {"event_name": "scroll", "timestamp": "1695939340574", "position": {"x": 0, "y": 0}}, {"event_name": "keydown", "timestamp": "1695939340611", "position": {"x": 0, "y": 0}}, {"event_name": "click", "timestamp": "1695939340674", "position": {"x": 442, "y": 2475}}, {"event_name": "scroll", "timestamp": "1695939341027", "position": {"x": 0, "y": 0}}, {"event_name": "mouseup", "timestamp": "1695939341146", "position": {"x": 314, "y": 2647}}, {"event_name": "keyup", "timestamp": "1695939341278", "position": {"x": 0, "y": 0}}, {"event_name": "keydown", "timestamp": "1695939341319", "position": {"x": 0, "y": 0}}, {"event_name": "click", "timestamp": "1695939341485", "position": {"x": 509, "y": 2287}}, {"event_name": "scroll", "timestamp": "1695939341563", "position": {"x": 0, "y": 0}}, {"event_name": "scroll", "timestamp": "1695939341605", "position": {"x": 0, "y": 0}}, {"event_name": "click", "timestamp": "1695939341668", "position": {"x": 479, "y": 2244}}, {"event_name": "keypress", "timestamp": "1695939341725", "position": {"x": 0, "y": 0}}, {"event_name": "scroll", "timestamp": "1695939341834", "position": {"x": 0, "y": 0}}, {"event_name": "mouseup", "timestamp": "1695939341850", "position": {"x": 525, "y": 694}}, {"event_name": "scroll", "timestamp": "1695939341870", "position": {"x": 0, "y": 0}}, {"event_name": "scroll", "timestamp": "1695939341908", "position": {"x": 0, "y": 0}}, {"event_name": "mouseover", "timestamp": "1695939342045", "position": {"x": 163, "y": 2672}}, {"event_name": "scroll", "timestamp": "1695939342092", "position": {"x": 0, "y": 0}}, {"event_name": "scroll", "timestamp": "1695939342228", "position": {"x": 0, "y": 0}}, {"event_name": "keydown", "timestamp": "1695939342265", "position": {"x": 0, "y": 0}}, {"event_name": "scroll", "timestamp": "1695939342296", "position": {"x": 0, "y": 0}}, {"event_name": "keypress", "timestamp": "1695939342362", "position": {"x": 0, "y": 0}}, {"event_name": "scroll", "timestamp": "1695939342409", "position": {"x": 0, "y": 0}}, {"event_name": "mousedown", "timestamp": "1695939342442", "position": {"x": 238, "y": 594}}, {"event_name": "scroll", "timestamp": "1695939342491", "position": {"x": 0, "y": 0}}, {"event_name": "keyup", "timestamp": "1695939342657", "position": {"x": 0, "y": 0}}, {"event_name": "keydown", "timestamp": "1695939342709", "position": {"x": 0, "y": 0}}, {"event_name": "scroll", "timestamp": "1695939342827", "position": {"x": 0, "y": 0}}, {"event_name": "dblclick", "timestamp": "1695939342968", "position": {"x": 584, "y": 458}}, {"event_name": "scroll", "timestamp": "1695939343058", "position": {"x": 0, "y": 0}}, {"event_name": "mouseover", "timestamp": "1695939343128", "position": {"x": 118, "y": 863}}, {"event_name": "click", "timestamp": "1695939343216", "position": {"x": 132, "y": 754}}, {"event_name": "scroll", "timestamp": "1695939343316", "position": {"x": 0, "y": 0}}, {"event_name": "scroll", "timestamp": "1695939343340", "position": {"x": 0, "y": 0}}, {"event_name": "scroll", "timestamp": "1695939343395", "position": {"x": 0, "y": 0}}, {"event_name": "mouseover", "timestamp": "1695939343415", "position": {"x": 594, "y": 1661}}, {"event_name": "mouseover", "timestamp": "1695939343462", "position": {"x": 197, "y": 1730}}, {"event_name": "scroll", "timestamp": "1695939343502", "position": {"x": 0, "y": 0}}, {"event_name": "mouseup", "timestamp": "1695939343575", "position": {"x": 783, "y": 1570}}, {"event_name": "click", "timestamp": "1695939343616", "position": {"x": 352, "y": 1302}}, {"event_name": "scroll", "timestamp": "1695939343656", "position": {"x": 0, "y": 0}}, {"event_name": "keypress", "timestamp": "1695939343696", "position": {"x": 0, "y": 0}}, {"event_name": "click", "timestamp": "1695939343728", "position": {"x": 128, "y": 1504}}, {"event_name": "keypress", "timestamp": "1695939343741", "position": {"x": 0, "y": 0}}, {"event_name": "keypress", "timestamp": "1695939343781", "position": {"x": 0, "y": 0}}, {"event_name": "keypress", "timestamp": "1695939343815", "position": {"x": 0, "y": 0}}, {"event_name": "keypress", "timestamp": "1695939343857", "position": {"x": 0, "y": 0}}, {"event_name": "scroll", "timestamp": "1695939343899", "position": {"x": 0, "y": 0}}, {"event_name": "keydown", "timestamp": "1695939343928", "position": {"x": 0, "y": 0}}, {"event_name": "dblclick", "timestamp": "1695939343940", "position": {"x": 250, "y": 804}}, {"event_name": "scroll", "timestamp": "1695939343982", "position": {"x": 0, "y": 0}}, {"event_name": "keypress", "timestamp": "1695939344001", "position": {"x": 0, "y": 0}}, {"event_name": "mouseover", "timestamp": "1695939344035", "position": {"x": 689, "y": 837}}, {"event_name": "scroll", "timestamp": "1695939344078", "position": {"x": 0, "y": 0}}, {"event_name": "click", "timestamp": "1695939344105", "position": {"x": 278, "y": 1910}}, {"event_name": "mouseup", "timestamp": "1695939344155", "position": {"x": 153, "y": 2021}}, {"event_name": "scroll", "timestamp": "1695939344205", "position": {"x": 0, "y": 0}}, {"event_name": "keypress", "timestamp": "1695939344224", "position": {"x": 0, "y": 0}}, {"event_name": "scroll", "timestamp": "1695939344239", "position": {"x": 0, "y": 0}}, {"event_name": "keypress", "timestamp": "1695939344255", "position": {"x": 0, "y": 0}}, {"event_name": "keypress", "timestamp": "1695939344281", "position": {"x": 0, "y": 0}}, {"event_name": "keypress", "timestamp": "1695939344333", "position": {"x": 0, "y": 0}}, {"event_name": "keydown", "timestamp": "1695939344349", "position": {"x": 0, "y": 0}}, {"event_name": "mouseout", "timestamp": "1695939344371", "position": {"x": 340, "y": 979}}, {"event_name": "keyup", "timestamp": "1695939344389", "position": {"x": 0, "y": 0}}, {"event_name": "click", "timestamp": "1695939344402", "position": {"x": 58, "y": 783}}, {"event_name": "mouseover", "timestamp": "1695939344427", "position": {"x": 674, "y": 1221}}, {"event_name": "keyup", "timestamp": "1695939344484", "position": {"x": 0, "y": 0}}, {"event_name": "mousemove", "timestamp": "1695939344521", "position": {"x": 570, "y": 1175}}, {"event_name": "scroll", "timestamp": "1695939344561", "position": {"x": 0, "y": 0}}, {"event_name": "scroll", "timestamp": "1695939344602", "position": {"x": 0, "y": 0}}, {"event_name": "mousedown", "timestamp": "1695939344675", "position": {"x": 694, "y": 3009}}, {"event_name": "keyup", "timestamp": "1695939344693", "position": {"x": 0, "y": 0}}, {"event_name": "click", "timestamp": "1695939344733", "position": {"x": 219, "y": 3096}}, {"event_name": "scroll", "timestamp": "1695939344825", "position": {"x": 0, "y": 0}}, {"event_name": "keypress", "timestamp": "1695939344899", "position": {"x": 0, "y": 0}}, {"event_name": "scroll", "timestamp": "1695939344958", "position": {"x": 0, "y": 0}}, {"event_name": "scroll", "timestamp": "1695939344975", "position": {"x": 0, "y": 0}}, {"event_name": "scroll", "timestamp": "1695939345016", "position": {"x": 0, "y": 0}}, {"event_name": "keypress", "timestamp": "1695939345047", "position": {"x": 0, "y": 0}}, {"event_name": "scroll", "timestamp": "1695939345087", "position": {"x": 0, "y": 0}}, {"event_name": "keypress", "timestamp": "1695939345099", "position": {"x": 0, "y": 0}}, {"event_name": "keydown", "timestamp": "1695939345121", "position": {"x": 0, "y": 0}}, {"event_name": "click", "timestamp": "1695939345159", "position": {"x": 372, "y": 3158}}, {"event_name": "scroll", "timestamp": "1695939345199", "position": {"x": 0, "y": 0}}, {"event_name": "keydown", "timestamp": "1695939345237", "position": {"x": 0, "y": 0}}, {"event_name": "mousedown", "timestamp": "1695939345264", "position": {"x": 468, "y": 1685}}, {"event_name": "scroll", "timestamp": "1695939345279", "position": {"x": 0, "y": 0}}, {"event_name": "scroll", "timestamp": "1695939345326", "position": {"x": 0, "y": 0}}, {"event_name": "scroll", "timestamp": "1695939345347", "position": {"x": 0, "y": 0}}, {"event_name": "mousemove", "timestamp": "1695939345414", "position": {"x": 719, "y": 3138}}, {"event_name": "scroll", "timestamp": "1695939345540", "position": {"x": 0, "y": 0}}, {"event_name": "keydown", "timestamp": "1695939345568", "position": {"x": 0, "y": 0}}, {"event_name": "scroll", "timestamp": "1695939345581", "position": {"x": 0, "y": 0}}, {"event_name": "scroll", "timestamp": "1695939345609", "position": {"x": 0, "y": 0}}, {"event_name": "scroll", "timestamp": "1695939345623", "position": {"x": 0, "y": 0}}, {"event_name": "dblclick", "timestamp": "1695939345672", "position": {"x": 440, "y": 1166}}, {"event_name": "scroll", "timestamp": "1695939345685", "position": {"x": 0, "y": 0}}, {"event_name": "dblclick", "timestamp": "1695939345703", "position": {"x": 415, "y": 2007}}, {"event_name": "keydown", "timestamp": "1695939345728", "position": {"x": 0, "y": 0}}, {"event_name": "mousemove", "timestamp": "1695939345765", "position": {"x": 604, "y": 2658}}, {"event_name": "mouseout", "timestamp": "1695939345777", "position": {"x": 505, "y": 2773}}, {"event_name": "scroll", "timestamp": "1695939345812", "position": {"x": 0, "y": 0}}, {"event_name": "scroll", "timestamp": "1695939345841", "position": {"x": 0, "y": 0}}, {"event_name": "keydown", "timestamp": "1695939345907", "position": {"x": 0, "y": 0}}, {"event_name": "keypress", "timestamp": "1695939346021", "position": {"x": 0, "y": 0}}, {"event_name": "mouseout", "timestamp": "1695939346122", "position": {"x": 340, "y": 143}}, {"event_name": "mouseover", "timestamp": "1695939346150", "position": {"x": 578, "y": 326}}, {"event_name": "keydown", "timestamp": "1695939346177", "position": {"x": 0, "y": 0}}, {"event_name": "click", "timestamp": "1695939346201", "position": {"x": 549, "y": 242}}, {"event_name": "keypress", "timestamp": "1695939346229", "position": {"x": 0, "y": 0}}, {"event_name": "keypress", "timestamp": "1695939346242", "position": {"x": 0, "y": 0}}, {"event_name": "scroll", "timestamp": "1695939346266", "position": {"x": 0, "y": 0}}, {"event_name": "scroll", "timestamp": "1695939346288", "position": {"x": 0, "y": 0}}, {"event_name": "scroll", "timestamp": "1695939346329", "position": {"x": 0, "y": 0}}, {"event_name": "scroll", "timestamp": "1695939346366", "position": {"x": 0, "y": 0}}, {"event_name": "keydown", "timestamp": "1695939346381", "position": {"x": 0, "y": 0}}, {"event_name": "keydown", "timestamp": "1695939346450", "position": {"x": 0, "y": 0}}]}