{"user_id": "0ec9eaf1-04e1-4ff8-b12f-957342929d07", "device": "desktop", "trace": [{"event_name": "load", "timestamp": "1695937764375", "position": {"x": 0, "y": 0}}, {"event_name": "pageshow", "timestamp": "1695937764376", "position": {"x": 0, "y": 0}}, {"event_name": "click", "timestamp": "1695937765410", "position": {"x": 252, "y": 355}}, {"event_name": "keypress", "timestamp": "1695937765413", "position": {"x": 0, "y": 0}}, {"event_name": "scroll", "timestamp": "1695937765414", "position": {"x": 0, "y": 0}}, {"event_name": "keypress", "timestamp": "1695937765422", "position": {"x": 0, "y": 0}}, {"event_name": "dblclick", "timestamp": "1695937765425", "position": {"x": 722, "y": 753}}, {"event_name": "keydown", "timestamp": "1695937765427", "position": {"x": 0, "y": 0}}, {"event_name": "scroll", "timestamp": "1695937765431", "position": {"x": 0, "y": 0}}, {"event_name": "dblclick", "timestamp": "1695937765433", "position": {"x": 239, "y": 1440}}, {"event_name": "mouseup", "timestamp": "1695937765445", "position": {"x": 555, "y": 1907}}, {"event_name": "keyup", "timestamp": "1695937765446", "position": {"x": 0, "y": 0}}, {"event_name": "scroll", "timestamp": "1695937765448", "position": {"x": 0, "y": 0}}, {"event_name": "mouseover", "timestamp": "1695937765457", "position": {"x": 81, "y": 803}}, {"event_name": "keypress", "timestamp": "1695937765459", "position": {"x": 0, "y": 0}}, {"event_name": "scroll", "timestamp": "1695937765464", "position": {"x": 0, "y": 0}}, {"event_name": "mousedown", "timestamp": "1695937765471", "position": {"x": 449, "y": 1791}}, {"event_name": "keyup", "timestamp": "1695937765473", "position": {"x": 0, "y": 0}}, {"event_name": "mouseover", "timestamp": "1695937765474", "position": {"x": 10, "y": 1946}}, {"event_name": "scroll", "timestamp": "1695937765482", "position": {"x": 0, "y": 0}}, {"event_name": "mouseout", "timestamp": "1695937765493", "position": {"x": 669, "y": 1494}}, {"event_name": "keyup", "timestamp": "1695937765495", "position": {"x": 0, "y": 0}}, {"event_name": "scroll", "timestamp": "1695937765498", "position": {"x": 0, "y": 0}}, {"event_name": "click", "timestamp": "1695937765507", "position": {"x": 41, "y": 2390}}, {"event_name": "keyup", "timestamp": "1695937765510", "position": {"x": 0, "y": 0}}, {"event_name": "scroll", "timestamp": "1695937765514", "position": {"x": 0, "y": 0}}, {"event_name": "click", "timestamp": "1695937765521", "position": {"x": 77, "y": 860}}, {"event_name": "keydown", "timestamp": "1695937765523", "position": {"x": 0, "y": 0}}, {"event_name": "click", "timestamp": "1695937765537", "position": {"x": 132, "y": 2561}}, {"event_name": "keydown", "timestamp": "1695937765540", "position": {"x": 0, "y": 0}}, {"event_name": "scroll", "timestamp": "1695937765540", "position": {"x": 0, "y": 0}}, {"event_name": "click", "timestamp": "1695937765548", "position": {"x": 725, "y": 1872}}, {"event_name": "click", "timestamp": "1695937765552", "position": {"x": 586, "y": 1984}}, {"event_name": "keydown", "timestamp": "1695937765555", "position": {"x": 0, "y": 0}}, {"event_name": "scroll", "timestamp": "1695937765565", "position": {"x": 0, "y": 0}}, {"event_name": "mousemove", "timestamp": "1695937765578", "position": {"x": 161, "y": 2839}}, {"event_name": "keydown", "timestamp": "1695937765581", "position": {"x": 0, "y": 0}}, {"event_name": "scroll", "timestamp": "1695937765582", "position": {"x": 0, "y": 0}}, {"event_name": "click", "timestamp": "1695937765647", "position": {"x": 371, "y": 2217}}, {"event_name": "keypress", "timestamp": "1695937765652", "position": {"x": 0, "y": 0}}, {"event_name": "scroll", "timestamp": "1695937765653", "position": {"x": 0, "y": 0}}, {"event_name": "click", "timestamp": "1695937765664", "position": {"x": 727, "y": 1558}}, {"event_name": "keydown", "timestamp": "1695937765667", "position": {"x": 0, "y": 0}}, {"event_name": "scroll", "timestamp": "1695937765668", "position": {"x": 0, "y": 0}}, {"event_name": "keydown", "timestamp": "1695937765695", "position": {"x": 0, "y": 0}}, {"event_name": "click", "timestamp": "1695937765706", "position": {"x": 733, "y": 1656}}, {"event_name": "keydown", "timestamp": "1695937765712", "position": {"x": 0, "y": 0}}, {"event_name": "scroll", "timestamp": "1695937765714", "position": {"x": 0, "y": 0}}, {"event_name": "click", "timestamp": "1695937765832", "position": {"x": 525, "y": 1156}}, {"event_name": "keypress", "timestamp": "1695937765838", "position": {"x": 0, "y": 0}}, {"event_name": "scroll", "timestamp": "1695937765839", "position": {"x": 0, "y": 0}}, {"event_name": "mousedown", "timestamp": "1695937766059", "position": {"x": 334, "y": 1661}}, {"event_name": "mouseover", "timestamp": "1695937766073", "position": {"x": 120, "y": 1959}}, {"event_name": "keyup", "timestamp": "1695937766090", "position": {"x": 0, "y": 0}}, {"event_name": "scroll", "timestamp": "1695937766095", "position": {"x": 0, "y": 0}}, {"event_name": "keypress", "timestamp": "1695937766457", "position": {"x": 0, "y": 0}}, {"event_name": "click", "timestamp": "1695937766658", "position": {"x": 86, "y": 1686}}, {"event_name": "keyup", "timestamp": "1695937766662", "position": {"x": 0, "y": 0}}, {"event_name": "scroll", "timestamp": "1695937766664", "position": {"x": 0, "y": 0}}, {"event_name": "mouseover", "timestamp": "1695937766763", "position": {"x": 256, "y": 1813}}, {"event_name": "keyup", "timestamp": "1695937766766", "position": {"x": 0, "y": 0}}, {"event_name": "scroll", "timestamp": "1695937766766", "position": {"x": 0, "y": 0}}, {"event_name": "mouseover", "timestamp": "1695937766777", "position": {"x": 504, "y": 2960}}, {"event_name": "keydown", "timestamp": "1695937766780", "position": {"x": 0, "y": 0}}, {"event_name": "scroll", "timestamp": "1695937766781", "position": {"x": 0, "y": 0}}, {"event_name": "scroll", "timestamp": "1695937766823", "position": {"x": 0, "y": 0}}, {"event_name": "dblclick", "timestamp": "1695937766940", "position": {"x": 664, "y": 2844}}, {"event_name": "keydown", "timestamp": "1695937766949", "position": {"x": 0, "y": 0}}, {"event_name": "scroll", "timestamp": "1695937766951", "position": {"x": 0, "y": 0}}, {"event_name": "keydown", "timestamp": "1695937766983", "position": {"x": 0, "y": 0}}, {"event_name": "mouseup", "timestamp": "1695937767011", "position": {"x": 18, "y": 1585}}, {"event_name": "keydown", "timestamp": "1695937767018", "position": {"x": 0, "y": 0}}, {"event_name": "scroll", "timestamp": "1695937767024", "position": {"x": 0, "y": 0}}, {"event_name": "click", "timestamp": "1695937767406", "position": {"x": 595, "y": 2926}}, {"event_name": "keydown", "timestamp": "1695937767432", "position": {"x": 0, "y": 0}}, {"event_name": "scroll", "timestamp": "1695937767444", "position": {"x": 0, "y": 0}}, {"event_name": "mouseover", "timestamp": "1695937767467", "position": {"x": 771, "y": 1467}}, {"event_name": "dblclick", "timestamp": "1695937767503", "position": {"x": 499, "y": 1322}}, {"event_name": "keydown", "timestamp": "1695937767506", "position": {"x": 0, "y": 0}}, {"event_name": "scroll", "timestamp": "1695937767508", "position": {"x": 0, "y": 0}}, {"event_name": "mouseover", "timestamp": "1695937767550", "position": {"x": 151, "y": 359}}, {"event_name": "click", "timestamp": "1695937767556", "position": {"x": 509, "y": 702}}, {"event_name": "keydown", "timestamp": "1695937767558", "position": {"x": 0, "y": 0}}, {"event_name": "scroll", "timestamp": "1695937767570", "position": {"x": 0, "y": 0}}, {"event_name": "dblclick", "timestamp": "1695937767575", "position": {"x": 458, "y": 475}}, {"event_name": "keypress", "timestamp": "1695937767579", "position": {"x": 0, "y": 0}}, {"event_name": "keyup", "timestamp": "1695937767583", "position": {"x": 0, "y": 0}}, {"event_name": "scroll", "timestamp": "1695937767585", "position": {"x": 0, "y": 0}}, {"event_name": "click", "timestamp": "1695937767594", "position": {"x": 384, "y": 2571}}, {"event_name": "keydown", "timestamp": "1695937767598", "position": {"x": 0, "y": 0}}, {"event_name": "click", "timestamp": "1695937767607", "position": {"x": 276, "y": 2057}}, {"event_name": "scroll", "timestamp": "1695937767608", "position": {"x": 0, "y": 0}}, {"event_name": "mousedown", "timestamp": "1695937767618", "position": {"x": 473, "y": 2183}}, {"event_name": "keypress", "timestamp": "1695937767625", "position": {"x": 0, "y": 0}}, {"event_name": "scroll", "timestamp": "1695937767626", "position": {"x": 0, "y": 0}}, {"event_name": "dblclick", "timestamp": "1695937767635", "position": {"x": 112, "y": 2449}}, {"event_name": "mouseover", "timestamp": "1695937767641", "position": {"x": 55, "y": 2157}}, {"event_name": "keypress", "timestamp": "1695937767647", "position": {"x": 0, "y": 0}}, {"event_name": "scroll", "timestamp": "1695937767648", "position": {"x": 0, "y": 0}}, {"event_name": "scroll", "timestamp": "1695937767849", "position": {"x": 0, "y": 0}}, {"event_name": "mouseout", "timestamp": "1695937767903", "position": {"x": 404, "y": 585}}, {"event_name": "keydown", "timestamp": "1695937767914", "position": {"x": 0, "y": 0}}, {"event_name": "scroll", "timestamp": "1695937767926", "position": {"x": 0, "y": 0}}, {"event_name": "click", "timestamp": "1695937767976", "position": {"x": 160, "y": 2435}}, {"event_name": "keypress", "timestamp": "1695937767982", "position": {"x": 0, "y": 0}}, {"event_name": "scroll", "timestamp": "1695937767986", "position": {"x": 0, "y": 0}}, {"event_name": "mousedown", "timestamp": "1695937768005", "position": {"x": 56, "y": 2141}}, {"event_name": "keyup", "timestamp": "1695937768011", "position": {"x": 0, "y": 0}}, {"event_name": "scroll", "timestamp": "1695937768021", "position": {"x": 0, "y": 0}}, {"event_name": "keyup", "timestamp": "1695937768032", "position": {"x": 0, "y": 0}}, {"event_name": "click", "timestamp": "1695937768047", "position": {"x": 42, "y": 2399}}, {"event_name": "keypress", "timestamp": "1695937768054", "position": {"x": 0, "y": 0}}, {"event_name": "scroll", "timestamp": "1695937768055", "position": {"x": 0, "y": 0}}, {"event_name": "mouseover", "timestamp": "1695937768201", "position": {"x": 375, "y": 391}}, {"event_name": "keypress", "timestamp": "1695937768208", "position": {"x": 0, "y": 0}}, {"event_name": "scroll", "timestamp": "1695937768209", "position": {"x": 0, "y": 0}}, {"event_name": "click", "timestamp": "1695937768521", "position": {"x": 692, "y": 2236}}, {"event_name": "keyup", "timestamp": "1695937768525", "position": {"x": 0, "y": 0}}, {"event_name": "mouseout", "timestamp": "1695937768545", "position": {"x": 95, "y": 2590}}, {"event_name": "keydown", "timestamp": "1695937768550", "position": {"x": 0, "y": 0}}, {"event_name": "scroll", "timestamp": "1695937768561", "position": {"x": 0, "y": 0}}, {"event_name": "scroll", "timestamp": "1695937768600", "position": {"x": 0, "y": 0}}, {"event_name": "click", "timestamp": "1695937768614", "position": {"x": 670, "y": 326}}, {"event_name": "keypress", "timestamp": "1695937768622", "position": {"x": 0, "y": 0}}, {"event_name": "scroll", "timestamp": "1695937768623", "position": {"x": 0, "y": 0}}, {"event_name": "keyup", "timestamp": "1695937768679", "position": {"x": 0, "y": 0}}, {"event_name": "scroll", "timestamp": "1695937768809", "position": {"x": 0, "y": 0}}, {"event_name": "mouseover", "timestamp": "1695937768826", "position": {"x": 271, "y": 342}}, {"event_name": "keyup", "timestamp": "1695937768835", "position": {"x": 0, "y": 0}}, {"event_name": "scroll", "timestamp": "1695937768860", "position": {"x": 0, "y": 0}}, {"event_name": "click", "timestamp": "1695937768927", "position": {"x": 671, "y": 2201}}, {"event_name": "keypress", "timestamp": "1695937768932", "position": {"x": 0, "y": 0}}, {"event_name": "scroll", "timestamp": "1695937768936", "position": {"x": 0, "y": 0}}, {"event_name": "click", "timestamp": "1695937769029", "position": {"x": 421, "y": 2296}}, {"event_name": "keydown", "timestamp": "1695937769042", "position": {"x": 0, "y": 0}}, {"event_name": "scroll", "timestamp": "1695937769044", "position": {"x": 0, "y": 0}}, {"event_name": "mousemove", "timestamp": "1695937769085", "position": {"x": 760, "y": 2647}}, {"event_name": "keydown", "timestamp": "1695937769092", "position": {"x": 0, "y": 0}}, {"event_name": "mouseover", "timestamp": "1695937769094", "position": {"x": 604, "y": 338}}, {"event_name": "scroll", "timestamp": "1695937769095", "position": {"x": 0, "y": 0}}, {"event_name": "mouseout", "timestamp": "1695937769142", "position": {"x": 210, "y": 286}}, {"event_name": "keypress", "timestamp": "1695937769158", "position": {"x": 0, "y": 0}}, {"event_name": "scroll", "timestamp": "1695937769161", "position": {"x": 0, "y": 0}}, {"event_name": "mouseover", "timestamp": "1695937769183", "position": {"x": 682, "y": 538}}, {"event_name": "keypress", "timestamp": "1695937769192", "position": {"x": 0, "y": 0}}, {"event_name": "keyup", "timestamp": "1695937769195", "position": {"x": 0, "y": 0}}, {"event_name": "mouseup", "timestamp": "1695937769217", "position": {"x": 64, "y": 962}}, {"event_name": "keyup", "timestamp": "1695937769227", "position": {"x": 0, "y": 0}}, {"event_name": "scroll", "timestamp": "1695937769229", "position": {"x": 0, "y": 0}}, {"event_name": "mouseover", "timestamp": "1695937769263", "position": {"x": 382, "y": 2908}}, {"event_name": "keydown", "timestamp": "1695937769270", "position": {"x": 0, "y": 0}}, {"event_name": "scroll", "timestamp": "1695937769273", "position": {"x": 0, "y": 0}}, {"event_name": "click", "timestamp": "1695937769349", "position": {"x": 695, "y": 2323}}, {"event_name": "keyup", "timestamp": "1695937769358", "position": {"x": 0, "y": 0}}, {"event_name": "scroll", "timestamp": "1695937769359", "position": {"x": 0, "y": 0}}, {"event_name": "scroll", "timestamp": "1695937769380", "position": {"x": 0, "y": 0}}, {"event_name": "click", "timestamp": "1695937769445", "position": {"x": 98, "y": 2672}}, {"event_name": "keypress", "timestamp": "1695937769452", "position": {"x": 0, "y": 0}}, {"event_name": "scroll", "timestamp": "1695937769459", "position": {"x": 0, "y": 0}}, {"event_name": "click", "timestamp": "1695937769515", "position": {"x": 651, "y": 2523}}, {"event_name": "keypress", "timestamp": "1695937769534", "position": {"x": 0, "y": 0}}, {"event_name": "scroll", "timestamp": "1695937769546", "position": {"x": 0, "y": 0}}, {"event_name": "click", "timestamp": "1695937769573", "position": {"x": 253, "y": 1602}}, {"event_name": "keypress", "timestamp": "1695937769606", "position": {"x": 0, "y": 0}}, {"event_name": "scroll", "timestamp": "1695937769608", "position": {"x": 0, "y": 0}}, {"event_name": "scroll", "timestamp": "1695937769643", "position": {"x": 0, "y": 0}}, {"event_name": "mouseover", "timestamp": "1695937769897", "position": {"x": 594, "y": 2243}}, {"event_name": "keypress", "timestamp": "1695937769907", "position": {"x": 0, "y": 0}}, {"event_name": "scroll", "timestamp": "1695937769910", "position": {"x": 0, "y": 0}}, {"event_name": "scroll", "timestamp": "1695937769977", "position": {"x": 0, "y": 0}}, {"event_name": "click", "timestamp": "1695937770398", "position": {"x": 785, "y": 766}}, {"event_name": "keyup", "timestamp": "1695937770407", "position": {"x": 0, "y": 0}}, {"event_name": "scroll", "timestamp": "1695937770408", "position": {"x": 0, "y": 0}}, {"event_name": "keypress", "timestamp": "1695937770435", "position": {"x": 0, "y": 0}}, {"event_name": "click", "timestamp": "1695937770601", "position": {"x": 21, "y": 363}}, {"event_name": "keyup", "timestamp": "1695937770605", "position": {"x": 0, "y": 0}}, {"event_name": "scroll", "timestamp": "1695937770606", "position": {"x": 0, "y": 0}}, {"event_name": "scroll", "timestamp": "1695937770672", "position": {"x": 0, "y": 0}}, {"event_name": "mouseover", "timestamp": "1695937770736", "position": {"x": 781, "y": 103}}, {"event_name": "keypress", "timestamp": "1695937770741", "position": {"x": 0, "y": 0}}, {"event_name": "scroll", "timestamp": "1695937770747", "position": {"x": 0, "y": 0}}, {"event_name": "mousemove", "timestamp": "1695937770791", "position": {"x": 603, "y": 675}}, {"event_name": "keyup", "timestamp": "1695937770804", "position": {"x": 0, "y": 0}}, {"event_name": "scroll", "timestamp": "1695937770806", "position": {"x": 0, "y": 0}}, {"event_name": "click", "timestamp": "1695937770856", "position": {"x": 571, "y": 2259}}, {"event_name": "keypress", "timestamp": "1695937770861", "position": {"x": 0, "y": 0}}, {"event_name": "scroll", "timestamp": "1695937770870", "position": {"x": 0, "y": 0}}, {"event_name": "click", "timestamp": "1695937770969", "position": {"x": 293, "y": 1215}}, {"event_name": "keydown", "timestamp": "1695937770976", "position": {"x": 0, "y": 0}}, {"event_name": "scroll", "timestamp": "1695937770984", "position": {"x": 0, "y": 0}}, {"event_name": "dblclick", "timestamp": "1695937771042", "position": {"x": 109, "y": 732}}, {"event_name": "keyup", "timestamp": "1695937771048", "position": {"x": 0, "y": 0}}, {"event_name": "scroll", "timestamp": "1695937771050", "position": {"x": 0, "y": 0}}, {"event_name": "dblclick", "timestamp": "1695937771077", "position": {"x": 801, "y": 1037}}, {"event_name": "mousemove", "timestamp": "1695937771162", "position": {"x": 451, "y": 933}}, {"event_name": "keydown", "timestamp": "1695937771170", "position": {"x": 0, "y": 0}}, {"event_name": "scroll", "timestamp": "1695937771172", "position": {"x": 0, "y": 0}}, {"event_name": "dblclick", "timestamp": "1695937771265", "position": {"x": 110, "y": 1453}}, {"event_name": "mousedown", "timestamp": "1695937771360", "position": {"x": 363, "y": 1092}}, {"event_name": "keypress", "timestamp": "1695937771379", "position": {"x": 0, "y": 0}}, {"event_name": "scroll", "timestamp": "1695937771382", "position": {"x": 0, "y": 0}}, {"event_name": "click", "timestamp": "1695937771508", "position": {"x": 763, "y": 2390}}, {"event_name": "keyup", "timestamp": "1695937771529", "position": {"x": 0, "y": 0}}, {"event_name": "scroll", "timestamp": "1695937771532", "position": {"x": 0, "y": 0}}, {"event_name": "dblclick", "timestamp": "1695937771694", "position": {"x": 345, "y": 877}}, {"event_name": "keypress", "timestamp": "1695937771699", "position": {"x": 0, "y": 0}}, {"event_name": "scroll", "timestamp": "1695937771700", "position": {"x": 0, "y": 0}}, {"event_name": "mouseover", "timestamp": "1695937771797", "position": {"x": 625, "y": 829}}, {"event_name": "keypress", "timestamp": "1695937771803", "position": {"x": 0, "y": 0}}, {"event_name": "scroll", "timestamp": "1695937771813", "position": {"x": 0, "y": 0}}, {"event_name": "mouseover", "timestamp": "1695937771928", "position": {"x": 92, "y": 2715}}, {"event_name": "keydown", "timestamp": "1695937771942", "position": {"x": 0, "y": 0}}, {"event_name": "scroll", "timestamp": "1695937771944", "position": {"x": 0, "y": 0}}, {"event_name": "scroll", "timestamp": "1695937771967", "position": {"x": 0, "y": 0}}, {"event_name": "mouseover", "timestamp": "1695937772003", "position": {"x": 366, "y": 1318}}, {"event_name": "keyup", "timestamp": "1695937772010", "position": {"x": 0, "y": 0}}, {"event_name": "scroll", "timestamp": "1695937772012", "position": {"x": 0, "y": 0}}, {"event_name": "mousedown", "timestamp": "1695937772038", "position": {"x": 665, "y": 622}}, {"event_name": "keydown", "timestamp": "1695937772044", "position": {"x": 0, "y": 0}}, {"event_name": "keyup", "timestamp": "1695937772067", "position": {"x": 0, "y": 0}}, {"event_name": "scroll", "timestamp": "1695937772068", "position": {"x": 0, "y": 0}}, {"event_name": "click", "timestamp": "1695937772117", "position": {"x": 540, "y": 755}}, {"event_name": "keydown", "timestamp": "1695937772125", "position": {"x": 0, "y": 0}}, {"event_name": "scroll", "timestamp": "1695937772127", "position": {"x": 0, "y": 0}}, {"event_name": "mouseover", "timestamp": "1695937772209", "position": {"x": 427, "y": 2407}}, {"event_name": "keypress", "timestamp": "1695937772222", "position": {"x": 0, "y": 0}}, {"event_name": "scroll", "timestamp": "1695937772225", "position": {"x": 0, "y": 0}}, {"event_name": "mouseover", "timestamp": "1695937772560", "position": {"x": 108, "y": 1158}}, {"event_name": "keypress", "timestamp": "1695937772572", "position": {"x": 0, "y": 0}}, {"event_name": "scroll", "timestamp": "1695937772576", "position": {"x": 0, "y": 0}}, {"event_name": "mouseover", "timestamp": "1695937772883", "position": {"x": 431, "y": 1544}}, {"event_name": "keyup", "timestamp": "1695937772902", "position": {"x": 0, "y": 0}}, {"event_name": "scroll", "timestamp": "1695937772904", "position": {"x": 0, "y": 0}}, {"event_name": "click", "timestamp": "1695937773012", "position": {"x": 492, "y": 1734}}, {"event_name": "keyup", "timestamp": "1695937773017", "position": {"x": 0, "y": 0}}, {"event_name": "keypress", "timestamp": "1695937773023", "position": {"x": 0, "y": 0}}, {"event_name": "scroll", "timestamp": "1695937773025", "position": {"x": 0, "y": 0}}, {"event_name": "mousemove", "timestamp": "1695937773071", "position": {"x": 499, "y": 1543}}, {"event_name": "keyup", "timestamp": "1695937773080", "position": {"x": 0, "y": 0}}, {"event_name": "scroll", "timestamp": "1695937773083", "position": {"x": 0, "y": 0}}, {"event_name": "mouseout", "timestamp": "1695937773095", "position": {"x": 665, "y": 879}}, {"event_name": "mouseout", "timestamp": "1695937773150", "position": {"x": 290, "y": 593}}, {"event_name": "keydown", "timestamp": "1695937773160", "position": {"x": 0, "y": 0}}, {"event_name": "scroll", "timestamp": "1695937773164", "position": {"x": 0, "y": 0}}, {"event_name": "click", "timestamp": "1695937773206", "position": {"x": 846, "y": 2237}}, {"event_name": "keypress", "timestamp": "1695937773223", "position": {"x": 0, "y": 0}}, {"event_name": "scroll", "timestamp": "1695937773225", "position": {"x": 0, "y": 0}}, {"event_name": "mouseout", "timestamp": "1695937773287", "position": {"x": 737, "y": 2112}}, {"event_name": "mousedown", "timestamp": "1695937773336", "position": {"x": 677, "y": 2314}}, {"event_name": "keypress", "timestamp": "1695937773346", "position": {"x": 0, "y": 0}}, {"event_name": "scroll", "timestamp": "1695937773349", "position": {"x": 0, "y": 0}}, {"event_name": "mouseover", "timestamp": "1695937773388", "position": {"x": 866, "y": 1788}}, {"event_name": "keyup", "timestamp": "1695937773398", "position": {"x": 0, "y": 0}}, {"event_name": "scroll", "timestamp": "1695937773400", "position": {"x": 0, "y": 0}}, {"event_name": "scroll", "timestamp": "1695937773434", "position": {"x": 0, "y": 0}}, {"event_name": "mouseover", "timestamp": "1695937773474", "position": {"x": 329, "y": 1109}}, {"event_name": "keypress", "timestamp": "1695937773489", "position": {"x": 0, "y": 0}}, {"event_name": "scroll", "timestamp": "1695937773491", "position": {"x": 0, "y": 0}}, {"event_name": "mouseover", "timestamp": "1695937773618", "position": {"x": 205, "y": 2905}}, {"event_name": "keypress", "timestamp": "1695937773629", "position": {"x": 0, "y": 0}}, {"event_name": "scroll", "timestamp": "1695937773631", "position": {"x": 0, "y": 0}}, {"event_name": "mouseout", "timestamp": "1695937773769", "position": {"x": 142, "y": 1611}}, {"event_name": "mousemove", "timestamp": "1695937773795", "position": {"x": 582, "y": 1382}}, {"event_name": "keypress", "timestamp": "1695937773800", "position": {"x": 0, "y": 0}}, {"event_name": "scroll", "timestamp": "1695937773801", "position": {"x": 0, "y": 0}}, {"event_name": "click", "timestamp": "1695937773895", "position": {"x": 151, "y": 436}}, {"event_name": "keydown", "timestamp": "1695937773915", "position": {"x": 0, "y": 0}}, {"event_name": "scroll", "timestamp": "1695937773916", "position": {"x": 0, "y": 0}}, {"event_name": "scroll", "timestamp": "1695937773976", "position": {"x": 0, "y": 0}}, {"event_name": "click", "timestamp": "1695937774099", "position": {"x": 784, "y": 2326}}, {"event_name": "keypress", "timestamp": "1695937774113", "position": {"x": 0, "y": 0}}, {"event_name": "scroll", "timestamp": "1695937774115", "position": {"x": 0, "y": 0}}, {"event_name": "scroll", "timestamp": "1695937774153", "position": {"x": 0, "y": 0}}, {"event_name": "mouseover", "timestamp": "1695937774241", "position": {"x": 459, "y": 1676}}, {"event_name": "keypress", "timestamp": "1695937774247", "position": {"x": 0, "y": 0}}, {"event_name": "scroll", "timestamp": "1695937774250", "position": {"x": 0, "y": 0}}, {"event_name": "keydown", "timestamp": "1695937774296", "position": {"x": 0, "y": 0}}, {"event_name": "mouseover", "timestamp": "1695937774527", "position": {"x": 285, "y": 2307}}, {"event_name": "keyup", "timestamp": "1695937774562", "position": {"x": 0, "y": 0}}, {"event_name": "scroll", "timestamp": "1695937774564", "position": {"x": 0, "y": 0}}, {"event_name": "mousedown", "timestamp": "1695937774586", "position": {"x": 256, "y": 327}}, {"event_name": "click", "timestamp": "1695937774702", "position": {"x": 372, "y": 325}}, {"event_name": "keydown", "timestamp": "1695937774707", "position": {"x": 0, "y": 0}}, {"event_name": "scroll", "timestamp": "1695937774708", "position": {"x": 0, "y": 0}}, {"event_name": "dblclick", "timestamp": "1695937774746", "position": {"x": 697, "y": 1291}}, {"event_name": "mouseover", "timestamp": "1695937774774", "position": {"x": 451, "y": 1399}}, {"event_name": "keypress", "timestamp": "1695937774779", "position": {"x": 0, "y": 0}}, {"event_name": "scroll", "timestamp": "1695937774780", "position": {"x": 0, "y": 0}}, {"event_name": "keyup", "timestamp": "1695937774796", "position": {"x": 0, "y": 0}}, {"event_name": "dblclick", "timestamp": "1695937774817", "position": {"x": 694, "y": 2141}}, {"event_name": "keyup", "timestamp": "1695937774827", "position": {"x": 0, "y": 0}}, {"event_name": "scroll", "timestamp": "1695937774828", "position": {"x": 0, "y": 0}}, {"event_name": "mouseover", "timestamp": "1695937774857", "position": {"x": 601, "y": 1060}}, {"event_name": "keyup", "timestamp": "1695937774864", "position": {"x": 0, "y": 0}}, {"event_name": "scroll", "timestamp": "1695937774865", "position": {"x": 0, "y": 0}}, {"event_name": "click", "timestamp": "1695937774913", "position": {"x": 210, "y": 2318}}, {"event_name": "keypress", "timestamp": "1695937774919", "position": {"x": 0, "y": 0}}, {"event_name": "scroll", "timestamp": "1695937774921", "position": {"x": 0, "y": 0}}, {"event_name": "mouseover", "timestamp": "1695937775014", "position": {"x": 77, "y": 706}}, {"event_name": "keyup", "timestamp": "1695937775026", "position": {"x": 0, "y": 0}}, {"event_name": "scroll", "timestamp": "1695937775028", "position": {"x": 0, "y": 0}}, {"event_name": "mousedown", "timestamp": "1695937775111", "position": {"x": 569, "y": 1517}}, {"event_name": "dblclick", "timestamp": "1695937775181", "position": {"x": 349, "y": 1412}}, {"event_name": "keydown", "timestamp": "1695937775200", "position": {"x": 0, "y": 0}}, {"event_name": "scroll", "timestamp": "1695937775214", "position": {"x": 0, "y": 0}}, {"event_name": "click", "timestamp": "1695937775252", "position": {"x": 414, "y": 1418}}, {"event_name": "click", "timestamp": "1695937775268", "position": {"x": 573, "y": 1511}}, {"event_name": "keydown", "timestamp": "1695937775284", "position": {"x": 0, "y": 0}}, {"event_name": "scroll", "timestamp": "1695937775286", "position": {"x": 0, "y": 0}}, {"event_name": "mouseup", "timestamp": "1695937775371", "position": {"x": 642, "y": 1029}}, {"event_name": "keydown", "timestamp": "1695937775387", "position": {"x": 0, "y": 0}}, {"event_name": "scroll", "timestamp": "1695937775388", "position": {"x": 0, "y": 0}}, {"event_name": "keyup", "timestamp": "1695937775499", "position": {"x": 0, "y": 0}}, {"event_name": "click", "timestamp": "1695937776050", "position": {"x": 357, "y": 1041}}, {"event_name": "keydown", "timestamp": "1695937776062", "position": {"x": 0, "y": 0}}, {"event_name": "scroll", "timestamp": "1695937776072", "position": {"x": 0, "y": 0}}, {"event_name": "mousemove", "timestamp": "1695937776242", "position": {"x": 559, "y": 1989}}, {"event_name": "keyup", "timestamp": "1695937776244", "position": {"x": 0, "y": 0}}, {"event_name": "scroll", "timestamp": "1695937776248", "position": {"x": 0, "y": 0}}, {"event_name": "mouseover", "timestamp": "1695937776258", "position": {"x": 688, "y": 1346}}, {"event_name": "keydown", "timestamp": "1695937776260", "position": {"x": 0, "y": 0}}, {"event_name": "keyup", "timestamp": "1695937776262", "position": {"x": 0, "y": 0}}, {"event_name": "scroll", "timestamp": "1695937776264", "position": {"x": 0, "y": 0}}, {"event_name": "mouseout", "timestamp": "1695937776276", "position": {"x": 202, "y": 1495}}, {"event_name": "keyup", "timestamp": "1695937776279", "position": {"x": 0, "y": 0}}, {"event_name": "scroll", "timestamp": "1695937776281", "position": {"x": 0, "y": 0}}, {"event_name": "dblclick", "timestamp": "1695937776293", "position": {"x": 392, "y": 1997}}, {"event_name": "keyup", "timestamp": "1695937776297", "position": {"x": 0, "y": 0}}, {"event_name": "scroll", "timestamp": "1695937776298", "position": {"x": 0, "y": 0}}, {"event_name": "mouseover", "timestamp": "1695937776320", "position": {"x": 775, "y": 1593}}, {"event_name": "keydown", "timestamp": "1695937776327", "position": {"x": 0, "y": 0}}, {"event_name": "scroll", "timestamp": "1695937776327", "position": {"x": 0, "y": 0}}, {"event_name": "dblclick", "timestamp": "1695937776354", "position": {"x": 479, "y": 455}}, {"event_name": "keydown", "timestamp": "1695937776363", "position": {"x": 0, "y": 0}}, {"event_name": "scroll", "timestamp": "1695937776364", "position": {"x": 0, "y": 0}}, {"event_name": "scroll", "timestamp": "1695937776393", "position": {"x": 0, "y": 0}}, {"event_name": "mouseout", "timestamp": "1695937776426", "position": {"x": 603, "y": 1616}}, {"event_name": "keydown", "timestamp": "1695937776433", "position": {"x": 0, "y": 0}}, {"event_name": "scroll", "timestamp": "1695937776437", "position": {"x": 0, "y": 0}}, {"event_name": "keydown", "timestamp": "1695937776469", "position": {"x": 0, "y": 0}}, {"event_name": "mousemove", "timestamp": "1695937776540", "position": {"x": 577, "y": 1402}}, {"event_name": "keydown", "timestamp": "1695937776553", "position": {"x": 0, "y": 0}}, {"event_name": "scroll", "timestamp": "1695937776555", "position": {"x": 0, "y": 0}}, {"event_name": "mouseout", "timestamp": "1695937776611", "position": {"x": 457, "y": 1605}}, {"event_name": "keypress", "timestamp": "1695937776627", "position": {"x": 0, "y": 0}}, {"event_name": "scroll", "timestamp": "1695937776629", "position": {"x": 0, "y": 0}}, {"event_name": "scroll", "timestamp": "1695937776953", "position": {"x": 0, "y": 0}}, {"event_name": "scroll", "timestamp": "1695937777081", "position": {"x": 0, "y": 0}}, {"event_name": "keyup", "timestamp": "1695937777372", "position": {"x": 0, "y": 0}}, {"event_name": "keypress", "timestamp": "1695937777741", "position": {"x": 0, "y": 0}}, {"event_name": "scroll", "timestamp": "1695937777806", "position": {"x": 0, "y": 0}}, {"event_name": "mouseup", "timestamp": "1695937777845", "position": {"x": 178, "y": 1624}}, {"event_name": "scroll", "timestamp": "1695937777888", "position": {"x": 0, "y": 0}}, {"event_name": "keyup", "timestamp": "1695937777907", "position": {"x": 0, "y": 0}}, {"event_name": "mouseover", "timestamp": "1695937778303", "position": {"x": 129, "y": 695}}, {"event_name": "scroll", "timestamp": "1695937778305", "position": {"x": 0, "y": 0}}, {"event_name": "keyup", "timestamp": "1695937778393", "position": {"x": 0, "y": 0}}, {"event_name": "mouseover", "timestamp": "1695937778449", "position": {"x": 299, "y": 819}}, {"event_name": "mouseup", "timestamp": "1695937778475", "position": {"x": 762, "y": 697}}, {"event_name": "mouseout", "timestamp": "1695937778603", "position": {"x": 439, "y": 479}}, {"event_name": "scroll", "timestamp": "1695937778658", "position": {"x": 0, "y": 0}}, {"event_name": "keypress", "timestamp": "1695937778701", "position": {"x": 0, "y": 0}}, {"event_name": "keydown", "timestamp": "1695937778901", "position": {"x": 0, "y": 0}}, {"event_name": "keyup", "timestamp": "1695937778982", "position": {"x": 0, "y": 0}}, {"event_name": "mousemove", "timestamp": "1695937779045", "position": {"x": 113, "y": 2581}}, {"event_name": "scroll", "timestamp": "1695937779073", "position": {"x": 0, "y": 0}}, {"event_name": "scroll", "timestamp": "1695937779103", "position": {"x": 0, "y": 0}}, {"event_name": "scroll", "timestamp": "1695937779286", "position": {"x": 0, "y": 0}}, {"event_name": "keypress", "timestamp": "1695937779457", "position": {"x": 0, "y": 0}}, {"event_name": "keyup", "timestamp": "1695937779570", "position": {"x": 0, "y": 0}}, {"event_name": "click", "timestamp": "1695937779640", "position": {"x": 427, "y": 874}}, {"event_name": "scroll", "timestamp": "1695937779734", "position": {"x": 0, "y": 0}}, {"event_name": "keypress", "timestamp": "1695937779764", "position": {"x": 0, "y": 0}}, {"event_name": "scroll", "timestamp": "1695937779798", "position": {"x": 0, "y": 0}}, {"event_name": "keypress", "timestamp": "1695937779843", "position": {"x": 0, "y": 0}}, {"event_name": "keyup", "timestamp": "1695937779949", "position": {"x": 0, "y": 0}}, {"event_name": "keyup", "timestamp": "1695937779999", "position": {"x": 0, "y": 0}}, {"event_name": "click", "timestamp": "1695937780135", "position": {"x": 633, "y": 603}}, {"event_name": "keydown", "timestamp": "1695937780151", "position": {"x": 0, "y": 0}}, {"event_name": "keypress", "timestamp": "1695937780226", "position": {"x": 0, "y": 0}}, {"event_name": "scroll", "timestamp": "1695937780229", "position": {"x": 0, "y": 0}}, {"event_name": "click", "timestamp": "1695937780505", "position": {"x": 482, "y": 1376}}, {"event_name": "mousedown", "timestamp": "1695937780524", "position": {"x": 888, "y": 1047}}, {"event_name": "dblclick", "timestamp": "1695937780542", "position": {"x": 860, "y": 1018}}, {"event_name": "keydown", "timestamp": "1695937780576", "position": {"x": 0, "y": 0}}, {"event_name": "scroll", "timestamp": "1695937780598", "position": {"x": 0, "y": 0}}, {"event_name": "scroll", "timestamp": "1695937780631", "position": {"x": 0, "y": 0}}, {"event_name": "keyup", "timestamp": "1695937780866", "position": {"x": 0, "y": 0}}, {"event_name": "keydown", "timestamp": "1695937780924", "position": {"x": 0, "y": 0}}, {"event_name": "keyup", "timestamp": "1695937780976", "position": {"x": 0, "y": 0}}, {"event_name": "click", "timestamp": "1695937781010", "position": {"x": 333, "y": 780}}, {"event_name": "scroll", "timestamp": "1695937781122", "position": {"x": 0, "y": 0}}, {"event_name": "scroll", "timestamp": "1695937781159", "position": {"x": 0, "y": 0}}, {"event_name": "keyup", "timestamp": "1695937781175", "position": {"x": 0, "y": 0}}, {"event_name": "dblclick", "timestamp": "1695937781239", "position": {"x": 587, "y": 1935}}, {"event_name": "mouseover", "timestamp": "1695937781291", "position": {"x": 374, "y": 1529}}, {"event_name": "scroll", "timestamp": "1695937781325", "position": {"x": 0, "y": 0}}, {"event_name": "click", "timestamp": "1695937781404", "position": {"x": 728, "y": 468}}, {"event_name": "mouseover", "timestamp": "1695937781556", "position": {"x": 602, "y": 411}}, {"event_name": "scroll", "timestamp": "1695937781589", "position": {"x": 0, "y": 0}}, {"event_name": "scroll", "timestamp": "1695937781642", "position": {"x": 0, "y": 0}}, {"event_name": "scroll", "timestamp": "1695937781670", "position": {"x": 0, "y": 0}}, {"event_name": "click", "timestamp": "1695937781787", "position": {"x": 632, "y": 704}}, {"event_name": "mouseover", "timestamp": "1695937781855", "position": {"x": 394, "y": 789}}, {"event_name": "keypress", "timestamp": "1695937781964", "position": {"x": 0, "y": 0}}, {"event_name": "scroll", "timestamp": "1695937782039", "position": {"x": 0, "y": 0}}, {"event_name": "scroll", "timestamp": "1695937782072", "position": {"x": 0, "y": 0}}, {"event_name": "keydown", "timestamp": "1695937782090", "position": {"x": 0, "y": 0}}, {"event_name": "scroll", "timestamp": "1695937782141", "position": {"x": 0, "y": 0}}, {"event_name": "scroll", "timestamp": "1695937782200", "position": {"x": 0, "y": 0}}, {"event_name": "scroll", "timestamp": "1695937782250", "position": {"x": 0, "y": 0}}, {"event_name": "click", "timestamp": "1695937782294", "position": {"x": 115, "y": 2138}}, {"event_name": "scroll", "timestamp": "1695937782453", "position": {"x": 0, "y": 0}}, {"event_name": "keyup", "timestamp": "1695937782489", "position": {"x": 0, "y": 0}}, {"event_name": "scroll", "timestamp": "1695937782537", "position": {"x": 0, "y": 0}}, {"event_name": "click", "timestamp": "1695937782578", "position": {"x": 399, "y": 1974}}, {"event_name": "scroll", "timestamp": "1695937782639", "position": {"x": 0, "y": 0}}, {"event_name": "keydown", "timestamp": "1695937782778", "position": {"x": 0, "y": 0}}, {"event_name": "click", "timestamp": "1695937782809", "position": {"x": 410, "y": 1669}}, {"event_name": "keyup", "timestamp": "1695937782909", "position": {"x": 0, "y": 0}}, {"event_name": "dblclick", "timestamp": "1695937782937", "position": {"x": 840, "y": 1713}}, {"event_name": "scroll", "timestamp": "1695937782963", "position": {"x": 0, "y": 0}}, {"event_name": "keyup", "timestamp": "1695937783062", "position": {"x": 0, "y": 0}}, {"event_name": "scroll", "timestamp": "1695937783161", "position": {"x": 0, "y": 0}}, {"event_name": "scroll", "timestamp": "1695937783202", "position": {"x": 0, "y": 0}}, {"event_name": "mouseover", "timestamp": "1695937783274", "position": {"x": 559, "y": 433}}, {"event_name": "keyup", "timestamp": "1695937783371", "position": {"x": 0, "y": 0}}, {"event_name": "keypress", "timestamp": "1695937783530", "position": {"x": 0, "y": 0}}, {"event_name": "scroll", "timestamp": "1695937783574", "position": {"x": 0, "y": 0}}, {"event_name": "scroll", "timestamp": "1695937783631", "position": {"x": 0, "y": 0}}, {"event_name": "click", "timestamp": "1695937783695", "position": {"x": 696, "y": 1582}}, {"event_name": "keyup", "timestamp": "1695937783721", "position": {"x": 0, "y": 0}}, {"event_name": "scroll", "timestamp": "1695937783747", "position": {"x": 0, "y": 0}}, {"event_name": "mousedown", "timestamp": "1695937783756", "position": {"x": 313, "y": 184}}, {"event_name": "click", "timestamp": "1695937784088", "position": {"x": 92, "y": 360}}, {"event_name": "mousedown", "timestamp": "1695937784117", "position": {"x": 410, "y": 338}}, {"event_name": "keydown", "timestamp": "1695937784135", "position": {"x": 0, "y": 0}}, {"event_name": "keyup", "timestamp": "1695937784164", "position": {"x": 0, "y": 0}}, {"event_name": "scroll", "timestamp": "1695937784189", "position": {"x": 0, "y": 0}}, {"event_name": "scroll", "timestamp": "1695937784221", "position": {"x": 0, "y": 0}}, {"event_name": "keyup", "timestamp": "1695937784235", "position": {"x": 0, "y": 0}}, {"event_name": "keyup", "timestamp": "1695937784317", "position": {"x": 0, "y": 0}}, {"event_name": "click", "timestamp": "1695937784340", "position": {"x": 314, "y": 1247}}, {"event_name": "keydown", "timestamp": "1695937784362", "position": {"x": 0, "y": 0}}]}