{"user_id": "0f561441-481d-4df4-b012-9a4167b8eb4d", "device": "desktop", "trace": [{"event_name": "load", "timestamp": "1695939326467", "position": {"x": 0, "y": 0}}, {"event_name": "pageshow", "timestamp": "1695939326468", "position": {"x": 0, "y": 0}}, {"event_name": "keypress", "timestamp": "1695939327512", "position": {"x": 0, "y": 0}}, {"event_name": "dblclick", "timestamp": "1695939327514", "position": {"x": 401, "y": 373}}, {"event_name": "keydown", "timestamp": "1695939327517", "position": {"x": 0, "y": 0}}, {"event_name": "scroll", "timestamp": "1695939327518", "position": {"x": 0, "y": 0}}, {"event_name": "mouseover", "timestamp": "1695939327590", "position": {"x": 286, "y": 2446}}, {"event_name": "keydown", "timestamp": "1695939327592", "position": {"x": 0, "y": 0}}, {"event_name": "scroll", "timestamp": "1695939327598", "position": {"x": 0, "y": 0}}, {"event_name": "click", "timestamp": "1695939327611", "position": {"x": 213, "y": 1711}}, {"event_name": "keyup", "timestamp": "1695939327612", "position": {"x": 0, "y": 0}}, {"event_name": "scroll", "timestamp": "1695939327619", "position": {"x": 0, "y": 0}}, {"event_name": "click", "timestamp": "1695939327624", "position": {"x": 138, "y": 1969}}, {"event_name": "keyup", "timestamp": "1695939327626", "position": {"x": 0, "y": 0}}, {"event_name": "scroll", "timestamp": "1695939327633", "position": {"x": 0, "y": 0}}, {"event_name": "mouseover", "timestamp": "1695939327652", "position": {"x": 207, "y": 2338}}, {"event_name": "click", "timestamp": "1695939327656", "position": {"x": 323, "y": 1920}}, {"event_name": "keyup", "timestamp": "1695939327661", "position": {"x": 0, "y": 0}}, {"event_name": "scroll", "timestamp": "1695939327665", "position": {"x": 0, "y": 0}}, {"event_name": "click", "timestamp": "1695939327687", "position": {"x": 597, "y": 646}}, {"event_name": "keydown", "timestamp": "1695939327692", "position": {"x": 0, "y": 0}}, {"event_name": "scroll", "timestamp": "1695939327693", "position": {"x": 0, "y": 0}}, {"event_name": "keyup", "timestamp": "1695939327706", "position": {"x": 0, "y": 0}}, {"event_name": "mouseup", "timestamp": "1695939327711", "position": {"x": 361, "y": 2526}}, {"event_name": "keyup", "timestamp": "1695939327713", "position": {"x": 0, "y": 0}}, {"event_name": "scroll", "timestamp": "1695939327728", "position": {"x": 0, "y": 0}}, {"event_name": "mouseout", "timestamp": "1695939327736", "position": {"x": 780, "y": 2979}}, {"event_name": "keyup", "timestamp": "1695939327739", "position": {"x": 0, "y": 0}}, {"event_name": "scroll", "timestamp": "1695939327740", "position": {"x": 0, "y": 0}}, {"event_name": "scroll", "timestamp": "1695939327758", "position": {"x": 0, "y": 0}}, {"event_name": "mousemove", "timestamp": "1695939327763", "position": {"x": 523, "y": 860}}, {"event_name": "keydown", "timestamp": "1695939327769", "position": {"x": 0, "y": 0}}, {"event_name": "scroll", "timestamp": "1695939327774", "position": {"x": 0, "y": 0}}, {"event_name": "click", "timestamp": "1695939327797", "position": {"x": 601, "y": 688}}, {"event_name": "keydown", "timestamp": "1695939327801", "position": {"x": 0, "y": 0}}, {"event_name": "click", "timestamp": "1695939327809", "position": {"x": 771, "y": 1499}}, {"event_name": "scroll", "timestamp": "1695939327809", "position": {"x": 0, "y": 0}}, {"event_name": "dblclick", "timestamp": "1695939327817", "position": {"x": 221, "y": 1781}}, {"event_name": "keyup", "timestamp": "1695939327820", "position": {"x": 0, "y": 0}}, {"event_name": "scroll", "timestamp": "1695939327821", "position": {"x": 0, "y": 0}}, {"event_name": "dblclick", "timestamp": "1695939327842", "position": {"x": 226, "y": 816}}, {"event_name": "click", "timestamp": "1695939327881", "position": {"x": 613, "y": 929}}, {"event_name": "keyup", "timestamp": "1695939327886", "position": {"x": 0, "y": 0}}, {"event_name": "scroll", "timestamp": "1695939327886", "position": {"x": 0, "y": 0}}, {"event_name": "click", "timestamp": "1695939327900", "position": {"x": 339, "y": 1137}}, {"event_name": "keypress", "timestamp": "1695939327911", "position": {"x": 0, "y": 0}}, {"event_name": "keydown", "timestamp": "1695939327916", "position": {"x": 0, "y": 0}}, {"event_name": "scroll", "timestamp": "1695939327921", "position": {"x": 0, "y": 0}}, {"event_name": "click", "timestamp": "1695939327941", "position": {"x": 369, "y": 1209}}, {"event_name": "keyup", "timestamp": "1695939327945", "position": {"x": 0, "y": 0}}, {"event_name": "keydown", "timestamp": "1695939327952", "position": {"x": 0, "y": 0}}, {"event_name": "click", "timestamp": "1695939327965", "position": {"x": 308, "y": 817}}, {"event_name": "keydown", "timestamp": "1695939327976", "position": {"x": 0, "y": 0}}, {"event_name": "scroll", "timestamp": "1695939327981", "position": {"x": 0, "y": 0}}, {"event_name": "click", "timestamp": "1695939328036", "position": {"x": 130, "y": 1442}}, {"event_name": "keydown", "timestamp": "1695939328043", "position": {"x": 0, "y": 0}}, {"event_name": "scroll", "timestamp": "1695939328047", "position": {"x": 0, "y": 0}}, {"event_name": "mouseover", "timestamp": "1695939328077", "position": {"x": 621, "y": 2160}}, {"event_name": "keypress", "timestamp": "1695939328086", "position": {"x": 0, "y": 0}}, {"event_name": "keypress", "timestamp": "1695939328091", "position": {"x": 0, "y": 0}}, {"event_name": "dblclick", "timestamp": "1695939328100", "position": {"x": 683, "y": 1535}}, {"event_name": "keyup", "timestamp": "1695939328111", "position": {"x": 0, "y": 0}}, {"event_name": "scroll", "timestamp": "1695939328112", "position": {"x": 0, "y": 0}}, {"event_name": "scroll", "timestamp": "1695939328136", "position": {"x": 0, "y": 0}}, {"event_name": "dblclick", "timestamp": "1695939328171", "position": {"x": 262, "y": 1709}}, {"event_name": "keyup", "timestamp": "1695939328177", "position": {"x": 0, "y": 0}}, {"event_name": "scroll", "timestamp": "1695939328199", "position": {"x": 0, "y": 0}}, {"event_name": "mousemove", "timestamp": "1695939328289", "position": {"x": 588, "y": 561}}, {"event_name": "keydown", "timestamp": "1695939328294", "position": {"x": 0, "y": 0}}, {"event_name": "scroll", "timestamp": "1695939328320", "position": {"x": 0, "y": 0}}, {"event_name": "click", "timestamp": "1695939328384", "position": {"x": 119, "y": 1235}}, {"event_name": "keyup", "timestamp": "1695939328396", "position": {"x": 0, "y": 0}}, {"event_name": "scroll", "timestamp": "1695939328397", "position": {"x": 0, "y": 0}}, {"event_name": "mouseup", "timestamp": "1695939328495", "position": {"x": 118, "y": 1981}}, {"event_name": "keyup", "timestamp": "1695939328514", "position": {"x": 0, "y": 0}}, {"event_name": "scroll", "timestamp": "1695939328517", "position": {"x": 0, "y": 0}}, {"event_name": "click", "timestamp": "1695939328580", "position": {"x": 23, "y": 1484}}, {"event_name": "keypress", "timestamp": "1695939328598", "position": {"x": 0, "y": 0}}, {"event_name": "scroll", "timestamp": "1695939328600", "position": {"x": 0, "y": 0}}, {"event_name": "mouseout", "timestamp": "1695939328667", "position": {"x": 792, "y": 2101}}, {"event_name": "keydown", "timestamp": "1695939328679", "position": {"x": 0, "y": 0}}, {"event_name": "click", "timestamp": "1695939328693", "position": {"x": 162, "y": 896}}, {"event_name": "scroll", "timestamp": "1695939328694", "position": {"x": 0, "y": 0}}, {"event_name": "click", "timestamp": "1695939328774", "position": {"x": 28, "y": 900}}, {"event_name": "keyup", "timestamp": "1695939328779", "position": {"x": 0, "y": 0}}, {"event_name": "mouseover", "timestamp": "1695939328782", "position": {"x": 693, "y": 260}}, {"event_name": "mouseover", "timestamp": "1695939328793", "position": {"x": 364, "y": 529}}, {"event_name": "keyup", "timestamp": "1695939328799", "position": {"x": 0, "y": 0}}, {"event_name": "scroll", "timestamp": "1695939328800", "position": {"x": 0, "y": 0}}, {"event_name": "mousedown", "timestamp": "1695939328826", "position": {"x": 750, "y": 777}}, {"event_name": "keydown", "timestamp": "1695939328843", "position": {"x": 0, "y": 0}}, {"event_name": "click", "timestamp": "1695939328864", "position": {"x": 131, "y": 2587}}, {"event_name": "keyup", "timestamp": "1695939328877", "position": {"x": 0, "y": 0}}, {"event_name": "scroll", "timestamp": "1695939328900", "position": {"x": 0, "y": 0}}, {"event_name": "mouseover", "timestamp": "1695939328929", "position": {"x": 501, "y": 1716}}, {"event_name": "keyup", "timestamp": "1695939328942", "position": {"x": 0, "y": 0}}, {"event_name": "scroll", "timestamp": "1695939328943", "position": {"x": 0, "y": 0}}, {"event_name": "click", "timestamp": "1695939329010", "position": {"x": 714, "y": 457}}, {"event_name": "keyup", "timestamp": "1695939329029", "position": {"x": 0, "y": 0}}, {"event_name": "keydown", "timestamp": "1695939329034", "position": {"x": 0, "y": 0}}, {"event_name": "scroll", "timestamp": "1695939329048", "position": {"x": 0, "y": 0}}, {"event_name": "mouseover", "timestamp": "1695939329106", "position": {"x": 486, "y": 2400}}, {"event_name": "keydown", "timestamp": "1695939329128", "position": {"x": 0, "y": 0}}, {"event_name": "scroll", "timestamp": "1695939329133", "position": {"x": 0, "y": 0}}, {"event_name": "mouseout", "timestamp": "1695939329176", "position": {"x": 235, "y": 748}}, {"event_name": "keydown", "timestamp": "1695939329186", "position": {"x": 0, "y": 0}}, {"event_name": "scroll", "timestamp": "1695939329199", "position": {"x": 0, "y": 0}}, {"event_name": "mousemove", "timestamp": "1695939329249", "position": {"x": 211, "y": 1410}}, {"event_name": "keypress", "timestamp": "1695939329262", "position": {"x": 0, "y": 0}}, {"event_name": "scroll", "timestamp": "1695939329263", "position": {"x": 0, "y": 0}}, {"event_name": "mouseover", "timestamp": "1695939329297", "position": {"x": 732, "y": 509}}, {"event_name": "mouseover", "timestamp": "1695939329321", "position": {"x": 590, "y": 591}}, {"event_name": "keyup", "timestamp": "1695939329329", "position": {"x": 0, "y": 0}}, {"event_name": "keyup", "timestamp": "1695939329335", "position": {"x": 0, "y": 0}}, {"event_name": "mouseover", "timestamp": "1695939329344", "position": {"x": 354, "y": 630}}, {"event_name": "keypress", "timestamp": "1695939329351", "position": {"x": 0, "y": 0}}, {"event_name": "keyup", "timestamp": "1695939329385", "position": {"x": 0, "y": 0}}, {"event_name": "scroll", "timestamp": "1695939329387", "position": {"x": 0, "y": 0}}, {"event_name": "mousemove", "timestamp": "1695939329433", "position": {"x": 172, "y": 1726}}, {"event_name": "keyup", "timestamp": "1695939329440", "position": {"x": 0, "y": 0}}, {"event_name": "click", "timestamp": "1695939329466", "position": {"x": 412, "y": 1808}}, {"event_name": "keyup", "timestamp": "1695939329477", "position": {"x": 0, "y": 0}}, {"event_name": "scroll", "timestamp": "1695939329481", "position": {"x": 0, "y": 0}}, {"event_name": "mouseout", "timestamp": "1695939329515", "position": {"x": 736, "y": 1714}}, {"event_name": "click", "timestamp": "1695939329663", "position": {"x": 718, "y": 1833}}, {"event_name": "keypress", "timestamp": "1695939329669", "position": {"x": 0, "y": 0}}, {"event_name": "scroll", "timestamp": "1695939329671", "position": {"x": 0, "y": 0}}, {"event_name": "keyup", "timestamp": "1695939329775", "position": {"x": 0, "y": 0}}, {"event_name": "click", "timestamp": "1695939329914", "position": {"x": 729, "y": 945}}, {"event_name": "keydown", "timestamp": "1695939329926", "position": {"x": 0, "y": 0}}, {"event_name": "scroll", "timestamp": "1695939329927", "position": {"x": 0, "y": 0}}, {"event_name": "mouseover", "timestamp": "1695939330014", "position": {"x": 150, "y": 1550}}, {"event_name": "mousemove", "timestamp": "1695939330054", "position": {"x": 683, "y": 1591}}, {"event_name": "keydown", "timestamp": "1695939330060", "position": {"x": 0, "y": 0}}, {"event_name": "scroll", "timestamp": "1695939330061", "position": {"x": 0, "y": 0}}, {"event_name": "dblclick", "timestamp": "1695939330110", "position": {"x": 370, "y": 908}}, {"event_name": "keypress", "timestamp": "1695939330113", "position": {"x": 0, "y": 0}}, {"event_name": "scroll", "timestamp": "1695939330114", "position": {"x": 0, "y": 0}}, {"event_name": "keypress", "timestamp": "1695939330125", "position": {"x": 0, "y": 0}}, {"event_name": "click", "timestamp": "1695939330131", "position": {"x": 530, "y": 246}}, {"event_name": "keyup", "timestamp": "1695939330134", "position": {"x": 0, "y": 0}}, {"event_name": "scroll", "timestamp": "1695939330135", "position": {"x": 0, "y": 0}}, {"event_name": "click", "timestamp": "1695939330174", "position": {"x": 294, "y": 1430}}, {"event_name": "keyup", "timestamp": "1695939330183", "position": {"x": 0, "y": 0}}, {"event_name": "scroll", "timestamp": "1695939330204", "position": {"x": 0, "y": 0}}, {"event_name": "dblclick", "timestamp": "1695939330220", "position": {"x": 426, "y": 438}}, {"event_name": "mouseout", "timestamp": "1695939330324", "position": {"x": 666, "y": 797}}, {"event_name": "keyup", "timestamp": "1695939330338", "position": {"x": 0, "y": 0}}, {"event_name": "scroll", "timestamp": "1695939330339", "position": {"x": 0, "y": 0}}, {"event_name": "keypress", "timestamp": "1695939330370", "position": {"x": 0, "y": 0}}, {"event_name": "click", "timestamp": "1695939330417", "position": {"x": 455, "y": 1442}}, {"event_name": "keyup", "timestamp": "1695939330424", "position": {"x": 0, "y": 0}}, {"event_name": "scroll", "timestamp": "1695939330426", "position": {"x": 0, "y": 0}}, {"event_name": "dblclick", "timestamp": "1695939330498", "position": {"x": 306, "y": 1331}}, {"event_name": "keyup", "timestamp": "1695939330503", "position": {"x": 0, "y": 0}}, {"event_name": "click", "timestamp": "1695939330517", "position": {"x": 583, "y": 2597}}, {"event_name": "scroll", "timestamp": "1695939330519", "position": {"x": 0, "y": 0}}, {"event_name": "mouseup", "timestamp": "1695939330570", "position": {"x": 601, "y": 2793}}, {"event_name": "keyup", "timestamp": "1695939330586", "position": {"x": 0, "y": 0}}, {"event_name": "scroll", "timestamp": "1695939330588", "position": {"x": 0, "y": 0}}, {"event_name": "click", "timestamp": "1695939330662", "position": {"x": 112, "y": 2660}}, {"event_name": "keyup", "timestamp": "1695939330671", "position": {"x": 0, "y": 0}}, {"event_name": "scroll", "timestamp": "1695939330771", "position": {"x": 0, "y": 0}}, {"event_name": "click", "timestamp": "1695939330840", "position": {"x": 270, "y": 2196}}, {"event_name": "keyup", "timestamp": "1695939330849", "position": {"x": 0, "y": 0}}, {"event_name": "scroll", "timestamp": "1695939330850", "position": {"x": 0, "y": 0}}, {"event_name": "keydown", "timestamp": "1695939330885", "position": {"x": 0, "y": 0}}, {"event_name": "mouseup", "timestamp": "1695939330952", "position": {"x": 209, "y": 1991}}, {"event_name": "keyup", "timestamp": "1695939330961", "position": {"x": 0, "y": 0}}, {"event_name": "scroll", "timestamp": "1695939330962", "position": {"x": 0, "y": 0}}, {"event_name": "mouseover", "timestamp": "1695939331020", "position": {"x": 129, "y": 1872}}, {"event_name": "keydown", "timestamp": "1695939331025", "position": {"x": 0, "y": 0}}, {"event_name": "keydown", "timestamp": "1695939331030", "position": {"x": 0, "y": 0}}, {"event_name": "click", "timestamp": "1695939331045", "position": {"x": 378, "y": 691}}, {"event_name": "keydown", "timestamp": "1695939331050", "position": {"x": 0, "y": 0}}, {"event_name": "scroll", "timestamp": "1695939331051", "position": {"x": 0, "y": 0}}, {"event_name": "mouseover", "timestamp": "1695939331156", "position": {"x": 657, "y": 1003}}, {"event_name": "keyup", "timestamp": "1695939331180", "position": {"x": 0, "y": 0}}, {"event_name": "scroll", "timestamp": "1695939331182", "position": {"x": 0, "y": 0}}, {"event_name": "scroll", "timestamp": "1695939331460", "position": {"x": 0, "y": 0}}, {"event_name": "mouseover", "timestamp": "1695939331627", "position": {"x": 763, "y": 1271}}, {"event_name": "keydown", "timestamp": "1695939331634", "position": {"x": 0, "y": 0}}, {"event_name": "scroll", "timestamp": "1695939331636", "position": {"x": 0, "y": 0}}, {"event_name": "mouseup", "timestamp": "1695939331750", "position": {"x": 498, "y": 675}}, {"event_name": "mouseout", "timestamp": "1695939331916", "position": {"x": 294, "y": 418}}, {"event_name": "keypress", "timestamp": "1695939331922", "position": {"x": 0, "y": 0}}, {"event_name": "scroll", "timestamp": "1695939331928", "position": {"x": 0, "y": 0}}, {"event_name": "scroll", "timestamp": "1695939331959", "position": {"x": 0, "y": 0}}, {"event_name": "click", "timestamp": "1695939332006", "position": {"x": 437, "y": 1353}}, {"event_name": "keypress", "timestamp": "1695939332011", "position": {"x": 0, "y": 0}}, {"event_name": "scroll", "timestamp": "1695939332012", "position": {"x": 0, "y": 0}}, {"event_name": "click", "timestamp": "1695939332053", "position": {"x": 34, "y": 2482}}, {"event_name": "keypress", "timestamp": "1695939332057", "position": {"x": 0, "y": 0}}, {"event_name": "scroll", "timestamp": "1695939332064", "position": {"x": 0, "y": 0}}, {"event_name": "click", "timestamp": "1695939332134", "position": {"x": 408, "y": 1377}}, {"event_name": "keypress", "timestamp": "1695939332140", "position": {"x": 0, "y": 0}}, {"event_name": "scroll", "timestamp": "1695939332152", "position": {"x": 0, "y": 0}}, {"event_name": "dblclick", "timestamp": "1695939332254", "position": {"x": 604, "y": 667}}, {"event_name": "keypress", "timestamp": "1695939332267", "position": {"x": 0, "y": 0}}, {"event_name": "scroll", "timestamp": "1695939332280", "position": {"x": 0, "y": 0}}, {"event_name": "click", "timestamp": "1695939332587", "position": {"x": 143, "y": 376}}, {"event_name": "keydown", "timestamp": "1695939332602", "position": {"x": 0, "y": 0}}, {"event_name": "scroll", "timestamp": "1695939332610", "position": {"x": 0, "y": 0}}, {"event_name": "click", "timestamp": "1695939332657", "position": {"x": 238, "y": 688}}, {"event_name": "keyup", "timestamp": "1695939332660", "position": {"x": 0, "y": 0}}, {"event_name": "scroll", "timestamp": "1695939332662", "position": {"x": 0, "y": 0}}, {"event_name": "mouseover", "timestamp": "1695939332685", "position": {"x": 312, "y": 2046}}, {"event_name": "keydown", "timestamp": "1695939332689", "position": {"x": 0, "y": 0}}, {"event_name": "click", "timestamp": "1695939332692", "position": {"x": 584, "y": 1737}}, {"event_name": "scroll", "timestamp": "1695939332694", "position": {"x": 0, "y": 0}}, {"event_name": "dblclick", "timestamp": "1695939332709", "position": {"x": 102, "y": 1657}}, {"event_name": "keypress", "timestamp": "1695939332715", "position": {"x": 0, "y": 0}}, {"event_name": "keypress", "timestamp": "1695939332718", "position": {"x": 0, "y": 0}}, {"event_name": "scroll", "timestamp": "1695939332719", "position": {"x": 0, "y": 0}}, {"event_name": "click", "timestamp": "1695939332767", "position": {"x": 802, "y": 2379}}, {"event_name": "keypress", "timestamp": "1695939332771", "position": {"x": 0, "y": 0}}, {"event_name": "scroll", "timestamp": "1695939332772", "position": {"x": 0, "y": 0}}, {"event_name": "scroll", "timestamp": "1695939332798", "position": {"x": 0, "y": 0}}, {"event_name": "mousedown", "timestamp": "1695939332899", "position": {"x": 365, "y": 1051}}, {"event_name": "keydown", "timestamp": "1695939332911", "position": {"x": 0, "y": 0}}, {"event_name": "scroll", "timestamp": "1695939332913", "position": {"x": 0, "y": 0}}, {"event_name": "dblclick", "timestamp": "1695939332948", "position": {"x": 626, "y": 1883}}, {"event_name": "mousemove", "timestamp": "1695939333003", "position": {"x": 213, "y": 1962}}, {"event_name": "keyup", "timestamp": "1695939333017", "position": {"x": 0, "y": 0}}, {"event_name": "scroll", "timestamp": "1695939333018", "position": {"x": 0, "y": 0}}, {"event_name": "keydown", "timestamp": "1695939333072", "position": {"x": 0, "y": 0}}, {"event_name": "click", "timestamp": "1695939333082", "position": {"x": 628, "y": 1872}}, {"event_name": "keypress", "timestamp": "1695939333105", "position": {"x": 0, "y": 0}}, {"event_name": "scroll", "timestamp": "1695939333107", "position": {"x": 0, "y": 0}}, {"event_name": "scroll", "timestamp": "1695939333156", "position": {"x": 0, "y": 0}}, {"event_name": "dblclick", "timestamp": "1695939333187", "position": {"x": 730, "y": 1790}}, {"event_name": "keydown", "timestamp": "1695939333198", "position": {"x": 0, "y": 0}}, {"event_name": "keyup", "timestamp": "1695939333212", "position": {"x": 0, "y": 0}}, {"event_name": "scroll", "timestamp": "1695939333227", "position": {"x": 0, "y": 0}}, {"event_name": "click", "timestamp": "1695939333243", "position": {"x": 137, "y": 1157}}, {"event_name": "keypress", "timestamp": "1695939333250", "position": {"x": 0, "y": 0}}, {"event_name": "scroll", "timestamp": "1695939333251", "position": {"x": 0, "y": 0}}, {"event_name": "click", "timestamp": "1695939333349", "position": {"x": 460, "y": 1724}}, {"event_name": "keyup", "timestamp": "1695939333353", "position": {"x": 0, "y": 0}}, {"event_name": "scroll", "timestamp": "1695939333355", "position": {"x": 0, "y": 0}}, {"event_name": "keyup", "timestamp": "1695939333372", "position": {"x": 0, "y": 0}}, {"event_name": "click", "timestamp": "1695939333387", "position": {"x": 439, "y": 2473}}, {"event_name": "keypress", "timestamp": "1695939333393", "position": {"x": 0, "y": 0}}, {"event_name": "click", "timestamp": "1695939333406", "position": {"x": 513, "y": 2358}}, {"event_name": "keydown", "timestamp": "1695939333411", "position": {"x": 0, "y": 0}}, {"event_name": "mousemove", "timestamp": "1695939333425", "position": {"x": 697, "y": 1616}}, {"event_name": "keyup", "timestamp": "1695939333431", "position": {"x": 0, "y": 0}}, {"event_name": "mouseout", "timestamp": "1695939333445", "position": {"x": 48, "y": 2797}}, {"event_name": "keyup", "timestamp": "1695939333452", "position": {"x": 0, "y": 0}}, {"event_name": "mouseover", "timestamp": "1695939333457", "position": {"x": 585, "y": 892}}, {"event_name": "click", "timestamp": "1695939333466", "position": {"x": 408, "y": 870}}, {"event_name": "keypress", "timestamp": "1695939333472", "position": {"x": 0, "y": 0}}, {"event_name": "click", "timestamp": "1695939333488", "position": {"x": 607, "y": 1133}}, {"event_name": "keydown", "timestamp": "1695939333493", "position": {"x": 0, "y": 0}}, {"event_name": "click", "timestamp": "1695939333509", "position": {"x": 625, "y": 2324}}, {"event_name": "keyup", "timestamp": "1695939333518", "position": {"x": 0, "y": 0}}, {"event_name": "click", "timestamp": "1695939333533", "position": {"x": 321, "y": 2382}}, {"event_name": "click", "timestamp": "1695939333557", "position": {"x": 507, "y": 2590}}, {"event_name": "keyup", "timestamp": "1695939333567", "position": {"x": 0, "y": 0}}, {"event_name": "scroll", "timestamp": "1695939333585", "position": {"x": 0, "y": 0}}, {"event_name": "mousedown", "timestamp": "1695939333650", "position": {"x": 312, "y": 630}}, {"event_name": "dblclick", "timestamp": "1695939333670", "position": {"x": 388, "y": 649}}, {"event_name": "keydown", "timestamp": "1695939333678", "position": {"x": 0, "y": 0}}, {"event_name": "scroll", "timestamp": "1695939333680", "position": {"x": 0, "y": 0}}, {"event_name": "keydown", "timestamp": "1695939333716", "position": {"x": 0, "y": 0}}, {"event_name": "mousedown", "timestamp": "1695939333733", "position": {"x": 619, "y": 2976}}, {"event_name": "keypress", "timestamp": "1695939333741", "position": {"x": 0, "y": 0}}, {"event_name": "keydown", "timestamp": "1695939333768", "position": {"x": 0, "y": 0}}, {"event_name": "scroll", "timestamp": "1695939333773", "position": {"x": 0, "y": 0}}, {"event_name": "mouseup", "timestamp": "1695939333803", "position": {"x": 507, "y": 1692}}, {"event_name": "keyup", "timestamp": "1695939333822", "position": {"x": 0, "y": 0}}, {"event_name": "scroll", "timestamp": "1695939333826", "position": {"x": 0, "y": 0}}, {"event_name": "click", "timestamp": "1695939333855", "position": {"x": 781, "y": 1259}}, {"event_name": "mousemove", "timestamp": "1695939333867", "position": {"x": 463, "y": 860}}, {"event_name": "keydown", "timestamp": "1695939333878", "position": {"x": 0, "y": 0}}, {"event_name": "scroll", "timestamp": "1695939333881", "position": {"x": 0, "y": 0}}, {"event_name": "click", "timestamp": "1695939333947", "position": {"x": 287, "y": 2425}}, {"event_name": "keyup", "timestamp": "1695939333973", "position": {"x": 0, "y": 0}}, {"event_name": "scroll", "timestamp": "1695939333986", "position": {"x": 0, "y": 0}}, {"event_name": "dblclick", "timestamp": "1695939334069", "position": {"x": 807, "y": 2463}}, {"event_name": "keydown", "timestamp": "1695939334081", "position": {"x": 0, "y": 0}}, {"event_name": "scroll", "timestamp": "1695939334083", "position": {"x": 0, "y": 0}}, {"event_name": "click", "timestamp": "1695939334140", "position": {"x": 307, "y": 2758}}, {"event_name": "keyup", "timestamp": "1695939334160", "position": {"x": 0, "y": 0}}, {"event_name": "scroll", "timestamp": "1695939334162", "position": {"x": 0, "y": 0}}, {"event_name": "keyup", "timestamp": "1695939334195", "position": {"x": 0, "y": 0}}, {"event_name": "click", "timestamp": "1695939334256", "position": {"x": 235, "y": 1109}}, {"event_name": "keyup", "timestamp": "1695939334272", "position": {"x": 0, "y": 0}}, {"event_name": "scroll", "timestamp": "1695939334275", "position": {"x": 0, "y": 0}}, {"event_name": "scroll", "timestamp": "1695939334326", "position": {"x": 0, "y": 0}}, {"event_name": "mouseover", "timestamp": "1695939334449", "position": {"x": 650, "y": 1234}}, {"event_name": "keydown", "timestamp": "1695939334473", "position": {"x": 0, "y": 0}}, {"event_name": "click", "timestamp": "1695939334536", "position": {"x": 571, "y": 1747}}, {"event_name": "scroll", "timestamp": "1695939334537", "position": {"x": 0, "y": 0}}, {"event_name": "mouseover", "timestamp": "1695939334646", "position": {"x": 263, "y": 1771}}, {"event_name": "keypress", "timestamp": "1695939334651", "position": {"x": 0, "y": 0}}, {"event_name": "scroll", "timestamp": "1695939334686", "position": {"x": 0, "y": 0}}, {"event_name": "dblclick", "timestamp": "1695939334951", "position": {"x": 369, "y": 2666}}, {"event_name": "keydown", "timestamp": "1695939334959", "position": {"x": 0, "y": 0}}, {"event_name": "scroll", "timestamp": "1695939334961", "position": {"x": 0, "y": 0}}, {"event_name": "click", "timestamp": "1695939335021", "position": {"x": 729, "y": 1564}}, {"event_name": "mouseout", "timestamp": "1695939335107", "position": {"x": 712, "y": 1119}}, {"event_name": "keypress", "timestamp": "1695939335124", "position": {"x": 0, "y": 0}}, {"event_name": "scroll", "timestamp": "1695939335125", "position": {"x": 0, "y": 0}}, {"event_name": "click", "timestamp": "1695939335403", "position": {"x": 247, "y": 1823}}, {"event_name": "keypress", "timestamp": "1695939335408", "position": {"x": 0, "y": 0}}, {"event_name": "scroll", "timestamp": "1695939335409", "position": {"x": 0, "y": 0}}, {"event_name": "mousedown", "timestamp": "1695939335570", "position": {"x": 576, "y": 2540}}, {"event_name": "keyup", "timestamp": "1695939335575", "position": {"x": 0, "y": 0}}, {"event_name": "scroll", "timestamp": "1695939335580", "position": {"x": 0, "y": 0}}, {"event_name": "mouseup", "timestamp": "1695939335629", "position": {"x": 751, "y": 521}}, {"event_name": "mouseover", "timestamp": "1695939335792", "position": {"x": 214, "y": 588}}, {"event_name": "keyup", "timestamp": "1695939335805", "position": {"x": 0, "y": 0}}, {"event_name": "scroll", "timestamp": "1695939335807", "position": {"x": 0, "y": 0}}, {"event_name": "mousedown", "timestamp": "1695939335904", "position": {"x": 676, "y": 2032}}, {"event_name": "keyup", "timestamp": "1695939335908", "position": {"x": 0, "y": 0}}, {"event_name": "scroll", "timestamp": "1695939335913", "position": {"x": 0, "y": 0}}, {"event_name": "dblclick", "timestamp": "1695939335995", "position": {"x": 634, "y": 727}}, {"event_name": "keyup", "timestamp": "1695939335999", "position": {"x": 0, "y": 0}}, {"event_name": "scroll", "timestamp": "1695939336000", "position": {"x": 0, "y": 0}}, {"event_name": "scroll", "timestamp": "1695939336035", "position": {"x": 0, "y": 0}}, {"event_name": "mouseover", "timestamp": "1695939336150", "position": {"x": 502, "y": 2116}}, {"event_name": "keydown", "timestamp": "1695939336172", "position": {"x": 0, "y": 0}}, {"event_name": "scroll", "timestamp": "1695939336184", "position": {"x": 0, "y": 0}}, {"event_name": "scroll", "timestamp": "1695939336299", "position": {"x": 0, "y": 0}}, {"event_name": "click", "timestamp": "1695939336368", "position": {"x": 102, "y": 2402}}, {"event_name": "keyup", "timestamp": "1695939336380", "position": {"x": 0, "y": 0}}, {"event_name": "scroll", "timestamp": "1695939336382", "position": {"x": 0, "y": 0}}, {"event_name": "click", "timestamp": "1695939336423", "position": {"x": 689, "y": 2450}}, {"event_name": "click", "timestamp": "1695939336448", "position": {"x": 448, "y": 2279}}, {"event_name": "keydown", "timestamp": "1695939336465", "position": {"x": 0, "y": 0}}, {"event_name": "scroll", "timestamp": "1695939336471", "position": {"x": 0, "y": 0}}, {"event_name": "click", "timestamp": "1695939336540", "position": {"x": 79, "y": 3133}}, {"event_name": "keypress", "timestamp": "1695939336544", "position": {"x": 0, "y": 0}}, {"event_name": "scroll", "timestamp": "1695939336548", "position": {"x": 0, "y": 0}}, {"event_name": "scroll", "timestamp": "1695939336680", "position": {"x": 0, "y": 0}}, {"event_name": "mousedown", "timestamp": "1695939336715", "position": {"x": 465, "y": 1655}}, {"event_name": "keyup", "timestamp": "1695939336727", "position": {"x": 0, "y": 0}}, {"event_name": "scroll", "timestamp": "1695939336736", "position": {"x": 0, "y": 0}}, {"event_name": "keydown", "timestamp": "1695939336857", "position": {"x": 0, "y": 0}}, {"event_name": "keypress", "timestamp": "1695939336997", "position": {"x": 0, "y": 0}}, {"event_name": "keypress", "timestamp": "1695939337154", "position": {"x": 0, "y": 0}}, {"event_name": "scroll", "timestamp": "1695939337222", "position": {"x": 0, "y": 0}}, {"event_name": "keydown", "timestamp": "1695939337314", "position": {"x": 0, "y": 0}}, {"event_name": "scroll", "timestamp": "1695939337402", "position": {"x": 0, "y": 0}}, {"event_name": "scroll", "timestamp": "1695939337469", "position": {"x": 0, "y": 0}}, {"event_name": "keydown", "timestamp": "1695939337801", "position": {"x": 0, "y": 0}}, {"event_name": "scroll", "timestamp": "1695939338005", "position": {"x": 0, "y": 0}}, {"event_name": "scroll", "timestamp": "1695939338022", "position": {"x": 0, "y": 0}}, {"event_name": "mouseover", "timestamp": "1695939338107", "position": {"x": 440, "y": 2800}}, {"event_name": "scroll", "timestamp": "1695939338173", "position": {"x": 0, "y": 0}}, {"event_name": "scroll", "timestamp": "1695939338233", "position": {"x": 0, "y": 0}}, {"event_name": "scroll", "timestamp": "1695939338319", "position": {"x": 0, "y": 0}}, {"event_name": "scroll", "timestamp": "1695939338410", "position": {"x": 0, "y": 0}}, {"event_name": "scroll", "timestamp": "1695939338470", "position": {"x": 0, "y": 0}}, {"event_name": "mouseover", "timestamp": "1695939338487", "position": {"x": 591, "y": 783}}, {"event_name": "click", "timestamp": "1695939338592", "position": {"x": 166, "y": 505}}, {"event_name": "scroll", "timestamp": "1695939338677", "position": {"x": 0, "y": 0}}, {"event_name": "keyup", "timestamp": "1695939338709", "position": {"x": 0, "y": 0}}, {"event_name": "dblclick", "timestamp": "1695939338969", "position": {"x": 147, "y": 2623}}, {"event_name": "scroll", "timestamp": "1695939339137", "position": {"x": 0, "y": 0}}, {"event_name": "keyup", "timestamp": "1695939339187", "position": {"x": 0, "y": 0}}, {"event_name": "keydown", "timestamp": "1695939339384", "position": {"x": 0, "y": 0}}, {"event_name": "click", "timestamp": "1695939339437", "position": {"x": 74, "y": 774}}, {"event_name": "scroll", "timestamp": "1695939339569", "position": {"x": 0, "y": 0}}, {"event_name": "mouseup", "timestamp": "1695939339674", "position": {"x": 109, "y": 1060}}, {"event_name": "scroll", "timestamp": "1695939339853", "position": {"x": 0, "y": 0}}, {"event_name": "keydown", "timestamp": "1695939339873", "position": {"x": 0, "y": 0}}, {"event_name": "scroll", "timestamp": "1695939339936", "position": {"x": 0, "y": 0}}, {"event_name": "keyup", "timestamp": "1695939339993", "position": {"x": 0, "y": 0}}, {"event_name": "keydown", "timestamp": "1695939340083", "position": {"x": 0, "y": 0}}, {"event_name": "keyup", "timestamp": "1695939340158", "position": {"x": 0, "y": 0}}, {"event_name": "scroll", "timestamp": "1695939340196", "position": {"x": 0, "y": 0}}, {"event_name": "scroll", "timestamp": "1695939340226", "position": {"x": 0, "y": 0}}, {"event_name": "scroll", "timestamp": "1695939340278", "position": {"x": 0, "y": 0}}, {"event_name": "mouseover", "timestamp": "1695939340339", "position": {"x": 549, "y": 653}}, {"event_name": "click", "timestamp": "1695939340363", "position": {"x": 438, "y": 798}}, {"event_name": "scroll", "timestamp": "1695939340406", "position": {"x": 0, "y": 0}}, {"event_name": "keypress", "timestamp": "1695939340441", "position": {"x": 0, "y": 0}}, {"event_name": "scroll", "timestamp": "1695939340583", "position": {"x": 0, "y": 0}}, {"event_name": "keypress", "timestamp": "1695939340638", "position": {"x": 0, "y": 0}}, {"event_name": "keyup", "timestamp": "1695939340710", "position": {"x": 0, "y": 0}}, {"event_name": "scroll", "timestamp": "1695939340823", "position": {"x": 0, "y": 0}}, {"event_name": "keyup", "timestamp": "1695939340854", "position": {"x": 0, "y": 0}}, {"event_name": "scroll", "timestamp": "1695939340909", "position": {"x": 0, "y": 0}}, {"event_name": "scroll", "timestamp": "1695939340963", "position": {"x": 0, "y": 0}}, {"event_name": "click", "timestamp": "1695939341060", "position": {"x": 297, "y": 2150}}, {"event_name": "keydown", "timestamp": "1695939341095", "position": {"x": 0, "y": 0}}, {"event_name": "scroll", "timestamp": "1695939341125", "position": {"x": 0, "y": 0}}, {"event_name": "keypress", "timestamp": "1695939341179", "position": {"x": 0, "y": 0}}, {"event_name": "keydown", "timestamp": "1695939341289", "position": {"x": 0, "y": 0}}, {"event_name": "scroll", "timestamp": "1695939341314", "position": {"x": 0, "y": 0}}, {"event_name": "mouseup", "timestamp": "1695939341430", "position": {"x": 85, "y": 1411}}, {"event_name": "scroll", "timestamp": "1695939341458", "position": {"x": 0, "y": 0}}, {"event_name": "keydown", "timestamp": "1695939341480", "position": {"x": 0, "y": 0}}, {"event_name": "dblclick", "timestamp": "1695939341587", "position": {"x": 712, "y": 1314}}, {"event_name": "scroll", "timestamp": "1695939341641", "position": {"x": 0, "y": 0}}, {"event_name": "keydown", "timestamp": "1695939341729", "position": {"x": 0, "y": 0}}, {"event_name": "dblclick", "timestamp": "1695939341764", "position": {"x": 269, "y": 2034}}, {"event_name": "mouseup", "timestamp": "1695939341891", "position": {"x": 364, "y": 2336}}, {"event_name": "mousemove", "timestamp": "1695939341962", "position": {"x": 469, "y": 2346}}, {"event_name": "dblclick", "timestamp": "1695939341999", "position": {"x": 398, "y": 2340}}, {"event_name": "scroll", "timestamp": "1695939342025", "position": {"x": 0, "y": 0}}, {"event_name": "scroll", "timestamp": "1695939342078", "position": {"x": 0, "y": 0}}, {"event_name": "keyup", "timestamp": "1695939342097", "position": {"x": 0, "y": 0}}, {"event_name": "scroll", "timestamp": "1695939342122", "position": {"x": 0, "y": 0}}, {"event_name": "scroll", "timestamp": "1695939342165", "position": {"x": 0, "y": 0}}, {"event_name": "keypress", "timestamp": "1695939342230", "position": {"x": 0, "y": 0}}, {"event_name": "mouseover", "timestamp": "1695939342407", "position": {"x": 223, "y": 1225}}, {"event_name": "scroll", "timestamp": "1695939342464", "position": {"x": 0, "y": 0}}, {"event_name": "scroll", "timestamp": "1695939342620", "position": {"x": 0, "y": 0}}, {"event_name": "scroll", "timestamp": "1695939342665", "position": {"x": 0, "y": 0}}, {"event_name": "scroll", "timestamp": "1695939342697", "position": {"x": 0, "y": 0}}, {"event_name": "scroll", "timestamp": "1695939342738", "position": {"x": 0, "y": 0}}, {"event_name": "scroll", "timestamp": "1695939342788", "position": {"x": 0, "y": 0}}, {"event_name": "mousemove", "timestamp": "1695939342925", "position": {"x": 192, "y": 1411}}, {"event_name": "keypress", "timestamp": "1695939342940", "position": {"x": 0, "y": 0}}, {"event_name": "scroll", "timestamp": "1695939342959", "position": {"x": 0, "y": 0}}, {"event_name": "scroll", "timestamp": "1695939343022", "position": {"x": 0, "y": 0}}, {"event_name": "scroll", "timestamp": "1695939343042", "position": {"x": 0, "y": 0}}, {"event_name": "click", "timestamp": "1695939343094", "position": {"x": 96, "y": 2516}}, {"event_name": "click", "timestamp": "1695939343125", "position": {"x": 277, "y": 2414}}, {"event_name": "keydown", "timestamp": "1695939343139", "position": {"x": 0, "y": 0}}, {"event_name": "keypress", "timestamp": "1695939343155", "position": {"x": 0, "y": 0}}, {"event_name": "scroll", "timestamp": "1695939343190", "position": {"x": 0, "y": 0}}, {"event_name": "keyup", "timestamp": "1695939343222", "position": {"x": 0, "y": 0}}, {"event_name": "keypress", "timestamp": "1695939343262", "position": {"x": 0, "y": 0}}, {"event_name": "scroll", "timestamp": "1695939343290", "position": {"x": 0, "y": 0}}, {"event_name": "keyup", "timestamp": "1695939343323", "position": {"x": 0, "y": 0}}, {"event_name": "keydown", "timestamp": "1695939343375", "position": {"x": 0, "y": 0}}, {"event_name": "dblclick", "timestamp": "1695939343400", "position": {"x": 611, "y": 2093}}, {"event_name": "keyup", "timestamp": "1695939343433", "position": {"x": 0, "y": 0}}, {"event_name": "keyup", "timestamp": "1695939343474", "position": {"x": 0, "y": 0}}, {"event_name": "keyup", "timestamp": "1695939343502", "position": {"x": 0, "y": 0}}, {"event_name": "scroll", "timestamp": "1695939343521", "position": {"x": 0, "y": 0}}, {"event_name": "scroll", "timestamp": "1695939343557", "position": {"x": 0, "y": 0}}, {"event_name": "click", "timestamp": "1695939343586", "position": {"x": 65, "y": 1907}}, {"event_name": "click", "timestamp": "1695939343606", "position": {"x": 516, "y": 1914}}, {"event_name": "mouseout", "timestamp": "1695939343649", "position": {"x": 311, "y": 1754}}, {"event_name": "mouseover", "timestamp": "1695939343760", "position": {"x": 779, "y": 1743}}, {"event_name": "click", "timestamp": "1695939343782", "position": {"x": 545, "y": 1633}}, {"event_name": "scroll", "timestamp": "1695939343845", "position": {"x": 0, "y": 0}}, {"event_name": "scroll", "timestamp": "1695939343872", "position": {"x": 0, "y": 0}}, {"event_name": "scroll", "timestamp": "1695939343925", "position": {"x": 0, "y": 0}}, {"event_name": "keypress", "timestamp": "1695939344104", "position": {"x": 0, "y": 0}}, {"event_name": "keyup", "timestamp": "1695939344205", "position": {"x": 0, "y": 0}}, {"event_name": "mousemove", "timestamp": "1695939344217", "position": {"x": 333, "y": 2382}}, {"event_name": "scroll", "timestamp": "1695939344312", "position": {"x": 0, "y": 0}}, {"event_name": "scroll", "timestamp": "1695939344425", "position": {"x": 0, "y": 0}}, {"event_name": "keydown", "timestamp": "1695939344473", "position": {"x": 0, "y": 0}}, {"event_name": "keydown", "timestamp": "1695939344523", "position": {"x": 0, "y": 0}}, {"event_name": "mousedown", "timestamp": "1695939344587", "position": {"x": 524, "y": 479}}, {"event_name": "mouseover", "timestamp": "1695939344633", "position": {"x": 552, "y": 790}}, {"event_name": "scroll", "timestamp": "1695939344660", "position": {"x": 0, "y": 0}}, {"event_name": "scroll", "timestamp": "1695939344676", "position": {"x": 0, "y": 0}}, {"event_name": "keydown", "timestamp": "1695939344713", "position": {"x": 0, "y": 0}}, {"event_name": "keypress", "timestamp": "1695939344746", "position": {"x": 0, "y": 0}}, {"event_name": "keydown", "timestamp": "1695939344765", "position": {"x": 0, "y": 0}}, {"event_name": "scroll", "timestamp": "1695939344792", "position": {"x": 0, "y": 0}}, {"event_name": "dblclick", "timestamp": "1695939344888", "position": {"x": 150, "y": 221}}, {"event_name": "click", "timestamp": "1695939344966", "position": {"x": 117, "y": 451}}, {"event_name": "keypress", "timestamp": "1695939344986", "position": {"x": 0, "y": 0}}, {"event_name": "mouseup", "timestamp": "1695939345022", "position": {"x": 315, "y": 248}}, {"event_name": "scroll", "timestamp": "1695939345049", "position": {"x": 0, "y": 0}}, {"event_name": "keydown", "timestamp": "1695939345071", "position": {"x": 0, "y": 0}}, {"event_name": "scroll", "timestamp": "1695939345227", "position": {"x": 0, "y": 0}}, {"event_name": "click", "timestamp": "1695939345295", "position": {"x": 183, "y": 413}}, {"event_name": "scroll", "timestamp": "1695939345342", "position": {"x": 0, "y": 0}}, {"event_name": "keydown", "timestamp": "1695939345374", "position": {"x": 0, "y": 0}}, {"event_name": "mousedown", "timestamp": "1695939345390", "position": {"x": 315, "y": 1841}}, {"event_name": "mousemove", "timestamp": "1695939345419", "position": {"x": 685, "y": 1558}}, {"event_name": "scroll", "timestamp": "1695939345474", "position": {"x": 0, "y": 0}}, {"event_name": "keydown", "timestamp": "1695939345509", "position": {"x": 0, "y": 0}}, {"event_name": "keypress", "timestamp": "1695939345582", "position": {"x": 0, "y": 0}}, {"event_name": "keypress", "timestamp": "1695939345611", "position": {"x": 0, "y": 0}}, {"event_name": "scroll", "timestamp": "1695939345674", "position": {"x": 0, "y": 0}}, {"event_name": "dblclick", "timestamp": "1695939345711", "position": {"x": 310, "y": 2511}}, {"event_name": "keypress", "timestamp": "1695939345743", "position": {"x": 0, "y": 0}}, {"event_name": "mouseout", "timestamp": "1695939345755", "position": {"x": 744, "y": 2630}}, {"event_name": "mouseout", "timestamp": "1695939345767", "position": {"x": 236, "y": 2781}}, {"event_name": "keyup", "timestamp": "1695939345793", "position": {"x": 0, "y": 0}}, {"event_name": "keydown", "timestamp": "1695939345814", "position": {"x": 0, "y": 0}}, {"event_name": "mouseout", "timestamp": "1695939345853", "position": {"x": 556, "y": 2544}}, {"event_name": "scroll", "timestamp": "1695939345964", "position": {"x": 0, "y": 0}}, {"event_name": "scroll", "timestamp": "1695939345976", "position": {"x": 0, "y": 0}}, {"event_name": "scroll", "timestamp": "1695939346015", "position": {"x": 0, "y": 0}}, {"event_name": "mouseup", "timestamp": "1695939346041", "position": {"x": 69, "y": 1828}}, {"event_name": "scroll", "timestamp": "1695939346143", "position": {"x": 0, "y": 0}}, {"event_name": "scroll", "timestamp": "1695939346218", "position": {"x": 0, "y": 0}}, {"event_name": "dblclick", "timestamp": "1695939346243", "position": {"x": 589, "y": 399}}, {"event_name": "keydown", "timestamp": "1695939346289", "position": {"x": 0, "y": 0}}, {"event_name": "scroll", "timestamp": "1695939346364", "position": {"x": 0, "y": 0}}, {"event_name": "mouseover", "timestamp": "1695939346404", "position": {"x": 380, "y": 2463}}, {"event_name": "scroll", "timestamp": "1695939346435", "position": {"x": 0, "y": 0}}, {"event_name": "mouseup", "timestamp": "1695939346450", "position": {"x": 793, "y": 2304}}, {"event_name": "dblclick", "timestamp": "1695939346467", "position": {"x": 309, "y": 2447}}, {"event_name": "keydown", "timestamp": "1695939346483", "position": {"x": 0, "y": 0}}, {"event_name": "keyup", "timestamp": "1695939346504", "position": {"x": 0, "y": 0}}, {"event_name": "mouseout", "timestamp": "1695939346542", "position": {"x": 47, "y": 2410}}, {"event_name": "keyup", "timestamp": "1695939346568", "position": {"x": 0, "y": 0}}, {"event_name": "click", "timestamp": "1695939346665", "position": {"x": 622, "y": 2395}}, {"event_name": "keypress", "timestamp": "1695939346686", "position": {"x": 0, "y": 0}}, {"event_name": "scroll", "timestamp": "1695939346743", "position": {"x": 0, "y": 0}}, {"event_name": "scroll", "timestamp": "1695939346783", "position": {"x": 0, "y": 0}}, {"event_name": "scroll", "timestamp": "1695939346808", "position": {"x": 0, "y": 0}}, {"event_name": "scroll", "timestamp": "1695939346831", "position": {"x": 0, "y": 0}}, {"event_name": "scroll", "timestamp": "1695939346898", "position": {"x": 0, "y": 0}}, {"event_name": "scroll", "timestamp": "1695939346926", "position": {"x": 0, "y": 0}}, {"event_name": "scroll", "timestamp": "1695939346958", "position": {"x": 0, "y": 0}}, {"event_name": "mouseout", "timestamp": "1695939346987", "position": {"x": 88, "y": 1178}}, {"event_name": "scroll", "timestamp": "1695939347018", "position": {"x": 0, "y": 0}}, {"event_name": "keypress", "timestamp": "1695939347101", "position": {"x": 0, "y": 0}}, {"event_name": "scroll", "timestamp": "1695939347133", "position": {"x": 0, "y": 0}}, {"event_name": "keypress", "timestamp": "1695939347156", "position": {"x": 0, "y": 0}}, {"event_name": "scroll", "timestamp": "1695939347198", "position": {"x": 0, "y": 0}}, {"event_name": "scroll", "timestamp": "1695939347267", "position": {"x": 0, "y": 0}}, {"event_name": "scroll", "timestamp": "1695939347285", "position": {"x": 0, "y": 0}}, {"event_name": "scroll", "timestamp": "1695939347400", "position": {"x": 0, "y": 0}}, {"event_name": "keypress", "timestamp": "1695939347420", "position": {"x": 0, "y": 0}}]}