{"user_id": "0fdf87a7-cc0a-474c-b2a6-d73e43809372", "device": "desktop", "trace": [{"event_name": "load", "timestamp": "1695937560014", "position": {"x": 0, "y": 0}}, {"event_name": "pageshow", "timestamp": "1695937560014", "position": {"x": 0, "y": 0}}, {"event_name": "keydown", "timestamp": "1695937561139", "position": {"x": 0, "y": 0}}, {"event_name": "dblclick", "timestamp": "1695937561142", "position": {"x": 603, "y": 153}}, {"event_name": "keypress", "timestamp": "1695937561144", "position": {"x": 0, "y": 0}}, {"event_name": "scroll", "timestamp": "1695937561155", "position": {"x": 0, "y": 0}}, {"event_name": "mouseover", "timestamp": "1695937561157", "position": {"x": 366, "y": 2395}}, {"event_name": "keydown", "timestamp": "1695937561158", "position": {"x": 0, "y": 0}}, {"event_name": "mouseout", "timestamp": "1695937561169", "position": {"x": 357, "y": 2082}}, {"event_name": "keydown", "timestamp": "1695937561170", "position": {"x": 0, "y": 0}}, {"event_name": "scroll", "timestamp": "1695937561171", "position": {"x": 0, "y": 0}}, {"event_name": "keyup", "timestamp": "1695937561174", "position": {"x": 0, "y": 0}}, {"event_name": "dblclick", "timestamp": "1695937561182", "position": {"x": 78, "y": 2408}}, {"event_name": "keyup", "timestamp": "1695937561184", "position": {"x": 0, "y": 0}}, {"event_name": "scroll", "timestamp": "1695937561188", "position": {"x": 0, "y": 0}}, {"event_name": "click", "timestamp": "1695937561195", "position": {"x": 487, "y": 2503}}, {"event_name": "keydown", "timestamp": "1695937561197", "position": {"x": 0, "y": 0}}, {"event_name": "keypress", "timestamp": "1695937561198", "position": {"x": 0, "y": 0}}, {"event_name": "scroll", "timestamp": "1695937561205", "position": {"x": 0, "y": 0}}, {"event_name": "mouseup", "timestamp": "1695937561208", "position": {"x": 146, "y": 2561}}, {"event_name": "keyup", "timestamp": "1695937561213", "position": {"x": 0, "y": 0}}, {"event_name": "scroll", "timestamp": "1695937561221", "position": {"x": 0, "y": 0}}, {"event_name": "mouseout", "timestamp": "1695937561225", "position": {"x": 737, "y": 1571}}, {"event_name": "keyup", "timestamp": "1695937561227", "position": {"x": 0, "y": 0}}, {"event_name": "scroll", "timestamp": "1695937561277", "position": {"x": 0, "y": 0}}, {"event_name": "mouseup", "timestamp": "1695937561282", "position": {"x": 631, "y": 2379}}, {"event_name": "keypress", "timestamp": "1695937561288", "position": {"x": 0, "y": 0}}, {"event_name": "scroll", "timestamp": "1695937561293", "position": {"x": 0, "y": 0}}, {"event_name": "mouseover", "timestamp": "1695937561306", "position": {"x": 149, "y": 790}}, {"event_name": "keypress", "timestamp": "1695937561309", "position": {"x": 0, "y": 0}}, {"event_name": "scroll", "timestamp": "1695937561310", "position": {"x": 0, "y": 0}}, {"event_name": "click", "timestamp": "1695937561325", "position": {"x": 300, "y": 2135}}, {"event_name": "keyup", "timestamp": "1695937561332", "position": {"x": 0, "y": 0}}, {"event_name": "scroll", "timestamp": "1695937561333", "position": {"x": 0, "y": 0}}, {"event_name": "click", "timestamp": "1695937561341", "position": {"x": 57, "y": 2523}}, {"event_name": "mousedown", "timestamp": "1695937561348", "position": {"x": 625, "y": 2635}}, {"event_name": "keyup", "timestamp": "1695937561356", "position": {"x": 0, "y": 0}}, {"event_name": "scroll", "timestamp": "1695937561357", "position": {"x": 0, "y": 0}}, {"event_name": "mouseover", "timestamp": "1695937561370", "position": {"x": 509, "y": 1751}}, {"event_name": "keydown", "timestamp": "1695937561374", "position": {"x": 0, "y": 0}}, {"event_name": "scroll", "timestamp": "1695937561375", "position": {"x": 0, "y": 0}}, {"event_name": "keydown", "timestamp": "1695937561381", "position": {"x": 0, "y": 0}}, {"event_name": "mousedown", "timestamp": "1695937561388", "position": {"x": 355, "y": 1088}}, {"event_name": "keydown", "timestamp": "1695937561391", "position": {"x": 0, "y": 0}}, {"event_name": "scroll", "timestamp": "1695937561392", "position": {"x": 0, "y": 0}}, {"event_name": "dblclick", "timestamp": "1695937561403", "position": {"x": 168, "y": 539}}, {"event_name": "mouseover", "timestamp": "1695937561408", "position": {"x": 728, "y": 319}}, {"event_name": "keyup", "timestamp": "1695937561412", "position": {"x": 0, "y": 0}}, {"event_name": "scroll", "timestamp": "1695937561413", "position": {"x": 0, "y": 0}}, {"event_name": "click", "timestamp": "1695937561434", "position": {"x": 791, "y": 1831}}, {"event_name": "keyup", "timestamp": "1695937561440", "position": {"x": 0, "y": 0}}, {"event_name": "scroll", "timestamp": "1695937561441", "position": {"x": 0, "y": 0}}, {"event_name": "dblclick", "timestamp": "1695937561453", "position": {"x": 155, "y": 2197}}, {"event_name": "click", "timestamp": "1695937561468", "position": {"x": 357, "y": 1909}}, {"event_name": "keyup", "timestamp": "1695937561478", "position": {"x": 0, "y": 0}}, {"event_name": "scroll", "timestamp": "1695937561479", "position": {"x": 0, "y": 0}}, {"event_name": "click", "timestamp": "1695937561532", "position": {"x": 647, "y": 2239}}, {"event_name": "keyup", "timestamp": "1695937561540", "position": {"x": 0, "y": 0}}, {"event_name": "click", "timestamp": "1695937561544", "position": {"x": 157, "y": 350}}, {"event_name": "scroll", "timestamp": "1695937561545", "position": {"x": 0, "y": 0}}, {"event_name": "mousedown", "timestamp": "1695937561613", "position": {"x": 416, "y": 665}}, {"event_name": "keyup", "timestamp": "1695937561621", "position": {"x": 0, "y": 0}}, {"event_name": "scroll", "timestamp": "1695937561622", "position": {"x": 0, "y": 0}}, {"event_name": "keypress", "timestamp": "1695937561682", "position": {"x": 0, "y": 0}}, {"event_name": "dblclick", "timestamp": "1695937561689", "position": {"x": 124, "y": 917}}, {"event_name": "keyup", "timestamp": "1695937561693", "position": {"x": 0, "y": 0}}, {"event_name": "dblclick", "timestamp": "1695937561697", "position": {"x": 52, "y": 1356}}, {"event_name": "scroll", "timestamp": "1695937561699", "position": {"x": 0, "y": 0}}, {"event_name": "dblclick", "timestamp": "1695937561935", "position": {"x": 338, "y": 1346}}, {"event_name": "keydown", "timestamp": "1695937561942", "position": {"x": 0, "y": 0}}, {"event_name": "scroll", "timestamp": "1695937561943", "position": {"x": 0, "y": 0}}, {"event_name": "click", "timestamp": "1695937562123", "position": {"x": 328, "y": 2830}}, {"event_name": "mousemove", "timestamp": "1695937562325", "position": {"x": 156, "y": 2635}}, {"event_name": "keypress", "timestamp": "1695937562329", "position": {"x": 0, "y": 0}}, {"event_name": "scroll", "timestamp": "1695937562330", "position": {"x": 0, "y": 0}}, {"event_name": "scroll", "timestamp": "1695937562987", "position": {"x": 0, "y": 0}}, {"event_name": "click", "timestamp": "1695937563034", "position": {"x": 816, "y": 2440}}, {"event_name": "keyup", "timestamp": "1695937563039", "position": {"x": 0, "y": 0}}, {"event_name": "scroll", "timestamp": "1695937563040", "position": {"x": 0, "y": 0}}, {"event_name": "keyup", "timestamp": "1695937563068", "position": {"x": 0, "y": 0}}, {"event_name": "mouseover", "timestamp": "1695937563074", "position": {"x": 474, "y": 1867}}, {"event_name": "keypress", "timestamp": "1695937563077", "position": {"x": 0, "y": 0}}, {"event_name": "scroll", "timestamp": "1695937563079", "position": {"x": 0, "y": 0}}, {"event_name": "click", "timestamp": "1695937563095", "position": {"x": 460, "y": 2770}}, {"event_name": "keydown", "timestamp": "1695937563098", "position": {"x": 0, "y": 0}}, {"event_name": "scroll", "timestamp": "1695937563098", "position": {"x": 0, "y": 0}}, {"event_name": "mouseout", "timestamp": "1695937563104", "position": {"x": 510, "y": 1656}}, {"event_name": "dblclick", "timestamp": "1695937563112", "position": {"x": 245, "y": 1611}}, {"event_name": "keyup", "timestamp": "1695937563115", "position": {"x": 0, "y": 0}}, {"event_name": "scroll", "timestamp": "1695937563124", "position": {"x": 0, "y": 0}}, {"event_name": "click", "timestamp": "1695937563131", "position": {"x": 126, "y": 1703}}, {"event_name": "keydown", "timestamp": "1695937563135", "position": {"x": 0, "y": 0}}, {"event_name": "scroll", "timestamp": "1695937563298", "position": {"x": 0, "y": 0}}, {"event_name": "scroll", "timestamp": "1695937563350", "position": {"x": 0, "y": 0}}, {"event_name": "mousemove", "timestamp": "1695937563380", "position": {"x": 505, "y": 2815}}, {"event_name": "keyup", "timestamp": "1695937563386", "position": {"x": 0, "y": 0}}, {"event_name": "scroll", "timestamp": "1695937563387", "position": {"x": 0, "y": 0}}, {"event_name": "click", "timestamp": "1695937563807", "position": {"x": 13, "y": 1779}}, {"event_name": "keyup", "timestamp": "1695937563815", "position": {"x": 0, "y": 0}}, {"event_name": "scroll", "timestamp": "1695937563816", "position": {"x": 0, "y": 0}}, {"event_name": "dblclick", "timestamp": "1695937563853", "position": {"x": 800, "y": 2121}}, {"event_name": "keyup", "timestamp": "1695937563857", "position": {"x": 0, "y": 0}}, {"event_name": "scroll", "timestamp": "1695937563858", "position": {"x": 0, "y": 0}}, {"event_name": "mouseup", "timestamp": "1695937563867", "position": {"x": 306, "y": 1975}}, {"event_name": "mouseup", "timestamp": "1695937563872", "position": {"x": 329, "y": 2019}}, {"event_name": "keypress", "timestamp": "1695937563875", "position": {"x": 0, "y": 0}}, {"event_name": "scroll", "timestamp": "1695937563876", "position": {"x": 0, "y": 0}}, {"event_name": "mouseup", "timestamp": "1695937564979", "position": {"x": 304, "y": 1401}}, {"event_name": "keyup", "timestamp": "1695937564983", "position": {"x": 0, "y": 0}}, {"event_name": "scroll", "timestamp": "1695937564984", "position": {"x": 0, "y": 0}}, {"event_name": "scroll", "timestamp": "1695937565024", "position": {"x": 0, "y": 0}}, {"event_name": "click", "timestamp": "1695937565056", "position": {"x": 338, "y": 1770}}, {"event_name": "keydown", "timestamp": "1695937565060", "position": {"x": 0, "y": 0}}, {"event_name": "scroll", "timestamp": "1695937565061", "position": {"x": 0, "y": 0}}, {"event_name": "click", "timestamp": "1695937565075", "position": {"x": 338, "y": 2137}}, {"event_name": "keydown", "timestamp": "1695937565078", "position": {"x": 0, "y": 0}}, {"event_name": "scroll", "timestamp": "1695937565082", "position": {"x": 0, "y": 0}}, {"event_name": "mousemove", "timestamp": "1695937565097", "position": {"x": 296, "y": 1970}}, {"event_name": "keypress", "timestamp": "1695937565101", "position": {"x": 0, "y": 0}}, {"event_name": "scroll", "timestamp": "1695937565103", "position": {"x": 0, "y": 0}}, {"event_name": "mouseover", "timestamp": "1695937565119", "position": {"x": 591, "y": 2766}}, {"event_name": "keypress", "timestamp": "1695937565123", "position": {"x": 0, "y": 0}}, {"event_name": "keypress", "timestamp": "1695937565125", "position": {"x": 0, "y": 0}}, {"event_name": "scroll", "timestamp": "1695937565129", "position": {"x": 0, "y": 0}}, {"event_name": "click", "timestamp": "1695937565145", "position": {"x": 753, "y": 1518}}, {"event_name": "keydown", "timestamp": "1695937565158", "position": {"x": 0, "y": 0}}, {"event_name": "scroll", "timestamp": "1695937565160", "position": {"x": 0, "y": 0}}, {"event_name": "mouseover", "timestamp": "1695937565229", "position": {"x": 703, "y": 472}}, {"event_name": "keypress", "timestamp": "1695937565234", "position": {"x": 0, "y": 0}}, {"event_name": "scroll", "timestamp": "1695937565236", "position": {"x": 0, "y": 0}}, {"event_name": "keypress", "timestamp": "1695937565282", "position": {"x": 0, "y": 0}}, {"event_name": "dblclick", "timestamp": "1695937565293", "position": {"x": 144, "y": 881}}, {"event_name": "keyup", "timestamp": "1695937565297", "position": {"x": 0, "y": 0}}, {"event_name": "dblclick", "timestamp": "1695937565311", "position": {"x": 165, "y": 576}}, {"event_name": "keyup", "timestamp": "1695937565317", "position": {"x": 0, "y": 0}}, {"event_name": "keypress", "timestamp": "1695937565336", "position": {"x": 0, "y": 0}}, {"event_name": "scroll", "timestamp": "1695937565337", "position": {"x": 0, "y": 0}}, {"event_name": "mouseover", "timestamp": "1695937565378", "position": {"x": 364, "y": 339}}, {"event_name": "keypress", "timestamp": "1695937565390", "position": {"x": 0, "y": 0}}, {"event_name": "scroll", "timestamp": "1695937565392", "position": {"x": 0, "y": 0}}, {"event_name": "scroll", "timestamp": "1695937565502", "position": {"x": 0, "y": 0}}, {"event_name": "mouseover", "timestamp": "1695937566026", "position": {"x": 236, "y": 2751}}, {"event_name": "keypress", "timestamp": "1695937566033", "position": {"x": 0, "y": 0}}, {"event_name": "scroll", "timestamp": "1695937566036", "position": {"x": 0, "y": 0}}, {"event_name": "click", "timestamp": "1695937566257", "position": {"x": 425, "y": 1421}}, {"event_name": "click", "timestamp": "1695937566456", "position": {"x": 48, "y": 1881}}, {"event_name": "keypress", "timestamp": "1695937566460", "position": {"x": 0, "y": 0}}, {"event_name": "scroll", "timestamp": "1695937566461", "position": {"x": 0, "y": 0}}, {"event_name": "keyup", "timestamp": "1695937566475", "position": {"x": 0, "y": 0}}, {"event_name": "scroll", "timestamp": "1695937566477", "position": {"x": 0, "y": 0}}, {"event_name": "click", "timestamp": "1695937566708", "position": {"x": 523, "y": 1135}}, {"event_name": "keyup", "timestamp": "1695937566710", "position": {"x": 0, "y": 0}}, {"event_name": "scroll", "timestamp": "1695937566712", "position": {"x": 0, "y": 0}}, {"event_name": "dblclick", "timestamp": "1695937566725", "position": {"x": 246, "y": 2300}}, {"event_name": "keypress", "timestamp": "1695937566728", "position": {"x": 0, "y": 0}}, {"event_name": "scroll", "timestamp": "1695937566728", "position": {"x": 0, "y": 0}}, {"event_name": "click", "timestamp": "1695937567123", "position": {"x": 123, "y": 180}}, {"event_name": "keypress", "timestamp": "1695937567134", "position": {"x": 0, "y": 0}}, {"event_name": "scroll", "timestamp": "1695937567157", "position": {"x": 0, "y": 0}}, {"event_name": "mouseover", "timestamp": "1695937567406", "position": {"x": 217, "y": 285}}, {"event_name": "keypress", "timestamp": "1695937567410", "position": {"x": 0, "y": 0}}, {"event_name": "mousemove", "timestamp": "1695937567426", "position": {"x": 373, "y": 727}}, {"event_name": "keypress", "timestamp": "1695937567429", "position": {"x": 0, "y": 0}}, {"event_name": "click", "timestamp": "1695937567440", "position": {"x": 441, "y": 764}}, {"event_name": "keyup", "timestamp": "1695937567444", "position": {"x": 0, "y": 0}}, {"event_name": "dblclick", "timestamp": "1695937567457", "position": {"x": 259, "y": 2537}}, {"event_name": "keydown", "timestamp": "1695937567460", "position": {"x": 0, "y": 0}}, {"event_name": "mouseover", "timestamp": "1695937567462", "position": {"x": 354, "y": 2287}}, {"event_name": "click", "timestamp": "1695937567476", "position": {"x": 753, "y": 1991}}, {"event_name": "keypress", "timestamp": "1695937567480", "position": {"x": 0, "y": 0}}, {"event_name": "click", "timestamp": "1695937567482", "position": {"x": 635, "y": 864}}, {"event_name": "click", "timestamp": "1695937567495", "position": {"x": 139, "y": 1026}}, {"event_name": "keyup", "timestamp": "1695937567498", "position": {"x": 0, "y": 0}}, {"event_name": "mouseover", "timestamp": "1695937567511", "position": {"x": 356, "y": 795}}, {"event_name": "keypress", "timestamp": "1695937567514", "position": {"x": 0, "y": 0}}, {"event_name": "keydown", "timestamp": "1695937567517", "position": {"x": 0, "y": 0}}, {"event_name": "mousemove", "timestamp": "1695937567529", "position": {"x": 500, "y": 2388}}, {"event_name": "keypress", "timestamp": "1695937567532", "position": {"x": 0, "y": 0}}, {"event_name": "mouseout", "timestamp": "1695937567547", "position": {"x": 747, "y": 2867}}, {"event_name": "keyup", "timestamp": "1695937567552", "position": {"x": 0, "y": 0}}, {"event_name": "click", "timestamp": "1695937567558", "position": {"x": 618, "y": 862}}, {"event_name": "mouseout", "timestamp": "1695937567568", "position": {"x": 719, "y": 1157}}, {"event_name": "keyup", "timestamp": "1695937567577", "position": {"x": 0, "y": 0}}, {"event_name": "click", "timestamp": "1695937567595", "position": {"x": 573, "y": 482}}, {"event_name": "keyup", "timestamp": "1695937567601", "position": {"x": 0, "y": 0}}, {"event_name": "keyup", "timestamp": "1695937567608", "position": {"x": 0, "y": 0}}, {"event_name": "mouseout", "timestamp": "1695937567618", "position": {"x": 45, "y": 1389}}, {"event_name": "keydown", "timestamp": "1695937567628", "position": {"x": 0, "y": 0}}, {"event_name": "click", "timestamp": "1695937567646", "position": {"x": 327, "y": 2617}}, {"event_name": "keyup", "timestamp": "1695937567654", "position": {"x": 0, "y": 0}}, {"event_name": "keydown", "timestamp": "1695937567662", "position": {"x": 0, "y": 0}}, {"event_name": "mouseout", "timestamp": "1695937567676", "position": {"x": 133, "y": 2090}}, {"event_name": "keydown", "timestamp": "1695937567686", "position": {"x": 0, "y": 0}}, {"event_name": "mouseover", "timestamp": "1695937567707", "position": {"x": 845, "y": 1690}}, {"event_name": "keydown", "timestamp": "1695937567718", "position": {"x": 0, "y": 0}}, {"event_name": "dblclick", "timestamp": "1695937567742", "position": {"x": 81, "y": 843}}, {"event_name": "keydown", "timestamp": "1695937567749", "position": {"x": 0, "y": 0}}, {"event_name": "mouseup", "timestamp": "1695937567771", "position": {"x": 291, "y": 2401}}, {"event_name": "keydown", "timestamp": "1695937567784", "position": {"x": 0, "y": 0}}, {"event_name": "mouseover", "timestamp": "1695937567802", "position": {"x": 263, "y": 2413}}, {"event_name": "keydown", "timestamp": "1695937567816", "position": {"x": 0, "y": 0}}, {"event_name": "keypress", "timestamp": "1695937567825", "position": {"x": 0, "y": 0}}, {"event_name": "click", "timestamp": "1695937567842", "position": {"x": 119, "y": 2345}}, {"event_name": "keypress", "timestamp": "1695937567854", "position": {"x": 0, "y": 0}}, {"event_name": "mousemove", "timestamp": "1695937567877", "position": {"x": 650, "y": 452}}, {"event_name": "keydown", "timestamp": "1695937567892", "position": {"x": 0, "y": 0}}, {"event_name": "keypress", "timestamp": "1695937567900", "position": {"x": 0, "y": 0}}, {"event_name": "click", "timestamp": "1695937567920", "position": {"x": 403, "y": 764}}, {"event_name": "keyup", "timestamp": "1695937567938", "position": {"x": 0, "y": 0}}, {"event_name": "keydown", "timestamp": "1695937567949", "position": {"x": 0, "y": 0}}, {"event_name": "scroll", "timestamp": "1695937567958", "position": {"x": 0, "y": 0}}, {"event_name": "click", "timestamp": "1695937568016", "position": {"x": 799, "y": 812}}, {"event_name": "keydown", "timestamp": "1695937568035", "position": {"x": 0, "y": 0}}, {"event_name": "scroll", "timestamp": "1695937568038", "position": {"x": 0, "y": 0}}, {"event_name": "mouseover", "timestamp": "1695937573205", "position": {"x": 470, "y": 163}}, {"event_name": "keypress", "timestamp": "1695937573227", "position": {"x": 0, "y": 0}}, {"event_name": "scroll", "timestamp": "1695937573228", "position": {"x": 0, "y": 0}}, {"event_name": "mouseup", "timestamp": "1695937573939", "position": {"x": 73, "y": 471}}, {"event_name": "keyup", "timestamp": "1695937573943", "position": {"x": 0, "y": 0}}, {"event_name": "scroll", "timestamp": "1695937573944", "position": {"x": 0, "y": 0}}, {"event_name": "keypress", "timestamp": "1695937573966", "position": {"x": 0, "y": 0}}, {"event_name": "mousemove", "timestamp": "1695937573982", "position": {"x": 311, "y": 1106}}, {"event_name": "keydown", "timestamp": "1695937573989", "position": {"x": 0, "y": 0}}, {"event_name": "scroll", "timestamp": "1695937573991", "position": {"x": 0, "y": 0}}, {"event_name": "keyup", "timestamp": "1695937573998", "position": {"x": 0, "y": 0}}, {"event_name": "mouseover", "timestamp": "1695937574017", "position": {"x": 441, "y": 2415}}, {"event_name": "keydown", "timestamp": "1695937574021", "position": {"x": 0, "y": 0}}, {"event_name": "keydown", "timestamp": "1695937574026", "position": {"x": 0, "y": 0}}, {"event_name": "scroll", "timestamp": "1695937574027", "position": {"x": 0, "y": 0}}, {"event_name": "mousedown", "timestamp": "1695937574052", "position": {"x": 69, "y": 2203}}, {"event_name": "keydown", "timestamp": "1695937574057", "position": {"x": 0, "y": 0}}, {"event_name": "scroll", "timestamp": "1695937574059", "position": {"x": 0, "y": 0}}, {"event_name": "keypress", "timestamp": "1695937574068", "position": {"x": 0, "y": 0}}, {"event_name": "dblclick", "timestamp": "1695937574079", "position": {"x": 786, "y": 764}}, {"event_name": "keypress", "timestamp": "1695937574085", "position": {"x": 0, "y": 0}}, {"event_name": "scroll", "timestamp": "1695937574086", "position": {"x": 0, "y": 0}}, {"event_name": "click", "timestamp": "1695937574110", "position": {"x": 795, "y": 1403}}, {"event_name": "keypress", "timestamp": "1695937574117", "position": {"x": 0, "y": 0}}, {"event_name": "scroll", "timestamp": "1695937574118", "position": {"x": 0, "y": 0}}, {"event_name": "click", "timestamp": "1695937574165", "position": {"x": 462, "y": 858}}, {"event_name": "keyup", "timestamp": "1695937574174", "position": {"x": 0, "y": 0}}, {"event_name": "scroll", "timestamp": "1695937574177", "position": {"x": 0, "y": 0}}, {"event_name": "mousemove", "timestamp": "1695937574207", "position": {"x": 324, "y": 1519}}, {"event_name": "mouseover", "timestamp": "1695937574387", "position": {"x": 161, "y": 1329}}, {"event_name": "keypress", "timestamp": "1695937574396", "position": {"x": 0, "y": 0}}, {"event_name": "scroll", "timestamp": "1695937574398", "position": {"x": 0, "y": 0}}, {"event_name": "click", "timestamp": "1695937574424", "position": {"x": 753, "y": 1945}}, {"event_name": "dblclick", "timestamp": "1695937574466", "position": {"x": 565, "y": 1995}}, {"event_name": "keyup", "timestamp": "1695937574478", "position": {"x": 0, "y": 0}}, {"event_name": "scroll", "timestamp": "1695937574480", "position": {"x": 0, "y": 0}}, {"event_name": "keypress", "timestamp": "1695937575623", "position": {"x": 0, "y": 0}}, {"event_name": "click", "timestamp": "1695937575687", "position": {"x": 55, "y": 1160}}, {"event_name": "keyup", "timestamp": "1695937575697", "position": {"x": 0, "y": 0}}, {"event_name": "scroll", "timestamp": "1695937575698", "position": {"x": 0, "y": 0}}, {"event_name": "mousedown", "timestamp": "1695937576217", "position": {"x": 535, "y": 1283}}, {"event_name": "keypress", "timestamp": "1695937576220", "position": {"x": 0, "y": 0}}, {"event_name": "scroll", "timestamp": "1695937576222", "position": {"x": 0, "y": 0}}, {"event_name": "click", "timestamp": "1695937576235", "position": {"x": 746, "y": 705}}, {"event_name": "keydown", "timestamp": "1695937576238", "position": {"x": 0, "y": 0}}, {"event_name": "scroll", "timestamp": "1695937576238", "position": {"x": 0, "y": 0}}, {"event_name": "click", "timestamp": "1695937576251", "position": {"x": 211, "y": 1288}}, {"event_name": "keypress", "timestamp": "1695937576254", "position": {"x": 0, "y": 0}}, {"event_name": "scroll", "timestamp": "1695937576257", "position": {"x": 0, "y": 0}}, {"event_name": "mouseover", "timestamp": "1695937576276", "position": {"x": 405, "y": 3125}}, {"event_name": "keypress", "timestamp": "1695937576281", "position": {"x": 0, "y": 0}}, {"event_name": "scroll", "timestamp": "1695937576282", "position": {"x": 0, "y": 0}}, {"event_name": "mouseout", "timestamp": "1695937576305", "position": {"x": 425, "y": 2059}}, {"event_name": "keydown", "timestamp": "1695937576311", "position": {"x": 0, "y": 0}}, {"event_name": "scroll", "timestamp": "1695937576313", "position": {"x": 0, "y": 0}}, {"event_name": "mouseover", "timestamp": "1695937576371", "position": {"x": 539, "y": 2754}}, {"event_name": "keyup", "timestamp": "1695937576378", "position": {"x": 0, "y": 0}}, {"event_name": "scroll", "timestamp": "1695937576380", "position": {"x": 0, "y": 0}}, {"event_name": "scroll", "timestamp": "1695937576397", "position": {"x": 0, "y": 0}}, {"event_name": "click", "timestamp": "1695937576835", "position": {"x": 390, "y": 176}}, {"event_name": "keypress", "timestamp": "1695937576848", "position": {"x": 0, "y": 0}}, {"event_name": "scroll", "timestamp": "1695937576863", "position": {"x": 0, "y": 0}}, {"event_name": "mouseover", "timestamp": "1695937577204", "position": {"x": 116, "y": 465}}, {"event_name": "keypress", "timestamp": "1695937577209", "position": {"x": 0, "y": 0}}, {"event_name": "click", "timestamp": "1695937577232", "position": {"x": 274, "y": 1774}}, {"event_name": "keyup", "timestamp": "1695937577235", "position": {"x": 0, "y": 0}}, {"event_name": "scroll", "timestamp": "1695937577237", "position": {"x": 0, "y": 0}}, {"event_name": "keydown", "timestamp": "1695937577247", "position": {"x": 0, "y": 0}}, {"event_name": "click", "timestamp": "1695937577259", "position": {"x": 281, "y": 1890}}, {"event_name": "keypress", "timestamp": "1695937577265", "position": {"x": 0, "y": 0}}, {"event_name": "scroll", "timestamp": "1695937577267", "position": {"x": 0, "y": 0}}, {"event_name": "mouseover", "timestamp": "1695937577285", "position": {"x": 138, "y": 2652}}, {"event_name": "mouseout", "timestamp": "1695937577362", "position": {"x": 517, "y": 2798}}, {"event_name": "keyup", "timestamp": "1695937577367", "position": {"x": 0, "y": 0}}, {"event_name": "scroll", "timestamp": "1695937577369", "position": {"x": 0, "y": 0}}, {"event_name": "click", "timestamp": "1695937577476", "position": {"x": 411, "y": 665}}, {"event_name": "keypress", "timestamp": "1695937577493", "position": {"x": 0, "y": 0}}, {"event_name": "scroll", "timestamp": "1695937577500", "position": {"x": 0, "y": 0}}, {"event_name": "dblclick", "timestamp": "1695937577622", "position": {"x": 759, "y": 2238}}, {"event_name": "keyup", "timestamp": "1695937577631", "position": {"x": 0, "y": 0}}, {"event_name": "dblclick", "timestamp": "1695937577650", "position": {"x": 394, "y": 1566}}, {"event_name": "keyup", "timestamp": "1695937577658", "position": {"x": 0, "y": 0}}, {"event_name": "scroll", "timestamp": "1695937577659", "position": {"x": 0, "y": 0}}, {"event_name": "click", "timestamp": "1695937577684", "position": {"x": 458, "y": 1815}}, {"event_name": "mousemove", "timestamp": "1695937578187", "position": {"x": 148, "y": 2223}}, {"event_name": "keydown", "timestamp": "1695937578218", "position": {"x": 0, "y": 0}}, {"event_name": "scroll", "timestamp": "1695937578224", "position": {"x": 0, "y": 0}}, {"event_name": "mousemove", "timestamp": "1695937578262", "position": {"x": 284, "y": 1093}}, {"event_name": "mouseover", "timestamp": "1695937578460", "position": {"x": 378, "y": 1099}}, {"event_name": "keypress", "timestamp": "1695937578466", "position": {"x": 0, "y": 0}}, {"event_name": "scroll", "timestamp": "1695937578468", "position": {"x": 0, "y": 0}}, {"event_name": "mouseup", "timestamp": "1695937578571", "position": {"x": 306, "y": 1680}}, {"event_name": "keyup", "timestamp": "1695937578577", "position": {"x": 0, "y": 0}}, {"event_name": "scroll", "timestamp": "1695937578578", "position": {"x": 0, "y": 0}}, {"event_name": "click", "timestamp": "1695937578653", "position": {"x": 185, "y": 753}}, {"event_name": "keydown", "timestamp": "1695937578658", "position": {"x": 0, "y": 0}}, {"event_name": "click", "timestamp": "1695937578667", "position": {"x": 710, "y": 336}}, {"event_name": "click", "timestamp": "1695937578675", "position": {"x": 128, "y": 634}}, {"event_name": "keydown", "timestamp": "1695937578680", "position": {"x": 0, "y": 0}}, {"event_name": "mousemove", "timestamp": "1695937578696", "position": {"x": 273, "y": 632}}, {"event_name": "keypress", "timestamp": "1695937578704", "position": {"x": 0, "y": 0}}, {"event_name": "keydown", "timestamp": "1695937578710", "position": {"x": 0, "y": 0}}, {"event_name": "click", "timestamp": "1695937578720", "position": {"x": 208, "y": 2468}}, {"event_name": "keyup", "timestamp": "1695937578725", "position": {"x": 0, "y": 0}}, {"event_name": "mousedown", "timestamp": "1695937578740", "position": {"x": 937, "y": 2008}}, {"event_name": "keydown", "timestamp": "1695937578744", "position": {"x": 0, "y": 0}}, {"event_name": "keydown", "timestamp": "1695937578752", "position": {"x": 0, "y": 0}}, {"event_name": "keypress", "timestamp": "1695937578781", "position": {"x": 0, "y": 0}}, {"event_name": "dblclick", "timestamp": "1695937578824", "position": {"x": 512, "y": 1205}}, {"event_name": "keydown", "timestamp": "1695937578868", "position": {"x": 0, "y": 0}}, {"event_name": "mouseout", "timestamp": "1695937578915", "position": {"x": 665, "y": 584}}, {"event_name": "keyup", "timestamp": "1695937578986", "position": {"x": 0, "y": 0}}, {"event_name": "mouseout", "timestamp": "1695937579024", "position": {"x": 480, "y": 433}}, {"event_name": "mouseover", "timestamp": "1695937579061", "position": {"x": 9, "y": 405}}, {"event_name": "mouseup", "timestamp": "1695937579111", "position": {"x": 107, "y": 1346}}, {"event_name": "keyup", "timestamp": "1695937579161", "position": {"x": 0, "y": 0}}, {"event_name": "click", "timestamp": "1695937579224", "position": {"x": 164, "y": 890}}, {"event_name": "keyup", "timestamp": "1695937579244", "position": {"x": 0, "y": 0}}, {"event_name": "keydown", "timestamp": "1695937579264", "position": {"x": 0, "y": 0}}, {"event_name": "mouseout", "timestamp": "1695937579283", "position": {"x": 559, "y": 433}}, {"event_name": "click", "timestamp": "1695937579337", "position": {"x": 525, "y": 545}}, {"event_name": "mouseover", "timestamp": "1695937579359", "position": {"x": 613, "y": 443}}, {"event_name": "click", "timestamp": "1695937579395", "position": {"x": 774, "y": 868}}, {"event_name": "scroll", "timestamp": "1695937579457", "position": {"x": 0, "y": 0}}, {"event_name": "mouseout", "timestamp": "1695937579774", "position": {"x": 508, "y": 2027}}, {"event_name": "scroll", "timestamp": "1695937579896", "position": {"x": 0, "y": 0}}, {"event_name": "scroll", "timestamp": "1695937580533", "position": {"x": 0, "y": 0}}, {"event_name": "keydown", "timestamp": "1695937580560", "position": {"x": 0, "y": 0}}, {"event_name": "keydown", "timestamp": "1695937580574", "position": {"x": 0, "y": 0}}, {"event_name": "scroll", "timestamp": "1695937580581", "position": {"x": 0, "y": 0}}, {"event_name": "keypress", "timestamp": "1695937580598", "position": {"x": 0, "y": 0}}, {"event_name": "keyup", "timestamp": "1695937580648", "position": {"x": 0, "y": 0}}, {"event_name": "keypress", "timestamp": "1695937580674", "position": {"x": 0, "y": 0}}, {"event_name": "scroll", "timestamp": "1695937580703", "position": {"x": 0, "y": 0}}, {"event_name": "keyup", "timestamp": "1695937580724", "position": {"x": 0, "y": 0}}, {"event_name": "keypress", "timestamp": "1695937580777", "position": {"x": 0, "y": 0}}, {"event_name": "scroll", "timestamp": "1695937580792", "position": {"x": 0, "y": 0}}, {"event_name": "keypress", "timestamp": "1695937580823", "position": {"x": 0, "y": 0}}, {"event_name": "keypress", "timestamp": "1695937580878", "position": {"x": 0, "y": 0}}, {"event_name": "mouseover", "timestamp": "1695937581007", "position": {"x": 604, "y": 2350}}]}