{"user_id": "1ade0e6a-d26d-49d9-a9d1-b595075c1ca8", "device": "desktop", "trace": [{"event_name": "load", "timestamp": "1695939438534", "position": {"x": 0, "y": 0}}, {"event_name": "pageshow", "timestamp": "1695939438535", "position": {"x": 0, "y": 0}}, {"event_name": "click", "timestamp": "1695939439563", "position": {"x": 570, "y": 148}}, {"event_name": "keypress", "timestamp": "1695939439565", "position": {"x": 0, "y": 0}}, {"event_name": "scroll", "timestamp": "1695939439565", "position": {"x": 0, "y": 0}}, {"event_name": "click", "timestamp": "1695939439618", "position": {"x": 502, "y": 1452}}, {"event_name": "keypress", "timestamp": "1695939439620", "position": {"x": 0, "y": 0}}, {"event_name": "scroll", "timestamp": "1695939439620", "position": {"x": 0, "y": 0}}, {"event_name": "keydown", "timestamp": "1695939439628", "position": {"x": 0, "y": 0}}, {"event_name": "click", "timestamp": "1695939439632", "position": {"x": 673, "y": 923}}, {"event_name": "keypress", "timestamp": "1695939439637", "position": {"x": 0, "y": 0}}, {"event_name": "scroll", "timestamp": "1695939439637", "position": {"x": 0, "y": 0}}, {"event_name": "click", "timestamp": "1695939439649", "position": {"x": 411, "y": 1235}}, {"event_name": "keydown", "timestamp": "1695939439654", "position": {"x": 0, "y": 0}}, {"event_name": "scroll", "timestamp": "1695939439655", "position": {"x": 0, "y": 0}}, {"event_name": "keydown", "timestamp": "1695939439661", "position": {"x": 0, "y": 0}}, {"event_name": "mousedown", "timestamp": "1695939439666", "position": {"x": 658, "y": 2461}}, {"event_name": "keyup", "timestamp": "1695939439672", "position": {"x": 0, "y": 0}}, {"event_name": "scroll", "timestamp": "1695939439675", "position": {"x": 0, "y": 0}}, {"event_name": "click", "timestamp": "1695939439686", "position": {"x": 639, "y": 2788}}, {"event_name": "keyup", "timestamp": "1695939439691", "position": {"x": 0, "y": 0}}, {"event_name": "scroll", "timestamp": "1695939439691", "position": {"x": 0, "y": 0}}, {"event_name": "mouseover", "timestamp": "1695939439703", "position": {"x": 225, "y": 2328}}, {"event_name": "keypress", "timestamp": "1695939439706", "position": {"x": 0, "y": 0}}, {"event_name": "click", "timestamp": "1695939439710", "position": {"x": 115, "y": 1539}}, {"event_name": "scroll", "timestamp": "1695939439718", "position": {"x": 0, "y": 0}}, {"event_name": "click", "timestamp": "1695939439728", "position": {"x": 250, "y": 1579}}, {"event_name": "keydown", "timestamp": "1695939439731", "position": {"x": 0, "y": 0}}, {"event_name": "keyup", "timestamp": "1695939439733", "position": {"x": 0, "y": 0}}, {"event_name": "scroll", "timestamp": "1695939439734", "position": {"x": 0, "y": 0}}, {"event_name": "mousemove", "timestamp": "1695939439744", "position": {"x": 709, "y": 1302}}, {"event_name": "keydown", "timestamp": "1695939439747", "position": {"x": 0, "y": 0}}, {"event_name": "scroll", "timestamp": "1695939439756", "position": {"x": 0, "y": 0}}, {"event_name": "mousedown", "timestamp": "1695939439773", "position": {"x": 777, "y": 942}}, {"event_name": "keyup", "timestamp": "1695939439775", "position": {"x": 0, "y": 0}}, {"event_name": "scroll", "timestamp": "1695939439775", "position": {"x": 0, "y": 0}}, {"event_name": "click", "timestamp": "1695939439791", "position": {"x": 763, "y": 2105}}, {"event_name": "keypress", "timestamp": "1695939439794", "position": {"x": 0, "y": 0}}, {"event_name": "mouseup", "timestamp": "1695939439797", "position": {"x": 306, "y": 1691}}, {"event_name": "scroll", "timestamp": "1695939439798", "position": {"x": 0, "y": 0}}, {"event_name": "mouseup", "timestamp": "1695939439810", "position": {"x": 386, "y": 1719}}, {"event_name": "keypress", "timestamp": "1695939439813", "position": {"x": 0, "y": 0}}, {"event_name": "scroll", "timestamp": "1695939439819", "position": {"x": 0, "y": 0}}, {"event_name": "click", "timestamp": "1695939439875", "position": {"x": 642, "y": 2519}}, {"event_name": "keydown", "timestamp": "1695939439884", "position": {"x": 0, "y": 0}}, {"event_name": "scroll", "timestamp": "1695939439886", "position": {"x": 0, "y": 0}}, {"event_name": "scroll", "timestamp": "1695939439910", "position": {"x": 0, "y": 0}}, {"event_name": "mousemove", "timestamp": "1695939439955", "position": {"x": 810, "y": 2946}}, {"event_name": "keyup", "timestamp": "1695939439959", "position": {"x": 0, "y": 0}}, {"event_name": "scroll", "timestamp": "1695939439975", "position": {"x": 0, "y": 0}}, {"event_name": "click", "timestamp": "1695939439998", "position": {"x": 54, "y": 3050}}, {"event_name": "keyup", "timestamp": "1695939440013", "position": {"x": 0, "y": 0}}, {"event_name": "scroll", "timestamp": "1695939440015", "position": {"x": 0, "y": 0}}, {"event_name": "click", "timestamp": "1695939440065", "position": {"x": 741, "y": 2757}}, {"event_name": "keypress", "timestamp": "1695939440081", "position": {"x": 0, "y": 0}}, {"event_name": "keydown", "timestamp": "1695939440084", "position": {"x": 0, "y": 0}}, {"event_name": "scroll", "timestamp": "1695939440085", "position": {"x": 0, "y": 0}}, {"event_name": "mouseover", "timestamp": "1695939440154", "position": {"x": 661, "y": 796}}, {"event_name": "keypress", "timestamp": "1695939440170", "position": {"x": 0, "y": 0}}, {"event_name": "scroll", "timestamp": "1695939440188", "position": {"x": 0, "y": 0}}, {"event_name": "mouseover", "timestamp": "1695939440279", "position": {"x": 331, "y": 2304}}, {"event_name": "keydown", "timestamp": "1695939440299", "position": {"x": 0, "y": 0}}, {"event_name": "scroll", "timestamp": "1695939440308", "position": {"x": 0, "y": 0}}, {"event_name": "mouseup", "timestamp": "1695939440367", "position": {"x": 810, "y": 1764}}, {"event_name": "keydown", "timestamp": "1695939440378", "position": {"x": 0, "y": 0}}, {"event_name": "scroll", "timestamp": "1695939440380", "position": {"x": 0, "y": 0}}, {"event_name": "keyup", "timestamp": "1695939440441", "position": {"x": 0, "y": 0}}, {"event_name": "click", "timestamp": "1695939440480", "position": {"x": 614, "y": 476}}, {"event_name": "keypress", "timestamp": "1695939440487", "position": {"x": 0, "y": 0}}, {"event_name": "scroll", "timestamp": "1695939440495", "position": {"x": 0, "y": 0}}, {"event_name": "keypress", "timestamp": "1695939440538", "position": {"x": 0, "y": 0}}, {"event_name": "click", "timestamp": "1695939440585", "position": {"x": 296, "y": 816}}, {"event_name": "keydown", "timestamp": "1695939440598", "position": {"x": 0, "y": 0}}, {"event_name": "scroll", "timestamp": "1695939440599", "position": {"x": 0, "y": 0}}, {"event_name": "mouseover", "timestamp": "1695939440718", "position": {"x": 214, "y": 949}}, {"event_name": "keyup", "timestamp": "1695939440737", "position": {"x": 0, "y": 0}}, {"event_name": "scroll", "timestamp": "1695939440741", "position": {"x": 0, "y": 0}}, {"event_name": "mouseover", "timestamp": "1695939440860", "position": {"x": 625, "y": 490}}, {"event_name": "keydown", "timestamp": "1695939440878", "position": {"x": 0, "y": 0}}, {"event_name": "scroll", "timestamp": "1695939440880", "position": {"x": 0, "y": 0}}, {"event_name": "keypress", "timestamp": "1695939440961", "position": {"x": 0, "y": 0}}, {"event_name": "dblclick", "timestamp": "1695939440976", "position": {"x": 760, "y": 1604}}, {"event_name": "keypress", "timestamp": "1695939440981", "position": {"x": 0, "y": 0}}, {"event_name": "scroll", "timestamp": "1695939440982", "position": {"x": 0, "y": 0}}, {"event_name": "keydown", "timestamp": "1695939441014", "position": {"x": 0, "y": 0}}, {"event_name": "dblclick", "timestamp": "1695939441034", "position": {"x": 482, "y": 1337}}, {"event_name": "keypress", "timestamp": "1695939441044", "position": {"x": 0, "y": 0}}, {"event_name": "scroll", "timestamp": "1695939441045", "position": {"x": 0, "y": 0}}, {"event_name": "keyup", "timestamp": "1695939441076", "position": {"x": 0, "y": 0}}, {"event_name": "mouseout", "timestamp": "1695939441145", "position": {"x": 509, "y": 672}}, {"event_name": "keypress", "timestamp": "1695939441149", "position": {"x": 0, "y": 0}}, {"event_name": "scroll", "timestamp": "1695939441151", "position": {"x": 0, "y": 0}}, {"event_name": "click", "timestamp": "1695939441227", "position": {"x": 570, "y": 617}}, {"event_name": "keyup", "timestamp": "1695939441232", "position": {"x": 0, "y": 0}}, {"event_name": "scroll", "timestamp": "1695939441234", "position": {"x": 0, "y": 0}}, {"event_name": "click", "timestamp": "1695939441252", "position": {"x": 459, "y": 633}}, {"event_name": "keypress", "timestamp": "1695939441266", "position": {"x": 0, "y": 0}}, {"event_name": "click", "timestamp": "1695939441269", "position": {"x": 710, "y": 1118}}, {"event_name": "scroll", "timestamp": "1695939441272", "position": {"x": 0, "y": 0}}, {"event_name": "mouseup", "timestamp": "1695939441332", "position": {"x": 780, "y": 960}}, {"event_name": "keyup", "timestamp": "1695939441339", "position": {"x": 0, "y": 0}}, {"event_name": "scroll", "timestamp": "1695939441340", "position": {"x": 0, "y": 0}}, {"event_name": "mouseover", "timestamp": "1695939441402", "position": {"x": 437, "y": 406}}, {"event_name": "keyup", "timestamp": "1695939441413", "position": {"x": 0, "y": 0}}, {"event_name": "click", "timestamp": "1695939441418", "position": {"x": 524, "y": 1894}}, {"event_name": "click", "timestamp": "1695939441429", "position": {"x": 132, "y": 1531}}, {"event_name": "keyup", "timestamp": "1695939441434", "position": {"x": 0, "y": 0}}, {"event_name": "keyup", "timestamp": "1695939441439", "position": {"x": 0, "y": 0}}, {"event_name": "click", "timestamp": "1695939441449", "position": {"x": 287, "y": 1227}}, {"event_name": "keypress", "timestamp": "1695939441457", "position": {"x": 0, "y": 0}}, {"event_name": "mousemove", "timestamp": "1695939441667", "position": {"x": 98, "y": 2161}}, {"event_name": "keydown", "timestamp": "1695939441676", "position": {"x": 0, "y": 0}}, {"event_name": "scroll", "timestamp": "1695939441681", "position": {"x": 0, "y": 0}}, {"event_name": "click", "timestamp": "1695939441781", "position": {"x": 502, "y": 2667}}, {"event_name": "keyup", "timestamp": "1695939441788", "position": {"x": 0, "y": 0}}, {"event_name": "scroll", "timestamp": "1695939441796", "position": {"x": 0, "y": 0}}, {"event_name": "click", "timestamp": "1695939442062", "position": {"x": 278, "y": 2594}}, {"event_name": "keypress", "timestamp": "1695939442089", "position": {"x": 0, "y": 0}}, {"event_name": "click", "timestamp": "1695939442105", "position": {"x": 406, "y": 1726}}, {"event_name": "scroll", "timestamp": "1695939442106", "position": {"x": 0, "y": 0}}, {"event_name": "mouseover", "timestamp": "1695939442269", "position": {"x": 301, "y": 1858}}, {"event_name": "keydown", "timestamp": "1695939442273", "position": {"x": 0, "y": 0}}, {"event_name": "scroll", "timestamp": "1695939442274", "position": {"x": 0, "y": 0}}, {"event_name": "mousemove", "timestamp": "1695939442351", "position": {"x": 520, "y": 1573}}, {"event_name": "keyup", "timestamp": "1695939442354", "position": {"x": 0, "y": 0}}, {"event_name": "scroll", "timestamp": "1695939442362", "position": {"x": 0, "y": 0}}, {"event_name": "click", "timestamp": "1695939442408", "position": {"x": 762, "y": 2737}}, {"event_name": "keyup", "timestamp": "1695939442422", "position": {"x": 0, "y": 0}}, {"event_name": "scroll", "timestamp": "1695939442425", "position": {"x": 0, "y": 0}}, {"event_name": "click", "timestamp": "1695939442501", "position": {"x": 518, "y": 2993}}, {"event_name": "keyup", "timestamp": "1695939442506", "position": {"x": 0, "y": 0}}, {"event_name": "keypress", "timestamp": "1695939442509", "position": {"x": 0, "y": 0}}, {"event_name": "scroll", "timestamp": "1695939442511", "position": {"x": 0, "y": 0}}, {"event_name": "mousemove", "timestamp": "1695939442701", "position": {"x": 615, "y": 437}}, {"event_name": "keydown", "timestamp": "1695939442706", "position": {"x": 0, "y": 0}}, {"event_name": "click", "timestamp": "1695939442718", "position": {"x": 342, "y": 1601}}, {"event_name": "scroll", "timestamp": "1695939442719", "position": {"x": 0, "y": 0}}, {"event_name": "click", "timestamp": "1695939442839", "position": {"x": 46, "y": 1668}}, {"event_name": "keypress", "timestamp": "1695939442845", "position": {"x": 0, "y": 0}}, {"event_name": "keypress", "timestamp": "1695939442848", "position": {"x": 0, "y": 0}}, {"event_name": "scroll", "timestamp": "1695939442849", "position": {"x": 0, "y": 0}}, {"event_name": "click", "timestamp": "1695939442898", "position": {"x": 221, "y": 2052}}, {"event_name": "keydown", "timestamp": "1695939442927", "position": {"x": 0, "y": 0}}, {"event_name": "scroll", "timestamp": "1695939442935", "position": {"x": 0, "y": 0}}, {"event_name": "mouseover", "timestamp": "1695939442959", "position": {"x": 486, "y": 2687}}, {"event_name": "keypress", "timestamp": "1695939442985", "position": {"x": 0, "y": 0}}, {"event_name": "scroll", "timestamp": "1695939442987", "position": {"x": 0, "y": 0}}, {"event_name": "scroll", "timestamp": "1695939443016", "position": {"x": 0, "y": 0}}, {"event_name": "dblclick", "timestamp": "1695939443087", "position": {"x": 209, "y": 1823}}, {"event_name": "keyup", "timestamp": "1695939443093", "position": {"x": 0, "y": 0}}, {"event_name": "scroll", "timestamp": "1695939443095", "position": {"x": 0, "y": 0}}, {"event_name": "scroll", "timestamp": "1695939443128", "position": {"x": 0, "y": 0}}, {"event_name": "mouseup", "timestamp": "1695939443163", "position": {"x": 730, "y": 2084}}, {"event_name": "keyup", "timestamp": "1695939443174", "position": {"x": 0, "y": 0}}, {"event_name": "scroll", "timestamp": "1695939443176", "position": {"x": 0, "y": 0}}, {"event_name": "keydown", "timestamp": "1695939443210", "position": {"x": 0, "y": 0}}, {"event_name": "click", "timestamp": "1695939443223", "position": {"x": 845, "y": 1222}}, {"event_name": "keydown", "timestamp": "1695939443230", "position": {"x": 0, "y": 0}}, {"event_name": "scroll", "timestamp": "1695939443245", "position": {"x": 0, "y": 0}}, {"event_name": "mouseover", "timestamp": "1695939443303", "position": {"x": 575, "y": 1978}}, {"event_name": "keyup", "timestamp": "1695939443331", "position": {"x": 0, "y": 0}}, {"event_name": "scroll", "timestamp": "1695939443348", "position": {"x": 0, "y": 0}}, {"event_name": "mouseover", "timestamp": "1695939443428", "position": {"x": 741, "y": 475}}, {"event_name": "keyup", "timestamp": "1695939443445", "position": {"x": 0, "y": 0}}, {"event_name": "scroll", "timestamp": "1695939443448", "position": {"x": 0, "y": 0}}, {"event_name": "dblclick", "timestamp": "1695939443499", "position": {"x": 474, "y": 1137}}, {"event_name": "keyup", "timestamp": "1695939443515", "position": {"x": 0, "y": 0}}, {"event_name": "scroll", "timestamp": "1695939443516", "position": {"x": 0, "y": 0}}, {"event_name": "keypress", "timestamp": "1695939443574", "position": {"x": 0, "y": 0}}, {"event_name": "mousedown", "timestamp": "1695939443707", "position": {"x": 419, "y": 1701}}, {"event_name": "keypress", "timestamp": "1695939443714", "position": {"x": 0, "y": 0}}, {"event_name": "scroll", "timestamp": "1695939443719", "position": {"x": 0, "y": 0}}, {"event_name": "mouseover", "timestamp": "1695939443868", "position": {"x": 250, "y": 1923}}, {"event_name": "mouseover", "timestamp": "1695939443930", "position": {"x": 52, "y": 2016}}, {"event_name": "keypress", "timestamp": "1695939443939", "position": {"x": 0, "y": 0}}, {"event_name": "scroll", "timestamp": "1695939443940", "position": {"x": 0, "y": 0}}, {"event_name": "click", "timestamp": "1695939443987", "position": {"x": 360, "y": 440}}, {"event_name": "keypress", "timestamp": "1695939444002", "position": {"x": 0, "y": 0}}, {"event_name": "scroll", "timestamp": "1695939444003", "position": {"x": 0, "y": 0}}, {"event_name": "scroll", "timestamp": "1695939444030", "position": {"x": 0, "y": 0}}, {"event_name": "click", "timestamp": "1695939444064", "position": {"x": 631, "y": 1452}}, {"event_name": "keyup", "timestamp": "1695939444068", "position": {"x": 0, "y": 0}}, {"event_name": "scroll", "timestamp": "1695939444074", "position": {"x": 0, "y": 0}}, {"event_name": "mouseover", "timestamp": "1695939444104", "position": {"x": 348, "y": 1721}}, {"event_name": "keydown", "timestamp": "1695939444111", "position": {"x": 0, "y": 0}}, {"event_name": "scroll", "timestamp": "1695939444112", "position": {"x": 0, "y": 0}}, {"event_name": "keyup", "timestamp": "1695939444151", "position": {"x": 0, "y": 0}}, {"event_name": "click", "timestamp": "1695939444235", "position": {"x": 623, "y": 475}}, {"event_name": "keydown", "timestamp": "1695939444244", "position": {"x": 0, "y": 0}}, {"event_name": "scroll", "timestamp": "1695939444245", "position": {"x": 0, "y": 0}}, {"event_name": "scroll", "timestamp": "1695939444289", "position": {"x": 0, "y": 0}}, {"event_name": "mouseover", "timestamp": "1695939444777", "position": {"x": 607, "y": 896}}, {"event_name": "keypress", "timestamp": "1695939444789", "position": {"x": 0, "y": 0}}, {"event_name": "scroll", "timestamp": "1695939444792", "position": {"x": 0, "y": 0}}, {"event_name": "mousemove", "timestamp": "1695939444831", "position": {"x": 484, "y": 631}}, {"event_name": "mouseout", "timestamp": "1695939444949", "position": {"x": 286, "y": 1057}}, {"event_name": "keydown", "timestamp": "1695939444955", "position": {"x": 0, "y": 0}}, {"event_name": "scroll", "timestamp": "1695939444956", "position": {"x": 0, "y": 0}}, {"event_name": "mouseup", "timestamp": "1695939445029", "position": {"x": 793, "y": 322}}, {"event_name": "keyup", "timestamp": "1695939445033", "position": {"x": 0, "y": 0}}, {"event_name": "scroll", "timestamp": "1695939445037", "position": {"x": 0, "y": 0}}, {"event_name": "click", "timestamp": "1695939445169", "position": {"x": 762, "y": 1888}}, {"event_name": "keyup", "timestamp": "1695939445175", "position": {"x": 0, "y": 0}}, {"event_name": "scroll", "timestamp": "1695939445184", "position": {"x": 0, "y": 0}}, {"event_name": "mouseover", "timestamp": "1695939445288", "position": {"x": 576, "y": 1475}}, {"event_name": "keydown", "timestamp": "1695939445299", "position": {"x": 0, "y": 0}}, {"event_name": "scroll", "timestamp": "1695939445301", "position": {"x": 0, "y": 0}}, {"event_name": "click", "timestamp": "1695939445317", "position": {"x": 861, "y": 2394}}, {"event_name": "dblclick", "timestamp": "1695939445441", "position": {"x": 79, "y": 2374}}, {"event_name": "keypress", "timestamp": "1695939445450", "position": {"x": 0, "y": 0}}, {"event_name": "scroll", "timestamp": "1695939445451", "position": {"x": 0, "y": 0}}, {"event_name": "dblclick", "timestamp": "1695939445470", "position": {"x": 788, "y": 1767}}, {"event_name": "mouseover", "timestamp": "1695939445524", "position": {"x": 67, "y": 1439}}, {"event_name": "keydown", "timestamp": "1695939445533", "position": {"x": 0, "y": 0}}, {"event_name": "scroll", "timestamp": "1695939445534", "position": {"x": 0, "y": 0}}, {"event_name": "mouseup", "timestamp": "1695939445554", "position": {"x": 693, "y": 2256}}, {"event_name": "mouseup", "timestamp": "1695939445753", "position": {"x": 108, "y": 2503}}, {"event_name": "keydown", "timestamp": "1695939445760", "position": {"x": 0, "y": 0}}, {"event_name": "scroll", "timestamp": "1695939445769", "position": {"x": 0, "y": 0}}, {"event_name": "click", "timestamp": "1695939445812", "position": {"x": 763, "y": 1748}}, {"event_name": "mouseover", "timestamp": "1695939445933", "position": {"x": 595, "y": 1836}}, {"event_name": "keydown", "timestamp": "1695939445941", "position": {"x": 0, "y": 0}}, {"event_name": "scroll", "timestamp": "1695939445943", "position": {"x": 0, "y": 0}}, {"event_name": "scroll", "timestamp": "1695939445969", "position": {"x": 0, "y": 0}}, {"event_name": "mouseover", "timestamp": "1695939446022", "position": {"x": 610, "y": 2342}}, {"event_name": "keydown", "timestamp": "1695939446031", "position": {"x": 0, "y": 0}}, {"event_name": "scroll", "timestamp": "1695939446032", "position": {"x": 0, "y": 0}}, {"event_name": "keypress", "timestamp": "1695939446065", "position": {"x": 0, "y": 0}}, {"event_name": "mouseover", "timestamp": "1695939446102", "position": {"x": 273, "y": 3181}}, {"event_name": "keyup", "timestamp": "1695939446106", "position": {"x": 0, "y": 0}}, {"event_name": "scroll", "timestamp": "1695939446107", "position": {"x": 0, "y": 0}}, {"event_name": "click", "timestamp": "1695939446153", "position": {"x": 243, "y": 535}}, {"event_name": "keyup", "timestamp": "1695939446161", "position": {"x": 0, "y": 0}}, {"event_name": "scroll", "timestamp": "1695939446168", "position": {"x": 0, "y": 0}}, {"event_name": "click", "timestamp": "1695939446258", "position": {"x": 700, "y": 862}}, {"event_name": "mouseover", "timestamp": "1695939446283", "position": {"x": 232, "y": 672}}, {"event_name": "keypress", "timestamp": "1695939446290", "position": {"x": 0, "y": 0}}, {"event_name": "scroll", "timestamp": "1695939446291", "position": {"x": 0, "y": 0}}, {"event_name": "mouseover", "timestamp": "1695939446335", "position": {"x": 421, "y": 2147}}, {"event_name": "click", "timestamp": "1695939446391", "position": {"x": 297, "y": 2262}}, {"event_name": "keyup", "timestamp": "1695939446401", "position": {"x": 0, "y": 0}}, {"event_name": "scroll", "timestamp": "1695939446413", "position": {"x": 0, "y": 0}}, {"event_name": "mouseover", "timestamp": "1695939447004", "position": {"x": 84, "y": 2751}}, {"event_name": "keypress", "timestamp": "1695939447024", "position": {"x": 0, "y": 0}}, {"event_name": "scroll", "timestamp": "1695939447030", "position": {"x": 0, "y": 0}}, {"event_name": "dblclick", "timestamp": "1695939447289", "position": {"x": 546, "y": 2545}}, {"event_name": "keypress", "timestamp": "1695939447307", "position": {"x": 0, "y": 0}}, {"event_name": "scroll", "timestamp": "1695939447309", "position": {"x": 0, "y": 0}}, {"event_name": "click", "timestamp": "1695939447327", "position": {"x": 222, "y": 1798}}, {"event_name": "mouseup", "timestamp": "1695939447358", "position": {"x": 299, "y": 1746}}, {"event_name": "keypress", "timestamp": "1695939447362", "position": {"x": 0, "y": 0}}, {"event_name": "click", "timestamp": "1695939447368", "position": {"x": 551, "y": 1355}}, {"event_name": "scroll", "timestamp": "1695939447370", "position": {"x": 0, "y": 0}}, {"event_name": "mouseout", "timestamp": "1695939447428", "position": {"x": 396, "y": 1277}}, {"event_name": "keypress", "timestamp": "1695939447445", "position": {"x": 0, "y": 0}}, {"event_name": "scroll", "timestamp": "1695939447451", "position": {"x": 0, "y": 0}}, {"event_name": "scroll", "timestamp": "1695939447473", "position": {"x": 0, "y": 0}}, {"event_name": "click", "timestamp": "1695939447727", "position": {"x": 329, "y": 607}}, {"event_name": "keydown", "timestamp": "1695939447737", "position": {"x": 0, "y": 0}}, {"event_name": "scroll", "timestamp": "1695939447738", "position": {"x": 0, "y": 0}}, {"event_name": "scroll", "timestamp": "1695939447768", "position": {"x": 0, "y": 0}}, {"event_name": "mouseover", "timestamp": "1695939447804", "position": {"x": 92, "y": 1981}}, {"event_name": "keydown", "timestamp": "1695939447818", "position": {"x": 0, "y": 0}}, {"event_name": "scroll", "timestamp": "1695939447839", "position": {"x": 0, "y": 0}}, {"event_name": "click", "timestamp": "1695939447956", "position": {"x": 300, "y": 2628}}, {"event_name": "keypress", "timestamp": "1695939447965", "position": {"x": 0, "y": 0}}, {"event_name": "scroll", "timestamp": "1695939447975", "position": {"x": 0, "y": 0}}, {"event_name": "mousemove", "timestamp": "1695939448061", "position": {"x": 524, "y": 869}}, {"event_name": "click", "timestamp": "1695939448087", "position": {"x": 296, "y": 892}}, {"event_name": "keypress", "timestamp": "1695939448098", "position": {"x": 0, "y": 0}}, {"event_name": "scroll", "timestamp": "1695939448099", "position": {"x": 0, "y": 0}}, {"event_name": "click", "timestamp": "1695939448190", "position": {"x": 59, "y": 1155}}, {"event_name": "keyup", "timestamp": "1695939448198", "position": {"x": 0, "y": 0}}, {"event_name": "scroll", "timestamp": "1695939448199", "position": {"x": 0, "y": 0}}, {"event_name": "keyup", "timestamp": "1695939448273", "position": {"x": 0, "y": 0}}, {"event_name": "mouseover", "timestamp": "1695939448281", "position": {"x": 197, "y": 643}}, {"event_name": "keydown", "timestamp": "1695939448287", "position": {"x": 0, "y": 0}}, {"event_name": "scroll", "timestamp": "1695939448289", "position": {"x": 0, "y": 0}}, {"event_name": "scroll", "timestamp": "1695939448320", "position": {"x": 0, "y": 0}}, {"event_name": "mouseout", "timestamp": "1695939448372", "position": {"x": 588, "y": 2003}}, {"event_name": "keyup", "timestamp": "1695939448393", "position": {"x": 0, "y": 0}}, {"event_name": "scroll", "timestamp": "1695939448395", "position": {"x": 0, "y": 0}}, {"event_name": "mouseover", "timestamp": "1695939448451", "position": {"x": 67, "y": 662}}, {"event_name": "keyup", "timestamp": "1695939448462", "position": {"x": 0, "y": 0}}, {"event_name": "scroll", "timestamp": "1695939448463", "position": {"x": 0, "y": 0}}, {"event_name": "click", "timestamp": "1695939448539", "position": {"x": 538, "y": 1363}}, {"event_name": "keypress", "timestamp": "1695939448549", "position": {"x": 0, "y": 0}}, {"event_name": "scroll", "timestamp": "1695939448551", "position": {"x": 0, "y": 0}}, {"event_name": "click", "timestamp": "1695939448593", "position": {"x": 172, "y": 1276}}, {"event_name": "mouseover", "timestamp": "1695939448703", "position": {"x": 97, "y": 1446}}, {"event_name": "keydown", "timestamp": "1695939448711", "position": {"x": 0, "y": 0}}, {"event_name": "scroll", "timestamp": "1695939448713", "position": {"x": 0, "y": 0}}, {"event_name": "mousedown", "timestamp": "1695939448766", "position": {"x": 202, "y": 1202}}, {"event_name": "keyup", "timestamp": "1695939448776", "position": {"x": 0, "y": 0}}, {"event_name": "scroll", "timestamp": "1695939448778", "position": {"x": 0, "y": 0}}, {"event_name": "keydown", "timestamp": "1695939448799", "position": {"x": 0, "y": 0}}, {"event_name": "mouseover", "timestamp": "1695939448812", "position": {"x": 664, "y": 2851}}, {"event_name": "keypress", "timestamp": "1695939448819", "position": {"x": 0, "y": 0}}, {"event_name": "scroll", "timestamp": "1695939448820", "position": {"x": 0, "y": 0}}, {"event_name": "scroll", "timestamp": "1695939448843", "position": {"x": 0, "y": 0}}, {"event_name": "mousemove", "timestamp": "1695939448902", "position": {"x": 462, "y": 473}}, {"event_name": "keypress", "timestamp": "1695939448919", "position": {"x": 0, "y": 0}}, {"event_name": "scroll", "timestamp": "1695939448921", "position": {"x": 0, "y": 0}}, {"event_name": "scroll", "timestamp": "1695939448982", "position": {"x": 0, "y": 0}}, {"event_name": "mousedown", "timestamp": "1695939449064", "position": {"x": 291, "y": 301}}, {"event_name": "keydown", "timestamp": "1695939449073", "position": {"x": 0, "y": 0}}, {"event_name": "scroll", "timestamp": "1695939449074", "position": {"x": 0, "y": 0}}, {"event_name": "mouseover", "timestamp": "1695939449127", "position": {"x": 225, "y": 836}}, {"event_name": "click", "timestamp": "1695939449159", "position": {"x": 650, "y": 1158}}, {"event_name": "keydown", "timestamp": "1695939449175", "position": {"x": 0, "y": 0}}, {"event_name": "scroll", "timestamp": "1695939449176", "position": {"x": 0, "y": 0}}, {"event_name": "keyup", "timestamp": "1695939449249", "position": {"x": 0, "y": 0}}, {"event_name": "mouseup", "timestamp": "1695939449279", "position": {"x": 749, "y": 502}}, {"event_name": "keydown", "timestamp": "1695939449286", "position": {"x": 0, "y": 0}}, {"event_name": "scroll", "timestamp": "1695939449287", "position": {"x": 0, "y": 0}}, {"event_name": "scroll", "timestamp": "1695939449352", "position": {"x": 0, "y": 0}}, {"event_name": "mouseover", "timestamp": "1695939449395", "position": {"x": 357, "y": 2054}}, {"event_name": "keypress", "timestamp": "1695939449402", "position": {"x": 0, "y": 0}}, {"event_name": "scroll", "timestamp": "1695939449403", "position": {"x": 0, "y": 0}}, {"event_name": "keyup", "timestamp": "1695939449519", "position": {"x": 0, "y": 0}}, {"event_name": "dblclick", "timestamp": "1695939449582", "position": {"x": 312, "y": 2302}}, {"event_name": "keyup", "timestamp": "1695939449588", "position": {"x": 0, "y": 0}}, {"event_name": "scroll", "timestamp": "1695939449589", "position": {"x": 0, "y": 0}}, {"event_name": "keydown", "timestamp": "1695939449607", "position": {"x": 0, "y": 0}}, {"event_name": "mouseover", "timestamp": "1695939449642", "position": {"x": 257, "y": 1926}}, {"event_name": "keydown", "timestamp": "1695939449649", "position": {"x": 0, "y": 0}}, {"event_name": "click", "timestamp": "1695939449654", "position": {"x": 291, "y": 2288}}, {"event_name": "scroll", "timestamp": "1695939449660", "position": {"x": 0, "y": 0}}, {"event_name": "click", "timestamp": "1695939449854", "position": {"x": 151, "y": 2032}}, {"event_name": "keypress", "timestamp": "1695939449866", "position": {"x": 0, "y": 0}}, {"event_name": "keydown", "timestamp": "1695939449874", "position": {"x": 0, "y": 0}}, {"event_name": "scroll", "timestamp": "1695939449876", "position": {"x": 0, "y": 0}}, {"event_name": "mouseover", "timestamp": "1695939449921", "position": {"x": 75, "y": 2140}}, {"event_name": "keyup", "timestamp": "1695939449927", "position": {"x": 0, "y": 0}}, {"event_name": "mousemove", "timestamp": "1695939449943", "position": {"x": 573, "y": 625}}, {"event_name": "keydown", "timestamp": "1695939449953", "position": {"x": 0, "y": 0}}, {"event_name": "mouseover", "timestamp": "1695939449981", "position": {"x": 451, "y": 2671}}, {"event_name": "keypress", "timestamp": "1695939450000", "position": {"x": 0, "y": 0}}, {"event_name": "scroll", "timestamp": "1695939450001", "position": {"x": 0, "y": 0}}, {"event_name": "mousedown", "timestamp": "1695939450041", "position": {"x": 365, "y": 1337}}, {"event_name": "keyup", "timestamp": "1695939450051", "position": {"x": 0, "y": 0}}, {"event_name": "scroll", "timestamp": "1695939450052", "position": {"x": 0, "y": 0}}, {"event_name": "mouseover", "timestamp": "1695939450078", "position": {"x": 513, "y": 2882}}, {"event_name": "click", "timestamp": "1695939450105", "position": {"x": 781, "y": 2711}}, {"event_name": "keyup", "timestamp": "1695939450122", "position": {"x": 0, "y": 0}}, {"event_name": "scroll", "timestamp": "1695939450124", "position": {"x": 0, "y": 0}}, {"event_name": "click", "timestamp": "1695939450211", "position": {"x": 115, "y": 1357}}, {"event_name": "click", "timestamp": "1695939450292", "position": {"x": 375, "y": 1340}}, {"event_name": "keydown", "timestamp": "1695939450304", "position": {"x": 0, "y": 0}}, {"event_name": "scroll", "timestamp": "1695939450308", "position": {"x": 0, "y": 0}}, {"event_name": "click", "timestamp": "1695939450382", "position": {"x": 258, "y": 3133}}, {"event_name": "keypress", "timestamp": "1695939450390", "position": {"x": 0, "y": 0}}, {"event_name": "scroll", "timestamp": "1695939450391", "position": {"x": 0, "y": 0}}, {"event_name": "scroll", "timestamp": "1695939450425", "position": {"x": 0, "y": 0}}, {"event_name": "scroll", "timestamp": "1695939450492", "position": {"x": 0, "y": 0}}, {"event_name": "click", "timestamp": "1695939450642", "position": {"x": 31, "y": 2383}}, {"event_name": "mouseover", "timestamp": "1695939450894", "position": {"x": 211, "y": 2685}}, {"event_name": "keypress", "timestamp": "1695939450957", "position": {"x": 0, "y": 0}}, {"event_name": "scroll", "timestamp": "1695939451001", "position": {"x": 0, "y": 0}}, {"event_name": "keypress", "timestamp": "1695939451084", "position": {"x": 0, "y": 0}}, {"event_name": "keypress", "timestamp": "1695939451178", "position": {"x": 0, "y": 0}}, {"event_name": "scroll", "timestamp": "1695939451242", "position": {"x": 0, "y": 0}}, {"event_name": "keyup", "timestamp": "1695939451367", "position": {"x": 0, "y": 0}}, {"event_name": "mouseup", "timestamp": "1695939451500", "position": {"x": 687, "y": 1021}}, {"event_name": "click", "timestamp": "1695939451668", "position": {"x": 748, "y": 981}}, {"event_name": "keypress", "timestamp": "1695939451726", "position": {"x": 0, "y": 0}}, {"event_name": "keyup", "timestamp": "1695939451783", "position": {"x": 0, "y": 0}}, {"event_name": "keypress", "timestamp": "1695939451836", "position": {"x": 0, "y": 0}}, {"event_name": "keypress", "timestamp": "1695939451867", "position": {"x": 0, "y": 0}}, {"event_name": "keydown", "timestamp": "1695939451920", "position": {"x": 0, "y": 0}}, {"event_name": "scroll", "timestamp": "1695939451972", "position": {"x": 0, "y": 0}}, {"event_name": "scroll", "timestamp": "1695939452019", "position": {"x": 0, "y": 0}}, {"event_name": "scroll", "timestamp": "1695939452309", "position": {"x": 0, "y": 0}}, {"event_name": "scroll", "timestamp": "1695939452454", "position": {"x": 0, "y": 0}}, {"event_name": "keydown", "timestamp": "1695939452542", "position": {"x": 0, "y": 0}}, {"event_name": "click", "timestamp": "1695939452593", "position": {"x": 467, "y": 1195}}, {"event_name": "dblclick", "timestamp": "1695939452804", "position": {"x": 480, "y": 1389}}, {"event_name": "keyup", "timestamp": "1695939452871", "position": {"x": 0, "y": 0}}, {"event_name": "keyup", "timestamp": "1695939452907", "position": {"x": 0, "y": 0}}, {"event_name": "click", "timestamp": "1695939453007", "position": {"x": 337, "y": 1114}}, {"event_name": "scroll", "timestamp": "1695939453101", "position": {"x": 0, "y": 0}}, {"event_name": "keypress", "timestamp": "1695939453129", "position": {"x": 0, "y": 0}}, {"event_name": "scroll", "timestamp": "1695939453259", "position": {"x": 0, "y": 0}}, {"event_name": "scroll", "timestamp": "1695939453390", "position": {"x": 0, "y": 0}}, {"event_name": "scroll", "timestamp": "1695939453477", "position": {"x": 0, "y": 0}}, {"event_name": "scroll", "timestamp": "1695939453509", "position": {"x": 0, "y": 0}}, {"event_name": "keydown", "timestamp": "1695939453627", "position": {"x": 0, "y": 0}}, {"event_name": "scroll", "timestamp": "1695939453652", "position": {"x": 0, "y": 0}}, {"event_name": "keyup", "timestamp": "1695939453773", "position": {"x": 0, "y": 0}}, {"event_name": "scroll", "timestamp": "1695939453878", "position": {"x": 0, "y": 0}}, {"event_name": "keydown", "timestamp": "1695939453912", "position": {"x": 0, "y": 0}}, {"event_name": "scroll", "timestamp": "1695939453990", "position": {"x": 0, "y": 0}}, {"event_name": "scroll", "timestamp": "1695939454065", "position": {"x": 0, "y": 0}}, {"event_name": "scroll", "timestamp": "1695939454227", "position": {"x": 0, "y": 0}}, {"event_name": "dblclick", "timestamp": "1695939454267", "position": {"x": 746, "y": 1093}}, {"event_name": "keypress", "timestamp": "1695939454342", "position": {"x": 0, "y": 0}}, {"event_name": "scroll", "timestamp": "1695939454474", "position": {"x": 0, "y": 0}}, {"event_name": "click", "timestamp": "1695939454492", "position": {"x": 799, "y": 142}}, {"event_name": "mouseover", "timestamp": "1695939454625", "position": {"x": 527, "y": 197}}, {"event_name": "mouseover", "timestamp": "1695939454718", "position": {"x": 308, "y": 534}}, {"event_name": "mouseover", "timestamp": "1695939454776", "position": {"x": 368, "y": 308}}, {"event_name": "scroll", "timestamp": "1695939454818", "position": {"x": 0, "y": 0}}, {"event_name": "click", "timestamp": "1695939454850", "position": {"x": 809, "y": 593}}, {"event_name": "scroll", "timestamp": "1695939454884", "position": {"x": 0, "y": 0}}, {"event_name": "keydown", "timestamp": "1695939454930", "position": {"x": 0, "y": 0}}, {"event_name": "scroll", "timestamp": "1695939454995", "position": {"x": 0, "y": 0}}, {"event_name": "keyup", "timestamp": "1695939455015", "position": {"x": 0, "y": 0}}, {"event_name": "scroll", "timestamp": "1695939455380", "position": {"x": 0, "y": 0}}, {"event_name": "scroll", "timestamp": "1695939455532", "position": {"x": 0, "y": 0}}, {"event_name": "keyup", "timestamp": "1695939455662", "position": {"x": 0, "y": 0}}, {"event_name": "keypress", "timestamp": "1695939455709", "position": {"x": 0, "y": 0}}, {"event_name": "scroll", "timestamp": "1695939455735", "position": {"x": 0, "y": 0}}, {"event_name": "scroll", "timestamp": "1695939455851", "position": {"x": 0, "y": 0}}, {"event_name": "scroll", "timestamp": "1695939455894", "position": {"x": 0, "y": 0}}, {"event_name": "keypress", "timestamp": "1695939455918", "position": {"x": 0, "y": 0}}, {"event_name": "scroll", "timestamp": "1695939455951", "position": {"x": 0, "y": 0}}, {"event_name": "click", "timestamp": "1695939455981", "position": {"x": 555, "y": 770}}, {"event_name": "mouseup", "timestamp": "1695939456046", "position": {"x": 69, "y": 1060}}, {"event_name": "dblclick", "timestamp": "1695939456092", "position": {"x": 477, "y": 759}}, {"event_name": "scroll", "timestamp": "1695939456143", "position": {"x": 0, "y": 0}}, {"event_name": "keypress", "timestamp": "1695939456312", "position": {"x": 0, "y": 0}}, {"event_name": "scroll", "timestamp": "1695939456364", "position": {"x": 0, "y": 0}}, {"event_name": "scroll", "timestamp": "1695939456437", "position": {"x": 0, "y": 0}}, {"event_name": "scroll", "timestamp": "1695939456477", "position": {"x": 0, "y": 0}}, {"event_name": "mouseover", "timestamp": "1695939456571", "position": {"x": 107, "y": 1599}}, {"event_name": "scroll", "timestamp": "1695939456641", "position": {"x": 0, "y": 0}}, {"event_name": "keyup", "timestamp": "1695939456705", "position": {"x": 0, "y": 0}}, {"event_name": "keypress", "timestamp": "1695939456730", "position": {"x": 0, "y": 0}}, {"event_name": "click", "timestamp": "1695939456779", "position": {"x": 350, "y": 411}}, {"event_name": "keydown", "timestamp": "1695939456799", "position": {"x": 0, "y": 0}}, {"event_name": "dblclick", "timestamp": "1695939456815", "position": {"x": 265, "y": 647}}, {"event_name": "scroll", "timestamp": "1695939456848", "position": {"x": 0, "y": 0}}, {"event_name": "scroll", "timestamp": "1695939456915", "position": {"x": 0, "y": 0}}, {"event_name": "click", "timestamp": "1695939457024", "position": {"x": 555, "y": 864}}, {"event_name": "keyup", "timestamp": "1695939457045", "position": {"x": 0, "y": 0}}, {"event_name": "scroll", "timestamp": "1695939457065", "position": {"x": 0, "y": 0}}, {"event_name": "scroll", "timestamp": "1695939457197", "position": {"x": 0, "y": 0}}, {"event_name": "scroll", "timestamp": "1695939457251", "position": {"x": 0, "y": 0}}, {"event_name": "keyup", "timestamp": "1695939457280", "position": {"x": 0, "y": 0}}, {"event_name": "mouseout", "timestamp": "1695939457343", "position": {"x": 396, "y": 2488}}, {"event_name": "dblclick", "timestamp": "1695939457365", "position": {"x": 381, "y": 2416}}, {"event_name": "click", "timestamp": "1695939457415", "position": {"x": 735, "y": 2497}}, {"event_name": "mousedown", "timestamp": "1695939457485", "position": {"x": 410, "y": 2664}}, {"event_name": "scroll", "timestamp": "1695939457549", "position": {"x": 0, "y": 0}}, {"event_name": "scroll", "timestamp": "1695939457608", "position": {"x": 0, "y": 0}}, {"event_name": "mouseover", "timestamp": "1695939457636", "position": {"x": 449, "y": 2408}}, {"event_name": "scroll", "timestamp": "1695939457638", "position": {"x": 0, "y": 0}}, {"event_name": "click", "timestamp": "1695939457711", "position": {"x": 10, "y": 2662}}, {"event_name": "scroll", "timestamp": "1695939457712", "position": {"x": 0, "y": 0}}, {"event_name": "keyup", "timestamp": "1695939457750", "position": {"x": 0, "y": 0}}, {"event_name": "scroll", "timestamp": "1695939457753", "position": {"x": 0, "y": 0}}, {"event_name": "click", "timestamp": "1695939457765", "position": {"x": 31, "y": 2530}}, {"event_name": "scroll", "timestamp": "1695939457855", "position": {"x": 0, "y": 0}}, {"event_name": "scroll", "timestamp": "1695939457866", "position": {"x": 0, "y": 0}}, {"event_name": "scroll", "timestamp": "1695939457902", "position": {"x": 0, "y": 0}}, {"event_name": "keypress", "timestamp": "1695939457934", "position": {"x": 0, "y": 0}}, {"event_name": "dblclick", "timestamp": "1695939458016", "position": {"x": 133, "y": 1153}}, {"event_name": "keypress", "timestamp": "1695939458073", "position": {"x": 0, "y": 0}}, {"event_name": "scroll", "timestamp": "1695939458075", "position": {"x": 0, "y": 0}}, {"event_name": "keyup", "timestamp": "1695939458112", "position": {"x": 0, "y": 0}}, {"event_name": "scroll", "timestamp": "1695939458130", "position": {"x": 0, "y": 0}}, {"event_name": "keypress", "timestamp": "1695939458168", "position": {"x": 0, "y": 0}}, {"event_name": "dblclick", "timestamp": "1695939458200", "position": {"x": 611, "y": 1110}}, {"event_name": "keyup", "timestamp": "1695939458241", "position": {"x": 0, "y": 0}}, {"event_name": "keyup", "timestamp": "1695939458277", "position": {"x": 0, "y": 0}}, {"event_name": "keyup", "timestamp": "1695939458337", "position": {"x": 0, "y": 0}}, {"event_name": "scroll", "timestamp": "1695939458372", "position": {"x": 0, "y": 0}}, {"event_name": "scroll", "timestamp": "1695939458419", "position": {"x": 0, "y": 0}}, {"event_name": "scroll", "timestamp": "1695939458632", "position": {"x": 0, "y": 0}}, {"event_name": "keypress", "timestamp": "1695939458649", "position": {"x": 0, "y": 0}}, {"event_name": "mousemove", "timestamp": "1695939458699", "position": {"x": 637, "y": 2668}}, {"event_name": "scroll", "timestamp": "1695939458731", "position": {"x": 0, "y": 0}}, {"event_name": "keydown", "timestamp": "1695939458767", "position": {"x": 0, "y": 0}}, {"event_name": "scroll", "timestamp": "1695939458847", "position": {"x": 0, "y": 0}}, {"event_name": "scroll", "timestamp": "1695939458875", "position": {"x": 0, "y": 0}}, {"event_name": "keyup", "timestamp": "1695939458894", "position": {"x": 0, "y": 0}}, {"event_name": "keyup", "timestamp": "1695939458915", "position": {"x": 0, "y": 0}}, {"event_name": "mousedown", "timestamp": "1695939458951", "position": {"x": 457, "y": 1313}}, {"event_name": "scroll", "timestamp": "1695939459053", "position": {"x": 0, "y": 0}}, {"event_name": "mouseover", "timestamp": "1695939459116", "position": {"x": 220, "y": 1604}}, {"event_name": "mouseout", "timestamp": "1695939459141", "position": {"x": 560, "y": 1623}}, {"event_name": "keydown", "timestamp": "1695939459163", "position": {"x": 0, "y": 0}}, {"event_name": "keyup", "timestamp": "1695939459236", "position": {"x": 0, "y": 0}}, {"event_name": "scroll", "timestamp": "1695939459372", "position": {"x": 0, "y": 0}}, {"event_name": "dblclick", "timestamp": "1695939459450", "position": {"x": 264, "y": 435}}, {"event_name": "scroll", "timestamp": "1695939459489", "position": {"x": 0, "y": 0}}]}