{"user_id": "1adf11d4-aede-4508-91c1-0bd6142a0397", "device": "desktop", "trace": [{"event_name": "load", "timestamp": "1695938215104", "position": {"x": 0, "y": 0}}, {"event_name": "pageshow", "timestamp": "1695938215106", "position": {"x": 0, "y": 0}}, {"event_name": "mousedown", "timestamp": "1695938216149", "position": {"x": 561, "y": 240}}, {"event_name": "keydown", "timestamp": "1695938216153", "position": {"x": 0, "y": 0}}, {"event_name": "mouseup", "timestamp": "1695938216164", "position": {"x": 43, "y": 63}}, {"event_name": "keydown", "timestamp": "1695938216202", "position": {"x": 0, "y": 0}}, {"event_name": "scroll", "timestamp": "1695938216202", "position": {"x": 0, "y": 0}}, {"event_name": "click", "timestamp": "1695938216271", "position": {"x": 74, "y": 2815}}, {"event_name": "keyup", "timestamp": "1695938216273", "position": {"x": 0, "y": 0}}, {"event_name": "scroll", "timestamp": "1695938216275", "position": {"x": 0, "y": 0}}, {"event_name": "click", "timestamp": "1695938216296", "position": {"x": 451, "y": 1459}}, {"event_name": "keyup", "timestamp": "1695938216299", "position": {"x": 0, "y": 0}}, {"event_name": "scroll", "timestamp": "1695938216299", "position": {"x": 0, "y": 0}}, {"event_name": "click", "timestamp": "1695938216330", "position": {"x": 95, "y": 436}}, {"event_name": "keydown", "timestamp": "1695938216337", "position": {"x": 0, "y": 0}}, {"event_name": "scroll", "timestamp": "1695938216338", "position": {"x": 0, "y": 0}}, {"event_name": "mouseover", "timestamp": "1695938216359", "position": {"x": 249, "y": 513}}, {"event_name": "click", "timestamp": "1695938216368", "position": {"x": 539, "y": 1032}}, {"event_name": "keydown", "timestamp": "1695938216370", "position": {"x": 0, "y": 0}}, {"event_name": "scroll", "timestamp": "1695938216371", "position": {"x": 0, "y": 0}}, {"event_name": "mousemove", "timestamp": "1695938216487", "position": {"x": 171, "y": 1829}}, {"event_name": "mouseover", "timestamp": "1695938216497", "position": {"x": 406, "y": 1584}}, {"event_name": "keyup", "timestamp": "1695938216501", "position": {"x": 0, "y": 0}}, {"event_name": "scroll", "timestamp": "1695938216501", "position": {"x": 0, "y": 0}}, {"event_name": "keydown", "timestamp": "1695938216563", "position": {"x": 0, "y": 0}}, {"event_name": "mouseout", "timestamp": "1695938216566", "position": {"x": 321, "y": 1997}}, {"event_name": "keydown", "timestamp": "1695938216575", "position": {"x": 0, "y": 0}}, {"event_name": "dblclick", "timestamp": "1695938216584", "position": {"x": 789, "y": 1617}}, {"event_name": "scroll", "timestamp": "1695938216589", "position": {"x": 0, "y": 0}}, {"event_name": "click", "timestamp": "1695938216646", "position": {"x": 324, "y": 1630}}, {"event_name": "keypress", "timestamp": "1695938216657", "position": {"x": 0, "y": 0}}, {"event_name": "click", "timestamp": "1695938216669", "position": {"x": 169, "y": 754}}, {"event_name": "scroll", "timestamp": "1695938216670", "position": {"x": 0, "y": 0}}, {"event_name": "mouseover", "timestamp": "1695938216700", "position": {"x": 490, "y": 1211}}, {"event_name": "keypress", "timestamp": "1695938216707", "position": {"x": 0, "y": 0}}, {"event_name": "keypress", "timestamp": "1695938216710", "position": {"x": 0, "y": 0}}, {"event_name": "scroll", "timestamp": "1695938216724", "position": {"x": 0, "y": 0}}, {"event_name": "mouseup", "timestamp": "1695938216744", "position": {"x": 634, "y": 1036}}, {"event_name": "keypress", "timestamp": "1695938216749", "position": {"x": 0, "y": 0}}, {"event_name": "scroll", "timestamp": "1695938216750", "position": {"x": 0, "y": 0}}, {"event_name": "click", "timestamp": "1695938216773", "position": {"x": 180, "y": 888}}, {"event_name": "keyup", "timestamp": "1695938216777", "position": {"x": 0, "y": 0}}, {"event_name": "keypress", "timestamp": "1695938216800", "position": {"x": 0, "y": 0}}, {"event_name": "scroll", "timestamp": "1695938216804", "position": {"x": 0, "y": 0}}, {"event_name": "dblclick", "timestamp": "1695938216828", "position": {"x": 729, "y": 1749}}, {"event_name": "keyup", "timestamp": "1695938216835", "position": {"x": 0, "y": 0}}, {"event_name": "scroll", "timestamp": "1695938216836", "position": {"x": 0, "y": 0}}, {"event_name": "keypress", "timestamp": "1695938216886", "position": {"x": 0, "y": 0}}, {"event_name": "mouseover", "timestamp": "1695938216999", "position": {"x": 621, "y": 1320}}, {"event_name": "keyup", "timestamp": "1695938217003", "position": {"x": 0, "y": 0}}, {"event_name": "scroll", "timestamp": "1695938217004", "position": {"x": 0, "y": 0}}, {"event_name": "keydown", "timestamp": "1695938217066", "position": {"x": 0, "y": 0}}, {"event_name": "mouseup", "timestamp": "1695938217070", "position": {"x": 238, "y": 2093}}, {"event_name": "keypress", "timestamp": "1695938217078", "position": {"x": 0, "y": 0}}, {"event_name": "keydown", "timestamp": "1695938217090", "position": {"x": 0, "y": 0}}, {"event_name": "dblclick", "timestamp": "1695938217095", "position": {"x": 556, "y": 2255}}, {"event_name": "keypress", "timestamp": "1695938217150", "position": {"x": 0, "y": 0}}, {"event_name": "scroll", "timestamp": "1695938217151", "position": {"x": 0, "y": 0}}, {"event_name": "mouseup", "timestamp": "1695938217193", "position": {"x": 144, "y": 1800}}, {"event_name": "click", "timestamp": "1695938217340", "position": {"x": 622, "y": 2129}}, {"event_name": "keydown", "timestamp": "1695938217345", "position": {"x": 0, "y": 0}}, {"event_name": "scroll", "timestamp": "1695938217347", "position": {"x": 0, "y": 0}}, {"event_name": "click", "timestamp": "1695938217418", "position": {"x": 132, "y": 1164}}, {"event_name": "click", "timestamp": "1695938217652", "position": {"x": 174, "y": 1596}}, {"event_name": "keyup", "timestamp": "1695938217656", "position": {"x": 0, "y": 0}}, {"event_name": "scroll", "timestamp": "1695938217669", "position": {"x": 0, "y": 0}}, {"event_name": "dblclick", "timestamp": "1695938217761", "position": {"x": 242, "y": 2921}}, {"event_name": "keypress", "timestamp": "1695938217767", "position": {"x": 0, "y": 0}}, {"event_name": "keydown", "timestamp": "1695938217770", "position": {"x": 0, "y": 0}}, {"event_name": "scroll", "timestamp": "1695938217771", "position": {"x": 0, "y": 0}}, {"event_name": "mouseover", "timestamp": "1695938217820", "position": {"x": 169, "y": 1078}}, {"event_name": "keydown", "timestamp": "1695938217822", "position": {"x": 0, "y": 0}}, {"event_name": "scroll", "timestamp": "1695938217823", "position": {"x": 0, "y": 0}}, {"event_name": "dblclick", "timestamp": "1695938217906", "position": {"x": 656, "y": 1967}}, {"event_name": "keyup", "timestamp": "1695938217909", "position": {"x": 0, "y": 0}}, {"event_name": "scroll", "timestamp": "1695938217910", "position": {"x": 0, "y": 0}}, {"event_name": "dblclick", "timestamp": "1695938217991", "position": {"x": 832, "y": 1507}}, {"event_name": "keyup", "timestamp": "1695938217994", "position": {"x": 0, "y": 0}}, {"event_name": "click", "timestamp": "1695938217997", "position": {"x": 126, "y": 1981}}, {"event_name": "scroll", "timestamp": "1695938217999", "position": {"x": 0, "y": 0}}, {"event_name": "mouseover", "timestamp": "1695938218008", "position": {"x": 841, "y": 1884}}, {"event_name": "keyup", "timestamp": "1695938218012", "position": {"x": 0, "y": 0}}, {"event_name": "keypress", "timestamp": "1695938218014", "position": {"x": 0, "y": 0}}, {"event_name": "scroll", "timestamp": "1695938218016", "position": {"x": 0, "y": 0}}, {"event_name": "mouseup", "timestamp": "1695938218027", "position": {"x": 426, "y": 2420}}, {"event_name": "keypress", "timestamp": "1695938218032", "position": {"x": 0, "y": 0}}, {"event_name": "scroll", "timestamp": "1695938218033", "position": {"x": 0, "y": 0}}, {"event_name": "mousemove", "timestamp": "1695938218082", "position": {"x": 319, "y": 1472}}, {"event_name": "click", "timestamp": "1695938218110", "position": {"x": 166, "y": 1722}}, {"event_name": "keypress", "timestamp": "1695938218126", "position": {"x": 0, "y": 0}}, {"event_name": "scroll", "timestamp": "1695938218128", "position": {"x": 0, "y": 0}}, {"event_name": "dblclick", "timestamp": "1695938218238", "position": {"x": 219, "y": 966}}, {"event_name": "keydown", "timestamp": "1695938218260", "position": {"x": 0, "y": 0}}, {"event_name": "scroll", "timestamp": "1695938218261", "position": {"x": 0, "y": 0}}, {"event_name": "mouseout", "timestamp": "1695938218292", "position": {"x": 686, "y": 2696}}, {"event_name": "mouseover", "timestamp": "1695938218368", "position": {"x": 488, "y": 3046}}, {"event_name": "keydown", "timestamp": "1695938218373", "position": {"x": 0, "y": 0}}, {"event_name": "keyup", "timestamp": "1695938218382", "position": {"x": 0, "y": 0}}, {"event_name": "scroll", "timestamp": "1695938218387", "position": {"x": 0, "y": 0}}, {"event_name": "mousedown", "timestamp": "1695938218499", "position": {"x": 201, "y": 2527}}, {"event_name": "keyup", "timestamp": "1695938218515", "position": {"x": 0, "y": 0}}, {"event_name": "scroll", "timestamp": "1695938218519", "position": {"x": 0, "y": 0}}, {"event_name": "mousedown", "timestamp": "1695938218551", "position": {"x": 392, "y": 1613}}, {"event_name": "keypress", "timestamp": "1695938218557", "position": {"x": 0, "y": 0}}, {"event_name": "scroll", "timestamp": "1695938218558", "position": {"x": 0, "y": 0}}, {"event_name": "click", "timestamp": "1695938218596", "position": {"x": 316, "y": 698}}, {"event_name": "keydown", "timestamp": "1695938218602", "position": {"x": 0, "y": 0}}, {"event_name": "scroll", "timestamp": "1695938218607", "position": {"x": 0, "y": 0}}, {"event_name": "mouseover", "timestamp": "1695938218683", "position": {"x": 860, "y": 343}}, {"event_name": "keypress", "timestamp": "1695938218696", "position": {"x": 0, "y": 0}}, {"event_name": "scroll", "timestamp": "1695938218708", "position": {"x": 0, "y": 0}}, {"event_name": "dblclick", "timestamp": "1695938218861", "position": {"x": 494, "y": 1115}}, {"event_name": "keypress", "timestamp": "1695938218879", "position": {"x": 0, "y": 0}}, {"event_name": "scroll", "timestamp": "1695938218895", "position": {"x": 0, "y": 0}}, {"event_name": "mousedown", "timestamp": "1695938218936", "position": {"x": 684, "y": 355}}, {"event_name": "click", "timestamp": "1695938218962", "position": {"x": 269, "y": 535}}, {"event_name": "keypress", "timestamp": "1695938218981", "position": {"x": 0, "y": 0}}, {"event_name": "scroll", "timestamp": "1695938218982", "position": {"x": 0, "y": 0}}, {"event_name": "click", "timestamp": "1695938219023", "position": {"x": 674, "y": 1196}}, {"event_name": "mousemove", "timestamp": "1695938219067", "position": {"x": 730, "y": 1682}}, {"event_name": "keydown", "timestamp": "1695938219100", "position": {"x": 0, "y": 0}}, {"event_name": "scroll", "timestamp": "1695938219102", "position": {"x": 0, "y": 0}}, {"event_name": "keypress", "timestamp": "1695938219144", "position": {"x": 0, "y": 0}}, {"event_name": "click", "timestamp": "1695938219251", "position": {"x": 214, "y": 1936}}, {"event_name": "keydown", "timestamp": "1695938219256", "position": {"x": 0, "y": 0}}, {"event_name": "scroll", "timestamp": "1695938219257", "position": {"x": 0, "y": 0}}, {"event_name": "click", "timestamp": "1695938219309", "position": {"x": 264, "y": 746}}, {"event_name": "keydown", "timestamp": "1695938219314", "position": {"x": 0, "y": 0}}, {"event_name": "scroll", "timestamp": "1695938219328", "position": {"x": 0, "y": 0}}, {"event_name": "mouseover", "timestamp": "1695938219417", "position": {"x": 338, "y": 2318}}, {"event_name": "keyup", "timestamp": "1695938219424", "position": {"x": 0, "y": 0}}, {"event_name": "scroll", "timestamp": "1695938219427", "position": {"x": 0, "y": 0}}, {"event_name": "mouseover", "timestamp": "1695938219546", "position": {"x": 356, "y": 655}}, {"event_name": "keyup", "timestamp": "1695938219555", "position": {"x": 0, "y": 0}}, {"event_name": "scroll", "timestamp": "1695938219559", "position": {"x": 0, "y": 0}}, {"event_name": "click", "timestamp": "1695938219691", "position": {"x": 439, "y": 173}}, {"event_name": "keypress", "timestamp": "1695938219719", "position": {"x": 0, "y": 0}}, {"event_name": "scroll", "timestamp": "1695938219727", "position": {"x": 0, "y": 0}}, {"event_name": "mouseup", "timestamp": "1695938219784", "position": {"x": 354, "y": 272}}, {"event_name": "keydown", "timestamp": "1695938219805", "position": {"x": 0, "y": 0}}, {"event_name": "scroll", "timestamp": "1695938219806", "position": {"x": 0, "y": 0}}, {"event_name": "keypress", "timestamp": "1695938219873", "position": {"x": 0, "y": 0}}, {"event_name": "click", "timestamp": "1695938219929", "position": {"x": 541, "y": 889}}, {"event_name": "keypress", "timestamp": "1695938219975", "position": {"x": 0, "y": 0}}, {"event_name": "scroll", "timestamp": "1695938219985", "position": {"x": 0, "y": 0}}, {"event_name": "click", "timestamp": "1695938220017", "position": {"x": 122, "y": 2411}}, {"event_name": "click", "timestamp": "1695938220149", "position": {"x": 775, "y": 2510}}, {"event_name": "keyup", "timestamp": "1695938220159", "position": {"x": 0, "y": 0}}, {"event_name": "scroll", "timestamp": "1695938220161", "position": {"x": 0, "y": 0}}, {"event_name": "click", "timestamp": "1695938220472", "position": {"x": 639, "y": 1634}}, {"event_name": "keyup", "timestamp": "1695938220506", "position": {"x": 0, "y": 0}}, {"event_name": "scroll", "timestamp": "1695938220507", "position": {"x": 0, "y": 0}}, {"event_name": "click", "timestamp": "1695938220835", "position": {"x": 335, "y": 770}}, {"event_name": "keyup", "timestamp": "1695938220841", "position": {"x": 0, "y": 0}}, {"event_name": "scroll", "timestamp": "1695938220842", "position": {"x": 0, "y": 0}}, {"event_name": "keyup", "timestamp": "1695938220918", "position": {"x": 0, "y": 0}}, {"event_name": "mouseover", "timestamp": "1695938221081", "position": {"x": 648, "y": 1648}}, {"event_name": "keyup", "timestamp": "1695938221084", "position": {"x": 0, "y": 0}}, {"event_name": "scroll", "timestamp": "1695938221090", "position": {"x": 0, "y": 0}}, {"event_name": "dblclick", "timestamp": "1695938221174", "position": {"x": 53, "y": 2381}}, {"event_name": "keypress", "timestamp": "1695938221184", "position": {"x": 0, "y": 0}}, {"event_name": "scroll", "timestamp": "1695938221192", "position": {"x": 0, "y": 0}}, {"event_name": "scroll", "timestamp": "1695938221380", "position": {"x": 0, "y": 0}}, {"event_name": "mouseout", "timestamp": "1695938221477", "position": {"x": 193, "y": 1713}}, {"event_name": "keydown", "timestamp": "1695938221492", "position": {"x": 0, "y": 0}}, {"event_name": "scroll", "timestamp": "1695938221497", "position": {"x": 0, "y": 0}}, {"event_name": "mousemove", "timestamp": "1695938221605", "position": {"x": 734, "y": 1435}}, {"event_name": "keydown", "timestamp": "1695938221609", "position": {"x": 0, "y": 0}}, {"event_name": "dblclick", "timestamp": "1695938221613", "position": {"x": 90, "y": 377}}, {"event_name": "scroll", "timestamp": "1695938221615", "position": {"x": 0, "y": 0}}, {"event_name": "click", "timestamp": "1695938221633", "position": {"x": 793, "y": 301}}, {"event_name": "keyup", "timestamp": "1695938221648", "position": {"x": 0, "y": 0}}, {"event_name": "scroll", "timestamp": "1695938221671", "position": {"x": 0, "y": 0}}, {"event_name": "mousemove", "timestamp": "1695938221739", "position": {"x": 707, "y": 2462}}, {"event_name": "keypress", "timestamp": "1695938221743", "position": {"x": 0, "y": 0}}, {"event_name": "scroll", "timestamp": "1695938221748", "position": {"x": 0, "y": 0}}, {"event_name": "click", "timestamp": "1695938221803", "position": {"x": 756, "y": 1366}}, {"event_name": "keypress", "timestamp": "1695938221809", "position": {"x": 0, "y": 0}}, {"event_name": "scroll", "timestamp": "1695938221811", "position": {"x": 0, "y": 0}}, {"event_name": "scroll", "timestamp": "1695938221827", "position": {"x": 0, "y": 0}}, {"event_name": "dblclick", "timestamp": "1695938221868", "position": {"x": 660, "y": 944}}, {"event_name": "keypress", "timestamp": "1695938221876", "position": {"x": 0, "y": 0}}, {"event_name": "scroll", "timestamp": "1695938221878", "position": {"x": 0, "y": 0}}, {"event_name": "scroll", "timestamp": "1695938221979", "position": {"x": 0, "y": 0}}, {"event_name": "click", "timestamp": "1695938222018", "position": {"x": 430, "y": 1133}}, {"event_name": "keypress", "timestamp": "1695938222034", "position": {"x": 0, "y": 0}}, {"event_name": "scroll", "timestamp": "1695938222044", "position": {"x": 0, "y": 0}}, {"event_name": "scroll", "timestamp": "1695938222160", "position": {"x": 0, "y": 0}}, {"event_name": "mouseover", "timestamp": "1695938222208", "position": {"x": 635, "y": 556}}, {"event_name": "keypress", "timestamp": "1695938222227", "position": {"x": 0, "y": 0}}, {"event_name": "mousedown", "timestamp": "1695938222268", "position": {"x": 268, "y": 1934}}, {"event_name": "keypress", "timestamp": "1695938222276", "position": {"x": 0, "y": 0}}, {"event_name": "scroll", "timestamp": "1695938222277", "position": {"x": 0, "y": 0}}, {"event_name": "mouseout", "timestamp": "1695938222375", "position": {"x": 341, "y": 1615}}, {"event_name": "mouseup", "timestamp": "1695938222419", "position": {"x": 248, "y": 1374}}, {"event_name": "keydown", "timestamp": "1695938222428", "position": {"x": 0, "y": 0}}, {"event_name": "scroll", "timestamp": "1695938222446", "position": {"x": 0, "y": 0}}, {"event_name": "keydown", "timestamp": "1695938222483", "position": {"x": 0, "y": 0}}, {"event_name": "mouseup", "timestamp": "1695938222513", "position": {"x": 736, "y": 1605}}, {"event_name": "keydown", "timestamp": "1695938222521", "position": {"x": 0, "y": 0}}, {"event_name": "scroll", "timestamp": "1695938222535", "position": {"x": 0, "y": 0}}, {"event_name": "mousedown", "timestamp": "1695938222616", "position": {"x": 532, "y": 2823}}, {"event_name": "keydown", "timestamp": "1695938222622", "position": {"x": 0, "y": 0}}, {"event_name": "scroll", "timestamp": "1695938222623", "position": {"x": 0, "y": 0}}, {"event_name": "mouseup", "timestamp": "1695938222742", "position": {"x": 637, "y": 789}}, {"event_name": "keypress", "timestamp": "1695938222750", "position": {"x": 0, "y": 0}}, {"event_name": "scroll", "timestamp": "1695938222758", "position": {"x": 0, "y": 0}}, {"event_name": "mouseover", "timestamp": "1695938222809", "position": {"x": 231, "y": 923}}, {"event_name": "keydown", "timestamp": "1695938222816", "position": {"x": 0, "y": 0}}, {"event_name": "scroll", "timestamp": "1695938222818", "position": {"x": 0, "y": 0}}, {"event_name": "keydown", "timestamp": "1695938222838", "position": {"x": 0, "y": 0}}, {"event_name": "mouseover", "timestamp": "1695938223247", "position": {"x": 682, "y": 120}}, {"event_name": "keyup", "timestamp": "1695938223274", "position": {"x": 0, "y": 0}}, {"event_name": "scroll", "timestamp": "1695938223278", "position": {"x": 0, "y": 0}}, {"event_name": "scroll", "timestamp": "1695938223321", "position": {"x": 0, "y": 0}}, {"event_name": "click", "timestamp": "1695938223646", "position": {"x": 131, "y": 1884}}, {"event_name": "keypress", "timestamp": "1695938223664", "position": {"x": 0, "y": 0}}, {"event_name": "scroll", "timestamp": "1695938223668", "position": {"x": 0, "y": 0}}, {"event_name": "scroll", "timestamp": "1695938223741", "position": {"x": 0, "y": 0}}, {"event_name": "mouseout", "timestamp": "1695938223935", "position": {"x": 422, "y": 714}}, {"event_name": "keydown", "timestamp": "1695938223938", "position": {"x": 0, "y": 0}}, {"event_name": "scroll", "timestamp": "1695938223940", "position": {"x": 0, "y": 0}}, {"event_name": "click", "timestamp": "1695938224011", "position": {"x": 190, "y": 2601}}, {"event_name": "keypress", "timestamp": "1695938224019", "position": {"x": 0, "y": 0}}, {"event_name": "scroll", "timestamp": "1695938224020", "position": {"x": 0, "y": 0}}, {"event_name": "click", "timestamp": "1695938224042", "position": {"x": 293, "y": 2055}}, {"event_name": "keypress", "timestamp": "1695938224045", "position": {"x": 0, "y": 0}}, {"event_name": "scroll", "timestamp": "1695938224046", "position": {"x": 0, "y": 0}}, {"event_name": "keyup", "timestamp": "1695938224074", "position": {"x": 0, "y": 0}}, {"event_name": "mousedown", "timestamp": "1695938224105", "position": {"x": 58, "y": 617}}, {"event_name": "keypress", "timestamp": "1695938224109", "position": {"x": 0, "y": 0}}, {"event_name": "scroll", "timestamp": "1695938224111", "position": {"x": 0, "y": 0}}, {"event_name": "mousedown", "timestamp": "1695938224133", "position": {"x": 685, "y": 2167}}, {"event_name": "mouseover", "timestamp": "1695938224151", "position": {"x": 538, "y": 2188}}, {"event_name": "keyup", "timestamp": "1695938224156", "position": {"x": 0, "y": 0}}, {"event_name": "scroll", "timestamp": "1695938224158", "position": {"x": 0, "y": 0}}, {"event_name": "click", "timestamp": "1695938224268", "position": {"x": 553, "y": 2602}}, {"event_name": "click", "timestamp": "1695938224277", "position": {"x": 207, "y": 2418}}, {"event_name": "keyup", "timestamp": "1695938224282", "position": {"x": 0, "y": 0}}, {"event_name": "scroll", "timestamp": "1695938224284", "position": {"x": 0, "y": 0}}, {"event_name": "click", "timestamp": "1695938224351", "position": {"x": 626, "y": 553}}, {"event_name": "keyup", "timestamp": "1695938224359", "position": {"x": 0, "y": 0}}, {"event_name": "scroll", "timestamp": "1695938224361", "position": {"x": 0, "y": 0}}, {"event_name": "click", "timestamp": "1695938224433", "position": {"x": 336, "y": 2218}}, {"event_name": "keyup", "timestamp": "1695938224438", "position": {"x": 0, "y": 0}}, {"event_name": "scroll", "timestamp": "1695938224439", "position": {"x": 0, "y": 0}}, {"event_name": "keydown", "timestamp": "1695938224451", "position": {"x": 0, "y": 0}}, {"event_name": "click", "timestamp": "1695938224497", "position": {"x": 259, "y": 817}}, {"event_name": "keypress", "timestamp": "1695938224510", "position": {"x": 0, "y": 0}}, {"event_name": "scroll", "timestamp": "1695938224516", "position": {"x": 0, "y": 0}}, {"event_name": "click", "timestamp": "1695938224634", "position": {"x": 328, "y": 973}}, {"event_name": "keypress", "timestamp": "1695938224643", "position": {"x": 0, "y": 0}}, {"event_name": "keydown", "timestamp": "1695938224654", "position": {"x": 0, "y": 0}}, {"event_name": "scroll", "timestamp": "1695938224668", "position": {"x": 0, "y": 0}}, {"event_name": "click", "timestamp": "1695938225041", "position": {"x": 270, "y": 2482}}, {"event_name": "keydown", "timestamp": "1695938225049", "position": {"x": 0, "y": 0}}, {"event_name": "scroll", "timestamp": "1695938225051", "position": {"x": 0, "y": 0}}, {"event_name": "mouseover", "timestamp": "1695938225160", "position": {"x": 196, "y": 2182}}, {"event_name": "keydown", "timestamp": "1695938225166", "position": {"x": 0, "y": 0}}, {"event_name": "scroll", "timestamp": "1695938225168", "position": {"x": 0, "y": 0}}, {"event_name": "keydown", "timestamp": "1695938225183", "position": {"x": 0, "y": 0}}, {"event_name": "mouseover", "timestamp": "1695938225236", "position": {"x": 590, "y": 1951}}, {"event_name": "keydown", "timestamp": "1695938225245", "position": {"x": 0, "y": 0}}, {"event_name": "click", "timestamp": "1695938225261", "position": {"x": 719, "y": 1466}}, {"event_name": "scroll", "timestamp": "1695938225262", "position": {"x": 0, "y": 0}}, {"event_name": "click", "timestamp": "1695938225346", "position": {"x": 834, "y": 1215}}, {"event_name": "keypress", "timestamp": "1695938225360", "position": {"x": 0, "y": 0}}, {"event_name": "scroll", "timestamp": "1695938225362", "position": {"x": 0, "y": 0}}, {"event_name": "mouseup", "timestamp": "1695938225471", "position": {"x": 312, "y": 2280}}, {"event_name": "keypress", "timestamp": "1695938225507", "position": {"x": 0, "y": 0}}, {"event_name": "scroll", "timestamp": "1695938225508", "position": {"x": 0, "y": 0}}, {"event_name": "mouseover", "timestamp": "1695938225572", "position": {"x": 430, "y": 2604}}, {"event_name": "keydown", "timestamp": "1695938225579", "position": {"x": 0, "y": 0}}, {"event_name": "scroll", "timestamp": "1695938225584", "position": {"x": 0, "y": 0}}, {"event_name": "click", "timestamp": "1695938225734", "position": {"x": 708, "y": 681}}, {"event_name": "keydown", "timestamp": "1695938225744", "position": {"x": 0, "y": 0}}, {"event_name": "scroll", "timestamp": "1695938225746", "position": {"x": 0, "y": 0}}, {"event_name": "click", "timestamp": "1695938225770", "position": {"x": 512, "y": 793}}, {"event_name": "mouseover", "timestamp": "1695938225875", "position": {"x": 459, "y": 1188}}, {"event_name": "keydown", "timestamp": "1695938225884", "position": {"x": 0, "y": 0}}, {"event_name": "scroll", "timestamp": "1695938225886", "position": {"x": 0, "y": 0}}, {"event_name": "click", "timestamp": "1695938225909", "position": {"x": 84, "y": 2038}}, {"event_name": "mouseover", "timestamp": "1695938225988", "position": {"x": 373, "y": 1729}}, {"event_name": "keypress", "timestamp": "1695938225997", "position": {"x": 0, "y": 0}}, {"event_name": "scroll", "timestamp": "1695938225998", "position": {"x": 0, "y": 0}}, {"event_name": "scroll", "timestamp": "1695938226011", "position": {"x": 0, "y": 0}}, {"event_name": "click", "timestamp": "1695938226128", "position": {"x": 459, "y": 2937}}, {"event_name": "keydown", "timestamp": "1695938226150", "position": {"x": 0, "y": 0}}, {"event_name": "scroll", "timestamp": "1695938226165", "position": {"x": 0, "y": 0}}, {"event_name": "click", "timestamp": "1695938226215", "position": {"x": 362, "y": 1565}}, {"event_name": "mousedown", "timestamp": "1695938226283", "position": {"x": 492, "y": 1515}}, {"event_name": "keypress", "timestamp": "1695938226294", "position": {"x": 0, "y": 0}}, {"event_name": "scroll", "timestamp": "1695938226296", "position": {"x": 0, "y": 0}}, {"event_name": "mouseover", "timestamp": "1695938226382", "position": {"x": 742, "y": 2043}}, {"event_name": "keyup", "timestamp": "1695938226388", "position": {"x": 0, "y": 0}}, {"event_name": "scroll", "timestamp": "1695938226391", "position": {"x": 0, "y": 0}}, {"event_name": "keydown", "timestamp": "1695938226443", "position": {"x": 0, "y": 0}}, {"event_name": "click", "timestamp": "1695938226455", "position": {"x": 495, "y": 2673}}, {"event_name": "keyup", "timestamp": "1695938226472", "position": {"x": 0, "y": 0}}, {"event_name": "scroll", "timestamp": "1695938226502", "position": {"x": 0, "y": 0}}, {"event_name": "mouseout", "timestamp": "1695938226585", "position": {"x": 122, "y": 1919}}, {"event_name": "mouseup", "timestamp": "1695938226723", "position": {"x": 354, "y": 1758}}, {"event_name": "keypress", "timestamp": "1695938226730", "position": {"x": 0, "y": 0}}, {"event_name": "scroll", "timestamp": "1695938226733", "position": {"x": 0, "y": 0}}, {"event_name": "keyup", "timestamp": "1695938226822", "position": {"x": 0, "y": 0}}, {"event_name": "click", "timestamp": "1695938226976", "position": {"x": 219, "y": 1265}}, {"event_name": "keyup", "timestamp": "1695938226982", "position": {"x": 0, "y": 0}}, {"event_name": "scroll", "timestamp": "1695938226996", "position": {"x": 0, "y": 0}}, {"event_name": "click", "timestamp": "1695938227020", "position": {"x": 847, "y": 2366}}, {"event_name": "keydown", "timestamp": "1695938227024", "position": {"x": 0, "y": 0}}, {"event_name": "scroll", "timestamp": "1695938227025", "position": {"x": 0, "y": 0}}, {"event_name": "keypress", "timestamp": "1695938227037", "position": {"x": 0, "y": 0}}, {"event_name": "mousemove", "timestamp": "1695938227161", "position": {"x": 770, "y": 2255}}, {"event_name": "keydown", "timestamp": "1695938227180", "position": {"x": 0, "y": 0}}, {"event_name": "scroll", "timestamp": "1695938227184", "position": {"x": 0, "y": 0}}, {"event_name": "scroll", "timestamp": "1695938227248", "position": {"x": 0, "y": 0}}, {"event_name": "click", "timestamp": "1695938227310", "position": {"x": 532, "y": 2577}}, {"event_name": "keydown", "timestamp": "1695938227338", "position": {"x": 0, "y": 0}}, {"event_name": "scroll", "timestamp": "1695938227341", "position": {"x": 0, "y": 0}}, {"event_name": "keyup", "timestamp": "1695938227380", "position": {"x": 0, "y": 0}}, {"event_name": "mousedown", "timestamp": "1695938227574", "position": {"x": 226, "y": 311}}, {"event_name": "keydown", "timestamp": "1695938227600", "position": {"x": 0, "y": 0}}, {"event_name": "scroll", "timestamp": "1695938227602", "position": {"x": 0, "y": 0}}, {"event_name": "dblclick", "timestamp": "1695938227766", "position": {"x": 545, "y": 2112}}, {"event_name": "mouseup", "timestamp": "1695938227878", "position": {"x": 284, "y": 2063}}, {"event_name": "keyup", "timestamp": "1695938227883", "position": {"x": 0, "y": 0}}, {"event_name": "scroll", "timestamp": "1695938227884", "position": {"x": 0, "y": 0}}, {"event_name": "click", "timestamp": "1695938227978", "position": {"x": 362, "y": 2482}}, {"event_name": "keydown", "timestamp": "1695938227987", "position": {"x": 0, "y": 0}}, {"event_name": "scroll", "timestamp": "1695938227989", "position": {"x": 0, "y": 0}}, {"event_name": "keypress", "timestamp": "1695938228009", "position": {"x": 0, "y": 0}}, {"event_name": "mouseover", "timestamp": "1695938228077", "position": {"x": 624, "y": 2305}}, {"event_name": "keyup", "timestamp": "1695938228088", "position": {"x": 0, "y": 0}}, {"event_name": "scroll", "timestamp": "1695938228107", "position": {"x": 0, "y": 0}}, {"event_name": "mousedown", "timestamp": "1695938228151", "position": {"x": 236, "y": 1528}}, {"event_name": "keydown", "timestamp": "1695938228164", "position": {"x": 0, "y": 0}}, {"event_name": "scroll", "timestamp": "1695938228165", "position": {"x": 0, "y": 0}}, {"event_name": "keypress", "timestamp": "1695938228235", "position": {"x": 0, "y": 0}}, {"event_name": "mousemove", "timestamp": "1695938228331", "position": {"x": 231, "y": 1100}}, {"event_name": "keydown", "timestamp": "1695938228343", "position": {"x": 0, "y": 0}}, {"event_name": "scroll", "timestamp": "1695938228345", "position": {"x": 0, "y": 0}}, {"event_name": "keypress", "timestamp": "1695938228526", "position": {"x": 0, "y": 0}}, {"event_name": "mousedown", "timestamp": "1695938228773", "position": {"x": 485, "y": 2218}}, {"event_name": "keydown", "timestamp": "1695938228787", "position": {"x": 0, "y": 0}}, {"event_name": "scroll", "timestamp": "1695938228789", "position": {"x": 0, "y": 0}}, {"event_name": "mousemove", "timestamp": "1695938228892", "position": {"x": 187, "y": 655}}, {"event_name": "mouseover", "timestamp": "1695938229060", "position": {"x": 660, "y": 793}}, {"event_name": "keyup", "timestamp": "1695938229069", "position": {"x": 0, "y": 0}}, {"event_name": "scroll", "timestamp": "1695938229071", "position": {"x": 0, "y": 0}}, {"event_name": "click", "timestamp": "1695938229260", "position": {"x": 311, "y": 1535}}, {"event_name": "keydown", "timestamp": "1695938229266", "position": {"x": 0, "y": 0}}, {"event_name": "scroll", "timestamp": "1695938229271", "position": {"x": 0, "y": 0}}, {"event_name": "mouseover", "timestamp": "1695938229299", "position": {"x": 786, "y": 2620}}, {"event_name": "keypress", "timestamp": "1695938229304", "position": {"x": 0, "y": 0}}, {"event_name": "scroll", "timestamp": "1695938229312", "position": {"x": 0, "y": 0}}, {"event_name": "keydown", "timestamp": "1695938229387", "position": {"x": 0, "y": 0}}, {"event_name": "scroll", "timestamp": "1695938229743", "position": {"x": 0, "y": 0}}, {"event_name": "click", "timestamp": "1695938230009", "position": {"x": 710, "y": 597}}, {"event_name": "scroll", "timestamp": "1695938230074", "position": {"x": 0, "y": 0}}, {"event_name": "scroll", "timestamp": "1695938230431", "position": {"x": 0, "y": 0}}, {"event_name": "scroll", "timestamp": "1695938230625", "position": {"x": 0, "y": 0}}, {"event_name": "scroll", "timestamp": "1695938230732", "position": {"x": 0, "y": 0}}, {"event_name": "keydown", "timestamp": "1695938230751", "position": {"x": 0, "y": 0}}, {"event_name": "scroll", "timestamp": "1695938230922", "position": {"x": 0, "y": 0}}, {"event_name": "scroll", "timestamp": "1695938230957", "position": {"x": 0, "y": 0}}, {"event_name": "keydown", "timestamp": "1695938230998", "position": {"x": 0, "y": 0}}, {"event_name": "scroll", "timestamp": "1695938231080", "position": {"x": 0, "y": 0}}, {"event_name": "scroll", "timestamp": "1695938231283", "position": {"x": 0, "y": 0}}, {"event_name": "scroll", "timestamp": "1695938231490", "position": {"x": 0, "y": 0}}, {"event_name": "click", "timestamp": "1695938231538", "position": {"x": 230, "y": 2346}}, {"event_name": "scroll", "timestamp": "1695938231595", "position": {"x": 0, "y": 0}}, {"event_name": "click", "timestamp": "1695938231620", "position": {"x": 624, "y": 1916}}, {"event_name": "scroll", "timestamp": "1695938231676", "position": {"x": 0, "y": 0}}, {"event_name": "keyup", "timestamp": "1695938231738", "position": {"x": 0, "y": 0}}, {"event_name": "keypress", "timestamp": "1695938231781", "position": {"x": 0, "y": 0}}, {"event_name": "mouseup", "timestamp": "1695938231807", "position": {"x": 470, "y": 2154}}, {"event_name": "scroll", "timestamp": "1695938231872", "position": {"x": 0, "y": 0}}, {"event_name": "scroll", "timestamp": "1695938231926", "position": {"x": 0, "y": 0}}, {"event_name": "scroll", "timestamp": "1695938231991", "position": {"x": 0, "y": 0}}, {"event_name": "scroll", "timestamp": "1695938232113", "position": {"x": 0, "y": 0}}, {"event_name": "scroll", "timestamp": "1695938232235", "position": {"x": 0, "y": 0}}, {"event_name": "mouseup", "timestamp": "1695938232351", "position": {"x": 213, "y": 1367}}, {"event_name": "mouseover", "timestamp": "1695938232935", "position": {"x": 379, "y": 1493}}, {"event_name": "scroll", "timestamp": "1695938233035", "position": {"x": 0, "y": 0}}, {"event_name": "scroll", "timestamp": "1695938233054", "position": {"x": 0, "y": 0}}, {"event_name": "scroll", "timestamp": "1695938233088", "position": {"x": 0, "y": 0}}, {"event_name": "keypress", "timestamp": "1695938233275", "position": {"x": 0, "y": 0}}, {"event_name": "click", "timestamp": "1695938233294", "position": {"x": 494, "y": 1414}}, {"event_name": "mouseover", "timestamp": "1695938233320", "position": {"x": 397, "y": 1478}}, {"event_name": "keyup", "timestamp": "1695938233348", "position": {"x": 0, "y": 0}}, {"event_name": "scroll", "timestamp": "1695938233429", "position": {"x": 0, "y": 0}}, {"event_name": "scroll", "timestamp": "1695938233498", "position": {"x": 0, "y": 0}}, {"event_name": "mouseout", "timestamp": "1695938233744", "position": {"x": 772, "y": 2025}}, {"event_name": "scroll", "timestamp": "1695938233767", "position": {"x": 0, "y": 0}}, {"event_name": "keyup", "timestamp": "1695938234045", "position": {"x": 0, "y": 0}}, {"event_name": "scroll", "timestamp": "1695938234099", "position": {"x": 0, "y": 0}}, {"event_name": "scroll", "timestamp": "1695938234153", "position": {"x": 0, "y": 0}}, {"event_name": "mouseover", "timestamp": "1695938234216", "position": {"x": 152, "y": 1589}}, {"event_name": "keyup", "timestamp": "1695938234320", "position": {"x": 0, "y": 0}}, {"event_name": "scroll", "timestamp": "1695938234336", "position": {"x": 0, "y": 0}}, {"event_name": "scroll", "timestamp": "1695938234417", "position": {"x": 0, "y": 0}}, {"event_name": "keyup", "timestamp": "1695938234455", "position": {"x": 0, "y": 0}}, {"event_name": "keydown", "timestamp": "1695938234486", "position": {"x": 0, "y": 0}}, {"event_name": "keyup", "timestamp": "1695938234540", "position": {"x": 0, "y": 0}}, {"event_name": "mousedown", "timestamp": "1695938234570", "position": {"x": 619, "y": 866}}, {"event_name": "keyup", "timestamp": "1695938234610", "position": {"x": 0, "y": 0}}, {"event_name": "keypress", "timestamp": "1695938234640", "position": {"x": 0, "y": 0}}, {"event_name": "keyup", "timestamp": "1695938234809", "position": {"x": 0, "y": 0}}, {"event_name": "mousemove", "timestamp": "1695938234838", "position": {"x": 632, "y": 925}}, {"event_name": "keyup", "timestamp": "1695938234862", "position": {"x": 0, "y": 0}}, {"event_name": "mouseover", "timestamp": "1695938234877", "position": {"x": 565, "y": 1268}}, {"event_name": "scroll", "timestamp": "1695938234941", "position": {"x": 0, "y": 0}}, {"event_name": "click", "timestamp": "1695938235110", "position": {"x": 109, "y": 2518}}, {"event_name": "click", "timestamp": "1695938235309", "position": {"x": 571, "y": 2720}}, {"event_name": "keypress", "timestamp": "1695938235333", "position": {"x": 0, "y": 0}}, {"event_name": "click", "timestamp": "1695938235383", "position": {"x": 527, "y": 2525}}, {"event_name": "keypress", "timestamp": "1695938235397", "position": {"x": 0, "y": 0}}, {"event_name": "keyup", "timestamp": "1695938235409", "position": {"x": 0, "y": 0}}, {"event_name": "scroll", "timestamp": "1695938235413", "position": {"x": 0, "y": 0}}, {"event_name": "mouseover", "timestamp": "1695938235429", "position": {"x": 322, "y": 2660}}, {"event_name": "scroll", "timestamp": "1695938235430", "position": {"x": 0, "y": 0}}, {"event_name": "scroll", "timestamp": "1695938235460", "position": {"x": 0, "y": 0}}, {"event_name": "click", "timestamp": "1695938235490", "position": {"x": 64, "y": 1954}}, {"event_name": "keypress", "timestamp": "1695938235520", "position": {"x": 0, "y": 0}}, {"event_name": "dblclick", "timestamp": "1695938235560", "position": {"x": 760, "y": 2193}}, {"event_name": "scroll", "timestamp": "1695938235561", "position": {"x": 0, "y": 0}}, {"event_name": "click", "timestamp": "1695938235605", "position": {"x": 135, "y": 1908}}, {"event_name": "keypress", "timestamp": "1695938235686", "position": {"x": 0, "y": 0}}, {"event_name": "keyup", "timestamp": "1695938235738", "position": {"x": 0, "y": 0}}, {"event_name": "click", "timestamp": "1695938235760", "position": {"x": 572, "y": 2038}}, {"event_name": "scroll", "timestamp": "1695938235780", "position": {"x": 0, "y": 0}}, {"event_name": "keyup", "timestamp": "1695938235811", "position": {"x": 0, "y": 0}}, {"event_name": "keydown", "timestamp": "1695938235845", "position": {"x": 0, "y": 0}}, {"event_name": "mousemove", "timestamp": "1695938235994", "position": {"x": 632, "y": 1724}}, {"event_name": "click", "timestamp": "1695938236047", "position": {"x": 777, "y": 1720}}, {"event_name": "mouseover", "timestamp": "1695938236071", "position": {"x": 140, "y": 1310}}, {"event_name": "dblclick", "timestamp": "1695938236088", "position": {"x": 706, "y": 1348}}, {"event_name": "keypress", "timestamp": "1695938236101", "position": {"x": 0, "y": 0}}]}