{"user_id": "0ad6afcb-6eb7-4937-ab05-e2301602e7ab", "device": "desktop", "trace": [{"event_name": "load", "timestamp": "1694039547070", "position": {"x": 0, "y": 0}}, {"event_name": "pageshow", "timestamp": "1694039547070", "position": {"x": 0, "y": 0}}, {"event_name": "mouseover", "timestamp": "1694039547315", "position": {"x": 6, "y": 3}}, {"event_name": "mousemove", "timestamp": "1694039547315", "position": {"x": 6, "y": 3}}, {"event_name": "mousemove", "timestamp": "1694039547334", "position": {"x": 15, "y": 7}}, {"event_name": "mousemove", "timestamp": "1694039547351", "position": {"x": 19, "y": 9}}, {"event_name": "mousemove", "timestamp": "1694039547369", "position": {"x": 23, "y": 9}}, {"event_name": "mousemove", "timestamp": "1694039547387", "position": {"x": 27, "y": 10}}, {"event_name": "mousemove", "timestamp": "1694039547403", "position": {"x": 32, "y": 11}}, {"event_name": "mousemove", "timestamp": "1694039547421", "position": {"x": 36, "y": 12}}, {"event_name": "mousemove", "timestamp": "1694039547440", "position": {"x": 40, "y": 13}}, {"event_name": "mousemove", "timestamp": "1694039547457", "position": {"x": 44, "y": 15}}, {"event_name": "mousemove", "timestamp": "1694039547475", "position": {"x": 48, "y": 16}}, {"event_name": "mousemove", "timestamp": "1694039547493", "position": {"x": 53, "y": 17}}, {"event_name": "mousemove", "timestamp": "1694039547509", "position": {"x": 58, "y": 18}}, {"event_name": "mousemove", "timestamp": "1694039547528", "position": {"x": 63, "y": 17}}, {"event_name": "mousemove", "timestamp": "1694039547545", "position": {"x": 68, "y": 17}}, {"event_name": "mouseout", "timestamp": "1694039547563", "position": {"x": 73, "y": 17}}, {"event_name": "mouseover", "timestamp": "1694039547563", "position": {"x": 73, "y": 17}}, {"event_name": "mousemove", "timestamp": "1694039547563", "position": {"x": 73, "y": 17}}, {"event_name": "mousemove", "timestamp": "1694039547580", "position": {"x": 76, "y": 19}}, {"event_name": "mousemove", "timestamp": "1694039547598", "position": {"x": 79, "y": 21}}, {"event_name": "mousemove", "timestamp": "1694039547616", "position": {"x": 82, "y": 23}}, {"event_name": "mousemove", "timestamp": "1694039547633", "position": {"x": 84, "y": 24}}, {"event_name": "mouseout", "timestamp": "1694039547650", "position": {"x": 86, "y": 26}}, {"event_name": "mouseover", "timestamp": "1694039547650", "position": {"x": 86, "y": 26}}, {"event_name": "mousemove", "timestamp": "1694039547650", "position": {"x": 86, "y": 26}}, {"event_name": "mousemove", "timestamp": "1694039547669", "position": {"x": 88, "y": 28}}, {"event_name": "mousemove", "timestamp": "1694039547687", "position": {"x": 90, "y": 29}}, {"event_name": "mousemove", "timestamp": "1694039547704", "position": {"x": 92, "y": 31}}, {"event_name": "mousemove", "timestamp": "1694039547722", "position": {"x": 95, "y": 33}}, {"event_name": "mousemove", "timestamp": "1694039547740", "position": {"x": 96, "y": 33}}, {"event_name": "mousemove", "timestamp": "1694039547758", "position": {"x": 97, "y": 33}}, {"event_name": "mousemove", "timestamp": "1694039547775", "position": {"x": 99, "y": 34}}, {"event_name": "mousedown", "timestamp": "1694039548219", "position": {"x": 99, "y": 34}}, {"event_name": "mouseup", "timestamp": "1694039548321", "position": {"x": 99, "y": 34}}, {"event_name": "click", "timestamp": "1694039548321", "position": {"x": 99, "y": 34}}, {"event_name": "beforeunload", "timestamp": "1694039548326", "position": {"x": 0, "y": 0}}, {"event_name": "pageshow", "timestamp": "1694039551088", "position": {"x": 0, "y": 0}}, {"event_name": "load", "timestamp": "1694039551088", "position": {"x": 0, "y": 0}}, {"event_name": "mouseover", "timestamp": "1694039551378", "position": {"x": 5, "y": 0}}, {"event_name": "mousemove", "timestamp": "1694039551378", "position": {"x": 5, "y": 0}}, {"event_name": "mousemove", "timestamp": "1694039551396", "position": {"x": 13, "y": 0}}, {"event_name": "mousemove", "timestamp": "1694039551414", "position": {"x": 17, "y": 0}}, {"event_name": "mousemove", "timestamp": "1694039551432", "position": {"x": 54, "y": 0}}, {"event_name": "mouseout", "timestamp": "1694039551451", "position": {"x": 91, "y": 0}}, {"event_name": "mouseover", "timestamp": "1694039551451", "position": {"x": 91, "y": 0}}, {"event_name": "mousemove", "timestamp": "1694039551452", "position": {"x": 91, "y": 0}}, {"event_name": "mousemove", "timestamp": "1694039551471", "position": {"x": 121, "y": 0}}, {"event_name": "mousemove", "timestamp": "1694039551490", "position": {"x": 127, "y": 0}}, {"event_name": "mousemove", "timestamp": "1694039551508", "position": {"x": 133, "y": 1}}, {"event_name": "mousemove", "timestamp": "1694039551527", "position": {"x": 139, "y": 2}}, {"event_name": "mousemove", "timestamp": "1694039551545", "position": {"x": 147, "y": 1}}, {"event_name": "mousemove", "timestamp": "1694039551563", "position": {"x": 156, "y": 1}}, {"event_name": "mousemove", "timestamp": "1694039551581", "position": {"x": 164, "y": 1}}, {"event_name": "mousemove", "timestamp": "1694039551599", "position": {"x": 206, "y": 1}}, {"event_name": "mousemove", "timestamp": "1694039551616", "position": {"x": 250, "y": 1}}, {"event_name": "mousemove", "timestamp": "1694039551634", "position": {"x": 288, "y": 2}}, {"event_name": "mousemove", "timestamp": "1694039551652", "position": {"x": 295, "y": 3}}, {"event_name": "mousemove", "timestamp": "1694039551669", "position": {"x": 304, "y": 4}}, {"event_name": "mousemove", "timestamp": "1694039551686", "position": {"x": 311, "y": 5}}, {"event_name": "mousemove", "timestamp": "1694039551704", "position": {"x": 320, "y": 6}}, {"event_name": "mousemove", "timestamp": "1694039551722", "position": {"x": 329, "y": 7}}, {"event_name": "mouseout", "timestamp": "1694039551740", "position": {"x": 338, "y": 9}}, {"event_name": "mouseover", "timestamp": "1694039551740", "position": {"x": 338, "y": 9}}, {"event_name": "mousemove", "timestamp": "1694039551740", "position": {"x": 338, "y": 9}}, {"event_name": "mousemove", "timestamp": "1694039551758", "position": {"x": 345, "y": 8}}, {"event_name": "mouseout", "timestamp": "1694039551776", "position": {"x": 354, "y": 7}}, {"event_name": "mouseover", "timestamp": "1694039551776", "position": {"x": 354, "y": 7}}, {"event_name": "mousemove", "timestamp": "1694039551776", "position": {"x": 354, "y": 7}}, {"event_name": "mousemove", "timestamp": "1694039551794", "position": {"x": 361, "y": 7}}, {"event_name": "mousemove", "timestamp": "1694039551812", "position": {"x": 370, "y": 9}}, {"event_name": "mousemove", "timestamp": "1694039551830", "position": {"x": 379, "y": 11}}, {"event_name": "mousemove", "timestamp": "1694039551848", "position": {"x": 388, "y": 13}}, {"event_name": "mousemove", "timestamp": "1694039551865", "position": {"x": 398, "y": 14}}, {"event_name": "mousemove", "timestamp": "1694039551883", "position": {"x": 409, "y": 15}}, {"event_name": "mousemove", "timestamp": "1694039551901", "position": {"x": 418, "y": 17}}, {"event_name": "mousemove", "timestamp": "1694039551918", "position": {"x": 426, "y": 17}}, {"event_name": "mousemove", "timestamp": "1694039551935", "position": {"x": 436, "y": 17}}, {"event_name": "mousemove", "timestamp": "1694039551953", "position": {"x": 444, "y": 17}}, {"event_name": "mousemove", "timestamp": "1694039551971", "position": {"x": 454, "y": 15}}, {"event_name": "mouseout", "timestamp": "1694039551988", "position": {"x": 465, "y": 13}}, {"event_name": "mouseover", "timestamp": "1694039551988", "position": {"x": 465, "y": 13}}, {"event_name": "mousemove", "timestamp": "1694039551988", "position": {"x": 465, "y": 13}}, {"event_name": "mousemove", "timestamp": "1694039552006", "position": {"x": 475, "y": 12}}, {"event_name": "mousemove", "timestamp": "1694039552024", "position": {"x": 486, "y": 10}}, {"event_name": "mousemove", "timestamp": "1694039552042", "position": {"x": 498, "y": 9}}, {"event_name": "mousemove", "timestamp": "1694039552060", "position": {"x": 509, "y": 9}}, {"event_name": "mouseout", "timestamp": "1694039552079", "position": {"x": 517, "y": 7}}, {"event_name": "mouseover", "timestamp": "1694039552080", "position": {"x": 517, "y": 7}}, {"event_name": "mousemove", "timestamp": "1694039552080", "position": {"x": 517, "y": 7}}, {"event_name": "mousemove", "timestamp": "1694039552099", "position": {"x": 526, "y": 6}}, {"event_name": "mousemove", "timestamp": "1694039552117", "position": {"x": 532, "y": 6}}, {"event_name": "mousemove", "timestamp": "1694039552135", "position": {"x": 542, "y": 6}}, {"event_name": "mousemove", "timestamp": "1694039552154", "position": {"x": 553, "y": 6}}, {"event_name": "mousemove", "timestamp": "1694039552172", "position": {"x": 563, "y": 7}}, {"event_name": "mouseout", "timestamp": "1694039552189", "position": {"x": 572, "y": 8}}, {"event_name": "mouseover", "timestamp": "1694039552190", "position": {"x": 572, "y": 8}}, {"event_name": "mousemove", "timestamp": "1694039552190", "position": {"x": 572, "y": 8}}, {"event_name": "mousemove", "timestamp": "1694039552208", "position": {"x": 581, "y": 10}}, {"event_name": "mousemove", "timestamp": "1694039552226", "position": {"x": 590, "y": 12}}, {"event_name": "mousemove", "timestamp": "1694039552245", "position": {"x": 597, "y": 10}}, {"event_name": "mousemove", "timestamp": "1694039552263", "position": {"x": 605, "y": 9}}, {"event_name": "mousemove", "timestamp": "1694039552281", "position": {"x": 612, "y": 8}}, {"event_name": "mousemove", "timestamp": "1694039552298", "position": {"x": 622, "y": 10}}, {"event_name": "mousemove", "timestamp": "1694039552315", "position": {"x": 633, "y": 12}}, {"event_name": "mousemove", "timestamp": "1694039552332", "position": {"x": 642, "y": 14}}, {"event_name": "mousemove", "timestamp": "1694039552350", "position": {"x": 650, "y": 15}}, {"event_name": "mousemove", "timestamp": "1694039552368", "position": {"x": 658, "y": 17}}, {"event_name": "mousemove", "timestamp": "1694039552385", "position": {"x": 666, "y": 19}}, {"event_name": "mousemove", "timestamp": "1694039552402", "position": {"x": 673, "y": 19}}, {"event_name": "mousemove", "timestamp": "1694039552421", "position": {"x": 681, "y": 19}}, {"event_name": "mousemove", "timestamp": "1694039552437", "position": {"x": 688, "y": 19}}, {"event_name": "mousemove", "timestamp": "1694039552456", "position": {"x": 693, "y": 19}}, {"event_name": "mousemove", "timestamp": "1694039552473", "position": {"x": 699, "y": 20}}, {"event_name": "mousemove", "timestamp": "1694039552490", "position": {"x": 704, "y": 21}}, {"event_name": "mousemove", "timestamp": "1694039552508", "position": {"x": 709, "y": 21}}, {"event_name": "mousemove", "timestamp": "1694039552525", "position": {"x": 715, "y": 21}}, {"event_name": "mousemove", "timestamp": "1694039552543", "position": {"x": 721, "y": 21}}, {"event_name": "mousemove", "timestamp": "1694039552560", "position": {"x": 723, "y": 23}}, {"event_name": "mousemove", "timestamp": "1694039552578", "position": {"x": 725, "y": 25}}, {"event_name": "mouseout", "timestamp": "1694039552595", "position": {"x": 727, "y": 27}}, {"event_name": "mouseover", "timestamp": "1694039552596", "position": {"x": 727, "y": 27}}, {"event_name": "mousemove", "timestamp": "1694039552596", "position": {"x": 727, "y": 27}}, {"event_name": "mousemove", "timestamp": "1694039552614", "position": {"x": 731, "y": 27}}, {"event_name": "mousemove", "timestamp": "1694039552632", "position": {"x": 736, "y": 27}}, {"event_name": "mousemove", "timestamp": "1694039552648", "position": {"x": 740, "y": 28}}, {"event_name": "mousemove", "timestamp": "1694039552667", "position": {"x": 743, "y": 29}}, {"event_name": "mousemove", "timestamp": "1694039552684", "position": {"x": 746, "y": 30}}, {"event_name": "mousemove", "timestamp": "1694039552702", "position": {"x": 749, "y": 31}}, {"event_name": "mousemove", "timestamp": "1694039552720", "position": {"x": 752, "y": 32}}, {"event_name": "mousemove", "timestamp": "1694039552738", "position": {"x": 756, "y": 33}}, {"event_name": "mousemove", "timestamp": "1694039552755", "position": {"x": 759, "y": 35}}, {"event_name": "mousemove", "timestamp": "1694039552773", "position": {"x": 762, "y": 33}}, {"event_name": "mousemove", "timestamp": "1694039552790", "position": {"x": 765, "y": 32}}, {"event_name": "mousemove", "timestamp": "1694039552809", "position": {"x": 768, "y": 32}}, {"event_name": "mousemove", "timestamp": "1694039552827", "position": {"x": 769, "y": 32}}, {"event_name": "mousemove", "timestamp": "1694039552846", "position": {"x": 770, "y": 32}}, {"event_name": "mousemove", "timestamp": "1694039552865", "position": {"x": 772, "y": 33}}, {"event_name": "mousemove", "timestamp": "1694039552901", "position": {"x": 773, "y": 33}}, {"event_name": "mousemove", "timestamp": "1694039552919", "position": {"x": 774, "y": 33}}, {"event_name": "mousedown", "timestamp": "1694039553328", "position": {"x": 774, "y": 33}}, {"event_name": "mouseup", "timestamp": "1694039553433", "position": {"x": 774, "y": 33}}, {"event_name": "click", "timestamp": "1694039553433", "position": {"x": 774, "y": 33}}, {"event_name": "beforeunload", "timestamp": "1694039553437", "position": {"x": 0, "y": 0}}, {"event_name": "pageshow", "timestamp": "1694039556136", "position": {"x": 0, "y": 0}}, {"event_name": "load", "timestamp": "1694039556136", "position": {"x": 0, "y": 0}}, {"event_name": "mouseover", "timestamp": "1694039556490", "position": {"x": 5, "y": 1}}, {"event_name": "mousemove", "timestamp": "1694039556490", "position": {"x": 5, "y": 1}}, {"event_name": "mousemove", "timestamp": "1694039556508", "position": {"x": 13, "y": 2}}, {"event_name": "mousemove", "timestamp": "1694039556526", "position": {"x": 17, "y": 3}}, {"event_name": "mousemove", "timestamp": "1694039556544", "position": {"x": 22, "y": 3}}, {"event_name": "mousemove", "timestamp": "1694039556562", "position": {"x": 28, "y": 3}}, {"event_name": "mousemove", "timestamp": "1694039556579", "position": {"x": 33, "y": 3}}, {"event_name": "mousemove", "timestamp": "1694039556597", "position": {"x": 38, "y": 3}}, {"event_name": "mousemove", "timestamp": "1694039556614", "position": {"x": 44, "y": 3}}, {"event_name": "mousemove", "timestamp": "1694039556632", "position": {"x": 50, "y": 3}}, {"event_name": "mousemove", "timestamp": "1694039556649", "position": {"x": 57, "y": 1}}, {"event_name": "mousemove", "timestamp": "1694039556668", "position": {"x": 66, "y": 0}}, {"event_name": "mouseout", "timestamp": "1694039556686", "position": {"x": 73, "y": 0}}, {"event_name": "mouseover", "timestamp": "1694039556687", "position": {"x": 73, "y": 0}}, {"event_name": "mousemove", "timestamp": "1694039556687", "position": {"x": 73, "y": 0}}, {"event_name": "mousemove", "timestamp": "1694039556705", "position": {"x": 79, "y": 0}}, {"event_name": "mouseover", "timestamp": "1694039556724", "position": {"x": 87, "y": 0}}, {"event_name": "mouseout", "timestamp": "1694039556724", "position": {"x": 87, "y": 0}}, {"event_name": "mousemove", "timestamp": "1694039556725", "position": {"x": 87, "y": 0}}, {"event_name": "mousemove", "timestamp": "1694039556744", "position": {"x": 93, "y": 0}}, {"event_name": "mousemove", "timestamp": "1694039556763", "position": {"x": 113, "y": 0}}, {"event_name": "mousemove", "timestamp": "1694039556781", "position": {"x": 135, "y": 1}}, {"event_name": "mousemove", "timestamp": "1694039556798", "position": {"x": 152, "y": 2}}, {"event_name": "mousemove", "timestamp": "1694039556816", "position": {"x": 160, "y": 2}}, {"event_name": "mousemove", "timestamp": "1694039556834", "position": {"x": 169, "y": 2}}, {"event_name": "mousemove", "timestamp": "1694039556851", "position": {"x": 177, "y": 2}}, {"event_name": "mousemove", "timestamp": "1694039556869", "position": {"x": 183, "y": 3}}, {"event_name": "mousemove", "timestamp": "1694039556887", "position": {"x": 191, "y": 5}}, {"event_name": "mousemove", "timestamp": "1694039556905", "position": {"x": 197, "y": 7}}, {"event_name": "mousemove", "timestamp": "1694039556923", "position": {"x": 205, "y": 6}}, {"event_name": "mousemove", "timestamp": "1694039556941", "position": {"x": 214, "y": 5}}, {"event_name": "mousemove", "timestamp": "1694039556960", "position": {"x": 221, "y": 5}}, {"event_name": "mousemove", "timestamp": "1694039556979", "position": {"x": 228, "y": 6}}, {"event_name": "mousemove", "timestamp": "1694039556997", "position": {"x": 236, "y": 7}}, {"event_name": "mouseout", "timestamp": "1694039557016", "position": {"x": 242, "y": 9}}, {"event_name": "mouseover", "timestamp": "1694039557016", "position": {"x": 242, "y": 9}}, {"event_name": "mousemove", "timestamp": "1694039557017", "position": {"x": 242, "y": 9}}, {"event_name": "mousemove", "timestamp": "1694039557036", "position": {"x": 252, "y": 10}}, {"event_name": "mousemove", "timestamp": "1694039557054", "position": {"x": 263, "y": 11}}, {"event_name": "mousemove", "timestamp": "1694039557072", "position": {"x": 272, "y": 12}}, {"event_name": "mousemove", "timestamp": "1694039557090", "position": {"x": 279, "y": 12}}, {"event_name": "mousemove", "timestamp": "1694039557107", "position": {"x": 287, "y": 13}}, {"event_name": "mousemove", "timestamp": "1694039557124", "position": {"x": 295, "y": 14}}, {"event_name": "mousemove", "timestamp": "1694039557143", "position": {"x": 303, "y": 13}}, {"event_name": "mousemove", "timestamp": "1694039557161", "position": {"x": 312, "y": 12}}, {"event_name": "mousemove", "timestamp": "1694039557180", "position": {"x": 319, "y": 12}}, {"event_name": "mousemove", "timestamp": "1694039557200", "position": {"x": 328, "y": 11}}, {"event_name": "mousemove", "timestamp": "1694039557218", "position": {"x": 339, "y": 10}}, {"event_name": "mousemove", "timestamp": "1694039557235", "position": {"x": 348, "y": 10}}, {"event_name": "mousemove", "timestamp": "1694039557253", "position": {"x": 357, "y": 10}}, {"event_name": "mouseout", "timestamp": "1694039557271", "position": {"x": 366, "y": 10}}, {"event_name": "mouseover", "timestamp": "1694039557271", "position": {"x": 366, "y": 10}}, {"event_name": "mousemove", "timestamp": "1694039557271", "position": {"x": 366, "y": 10}}, {"event_name": "mousemove", "timestamp": "1694039557289", "position": {"x": 375, "y": 11}}, {"event_name": "mousemove", "timestamp": "1694039557306", "position": {"x": 385, "y": 12}}, {"event_name": "mousemove", "timestamp": "1694039557324", "position": {"x": 395, "y": 13}}, {"event_name": "mousemove", "timestamp": "1694039557341", "position": {"x": 404, "y": 15}}, {"event_name": "mousemove", "timestamp": "1694039557359", "position": {"x": 411, "y": 14}}, {"event_name": "mousemove", "timestamp": "1694039557376", "position": {"x": 418, "y": 13}}, {"event_name": "mousemove", "timestamp": "1694039557394", "position": {"x": 425, "y": 13}}, {"event_name": "mousemove", "timestamp": "1694039557412", "position": {"x": 433, "y": 14}}, {"event_name": "mousemove", "timestamp": "1694039557430", "position": {"x": 443, "y": 15}}, {"event_name": "mousemove", "timestamp": "1694039557447", "position": {"x": 451, "y": 17}}, {"event_name": "mouseout", "timestamp": "1694039557466", "position": {"x": 460, "y": 16}}, {"event_name": "mouseover", "timestamp": "1694039557466", "position": {"x": 460, "y": 16}}, {"event_name": "mousemove", "timestamp": "1694039557467", "position": {"x": 460, "y": 16}}, {"event_name": "mousemove", "timestamp": "1694039557486", "position": {"x": 471, "y": 15}}, {"event_name": "mousemove", "timestamp": "1694039557504", "position": {"x": 479, "y": 15}}, {"event_name": "mousemove", "timestamp": "1694039557522", "position": {"x": 490, "y": 15}}, {"event_name": "mousemove", "timestamp": "1694039557541", "position": {"x": 502, "y": 15}}, {"event_name": "mousemove", "timestamp": "1694039557557", "position": {"x": 512, "y": 16}}, {"event_name": "mousemove", "timestamp": "1694039557575", "position": {"x": 522, "y": 16}}, {"event_name": "mousemove", "timestamp": "1694039557593", "position": {"x": 533, "y": 16}}, {"event_name": "mousemove", "timestamp": "1694039557611", "position": {"x": 542, "y": 16}}, {"event_name": "mousemove", "timestamp": "1694039557627", "position": {"x": 551, "y": 14}}, {"event_name": "mousemove", "timestamp": "1694039557645", "position": {"x": 561, "y": 13}}, {"event_name": "mousemove", "timestamp": "1694039557663", "position": {"x": 570, "y": 13}}, {"event_name": "mousemove", "timestamp": "1694039557681", "position": {"x": 576, "y": 13}}, {"event_name": "mousemove", "timestamp": "1694039557698", "position": {"x": 583, "y": 13}}, {"event_name": "mousemove", "timestamp": "1694039557715", "position": {"x": 590, "y": 13}}, {"event_name": "mousemove", "timestamp": "1694039557733", "position": {"x": 599, "y": 13}}, {"event_name": "mousemove", "timestamp": "1694039557751", "position": {"x": 608, "y": 13}}, {"event_name": "mousemove", "timestamp": "1694039557768", "position": {"x": 617, "y": 13}}, {"event_name": "mousemove", "timestamp": "1694039557785", "position": {"x": 629, "y": 14}}, {"event_name": "mousemove", "timestamp": "1694039557803", "position": {"x": 641, "y": 16}}, {"event_name": "mousemove", "timestamp": "1694039557821", "position": {"x": 653, "y": 18}}, {"event_name": "mousemove", "timestamp": "1694039557838", "position": {"x": 663, "y": 17}}, {"event_name": "mousemove", "timestamp": "1694039557855", "position": {"x": 674, "y": 17}}, {"event_name": "mousemove", "timestamp": "1694039557873", "position": {"x": 684, "y": 17}}, {"event_name": "mousemove", "timestamp": "1694039557891", "position": {"x": 692, "y": 15}}, {"event_name": "mousemove", "timestamp": "1694039557908", "position": {"x": 700, "y": 13}}, {"event_name": "mousemove", "timestamp": "1694039557925", "position": {"x": 708, "y": 12}}, {"event_name": "mousemove", "timestamp": "1694039557943", "position": {"x": 713, "y": 12}}, {"event_name": "mousemove", "timestamp": "1694039557961", "position": {"x": 719, "y": 13}}, {"event_name": "mousemove", "timestamp": "1694039557979", "position": {"x": 725, "y": 14}}, {"event_name": "mouseout", "timestamp": "1694039557998", "position": {"x": 730, "y": 13}}, {"event_name": "mouseover", "timestamp": "1694039557998", "position": {"x": 730, "y": 13}}, {"event_name": "mousemove", "timestamp": "1694039557999", "position": {"x": 730, "y": 13}}, {"event_name": "mousemove", "timestamp": "1694039558018", "position": {"x": 736, "y": 12}}, {"event_name": "mousemove", "timestamp": "1694039558036", "position": {"x": 740, "y": 12}}, {"event_name": "mousemove", "timestamp": "1694039558054", "position": {"x": 745, "y": 13}}, {"event_name": "mousemove", "timestamp": "1694039558073", "position": {"x": 751, "y": 14}}, {"event_name": "mousemove", "timestamp": "1694039558090", "position": {"x": 756, "y": 15}}, {"event_name": "mousemove", "timestamp": "1694039558108", "position": {"x": 762, "y": 15}}, {"event_name": "mousemove", "timestamp": "1694039558126", "position": {"x": 768, "y": 15}}, {"event_name": "mousemove", "timestamp": "1694039558144", "position": {"x": 774, "y": 16}}, {"event_name": "mousemove", "timestamp": "1694039558161", "position": {"x": 777, "y": 17}}, {"event_name": "mousemove", "timestamp": "1694039558179", "position": {"x": 781, "y": 18}}, {"event_name": "mousemove", "timestamp": "1694039558197", "position": {"x": 785, "y": 20}}, {"event_name": "mousemove", "timestamp": "1694039558215", "position": {"x": 787, "y": 21}}, {"event_name": "mousemove", "timestamp": "1694039558232", "position": {"x": 789, "y": 23}}, {"event_name": "mouseout", "timestamp": "1694039558249", "position": {"x": 791, "y": 25}}, {"event_name": "mouseover", "timestamp": "1694039558249", "position": {"x": 791, "y": 25}}, {"event_name": "mousemove", "timestamp": "1694039558250", "position": {"x": 791, "y": 25}}, {"event_name": "mousemove", "timestamp": "1694039558268", "position": {"x": 793, "y": 25}}, {"event_name": "mousemove", "timestamp": "1694039558286", "position": {"x": 796, "y": 25}}, {"event_name": "mousemove", "timestamp": "1694039558302", "position": {"x": 799, "y": 26}}, {"event_name": "mousemove", "timestamp": "1694039558320", "position": {"x": 801, "y": 26}}, {"event_name": "mousemove", "timestamp": "1694039558338", "position": {"x": 803, "y": 26}}, {"event_name": "mousemove", "timestamp": "1694039558355", "position": {"x": 805, "y": 26}}, {"event_name": "mousemove", "timestamp": "1694039558372", "position": {"x": 806, "y": 26}}, {"event_name": "mousemove", "timestamp": "1694039558390", "position": {"x": 807, "y": 26}}, {"event_name": "mousemove", "timestamp": "1694039558408", "position": {"x": 809, "y": 27}}, {"event_name": "mousedown", "timestamp": "1694039558667", "position": {"x": 809, "y": 27}}, {"event_name": "mouseup", "timestamp": "1694039558754", "position": {"x": 809, "y": 27}}, {"event_name": "click", "timestamp": "1694039558755", "position": {"x": 809, "y": 27}}, {"event_name": "beforeunload", "timestamp": "1694039558759", "position": {"x": 0, "y": 0}}, {"event_name": "load", "timestamp": "1694039558938", "position": {"x": 0, "y": 0}}, {"event_name": "pageshow", "timestamp": "1694039558939", "position": {"x": 0, "y": 0}}, {"event_name": "mouseover", "timestamp": "1694039559246", "position": {"x": 5, "y": 1}}, {"event_name": "mousemove", "timestamp": "1694039559246", "position": {"x": 5, "y": 1}}, {"event_name": "mousemove", "timestamp": "1694039559264", "position": {"x": 13, "y": 3}}, {"event_name": "mousemove", "timestamp": "1694039559282", "position": {"x": 17, "y": 4}}, {"event_name": "mousemove", "timestamp": "1694039559301", "position": {"x": 19, "y": 3}}, {"event_name": "mousemove", "timestamp": "1694039559320", "position": {"x": 22, "y": 3}}, {"event_name": "mousemove", "timestamp": "1694039559338", "position": {"x": 25, "y": 3}}, {"event_name": "mousemove", "timestamp": "1694039559355", "position": {"x": 30, "y": 3}}, {"event_name": "mousemove", "timestamp": "1694039559373", "position": {"x": 36, "y": 3}}, {"event_name": "mousemove", "timestamp": "1694039559390", "position": {"x": 41, "y": 3}}, {"event_name": "mousemove", "timestamp": "1694039559408", "position": {"x": 46, "y": 3}}, {"event_name": "mousemove", "timestamp": "1694039559425", "position": {"x": 52, "y": 3}}, {"event_name": "mousemove", "timestamp": "1694039559444", "position": {"x": 58, "y": 4}}, {"event_name": "mousemove", "timestamp": "1694039559462", "position": {"x": 64, "y": 2}}, {"event_name": "mouseout", "timestamp": "1694039559479", "position": {"x": 70, "y": 1}}, {"event_name": "mouseover", "timestamp": "1694039559479", "position": {"x": 70, "y": 1}}, {"event_name": "mousemove", "timestamp": "1694039559479", "position": {"x": 70, "y": 1}}, {"event_name": "mousemove", "timestamp": "1694039559496", "position": {"x": 76, "y": 1}}, {"event_name": "mouseout", "timestamp": "1694039559514", "position": {"x": 97, "y": 1}}, {"event_name": "mouseover", "timestamp": "1694039559515", "position": {"x": 97, "y": 1}}, {"event_name": "mousemove", "timestamp": "1694039559515", "position": {"x": 97, "y": 1}}, {"event_name": "mousemove", "timestamp": "1694039559532", "position": {"x": 118, "y": 2}}, {"event_name": "mousemove", "timestamp": "1694039559549", "position": {"x": 137, "y": 3}}, {"event_name": "mousemove", "timestamp": "1694039559567", "position": {"x": 146, "y": 2}}, {"event_name": "mousemove", "timestamp": "1694039559585", "position": {"x": 155, "y": 1}}, {"event_name": "mousemove", "timestamp": "1694039559603", "position": {"x": 164, "y": 1}}, {"event_name": "mousemove", "timestamp": "1694039559620", "position": {"x": 173, "y": 0}}, {"event_name": "mousemove", "timestamp": "1694039559639", "position": {"x": 183, "y": 0}}, {"event_name": "mousemove", "timestamp": "1694039559658", "position": {"x": 191, "y": 0}}, {"event_name": "mousemove", "timestamp": "1694039559677", "position": {"x": 213, "y": 0}}, {"event_name": "mousemove", "timestamp": "1694039559695", "position": {"x": 239, "y": 1}}, {"event_name": "mousemove", "timestamp": "1694039559713", "position": {"x": 258, "y": 2}}, {"event_name": "mousemove", "timestamp": "1694039559731", "position": {"x": 268, "y": 3}}, {"event_name": "mousemove", "timestamp": "1694039559749", "position": {"x": 279, "y": 4}}, {"event_name": "mousemove", "timestamp": "1694039559767", "position": {"x": 289, "y": 5}}, {"event_name": "mousemove", "timestamp": "1694039559785", "position": {"x": 299, "y": 3}}, {"event_name": "mousemove", "timestamp": "1694039559803", "position": {"x": 310, "y": 2}}, {"event_name": "mousemove", "timestamp": "1694039559822", "position": {"x": 319, "y": 2}}, {"event_name": "mousemove", "timestamp": "1694039559842", "position": {"x": 326, "y": 1}}, {"event_name": "mousemove", "timestamp": "1694039559860", "position": {"x": 335, "y": 0}}, {"event_name": "mousemove", "timestamp": "1694039559877", "position": {"x": 341, "y": 0}}, {"event_name": "mousemove", "timestamp": "1694039559895", "position": {"x": 360, "y": 0}}, {"event_name": "mousemove", "timestamp": "1694039559913", "position": {"x": 380, "y": 0}}, {"event_name": "mousemove", "timestamp": "1694039559931", "position": {"x": 397, "y": 1}}, {"event_name": "mousemove", "timestamp": "1694039559949", "position": {"x": 407, "y": 3}}, {"event_name": "mousemove", "timestamp": "1694039559967", "position": {"x": 417, "y": 5}}, {"event_name": "mousemove", "timestamp": "1694039559985", "position": {"x": 425, "y": 7}}, {"event_name": "mousemove", "timestamp": "1694039560002", "position": {"x": 433, "y": 7}}, {"event_name": "mousemove", "timestamp": "1694039560021", "position": {"x": 441, "y": 8}}, {"event_name": "mousemove", "timestamp": "1694039560038", "position": {"x": 448, "y": 9}}, {"event_name": "mouseout", "timestamp": "1694039560056", "position": {"x": 459, "y": 9}}, {"event_name": "mouseover", "timestamp": "1694039560056", "position": {"x": 459, "y": 9}}, {"event_name": "mousemove", "timestamp": "1694039560056", "position": {"x": 459, "y": 9}}, {"event_name": "mousemove", "timestamp": "1694039560074", "position": {"x": 471, "y": 9}}, {"event_name": "mousemove", "timestamp": "1694039560091", "position": {"x": 481, "y": 10}}, {"event_name": "mousemove", "timestamp": "1694039560109", "position": {"x": 491, "y": 8}}, {"event_name": "mouseout", "timestamp": "1694039560127", "position": {"x": 502, "y": 7}}, {"event_name": "mouseover", "timestamp": "1694039560127", "position": {"x": 502, "y": 7}}, {"event_name": "mousemove", "timestamp": "1694039560127", "position": {"x": 502, "y": 7}}, {"event_name": "mousemove", "timestamp": "1694039560145", "position": {"x": 512, "y": 7}}, {"event_name": "mousemove", "timestamp": "1694039560163", "position": {"x": 523, "y": 5}}, {"event_name": "mousemove", "timestamp": "1694039560181", "position": {"x": 534, "y": 3}}, {"event_name": "mousemove", "timestamp": "1694039560199", "position": {"x": 543, "y": 2}}, {"event_name": "mousemove", "timestamp": "1694039560219", "position": {"x": 556, "y": 3}}, {"event_name": "mousemove", "timestamp": "1694039560237", "position": {"x": 572, "y": 5}}, {"event_name": "mousemove", "timestamp": "1694039560256", "position": {"x": 584, "y": 7}}, {"event_name": "mousemove", "timestamp": "1694039560275", "position": {"x": 594, "y": 7}}, {"event_name": "mousemove", "timestamp": "1694039560292", "position": {"x": 604, "y": 7}}, {"event_name": "mousemove", "timestamp": "1694039560311", "position": {"x": 612, "y": 7}}, {"event_name": "mousemove", "timestamp": "1694039560329", "position": {"x": 623, "y": 7}}, {"event_name": "mousemove", "timestamp": "1694039560349", "position": {"x": 635, "y": 7}}, {"event_name": "mousemove", "timestamp": "1694039560367", "position": {"x": 645, "y": 7}}, {"event_name": "mousemove", "timestamp": "1694039560385", "position": {"x": 655, "y": 7}}, {"event_name": "mousemove", "timestamp": "1694039560403", "position": {"x": 666, "y": 7}}, {"event_name": "mousemove", "timestamp": "1694039560421", "position": {"x": 676, "y": 7}}, {"event_name": "mousemove", "timestamp": "1694039560440", "position": {"x": 687, "y": 7}}, {"event_name": "mouseout", "timestamp": "1694039560458", "position": {"x": 699, "y": 8}}, {"event_name": "mouseover", "timestamp": "1694039560458", "position": {"x": 699, "y": 8}}, {"event_name": "mousemove", "timestamp": "1694039560458", "position": {"x": 699, "y": 8}}, {"event_name": "mousemove", "timestamp": "1694039560475", "position": {"x": 709, "y": 9}}, {"event_name": "mousemove", "timestamp": "1694039560494", "position": {"x": 719, "y": 8}}, {"event_name": "mouseout", "timestamp": "1694039560512", "position": {"x": 730, "y": 8}}, {"event_name": "mouseover", "timestamp": "1694039560512", "position": {"x": 730, "y": 8}}, {"event_name": "mousemove", "timestamp": "1694039560512", "position": {"x": 730, "y": 8}}, {"event_name": "mousemove", "timestamp": "1694039560530", "position": {"x": 741, "y": 8}}, {"event_name": "mousemove", "timestamp": "1694039560547", "position": {"x": 750, "y": 8}}, {"event_name": "mousemove", "timestamp": "1694039560564", "position": {"x": 759, "y": 9}}, {"event_name": "mousemove", "timestamp": "1694039560582", "position": {"x": 768, "y": 10}}, {"event_name": "mousemove", "timestamp": "1694039560599", "position": {"x": 775, "y": 9}}, {"event_name": "mousemove", "timestamp": "1694039560617", "position": {"x": 783, "y": 8}}, {"event_name": "mousemove", "timestamp": "1694039560635", "position": {"x": 790, "y": 8}}, {"event_name": "mouseout", "timestamp": "1694039560652", "position": {"x": 796, "y": 8}}, {"event_name": "mouseover", "timestamp": "1694039560653", "position": {"x": 796, "y": 8}}, {"event_name": "mousemove", "timestamp": "1694039560653", "position": {"x": 796, "y": 8}}, {"event_name": "mousemove", "timestamp": "1694039560670", "position": {"x": 802, "y": 9}}, {"event_name": "mousemove", "timestamp": "1694039560687", "position": {"x": 808, "y": 10}}, {"event_name": "mousemove", "timestamp": "1694039560705", "position": {"x": 814, "y": 10}}, {"event_name": "mousemove", "timestamp": "1694039560723", "position": {"x": 821, "y": 11}}, {"event_name": "mousemove", "timestamp": "1694039560740", "position": {"x": 827, "y": 12}}, {"event_name": "mousemove", "timestamp": "1694039560757", "position": {"x": 832, "y": 11}}, {"event_name": "mousemove", "timestamp": "1694039560775", "position": {"x": 837, "y": 10}}, {"event_name": "mousemove", "timestamp": "1694039560793", "position": {"x": 842, "y": 10}}, {"event_name": "mousemove", "timestamp": "1694039560813", "position": {"x": 847, "y": 9}}, {"event_name": "mousemove", "timestamp": "1694039560830", "position": {"x": 851, "y": 9}}, {"event_name": "mouseout", "timestamp": "1694039560848", "position": {"x": 855, "y": 9}}, {"event_name": "mouseover", "timestamp": "1694039560848", "position": {"x": 855, "y": 9}}, {"event_name": "mousemove", "timestamp": "1694039560848", "position": {"x": 855, "y": 9}}, {"event_name": "mousemove", "timestamp": "1694039560866", "position": {"x": 857, "y": 9}}, {"event_name": "mousemove", "timestamp": "1694039560883", "position": {"x": 860, "y": 9}}, {"event_name": "mousemove", "timestamp": "1694039560900", "position": {"x": 863, "y": 9}}, {"event_name": "mousemove", "timestamp": "1694039560919", "position": {"x": 864, "y": 10}}, {"event_name": "mousemove", "timestamp": "1694039560937", "position": {"x": 866, "y": 11}}, {"event_name": "mousemove", "timestamp": "1694039560956", "position": {"x": 868, "y": 12}}, {"event_name": "mousemove", "timestamp": "1694039560991", "position": {"x": 869, "y": 12}}, {"event_name": "mousemove", "timestamp": "1694039561009", "position": {"x": 870, "y": 13}}, {"event_name": "mousemove", "timestamp": "1694039561026", "position": {"x": 872, "y": 13}}, {"event_name": "mousemove", "timestamp": "1694039561044", "position": {"x": 875, "y": 13}}, {"event_name": "mousemove", "timestamp": "1694039561062", "position": {"x": 878, "y": 13}}, {"event_name": "mousemove", "timestamp": "1694039561079", "position": {"x": 879, "y": 13}}, {"event_name": "mousemove", "timestamp": "1694039561097", "position": {"x": 881, "y": 13}}, {"event_name": "mousemove", "timestamp": "1694039561115", "position": {"x": 883, "y": 14}}, {"event_name": "mousemove", "timestamp": "1694039561133", "position": {"x": 884, "y": 14}}, {"event_name": "mousemove", "timestamp": "1694039561150", "position": {"x": 885, "y": 14}}, {"event_name": "mousemove", "timestamp": "1694039561167", "position": {"x": 887, "y": 14}}, {"event_name": "mousedown", "timestamp": "1694039561600", "position": {"x": 887, "y": 14}}, {"event_name": "mouseup", "timestamp": "1694039561717", "position": {"x": 887, "y": 14}}, {"event_name": "click", "timestamp": "1694039561717", "position": {"x": 887, "y": 14}}, {"event_name": "beforeunload", "timestamp": "1694039561722", "position": {"x": 0, "y": 0}}, {"event_name": "load", "timestamp": "1694039564539", "position": {"x": 0, "y": 0}}, {"event_name": "pageshow", "timestamp": "1694039564540", "position": {"x": 0, "y": 0}}, {"event_name": "mouseover", "timestamp": "1694039564820", "position": {"x": 283, "y": 0}}, {"event_name": "mousemove", "timestamp": "1694039564820", "position": {"x": 283, "y": 0}}, {"event_name": "mousemove", "timestamp": "1694039564838", "position": {"x": 683, "y": 1}}, {"event_name": "mousemove", "timestamp": "1694039564856", "position": {"x": 834, "y": 2}}, {"event_name": "mousemove", "timestamp": "1694039564874", "position": {"x": 846, "y": 2}}, {"event_name": "mousemove", "timestamp": "1694039564892", "position": {"x": 859, "y": 3}}, {"event_name": "mousemove", "timestamp": "1694039564910", "position": {"x": 869, "y": 4}}, {"event_name": "mousemove", "timestamp": "1694039564930", "position": {"x": 878, "y": 6}}, {"event_name": "mouseout", "timestamp": "1694039564949", "position": {"x": 889, "y": 9}}, {"event_name": "mouseover", "timestamp": "1694039564949", "position": {"x": 889, "y": 9}}, {"event_name": "mousemove", "timestamp": "1694039564951", "position": {"x": 889, "y": 9}}, {"event_name": "mousemove", "timestamp": "1694039564969", "position": {"x": 898, "y": 11}}, {"event_name": "mousemove", "timestamp": "1694039564989", "position": {"x": 908, "y": 12}}, {"event_name": "mousemove", "timestamp": "1694039565008", "position": {"x": 920, "y": 13}}, {"event_name": "mousemove", "timestamp": "1694039565026", "position": {"x": 929, "y": 14}}, {"event_name": "mousemove", "timestamp": "1694039565045", "position": {"x": 936, "y": 16}}, {"event_name": "mousemove", "timestamp": "1694039565064", "position": {"x": 945, "y": 18}}, {"event_name": "mousemove", "timestamp": "1694039565083", "position": {"x": 952, "y": 20}}, {"event_name": "mousemove", "timestamp": "1694039565101", "position": {"x": 958, "y": 20}}, {"event_name": "mouseout", "timestamp": "1694039565121", "position": {"x": 964, "y": 20}}, {"event_name": "mouseover", "timestamp": "1694039565121", "position": {"x": 964, "y": 20}}, {"event_name": "mousemove", "timestamp": "1694039565122", "position": {"x": 964, "y": 20}}, {"event_name": "mousemove", "timestamp": "1694039565140", "position": {"x": 970, "y": 20}}, {"event_name": "mousemove", "timestamp": "1694039565159", "position": {"x": 974, "y": 20}}, {"event_name": "mousemove", "timestamp": "1694039565178", "position": {"x": 979, "y": 20}}, {"event_name": "mousemove", "timestamp": "1694039565197", "position": {"x": 983, "y": 20}}, {"event_name": "mousemove", "timestamp": "1694039565216", "position": {"x": 989, "y": 20}}, {"event_name": "mousemove", "timestamp": "1694039565234", "position": {"x": 995, "y": 20}}, {"event_name": "mousemove", "timestamp": "1694039565254", "position": {"x": 1000, "y": 21}}, {"event_name": "mousemove", "timestamp": "1694039565272", "position": {"x": 1003, "y": 21}}, {"event_name": "mousemove", "timestamp": "1694039565290", "position": {"x": 1006, "y": 21}}, {"event_name": "mousemove", "timestamp": "1694039565309", "position": {"x": 1009, "y": 22}}, {"event_name": "mousemove", "timestamp": "1694039565327", "position": {"x": 1011, "y": 22}}, {"event_name": "mousemove", "timestamp": "1694039565345", "position": {"x": 1014, "y": 22}}, {"event_name": "mousemove", "timestamp": "1694039565362", "position": {"x": 1017, "y": 22}}, {"event_name": "mousemove", "timestamp": "1694039565381", "position": {"x": 1018, "y": 22}}, {"event_name": "mousemove", "timestamp": "1694039565399", "position": {"x": 1019, "y": 23}}, {"event_name": "mousemove", "timestamp": "1694039565417", "position": {"x": 1021, "y": 24}}, {"event_name": "mousemove", "timestamp": "1694039565434", "position": {"x": 1022, "y": 24}}, {"event_name": "mousemove", "timestamp": "1694039565451", "position": {"x": 1024, "y": 24}}, {"event_name": "mousemove", "timestamp": "1694039565469", "position": {"x": 1026, "y": 24}}, {"event_name": "mousedown", "timestamp": "1694039565751", "position": {"x": 1026, "y": 24}}, {"event_name": "mouseup", "timestamp": "1694039565839", "position": {"x": 1026, "y": 24}}, {"event_name": "click", "timestamp": "1694039565839", "position": {"x": 1026, "y": 24}}, {"event_name": "beforeunload", "timestamp": "1694039565843", "position": {"x": 0, "y": 0}}, {"event_name": "load", "timestamp": "1694039565899", "position": {"x": 0, "y": 0}}, {"event_name": "pageshow", "timestamp": "1694039565899", "position": {"x": 0, "y": 0}}, {"event_name": "beforeunload", "timestamp": "1694039568382", "position": {"x": 0, "y": 0}}, {"event_name": "load", "timestamp": "1694039568514", "position": {"x": 0, "y": 0}}, {"event_name": "pageshow", "timestamp": "1694039568514", "position": {"x": 0, "y": 0}}, {"event_name": "mouseover", "timestamp": "1694039568794", "position": {"x": 5, "y": 0}}, {"event_name": "mousemove", "timestamp": "1694039568795", "position": {"x": 5, "y": 0}}, {"event_name": "mousemove", "timestamp": "1694039568812", "position": {"x": 11, "y": 0}}, {"event_name": "mousemove", "timestamp": "1694039568830", "position": {"x": 16, "y": 1}}, {"event_name": "mousemove", "timestamp": "1694039568848", "position": {"x": 53, "y": 1}}, {"event_name": "mouseout", "timestamp": "1694039568866", "position": {"x": 93, "y": 1}}, {"event_name": "mouseover", "timestamp": "1694039568867", "position": {"x": 93, "y": 1}}, {"event_name": "mousemove", "timestamp": "1694039568867", "position": {"x": 93, "y": 1}}, {"event_name": "mousemove", "timestamp": "1694039568886", "position": {"x": 127, "y": 2}}, {"event_name": "mousemove", "timestamp": "1694039568905", "position": {"x": 490, "y": 3}}, {"event_name": "mousemove", "timestamp": "1694039568924", "position": {"x": 853, "y": 4}}, {"event_name": "mousemove", "timestamp": "1694039568942", "position": {"x": 1136, "y": 5}}, {"event_name": "mouseout", "timestamp": "1694039568962", "position": {"x": 1137, "y": 9}}, {"event_name": "mouseover", "timestamp": "1694039568963", "position": {"x": 1137, "y": 9}}, {"event_name": "mousemove", "timestamp": "1694039568963", "position": {"x": 1137, "y": 9}}, {"event_name": "mousemove", "timestamp": "1694039568981", "position": {"x": 1138, "y": 14}}, {"event_name": "mousemove", "timestamp": "1694039568998", "position": {"x": 1140, "y": 18}}, {"event_name": "mousedown", "timestamp": "1694039571530", "position": {"x": 1140, "y": 18}}, {"event_name": "mouseup", "timestamp": "1694039571656", "position": {"x": 1140, "y": 18}}, {"event_name": "click", "timestamp": "1694039571656", "position": {"x": 1140, "y": 18}}, {"event_name": "beforeunload", "timestamp": "1694039571657", "position": {"x": 0, "y": 0}}, {"event_name": "load", "timestamp": "1694039574404", "position": {"x": 0, "y": 0}}, {"event_name": "pageshow", "timestamp": "1694039574404", "position": {"x": 0, "y": 0}}, {"event_name": "scroll", "timestamp": "1694039576522", "position": {"x": 0, "y": 0}}, {"event_name": "scroll", "timestamp": "1694039576785", "position": {"x": 0, "y": 0}}, {"event_name": "mousemove", "timestamp": "1694039578199", "position": {"x": 2, "y": 516}}, {"event_name": "mouseover", "timestamp": "1694039578199", "position": {"x": 2, "y": 516}}, {"event_name": "mousemove", "timestamp": "1694039578217", "position": {"x": 6, "y": 521}}, {"event_name": "mousemove", "timestamp": "1694039578234", "position": {"x": 8, "y": 523}}, {"event_name": "mousemove", "timestamp": "1694039578253", "position": {"x": 8, "y": 527}}, {"event_name": "mousemove", "timestamp": "1694039578270", "position": {"x": 9, "y": 532}}, {"event_name": "mousemove", "timestamp": "1694039578288", "position": {"x": 10, "y": 536}}, {"event_name": "mousemove", "timestamp": "1694039578306", "position": {"x": 11, "y": 539}}, {"event_name": "mousemove", "timestamp": "1694039578324", "position": {"x": 12, "y": 543}}, {"event_name": "mousemove", "timestamp": "1694039578341", "position": {"x": 14, "y": 546}}, {"event_name": "mousemove", "timestamp": "1694039578359", "position": {"x": 17, "y": 549}}, {"event_name": "mousemove", "timestamp": "1694039578377", "position": {"x": 21, "y": 553}}, {"event_name": "mousemove", "timestamp": "1694039578394", "position": {"x": 24, "y": 556}}, {"event_name": "mousemove", "timestamp": "1694039578413", "position": {"x": 25, "y": 560}}, {"event_name": "mousemove", "timestamp": "1694039578429", "position": {"x": 26, "y": 564}}, {"event_name": "mousemove", "timestamp": "1694039578447", "position": {"x": 27, "y": 568}}, {"event_name": "mouseout", "timestamp": "1694039578466", "position": {"x": 27, "y": 572}}, {"event_name": "mouseover", "timestamp": "1694039578466", "position": {"x": 27, "y": 572}}, {"event_name": "mousemove", "timestamp": "1694039578466", "position": {"x": 27, "y": 572}}, {"event_name": "mousemove", "timestamp": "1694039578483", "position": {"x": 28, "y": 577}}, {"event_name": "mousemove", "timestamp": "1694039578500", "position": {"x": 29, "y": 581}}, {"event_name": "mousemove", "timestamp": "1694039578518", "position": {"x": 31, "y": 584}}, {"event_name": "mousemove", "timestamp": "1694039578536", "position": {"x": 33, "y": 588}}, {"event_name": "mousemove", "timestamp": "1694039578554", "position": {"x": 36, "y": 591}}, {"event_name": "mousemove", "timestamp": "1694039578571", "position": {"x": 37, "y": 596}}, {"event_name": "mousemove", "timestamp": "1694039578589", "position": {"x": 39, "y": 602}}, {"event_name": "mousemove", "timestamp": "1694039578606", "position": {"x": 41, "y": 607}}, {"event_name": "mousemove", "timestamp": "1694039578623", "position": {"x": 42, "y": 612}}, {"event_name": "mousemove", "timestamp": "1694039578641", "position": {"x": 43, "y": 618}}, {"event_name": "mousemove", "timestamp": "1694039578659", "position": {"x": 45, "y": 624}}, {"event_name": "mousemove", "timestamp": "1694039578677", "position": {"x": 47, "y": 629}}, {"event_name": "mousemove", "timestamp": "1694039578694", "position": {"x": 49, "y": 635}}, {"event_name": "mousemove", "timestamp": "1694039578712", "position": {"x": 51, "y": 641}}, {"event_name": "mousemove", "timestamp": "1694039578729", "position": {"x": 53, "y": 645}}, {"event_name": "mousemove", "timestamp": "1694039578747", "position": {"x": 55, "y": 650}}, {"event_name": "mousemove", "timestamp": "1694039578765", "position": {"x": 57, "y": 655}}, {"event_name": "mousemove", "timestamp": "1694039578783", "position": {"x": 57, "y": 660}}, {"event_name": "mousemove", "timestamp": "1694039578800", "position": {"x": 57, "y": 665}}, {"event_name": "mousemove", "timestamp": "1694039578818", "position": {"x": 58, "y": 671}}, {"event_name": "mousemove", "timestamp": "1694039578836", "position": {"x": 59, "y": 677}}, {"event_name": "mousemove", "timestamp": "1694039578854", "position": {"x": 60, "y": 684}}, {"event_name": "mousemove", "timestamp": "1694039578872", "position": {"x": 62, "y": 690}}, {"event_name": "mousemove", "timestamp": "1694039578888", "position": {"x": 66, "y": 695}}, {"event_name": "mouseout", "timestamp": "1694039578906", "position": {"x": 70, "y": 701}}, {"event_name": "mouseover", "timestamp": "1694039578906", "position": {"x": 70, "y": 701}}, {"event_name": "mousemove", "timestamp": "1694039578907", "position": {"x": 70, "y": 701}}, {"event_name": "mousemove", "timestamp": "1694039578925", "position": {"x": 74, "y": 707}}, {"event_name": "mousemove", "timestamp": "1694039578942", "position": {"x": 77, "y": 713}}, {"event_name": "mousemove", "timestamp": "1694039578959", "position": {"x": 81, "y": 720}}, {"event_name": "mousemove", "timestamp": "1694039578977", "position": {"x": 84, "y": 726}}, {"event_name": "mousemove", "timestamp": "1694039578994", "position": {"x": 84, "y": 732}}, {"event_name": "mousemove", "timestamp": "1694039579012", "position": {"x": 84, "y": 738}}, {"event_name": "mousemove", "timestamp": "1694039579030", "position": {"x": 84, "y": 745}}, {"event_name": "mousemove", "timestamp": "1694039579048", "position": {"x": 84, "y": 754}}, {"event_name": "mousemove", "timestamp": "1694039579065", "position": {"x": 84, "y": 763}}, {"event_name": "mousemove", "timestamp": "1694039579082", "position": {"x": 84, "y": 771}}, {"event_name": "mouseout", "timestamp": "1694039579100", "position": {"x": 85, "y": 777}}, {"event_name": "mouseover", "timestamp": "1694039579100", "position": {"x": 85, "y": 777}}, {"event_name": "mousemove", "timestamp": "1694039579101", "position": {"x": 85, "y": 777}}, {"event_name": "mousemove", "timestamp": "1694039579118", "position": {"x": 87, "y": 784}}, {"event_name": "mousemove", "timestamp": "1694039579136", "position": {"x": 89, "y": 790}}, {"event_name": "mousemove", "timestamp": "1694039579153", "position": {"x": 91, "y": 798}}, {"event_name": "mousemove", "timestamp": "1694039579171", "position": {"x": 94, "y": 807}}, {"event_name": "mousemove", "timestamp": "1694039579189", "position": {"x": 97, "y": 815}}, {"event_name": "mousemove", "timestamp": "1694039579206", "position": {"x": 99, "y": 821}}, {"event_name": "mousemove", "timestamp": "1694039579224", "position": {"x": 101, "y": 828}}, {"event_name": "mousemove", "timestamp": "1694039579242", "position": {"x": 103, "y": 834}}, {"event_name": "mousemove", "timestamp": "1694039579259", "position": {"x": 103, "y": 840}}, {"event_name": "mousemove", "timestamp": "1694039579277", "position": {"x": 103, "y": 846}}, {"event_name": "mousemove", "timestamp": "1694039579294", "position": {"x": 104, "y": 852}}, {"event_name": "mousemove", "timestamp": "1694039579312", "position": {"x": 106, "y": 858}}, {"event_name": "mousemove", "timestamp": "1694039579330", "position": {"x": 108, "y": 864}}, {"event_name": "mouseout", "timestamp": "1694039579346", "position": {"x": 111, "y": 870}}, {"event_name": "mouseover", "timestamp": "1694039579347", "position": {"x": 111, "y": 870}}, {"event_name": "mousemove", "timestamp": "1694039579348", "position": {"x": 111, "y": 870}}, {"event_name": "mousemove", "timestamp": "1694039579364", "position": {"x": 111, "y": 873}}, {"event_name": "mousemove", "timestamp": "1694039579383", "position": {"x": 111, "y": 877}}, {"event_name": "mousemove", "timestamp": "1694039579400", "position": {"x": 112, "y": 881}}, {"event_name": "mousemove", "timestamp": "1694039579418", "position": {"x": 112, "y": 886}}, {"event_name": "mousemove", "timestamp": "1694039579436", "position": {"x": 113, "y": 891}}, {"event_name": "mouseout", "timestamp": "1694039579454", "position": {"x": 114, "y": 896}}, {"event_name": "mouseover", "timestamp": "1694039579454", "position": {"x": 114, "y": 896}}, {"event_name": "mousemove", "timestamp": "1694039579454", "position": {"x": 114, "y": 896}}, {"event_name": "mousemove", "timestamp": "1694039579471", "position": {"x": 114, "y": 900}}, {"event_name": "mousemove", "timestamp": "1694039579489", "position": {"x": 114, "y": 904}}, {"event_name": "mousemove", "timestamp": "1694039579506", "position": {"x": 115, "y": 909}}, {"event_name": "mouseout", "timestamp": "1694039579525", "position": {"x": 115, "y": 912}}, {"event_name": "mouseover", "timestamp": "1694039579525", "position": {"x": 115, "y": 912}}, {"event_name": "mousemove", "timestamp": "1694039579526", "position": {"x": 115, "y": 912}}, {"event_name": "mousemove", "timestamp": "1694039579543", "position": {"x": 115, "y": 914}}, {"event_name": "mousemove", "timestamp": "1694039579561", "position": {"x": 116, "y": 917}}, {"event_name": "mousedown", "timestamp": "1694039579878", "position": {"x": 116, "y": 917}}, {"event_name": "mouseup", "timestamp": "1694039579987", "position": {"x": 116, "y": 917}}, {"event_name": "click", "timestamp": "1694039579987", "position": {"x": 116, "y": 917}}, {"event_name": "beforeunload", "timestamp": "1694039579992", "position": {"x": 0, "y": 0}}, {"event_name": "load", "timestamp": "1694039582811", "position": {"x": 0, "y": 0}}, {"event_name": "pageshow", "timestamp": "1694039582811", "position": {"x": 0, "y": 0}}, {"event_name": "beforeunload", "timestamp": "1694039584593", "position": {"x": 0, "y": 0}}, {"event_name": "load", "timestamp": "1694039584702", "position": {"x": 0, "y": 0}}, {"event_name": "pageshow", "timestamp": "1694039584702", "position": {"x": 0, "y": 0}}, {"event_name": "scroll", "timestamp": "1694039587522", "position": {"x": 0, "y": 0}}, {"event_name": "scroll", "timestamp": "1694039587538", "position": {"x": 0, "y": 0}}, {"event_name": "mouseover", "timestamp": "1694039589919", "position": {"x": 1, "y": 1543}}, {"event_name": "mousemove", "timestamp": "1694039589919", "position": {"x": 1, "y": 1543}}, {"event_name": "mousemove", "timestamp": "1694039589937", "position": {"x": 2, "y": 1548}}, {"event_name": "mousemove", "timestamp": "1694039589954", "position": {"x": 4, "y": 1552}}, {"event_name": "mousemove", "timestamp": "1694039589972", "position": {"x": 6, "y": 1555}}, {"event_name": "mousemove", "timestamp": "1694039589989", "position": {"x": 8, "y": 1559}}, {"event_name": "mousemove", "timestamp": "1694039590007", "position": {"x": 10, "y": 1563}}, {"event_name": "mousemove", "timestamp": "1694039590025", "position": {"x": 11, "y": 1567}}, {"event_name": "mousemove", "timestamp": "1694039590044", "position": {"x": 12, "y": 1572}}, {"event_name": "mousemove", "timestamp": "1694039590063", "position": {"x": 14, "y": 1576}}, {"event_name": "mousemove", "timestamp": "1694039590081", "position": {"x": 15, "y": 1580}}, {"event_name": "mousemove", "timestamp": "1694039590101", "position": {"x": 16, "y": 1584}}, {"event_name": "mousemove", "timestamp": "1694039590120", "position": {"x": 17, "y": 1588}}, {"event_name": "mousemove", "timestamp": "1694039590139", "position": {"x": 17, "y": 1593}}, {"event_name": "mouseout", "timestamp": "1694039590158", "position": {"x": 17, "y": 1599}}, {"event_name": "mouseover", "timestamp": "1694039590158", "position": {"x": 17, "y": 1599}}, {"event_name": "mousemove", "timestamp": "1694039590159", "position": {"x": 17, "y": 1599}}, {"event_name": "mousemove", "timestamp": "1694039590177", "position": {"x": 18, "y": 1604}}, {"event_name": "mousemove", "timestamp": "1694039590196", "position": {"x": 21, "y": 1609}}, {"event_name": "mousemove", "timestamp": "1694039590214", "position": {"x": 24, "y": 1615}}, {"event_name": "mousemove", "timestamp": "1694039590233", "position": {"x": 27, "y": 1620}}, {"event_name": "mousemove", "timestamp": "1694039590251", "position": {"x": 28, "y": 1624}}, {"event_name": "mousemove", "timestamp": "1694039590270", "position": {"x": 30, "y": 1629}}, {"event_name": "mousemove", "timestamp": "1694039590289", "position": {"x": 32, "y": 1633}}, {"event_name": "mousemove", "timestamp": "1694039590307", "position": {"x": 35, "y": 1636}}, {"event_name": "mousemove", "timestamp": "1694039590326", "position": {"x": 39, "y": 1640}}, {"event_name": "mousemove", "timestamp": "1694039590344", "position": {"x": 42, "y": 1644}}, {"event_name": "mousemove", "timestamp": "1694039590362", "position": {"x": 42, "y": 1649}}, {"event_name": "mousemove", "timestamp": "1694039590380", "position": {"x": 42, "y": 1655}}, {"event_name": "mousemove", "timestamp": "1694039590399", "position": {"x": 43, "y": 1660}}, {"event_name": "mousemove", "timestamp": "1694039590418", "position": {"x": 43, "y": 1665}}, {"event_name": "mousemove", "timestamp": "1694039590436", "position": {"x": 44, "y": 1671}}, {"event_name": "mousemove", "timestamp": "1694039590455", "position": {"x": 45, "y": 1676}}, {"event_name": "mousemove", "timestamp": "1694039590474", "position": {"x": 47, "y": 1679}}, {"event_name": "mousemove", "timestamp": "1694039590493", "position": {"x": 49, "y": 1683}}, {"event_name": "mousemove", "timestamp": "1694039590510", "position": {"x": 51, "y": 1687}}, {"event_name": "scroll", "timestamp": "1694039590522", "position": {"x": 0, "y": 0}}, {"event_name": "mousemove", "timestamp": "1694039590529", "position": {"x": 52, "y": 1693}}, {"event_name": "mousemove", "timestamp": "1694039590548", "position": {"x": 53, "y": 1699}}, {"event_name": "mousemove", "timestamp": "1694039590566", "position": {"x": 55, "y": 1704}}, {"event_name": "mousemove", "timestamp": "1694039590585", "position": {"x": 57, "y": 1713}}, {"event_name": "mousemove", "timestamp": "1694039590603", "position": {"x": 60, "y": 1722}}, {"event_name": "mousemove", "timestamp": "1694039590622", "position": {"x": 62, "y": 1729}}, {"event_name": "mousemove", "timestamp": "1694039590641", "position": {"x": 64, "y": 1734}}, {"event_name": "mousemove", "timestamp": "1694039590658", "position": {"x": 66, "y": 1740}}, {"event_name": "mousemove", "timestamp": "1694039590676", "position": {"x": 69, "y": 1746}}, {"event_name": "mouseout", "timestamp": "1694039590694", "position": {"x": 70, "y": 1751}}, {"event_name": "mouseover", "timestamp": "1694039590694", "position": {"x": 70, "y": 1751}}, {"event_name": "mousemove", "timestamp": "1694039590694", "position": {"x": 70, "y": 1751}}, {"event_name": "mousemove", "timestamp": "1694039590711", "position": {"x": 71, "y": 1757}}, {"event_name": "mousemove", "timestamp": "1694039590729", "position": {"x": 73, "y": 1763}}, {"event_name": "mousemove", "timestamp": "1694039590748", "position": {"x": 75, "y": 1768}}, {"event_name": "mousemove", "timestamp": "1694039590768", "position": {"x": 78, "y": 1775}}, {"event_name": "mousemove", "timestamp": "1694039590786", "position": {"x": 80, "y": 1779}}, {"event_name": "mousemove", "timestamp": "1694039590804", "position": {"x": 80, "y": 1787}}, {"event_name": "mousemove", "timestamp": "1694039590822", "position": {"x": 81, "y": 1795}}, {"event_name": "mousemove", "timestamp": "1694039590839", "position": {"x": 82, "y": 1802}}, {"event_name": "mousemove", "timestamp": "1694039590857", "position": {"x": 83, "y": 1809}}, {"event_name": "mousemove", "timestamp": "1694039590875", "position": {"x": 84, "y": 1817}}, {"event_name": "mouseout", "timestamp": "1694039590892", "position": {"x": 86, "y": 1824}}, {"event_name": "mouseover", "timestamp": "1694039590892", "position": {"x": 86, "y": 1824}}, {"event_name": "mousemove", "timestamp": "1694039590892", "position": {"x": 86, "y": 1824}}, {"event_name": "mousemove", "timestamp": "1694039590911", "position": {"x": 87, "y": 1832}}, {"event_name": "mousemove", "timestamp": "1694039590929", "position": {"x": 88, "y": 1841}}, {"event_name": "mousemove", "timestamp": "1694039590948", "position": {"x": 90, "y": 1848}}, {"event_name": "mousemove", "timestamp": "1694039590966", "position": {"x": 92, "y": 1856}}, {"event_name": "mousemove", "timestamp": "1694039590985", "position": {"x": 95, "y": 1865}}, {"event_name": "mousemove", "timestamp": "1694039591004", "position": {"x": 97, "y": 1872}}, {"event_name": "mousemove", "timestamp": "1694039591023", "position": {"x": 97, "y": 1877}}, {"event_name": "mousemove", "timestamp": "1694039591041", "position": {"x": 98, "y": 1884}}, {"event_name": "mousemove", "timestamp": "1694039591060", "position": {"x": 99, "y": 1889}}, {"event_name": "mousemove", "timestamp": "1694039591079", "position": {"x": 100, "y": 1895}}, {"event_name": "mousemove", "timestamp": "1694039591097", "position": {"x": 101, "y": 1901}}, {"event_name": "mousemove", "timestamp": "1694039591115", "position": {"x": 102, "y": 1907}}, {"event_name": "mousemove", "timestamp": "1694039591133", "position": {"x": 103, "y": 1912}}, {"event_name": "mousemove", "timestamp": "1694039591152", "position": {"x": 105, "y": 1917}}, {"event_name": "mousemove", "timestamp": "1694039591170", "position": {"x": 107, "y": 1922}}, {"event_name": "mousemove", "timestamp": "1694039591189", "position": {"x": 107, "y": 1927}}, {"event_name": "mouseout", "timestamp": "1694039591208", "position": {"x": 107, "y": 1932}}, {"event_name": "mouseover", "timestamp": "1694039591208", "position": {"x": 107, "y": 1932}}, {"event_name": "mousemove", "timestamp": "1694039591209", "position": {"x": 107, "y": 1932}}, {"event_name": "mousemove", "timestamp": "1694039591227", "position": {"x": 108, "y": 1937}}, {"event_name": "mousemove", "timestamp": "1694039591246", "position": {"x": 108, "y": 1941}}, {"event_name": "mousemove", "timestamp": "1694039591264", "position": {"x": 108, "y": 1945}}, {"event_name": "mouseout", "timestamp": "1694039591282", "position": {"x": 109, "y": 1949}}, {"event_name": "mouseover", "timestamp": "1694039591282", "position": {"x": 109, "y": 1949}}, {"event_name": "mousemove", "timestamp": "1694039591284", "position": {"x": 109, "y": 1949}}, {"event_name": "mousemove", "timestamp": "1694039591302", "position": {"x": 109, "y": 1951}}, {"event_name": "mousemove", "timestamp": "1694039591322", "position": {"x": 110, "y": 1953}}, {"event_name": "mousemove", "timestamp": "1694039591340", "position": {"x": 111, "y": 1955}}, {"event_name": "mousedown", "timestamp": "1694039591691", "position": {"x": 111, "y": 1955}}, {"event_name": "mouseup", "timestamp": "1694039591779", "position": {"x": 111, "y": 1955}}, {"event_name": "click", "timestamp": "1694039591780", "position": {"x": 111, "y": 1955}}, {"event_name": "beforeunload", "timestamp": "1694039591784", "position": {"x": 0, "y": 0}}, {"event_name": "load", "timestamp": "1694039594005", "position": {"x": 0, "y": 0}}, {"event_name": "pageshow", "timestamp": "1694039594005", "position": {"x": 0, "y": 0}}, {"event_name": "scroll", "timestamp": "1694039595522", "position": {"x": 0, "y": 0}}, {"event_name": "scroll", "timestamp": "1694039595534", "position": {"x": 0, "y": 0}}, {"event_name": "scroll", "timestamp": "1694039597522", "position": {"x": 0, "y": 0}}, {"event_name": "mouseover", "timestamp": "1694039600738", "position": {"x": 1, "y": 2034}}, {"event_name": "mousemove", "timestamp": "1694039600738", "position": {"x": 1, "y": 2034}}, {"event_name": "mousemove", "timestamp": "1694039600755", "position": {"x": 2, "y": 2037}}, {"event_name": "mousemove", "timestamp": "1694039600774", "position": {"x": 3, "y": 2039}}, {"event_name": "mousemove", "timestamp": "1694039600792", "position": {"x": 4, "y": 2041}}, {"event_name": "mousemove", "timestamp": "1694039600811", "position": {"x": 5, "y": 2044}}, {"event_name": "mousemove", "timestamp": "1694039600830", "position": {"x": 7, "y": 2046}}, {"event_name": "mousemove", "timestamp": "1694039600849", "position": {"x": 7, "y": 2049}}, {"event_name": "mousemove", "timestamp": "1694039600868", "position": {"x": 7, "y": 2053}}, {"event_name": "mousemove", "timestamp": "1694039600886", "position": {"x": 8, "y": 2057}}, {"event_name": "mousemove", "timestamp": "1694039600905", "position": {"x": 8, "y": 2060}}, {"event_name": "mousemove", "timestamp": "1694039600924", "position": {"x": 9, "y": 2063}}, {"event_name": "mousemove", "timestamp": "1694039600943", "position": {"x": 10, "y": 2066}}, {"event_name": "mousemove", "timestamp": "1694039600962", "position": {"x": 11, "y": 2070}}, {"event_name": "mousemove", "timestamp": "1694039600981", "position": {"x": 12, "y": 2075}}, {"event_name": "mousemove", "timestamp": "1694039600999", "position": {"x": 13, "y": 2079}}, {"event_name": "mousemove", "timestamp": "1694039601020", "position": {"x": 13, "y": 2083}}, {"event_name": "mousemove", "timestamp": "1694039601039", "position": {"x": 13, "y": 2088}}, {"event_name": "mouseout", "timestamp": "1694039601057", "position": {"x": 14, "y": 2091}}, {"event_name": "mouseover", "timestamp": "1694039601057", "position": {"x": 14, "y": 2091}}, {"event_name": "mousemove", "timestamp": "1694039601057", "position": {"x": 14, "y": 2091}}, {"event_name": "mousemove", "timestamp": "1694039601075", "position": {"x": 15, "y": 2095}}, {"event_name": "mousemove", "timestamp": "1694039601092", "position": {"x": 17, "y": 2100}}, {"event_name": "mousemove", "timestamp": "1694039601110", "position": {"x": 19, "y": 2105}}, {"event_name": "mousemove", "timestamp": "1694039601129", "position": {"x": 20, "y": 2109}}, {"event_name": "mousemove", "timestamp": "1694039601146", "position": {"x": 22, "y": 2114}}, {"event_name": "mousemove", "timestamp": "1694039601164", "position": {"x": 24, "y": 2119}}, {"event_name": "mousemove", "timestamp": "1694039601182", "position": {"x": 24, "y": 2124}}, {"event_name": "mousemove", "timestamp": "1694039601199", "position": {"x": 25, "y": 2128}}, {"event_name": "mousemove", "timestamp": "1694039601217", "position": {"x": 26, "y": 2133}}, {"event_name": "mousemove", "timestamp": "1694039601235", "position": {"x": 28, "y": 2137}}, {"event_name": "mousemove", "timestamp": "1694039601252", "position": {"x": 30, "y": 2142}}, {"event_name": "mousemove", "timestamp": "1694039601270", "position": {"x": 33, "y": 2147}}, {"event_name": "mousemove", "timestamp": "1694039601287", "position": {"x": 34, "y": 2154}}, {"event_name": "mousemove", "timestamp": "1694039601305", "position": {"x": 36, "y": 2162}}, {"event_name": "mousemove", "timestamp": "1694039601322", "position": {"x": 38, "y": 2169}}, {"event_name": "mousemove", "timestamp": "1694039601340", "position": {"x": 39, "y": 2174}}, {"event_name": "mousemove", "timestamp": "1694039601358", "position": {"x": 40, "y": 2180}}, {"event_name": "mousemove", "timestamp": "1694039601376", "position": {"x": 41, "y": 2185}}, {"event_name": "mousemove", "timestamp": "1694039601394", "position": {"x": 41, "y": 2191}}, {"event_name": "mousemove", "timestamp": "1694039601412", "position": {"x": 42, "y": 2198}}, {"event_name": "mousemove", "timestamp": "1694039601431", "position": {"x": 43, "y": 2204}}, {"event_name": "mousemove", "timestamp": "1694039601450", "position": {"x": 46, "y": 2210}}, {"event_name": "mousemove", "timestamp": "1694039601468", "position": {"x": 50, "y": 2218}}, {"event_name": "mousemove", "timestamp": "1694039601486", "position": {"x": 53, "y": 2224}}, {"event_name": "mousemove", "timestamp": "1694039601505", "position": {"x": 53, "y": 2230}}, {"event_name": "mousemove", "timestamp": "1694039601524", "position": {"x": 53, "y": 2236}}, {"event_name": "mousemove", "timestamp": "1694039601541", "position": {"x": 54, "y": 2242}}, {"event_name": "mousemove", "timestamp": "1694039601560", "position": {"x": 54, "y": 2249}}, {"event_name": "mousemove", "timestamp": "1694039601578", "position": {"x": 55, "y": 2257}}, {"event_name": "mousemove", "timestamp": "1694039601597", "position": {"x": 56, "y": 2263}}, {"event_name": "mousemove", "timestamp": "1694039601615", "position": {"x": 57, "y": 2270}}, {"event_name": "mousemove", "timestamp": "1694039601634", "position": {"x": 58, "y": 2277}}, {"event_name": "mousemove", "timestamp": "1694039601652", "position": {"x": 60, "y": 2284}}, {"event_name": "mousemove", "timestamp": "1694039601670", "position": {"x": 62, "y": 2293}}, {"event_name": "mousemove", "timestamp": "1694039601689", "position": {"x": 65, "y": 2304}}, {"event_name": "mousemove", "timestamp": "1694039601708", "position": {"x": 67, "y": 2312}}, {"event_name": "mouseout", "timestamp": "1694039601725", "position": {"x": 70, "y": 2318}}, {"event_name": "mouseover", "timestamp": "1694039601726", "position": {"x": 70, "y": 2318}}, {"event_name": "mousemove", "timestamp": "1694039601727", "position": {"x": 70, "y": 2318}}, {"event_name": "mousemove", "timestamp": "1694039601745", "position": {"x": 73, "y": 2326}}, {"event_name": "mousemove", "timestamp": "1694039601763", "position": {"x": 76, "y": 2331}}, {"event_name": "mousemove", "timestamp": "1694039601783", "position": {"x": 78, "y": 2340}}, {"event_name": "mousemove", "timestamp": "1694039601800", "position": {"x": 81, "y": 2349}}, {"event_name": "mousemove", "timestamp": "1694039601819", "position": {"x": 83, "y": 2356}}, {"event_name": "mousemove", "timestamp": "1694039601837", "position": {"x": 84, "y": 2366}}, {"event_name": "mouseout", "timestamp": "1694039601856", "position": {"x": 85, "y": 2379}}, {"event_name": "mouseover", "timestamp": "1694039601857", "position": {"x": 85, "y": 2379}}, {"event_name": "mousemove", "timestamp": "1694039601858", "position": {"x": 85, "y": 2379}}, {"event_name": "mousemove", "timestamp": "1694039601876", "position": {"x": 87, "y": 2388}}, {"event_name": "mousemove", "timestamp": "1694039601894", "position": {"x": 89, "y": 2398}}, {"event_name": "mousemove", "timestamp": "1694039601913", "position": {"x": 92, "y": 2409}}, {"event_name": "mousemove", "timestamp": "1694039601931", "position": {"x": 95, "y": 2418}}, {"event_name": "mousemove", "timestamp": "1694039601950", "position": {"x": 96, "y": 2428}}, {"event_name": "mouseout", "timestamp": "1694039601969", "position": {"x": 97, "y": 2438}}, {"event_name": "mouseover", "timestamp": "1694039601970", "position": {"x": 97, "y": 2438}}, {"event_name": "mousemove", "timestamp": "1694039601970", "position": {"x": 97, "y": 2438}}, {"event_name": "mousemove", "timestamp": "1694039601987", "position": {"x": 99, "y": 2446}}, {"event_name": "mouseout", "timestamp": "1694039602007", "position": {"x": 100, "y": 2455}}, {"event_name": "mouseover", "timestamp": "1694039602007", "position": {"x": 100, "y": 2455}}, {"event_name": "mousemove", "timestamp": "1694039602007", "position": {"x": 100, "y": 2455}}, {"event_name": "mousemove", "timestamp": "1694039602026", "position": {"x": 101, "y": 2467}}, {"event_name": "mouseout", "timestamp": "1694039602045", "position": {"x": 102, "y": 2475}}, {"event_name": "mouseover", "timestamp": "1694039602045", "position": {"x": 102, "y": 2475}}, {"event_name": "mousemove", "timestamp": "1694039602045", "position": {"x": 102, "y": 2475}}, {"event_name": "mousemove", "timestamp": "1694039602063", "position": {"x": 100, "y": 2484}}, {"event_name": "mouseout", "timestamp": "1694039602081", "position": {"x": 99, "y": 2494}}, {"event_name": "mouseover", "timestamp": "1694039602081", "position": {"x": 99, "y": 2494}}, {"event_name": "mousemove", "timestamp": "1694039602081", "position": {"x": 99, "y": 2494}}, {"event_name": "mousemove", "timestamp": "1694039602099", "position": {"x": 99, "y": 2503}}, {"event_name": "mousemove", "timestamp": "1694039602117", "position": {"x": 101, "y": 2513}}, {"event_name": "mousemove", "timestamp": "1694039602134", "position": {"x": 103, "y": 2524}}, {"event_name": "mousemove", "timestamp": "1694039602152", "position": {"x": 106, "y": 2534}}, {"event_name": "mousemove", "timestamp": "1694039602171", "position": {"x": 109, "y": 2543}}, {"event_name": "mouseout", "timestamp": "1694039602190", "position": {"x": 112, "y": 2553}}, {"event_name": "mouseover", "timestamp": "1694039602191", "position": {"x": 112, "y": 2553}}, {"event_name": "mousemove", "timestamp": "1694039602191", "position": {"x": 112, "y": 2553}}, {"event_name": "mouseout", "timestamp": "1694039602209", "position": {"x": 115, "y": 2561}}, {"event_name": "mouseover", "timestamp": "1694039602209", "position": {"x": 115, "y": 2561}}, {"event_name": "mousemove", "timestamp": "1694039602209", "position": {"x": 115, "y": 2561}}, {"event_name": "mousemove", "timestamp": "1694039602227", "position": {"x": 114, "y": 2568}}, {"event_name": "mousemove", "timestamp": "1694039602245", "position": {"x": 113, "y": 2576}}, {"event_name": "mousemove", "timestamp": "1694039602262", "position": {"x": 113, "y": 2583}}, {"event_name": "mouseout", "timestamp": "1694039602280", "position": {"x": 113, "y": 2589}}, {"event_name": "mouseover", "timestamp": "1694039602280", "position": {"x": 113, "y": 2589}}, {"event_name": "mousemove", "timestamp": "1694039602280", "position": {"x": 113, "y": 2589}}, {"event_name": "mousemove", "timestamp": "1694039602298", "position": {"x": 113, "y": 2596}}, {"event_name": "mousemove", "timestamp": "1694039602315", "position": {"x": 114, "y": 2602}}, {"event_name": "mousemove", "timestamp": "1694039602332", "position": {"x": 114, "y": 2607}}, {"event_name": "mouseout", "timestamp": "1694039602350", "position": {"x": 114, "y": 2612}}, {"event_name": "mouseover", "timestamp": "1694039602350", "position": {"x": 114, "y": 2612}}, {"event_name": "mousemove", "timestamp": "1694039602350", "position": {"x": 114, "y": 2612}}, {"event_name": "mousemove", "timestamp": "1694039602368", "position": {"x": 114, "y": 2617}}, {"event_name": "mousemove", "timestamp": "1694039602386", "position": {"x": 115, "y": 2624}}, {"event_name": "mousemove", "timestamp": "1694039602403", "position": {"x": 116, "y": 2632}}, {"event_name": "mouseout", "timestamp": "1694039602420", "position": {"x": 118, "y": 2639}}, {"event_name": "mouseover", "timestamp": "1694039602420", "position": {"x": 118, "y": 2639}}, {"event_name": "mousemove", "timestamp": "1694039602421", "position": {"x": 118, "y": 2639}}, {"event_name": "mousemove", "timestamp": "1694039602439", "position": {"x": 118, "y": 2645}}, {"event_name": "mousemove", "timestamp": "1694039602456", "position": {"x": 118, "y": 2652}}, {"event_name": "mousemove", "timestamp": "1694039602475", "position": {"x": 118, "y": 2658}}, {"event_name": "mouseout", "timestamp": "1694039602494", "position": {"x": 118, "y": 2663}}, {"event_name": "mouseover", "timestamp": "1694039602495", "position": {"x": 118, "y": 2663}}, {"event_name": "mousemove", "timestamp": "1694039602495", "position": {"x": 118, "y": 2663}}, {"event_name": "mousemove", "timestamp": "1694039602514", "position": {"x": 118, "y": 2668}}, {"event_name": "mousemove", "timestamp": "1694039602533", "position": {"x": 118, "y": 2672}}, {"event_name": "mousemove", "timestamp": "1694039602551", "position": {"x": 118, "y": 2676}}, {"event_name": "mouseout", "timestamp": "1694039602571", "position": {"x": 119, "y": 2680}}, {"event_name": "mouseover", "timestamp": "1694039602571", "position": {"x": 119, "y": 2680}}, {"event_name": "mousemove", "timestamp": "1694039602571", "position": {"x": 119, "y": 2680}}, {"event_name": "mousemove", "timestamp": "1694039602590", "position": {"x": 120, "y": 2684}}, {"event_name": "mousedown", "timestamp": "1694039602932", "position": {"x": 120, "y": 2684}}]}