{"user_id": "0b4e45c5-0121-4773-b1b0-789bbaea0451", "device": "desktop", "trace": [{"event_name": "focus", "timestamp": "1694039123108", "position": {"x": 0, "y": 0}}, {"event_name": "load", "timestamp": "1694039123110", "position": {"x": 0, "y": 0}}, {"event_name": "pageshow", "timestamp": "1694039123110", "position": {"x": 0, "y": 0}}, {"event_name": "mouseover", "timestamp": "1694039123335", "position": {"x": 5, "y": 1}}, {"event_name": "mousemove", "timestamp": "1694039123336", "position": {"x": 5, "y": 1}}, {"event_name": "mousemove", "timestamp": "1694039123353", "position": {"x": 13, "y": 3}}, {"event_name": "mousemove", "timestamp": "1694039123371", "position": {"x": 17, "y": 4}}, {"event_name": "mousemove", "timestamp": "1694039123388", "position": {"x": 21, "y": 6}}, {"event_name": "mousemove", "timestamp": "1694039123406", "position": {"x": 26, "y": 8}}, {"event_name": "mousemove", "timestamp": "1694039123423", "position": {"x": 31, "y": 10}}, {"event_name": "mousemove", "timestamp": "1694039123441", "position": {"x": 36, "y": 11}}, {"event_name": "mousemove", "timestamp": "1694039123459", "position": {"x": 42, "y": 12}}, {"event_name": "mousemove", "timestamp": "1694039123476", "position": {"x": 47, "y": 13}}, {"event_name": "mousemove", "timestamp": "1694039123494", "position": {"x": 51, "y": 13}}, {"event_name": "mousemove", "timestamp": "1694039123512", "position": {"x": 56, "y": 13}}, {"event_name": "mousemove", "timestamp": "1694039123529", "position": {"x": 61, "y": 13}}, {"event_name": "mousemove", "timestamp": "1694039123547", "position": {"x": 65, "y": 14}}, {"event_name": "mouseout", "timestamp": "1694039123565", "position": {"x": 70, "y": 16}}, {"event_name": "mouseover", "timestamp": "1694039123565", "position": {"x": 70, "y": 16}}, {"event_name": "mousemove", "timestamp": "1694039123565", "position": {"x": 70, "y": 16}}, {"event_name": "mousemove", "timestamp": "1694039123582", "position": {"x": 74, "y": 18}}, {"event_name": "mousemove", "timestamp": "1694039123600", "position": {"x": 77, "y": 20}}, {"event_name": "mousemove", "timestamp": "1694039123617", "position": {"x": 80, "y": 22}}, {"event_name": "mousemove", "timestamp": "1694039123636", "position": {"x": 83, "y": 25}}, {"event_name": "mouseout", "timestamp": "1694039123658", "position": {"x": 85, "y": 26}}, {"event_name": "mouseover", "timestamp": "1694039123659", "position": {"x": 85, "y": 26}}, {"event_name": "mousemove", "timestamp": "1694039123660", "position": {"x": 85, "y": 26}}, {"event_name": "mousemove", "timestamp": "1694039123678", "position": {"x": 87, "y": 29}}, {"event_name": "mousemove", "timestamp": "1694039123699", "position": {"x": 89, "y": 30}}, {"event_name": "mousemove", "timestamp": "1694039123719", "position": {"x": 91, "y": 30}}, {"event_name": "mousemove", "timestamp": "1694039123738", "position": {"x": 94, "y": 31}}, {"event_name": "mousemove", "timestamp": "1694039123755", "position": {"x": 96, "y": 32}}, {"event_name": "mousemove", "timestamp": "1694039123774", "position": {"x": 98, "y": 32}}, {"event_name": "mousemove", "timestamp": "1694039123791", "position": {"x": 100, "y": 32}}, {"event_name": "mousemove", "timestamp": "1694039123808", "position": {"x": 102, "y": 32}}, {"event_name": "mousemove", "timestamp": "1694039123861", "position": {"x": 103, "y": 32}}, {"event_name": "mousedown", "timestamp": "1694039124301", "position": {"x": 103, "y": 32}}, {"event_name": "mouseup", "timestamp": "1694039124404", "position": {"x": 103, "y": 32}}, {"event_name": "click", "timestamp": "1694039124404", "position": {"x": 103, "y": 32}}, {"event_name": "beforeunload", "timestamp": "1694039124408", "position": {"x": 0, "y": 0}}, {"event_name": "load", "timestamp": "1694039127181", "position": {"x": 0, "y": 0}}, {"event_name": "pageshow", "timestamp": "1694039127181", "position": {"x": 0, "y": 0}}, {"event_name": "mouseover", "timestamp": "1694039127448", "position": {"x": 14, "y": 0}}, {"event_name": "mousemove", "timestamp": "1694039127448", "position": {"x": 14, "y": 0}}, {"event_name": "mousemove", "timestamp": "1694039127466", "position": {"x": 31, "y": 0}}, {"event_name": "mousemove", "timestamp": "1694039127483", "position": {"x": 39, "y": 1}}, {"event_name": "mousemove", "timestamp": "1694039127502", "position": {"x": 50, "y": 1}}, {"event_name": "mousemove", "timestamp": "1694039127521", "position": {"x": 62, "y": 2}}, {"event_name": "mouseout", "timestamp": "1694039127539", "position": {"x": 72, "y": 3}}, {"event_name": "mouseover", "timestamp": "1694039127539", "position": {"x": 72, "y": 3}}, {"event_name": "mousemove", "timestamp": "1694039127540", "position": {"x": 72, "y": 3}}, {"event_name": "mousemove", "timestamp": "1694039127560", "position": {"x": 77, "y": 3}}, {"event_name": "mousemove", "timestamp": "1694039127579", "position": {"x": 83, "y": 4}}, {"event_name": "mouseout", "timestamp": "1694039127597", "position": {"x": 89, "y": 5}}, {"event_name": "mouseover", "timestamp": "1694039127597", "position": {"x": 89, "y": 5}}, {"event_name": "mousemove", "timestamp": "1694039127598", "position": {"x": 89, "y": 5}}, {"event_name": "mousemove", "timestamp": "1694039127617", "position": {"x": 96, "y": 5}}, {"event_name": "mousemove", "timestamp": "1694039127634", "position": {"x": 103, "y": 5}}, {"event_name": "mousemove", "timestamp": "1694039127651", "position": {"x": 110, "y": 5}}, {"event_name": "mousemove", "timestamp": "1694039127669", "position": {"x": 116, "y": 5}}, {"event_name": "mousemove", "timestamp": "1694039127687", "position": {"x": 122, "y": 5}}, {"event_name": "mousemove", "timestamp": "1694039127705", "position": {"x": 128, "y": 5}}, {"event_name": "mousemove", "timestamp": "1694039127723", "position": {"x": 133, "y": 5}}, {"event_name": "mousemove", "timestamp": "1694039127740", "position": {"x": 139, "y": 5}}, {"event_name": "mousemove", "timestamp": "1694039127759", "position": {"x": 145, "y": 5}}, {"event_name": "mousemove", "timestamp": "1694039127777", "position": {"x": 158, "y": 3}}, {"event_name": "mousemove", "timestamp": "1694039127796", "position": {"x": 174, "y": 2}}, {"event_name": "mousemove", "timestamp": "1694039127815", "position": {"x": 186, "y": 2}}, {"event_name": "mousemove", "timestamp": "1694039127834", "position": {"x": 202, "y": 2}}, {"event_name": "mousemove", "timestamp": "1694039127851", "position": {"x": 220, "y": 2}}, {"event_name": "mousemove", "timestamp": "1694039127870", "position": {"x": 235, "y": 3}}, {"event_name": "mousemove", "timestamp": "1694039127889", "position": {"x": 243, "y": 3}}, {"event_name": "mousemove", "timestamp": "1694039127908", "position": {"x": 251, "y": 3}}, {"event_name": "mousemove", "timestamp": "1694039127925", "position": {"x": 258, "y": 3}}, {"event_name": "mousemove", "timestamp": "1694039127943", "position": {"x": 268, "y": 3}}, {"event_name": "mousemove", "timestamp": "1694039127961", "position": {"x": 277, "y": 4}}, {"event_name": "mousemove", "timestamp": "1694039127979", "position": {"x": 286, "y": 5}}, {"event_name": "mousemove", "timestamp": "1694039127996", "position": {"x": 296, "y": 6}}, {"event_name": "mousemove", "timestamp": "1694039128014", "position": {"x": 307, "y": 7}}, {"event_name": "mouseout", "timestamp": "1694039128031", "position": {"x": 317, "y": 8}}, {"event_name": "mouseover", "timestamp": "1694039128031", "position": {"x": 317, "y": 8}}, {"event_name": "mousemove", "timestamp": "1694039128031", "position": {"x": 317, "y": 8}}, {"event_name": "mousemove", "timestamp": "1694039128049", "position": {"x": 327, "y": 8}}, {"event_name": "mousemove", "timestamp": "1694039128067", "position": {"x": 339, "y": 8}}, {"event_name": "mousemove", "timestamp": "1694039128084", "position": {"x": 349, "y": 8}}, {"event_name": "mouseout", "timestamp": "1694039128102", "position": {"x": 359, "y": 6}}, {"event_name": "mouseover", "timestamp": "1694039128102", "position": {"x": 359, "y": 6}}, {"event_name": "mousemove", "timestamp": "1694039128102", "position": {"x": 359, "y": 6}}, {"event_name": "mousemove", "timestamp": "1694039128119", "position": {"x": 370, "y": 5}}, {"event_name": "mousemove", "timestamp": "1694039128136", "position": {"x": 380, "y": 5}}, {"event_name": "mousemove", "timestamp": "1694039128155", "position": {"x": 388, "y": 5}}, {"event_name": "mousemove", "timestamp": "1694039128172", "position": {"x": 396, "y": 5}}, {"event_name": "mousemove", "timestamp": "1694039128190", "position": {"x": 404, "y": 6}}, {"event_name": "mousemove", "timestamp": "1694039128208", "position": {"x": 413, "y": 7}}, {"event_name": "mousemove", "timestamp": "1694039128225", "position": {"x": 422, "y": 8}}, {"event_name": "mousemove", "timestamp": "1694039128244", "position": {"x": 430, "y": 10}}, {"event_name": "mousemove", "timestamp": "1694039128262", "position": {"x": 439, "y": 11}}, {"event_name": "mousemove", "timestamp": "1694039128281", "position": {"x": 450, "y": 13}}, {"event_name": "mouseout", "timestamp": "1694039128300", "position": {"x": 457, "y": 15}}, {"event_name": "mouseover", "timestamp": "1694039128300", "position": {"x": 457, "y": 15}}, {"event_name": "mousemove", "timestamp": "1694039128301", "position": {"x": 457, "y": 15}}, {"event_name": "mousemove", "timestamp": "1694039128319", "position": {"x": 465, "y": 16}}, {"event_name": "mousemove", "timestamp": "1694039128338", "position": {"x": 473, "y": 18}}, {"event_name": "mousemove", "timestamp": "1694039128357", "position": {"x": 481, "y": 20}}, {"event_name": "mousemove", "timestamp": "1694039128375", "position": {"x": 492, "y": 20}}, {"event_name": "mousemove", "timestamp": "1694039128394", "position": {"x": 504, "y": 20}}, {"event_name": "mousemove", "timestamp": "1694039128412", "position": {"x": 513, "y": 20}}, {"event_name": "mousemove", "timestamp": "1694039128431", "position": {"x": 522, "y": 17}}, {"event_name": "mousemove", "timestamp": "1694039128449", "position": {"x": 532, "y": 15}}, {"event_name": "mousemove", "timestamp": "1694039128467", "position": {"x": 541, "y": 14}}, {"event_name": "mousemove", "timestamp": "1694039128486", "position": {"x": 551, "y": 13}}, {"event_name": "mousemove", "timestamp": "1694039128503", "position": {"x": 562, "y": 13}}, {"event_name": "mousemove", "timestamp": "1694039128520", "position": {"x": 572, "y": 13}}, {"event_name": "mousemove", "timestamp": "1694039128537", "position": {"x": 581, "y": 14}}, {"event_name": "mousemove", "timestamp": "1694039128555", "position": {"x": 592, "y": 16}}, {"event_name": "mousemove", "timestamp": "1694039128572", "position": {"x": 601, "y": 18}}, {"event_name": "mousemove", "timestamp": "1694039128590", "position": {"x": 607, "y": 18}}, {"event_name": "mousemove", "timestamp": "1694039128608", "position": {"x": 612, "y": 18}}, {"event_name": "mousemove", "timestamp": "1694039128626", "position": {"x": 618, "y": 18}}, {"event_name": "mousemove", "timestamp": "1694039128642", "position": {"x": 627, "y": 17}}, {"event_name": "mousemove", "timestamp": "1694039128660", "position": {"x": 638, "y": 17}}, {"event_name": "mousemove", "timestamp": "1694039128678", "position": {"x": 647, "y": 17}}, {"event_name": "mousemove", "timestamp": "1694039128695", "position": {"x": 654, "y": 18}}, {"event_name": "mousemove", "timestamp": "1694039128712", "position": {"x": 661, "y": 19}}, {"event_name": "mousemove", "timestamp": "1694039128730", "position": {"x": 667, "y": 21}}, {"event_name": "mousemove", "timestamp": "1694039128748", "position": {"x": 673, "y": 22}}, {"event_name": "mousemove", "timestamp": "1694039128765", "position": {"x": 679, "y": 23}}, {"event_name": "mousemove", "timestamp": "1694039128782", "position": {"x": 685, "y": 25}}, {"event_name": "mousemove", "timestamp": "1694039128800", "position": {"x": 691, "y": 25}}, {"event_name": "mousemove", "timestamp": "1694039128818", "position": {"x": 698, "y": 25}}, {"event_name": "mousemove", "timestamp": "1694039128835", "position": {"x": 704, "y": 25}}, {"event_name": "mousemove", "timestamp": "1694039128853", "position": {"x": 708, "y": 25}}, {"event_name": "mousemove", "timestamp": "1694039128870", "position": {"x": 713, "y": 25}}, {"event_name": "mousemove", "timestamp": "1694039128887", "position": {"x": 718, "y": 26}}, {"event_name": "mousemove", "timestamp": "1694039128905", "position": {"x": 721, "y": 27}}, {"event_name": "mousemove", "timestamp": "1694039128923", "position": {"x": 725, "y": 28}}, {"event_name": "mouseout", "timestamp": "1694039128941", "position": {"x": 729, "y": 29}}, {"event_name": "mouseover", "timestamp": "1694039128941", "position": {"x": 729, "y": 29}}, {"event_name": "mousemove", "timestamp": "1694039128942", "position": {"x": 729, "y": 29}}, {"event_name": "mousemove", "timestamp": "1694039128960", "position": {"x": 730, "y": 30}}, {"event_name": "mousemove", "timestamp": "1694039128979", "position": {"x": 731, "y": 31}}, {"event_name": "mousemove", "timestamp": "1694039128997", "position": {"x": 732, "y": 33}}, {"event_name": "mousemove", "timestamp": "1694039129017", "position": {"x": 735, "y": 33}}, {"event_name": "mousemove", "timestamp": "1694039129036", "position": {"x": 738, "y": 34}}, {"event_name": "mousemove", "timestamp": "1694039129053", "position": {"x": 741, "y": 35}}, {"event_name": "mousemove", "timestamp": "1694039129071", "position": {"x": 743, "y": 35}}, {"event_name": "mousemove", "timestamp": "1694039129089", "position": {"x": 745, "y": 35}}, {"event_name": "mousemove", "timestamp": "1694039129107", "position": {"x": 748, "y": 36}}, {"event_name": "mousemove", "timestamp": "1694039129124", "position": {"x": 749, "y": 37}}, {"event_name": "mousemove", "timestamp": "1694039129142", "position": {"x": 750, "y": 38}}, {"event_name": "mousemove", "timestamp": "1694039129161", "position": {"x": 751, "y": 39}}, {"event_name": "mousedown", "timestamp": "1694039129593", "position": {"x": 751, "y": 39}}, {"event_name": "mouseup", "timestamp": "1694039129701", "position": {"x": 751, "y": 39}}, {"event_name": "click", "timestamp": "1694039129701", "position": {"x": 751, "y": 39}}, {"event_name": "beforeunload", "timestamp": "1694039129704", "position": {"x": 0, "y": 0}}, {"event_name": "load", "timestamp": "1694039132429", "position": {"x": 0, "y": 0}}, {"event_name": "pageshow", "timestamp": "1694039132429", "position": {"x": 0, "y": 0}}, {"event_name": "mouseover", "timestamp": "1694039132801", "position": {"x": 16, "y": 0}}, {"event_name": "mousemove", "timestamp": "1694039132801", "position": {"x": 16, "y": 0}}, {"event_name": "mousemove", "timestamp": "1694039132820", "position": {"x": 39, "y": 0}}, {"event_name": "mousemove", "timestamp": "1694039132838", "position": {"x": 48, "y": 0}}, {"event_name": "mousemove", "timestamp": "1694039132855", "position": {"x": 54, "y": 0}}, {"event_name": "mousemove", "timestamp": "1694039132873", "position": {"x": 61, "y": 0}}, {"event_name": "mousemove", "timestamp": "1694039132890", "position": {"x": 67, "y": 1}}, {"event_name": "mouseout", "timestamp": "1694039132908", "position": {"x": 73, "y": 2}}, {"event_name": "mouseover", "timestamp": "1694039132908", "position": {"x": 73, "y": 2}}, {"event_name": "mousemove", "timestamp": "1694039132908", "position": {"x": 73, "y": 2}}, {"event_name": "mousemove", "timestamp": "1694039132926", "position": {"x": 80, "y": 3}}, {"event_name": "mouseout", "timestamp": "1694039132944", "position": {"x": 86, "y": 4}}, {"event_name": "mouseover", "timestamp": "1694039132944", "position": {"x": 86, "y": 4}}, {"event_name": "mousemove", "timestamp": "1694039132944", "position": {"x": 86, "y": 4}}, {"event_name": "mousemove", "timestamp": "1694039132962", "position": {"x": 91, "y": 4}}, {"event_name": "mousemove", "timestamp": "1694039132979", "position": {"x": 97, "y": 4}}, {"event_name": "mousemove", "timestamp": "1694039132997", "position": {"x": 102, "y": 5}}, {"event_name": "mousemove", "timestamp": "1694039133015", "position": {"x": 108, "y": 3}}, {"event_name": "mousemove", "timestamp": "1694039133033", "position": {"x": 115, "y": 2}}, {"event_name": "mousemove", "timestamp": "1694039133052", "position": {"x": 121, "y": 2}}, {"event_name": "mousemove", "timestamp": "1694039133071", "position": {"x": 128, "y": 2}}, {"event_name": "mousemove", "timestamp": "1694039133089", "position": {"x": 136, "y": 2}}, {"event_name": "mousemove", "timestamp": "1694039133107", "position": {"x": 142, "y": 3}}, {"event_name": "mousemove", "timestamp": "1694039133126", "position": {"x": 149, "y": 3}}, {"event_name": "mousemove", "timestamp": "1694039133144", "position": {"x": 157, "y": 4}}, {"event_name": "mousemove", "timestamp": "1694039133163", "position": {"x": 164, "y": 5}}, {"event_name": "mousemove", "timestamp": "1694039133182", "position": {"x": 173, "y": 6}}, {"event_name": "mouseout", "timestamp": "1694039133201", "position": {"x": 182, "y": 8}}, {"event_name": "mouseover", "timestamp": "1694039133201", "position": {"x": 182, "y": 8}}, {"event_name": "mousemove", "timestamp": "1694039133202", "position": {"x": 182, "y": 8}}, {"event_name": "mousemove", "timestamp": "1694039133221", "position": {"x": 190, "y": 10}}, {"event_name": "mousemove", "timestamp": "1694039133240", "position": {"x": 198, "y": 11}}, {"event_name": "mousemove", "timestamp": "1694039133258", "position": {"x": 206, "y": 13}}, {"event_name": "mousemove", "timestamp": "1694039133276", "position": {"x": 213, "y": 15}}, {"event_name": "mousemove", "timestamp": "1694039133295", "position": {"x": 221, "y": 15}}, {"event_name": "mousemove", "timestamp": "1694039133314", "position": {"x": 231, "y": 16}}, {"event_name": "mousemove", "timestamp": "1694039133331", "position": {"x": 239, "y": 17}}, {"event_name": "mousemove", "timestamp": "1694039133349", "position": {"x": 247, "y": 16}}, {"event_name": "mousemove", "timestamp": "1694039133367", "position": {"x": 255, "y": 16}}, {"event_name": "mousemove", "timestamp": "1694039133384", "position": {"x": 263, "y": 16}}, {"event_name": "mousemove", "timestamp": "1694039133401", "position": {"x": 271, "y": 16}}, {"event_name": "mousemove", "timestamp": "1694039133420", "position": {"x": 281, "y": 16}}, {"event_name": "mousemove", "timestamp": "1694039133437", "position": {"x": 289, "y": 17}}, {"event_name": "mousemove", "timestamp": "1694039133455", "position": {"x": 297, "y": 17}}, {"event_name": "mousemove", "timestamp": "1694039133472", "position": {"x": 307, "y": 17}}, {"event_name": "mousemove", "timestamp": "1694039133491", "position": {"x": 315, "y": 17}}, {"event_name": "mousemove", "timestamp": "1694039133509", "position": {"x": 323, "y": 16}}, {"event_name": "mousemove", "timestamp": "1694039133527", "position": {"x": 331, "y": 15}}, {"event_name": "mousemove", "timestamp": "1694039133545", "position": {"x": 338, "y": 15}}, {"event_name": "mousemove", "timestamp": "1694039133563", "position": {"x": 347, "y": 16}}, {"event_name": "mousemove", "timestamp": "1694039133580", "position": {"x": 358, "y": 17}}, {"event_name": "mouseout", "timestamp": "1694039133599", "position": {"x": 367, "y": 18}}, {"event_name": "mouseover", "timestamp": "1694039133599", "position": {"x": 367, "y": 18}}, {"event_name": "mousemove", "timestamp": "1694039133599", "position": {"x": 367, "y": 18}}, {"event_name": "mousemove", "timestamp": "1694039133616", "position": {"x": 376, "y": 19}}, {"event_name": "mousemove", "timestamp": "1694039133633", "position": {"x": 387, "y": 21}}, {"event_name": "mousemove", "timestamp": "1694039133651", "position": {"x": 396, "y": 23}}, {"event_name": "mousemove", "timestamp": "1694039133669", "position": {"x": 405, "y": 24}}, {"event_name": "mousemove", "timestamp": "1694039133687", "position": {"x": 416, "y": 25}}, {"event_name": "mousemove", "timestamp": "1694039133705", "position": {"x": 425, "y": 26}}, {"event_name": "mousemove", "timestamp": "1694039133724", "position": {"x": 434, "y": 24}}, {"event_name": "mousemove", "timestamp": "1694039133742", "position": {"x": 444, "y": 23}}, {"event_name": "mousemove", "timestamp": "1694039133760", "position": {"x": 452, "y": 23}}, {"event_name": "mouseout", "timestamp": "1694039133778", "position": {"x": 462, "y": 23}}, {"event_name": "mouseover", "timestamp": "1694039133778", "position": {"x": 462, "y": 23}}, {"event_name": "mousemove", "timestamp": "1694039133778", "position": {"x": 462, "y": 23}}, {"event_name": "mousemove", "timestamp": "1694039133796", "position": {"x": 474, "y": 23}}, {"event_name": "mousemove", "timestamp": "1694039133813", "position": {"x": 484, "y": 24}}, {"event_name": "mousemove", "timestamp": "1694039133832", "position": {"x": 493, "y": 24}}, {"event_name": "mousemove", "timestamp": "1694039133850", "position": {"x": 504, "y": 24}}, {"event_name": "mousemove", "timestamp": "1694039133868", "position": {"x": 513, "y": 24}}, {"event_name": "mousemove", "timestamp": "1694039133886", "position": {"x": 522, "y": 22}}, {"event_name": "mousemove", "timestamp": "1694039133904", "position": {"x": 532, "y": 21}}, {"event_name": "mousemove", "timestamp": "1694039133922", "position": {"x": 541, "y": 20}}, {"event_name": "mousemove", "timestamp": "1694039133940", "position": {"x": 550, "y": 20}}, {"event_name": "mousemove", "timestamp": "1694039133957", "position": {"x": 560, "y": 20}}, {"event_name": "mousemove", "timestamp": "1694039133975", "position": {"x": 570, "y": 21}}, {"event_name": "mousemove", "timestamp": "1694039133994", "position": {"x": 582, "y": 19}}, {"event_name": "mousemove", "timestamp": "1694039134012", "position": {"x": 595, "y": 18}}, {"event_name": "mousemove", "timestamp": "1694039134030", "position": {"x": 606, "y": 18}}, {"event_name": "mousemove", "timestamp": "1694039134049", "position": {"x": 617, "y": 20}}, {"event_name": "mousemove", "timestamp": "1694039134067", "position": {"x": 629, "y": 23}}, {"event_name": "mousemove", "timestamp": "1694039134085", "position": {"x": 639, "y": 25}}, {"event_name": "mousemove", "timestamp": "1694039134104", "position": {"x": 649, "y": 27}}, {"event_name": "mousemove", "timestamp": "1694039134123", "position": {"x": 660, "y": 29}}, {"event_name": "mousemove", "timestamp": "1694039134141", "position": {"x": 669, "y": 31}}, {"event_name": "mousemove", "timestamp": "1694039134160", "position": {"x": 680, "y": 33}}, {"event_name": "mousemove", "timestamp": "1694039134178", "position": {"x": 692, "y": 35}}, {"event_name": "mousemove", "timestamp": "1694039134195", "position": {"x": 702, "y": 38}}, {"event_name": "mousemove", "timestamp": "1694039134213", "position": {"x": 709, "y": 36}}, {"event_name": "mousemove", "timestamp": "1694039134231", "position": {"x": 717, "y": 34}}, {"event_name": "mousemove", "timestamp": "1694039134249", "position": {"x": 724, "y": 33}}, {"event_name": "mouseout", "timestamp": "1694039134268", "position": {"x": 730, "y": 35}}, {"event_name": "mouseover", "timestamp": "1694039134269", "position": {"x": 730, "y": 35}}, {"event_name": "mousemove", "timestamp": "1694039134270", "position": {"x": 730, "y": 35}}, {"event_name": "mousemove", "timestamp": "1694039134290", "position": {"x": 738, "y": 37}}, {"event_name": "mousemove", "timestamp": "1694039134308", "position": {"x": 743, "y": 39}}, {"event_name": "mousemove", "timestamp": "1694039134326", "position": {"x": 747, "y": 40}}, {"event_name": "mousemove", "timestamp": "1694039134344", "position": {"x": 752, "y": 41}}, {"event_name": "mousemove", "timestamp": "1694039134362", "position": {"x": 757, "y": 42}}, {"event_name": "mousemove", "timestamp": "1694039134380", "position": {"x": 763, "y": 42}}, {"event_name": "mousemove", "timestamp": "1694039134397", "position": {"x": 769, "y": 42}}, {"event_name": "mousemove", "timestamp": "1694039134415", "position": {"x": 775, "y": 42}}, {"event_name": "mousemove", "timestamp": "1694039134433", "position": {"x": 780, "y": 40}}, {"event_name": "mousemove", "timestamp": "1694039134451", "position": {"x": 785, "y": 39}}, {"event_name": "mousemove", "timestamp": "1694039134469", "position": {"x": 790, "y": 38}}, {"event_name": "mouseout", "timestamp": "1694039134486", "position": {"x": 792, "y": 36}}, {"event_name": "mouseover", "timestamp": "1694039134486", "position": {"x": 792, "y": 36}}, {"event_name": "mousemove", "timestamp": "1694039134486", "position": {"x": 792, "y": 36}}, {"event_name": "mousemove", "timestamp": "1694039134504", "position": {"x": 795, "y": 34}}, {"event_name": "mousemove", "timestamp": "1694039134521", "position": {"x": 798, "y": 33}}, {"event_name": "mousemove", "timestamp": "1694039134539", "position": {"x": 799, "y": 31}}, {"event_name": "mousemove", "timestamp": "1694039134557", "position": {"x": 800, "y": 29}}, {"event_name": "mousemove", "timestamp": "1694039134573", "position": {"x": 802, "y": 28}}, {"event_name": "mousemove", "timestamp": "1694039134592", "position": {"x": 804, "y": 28}}, {"event_name": "mousemove", "timestamp": "1694039134609", "position": {"x": 806, "y": 28}}, {"event_name": "mousemove", "timestamp": "1694039134626", "position": {"x": 808, "y": 28}}, {"event_name": "mousemove", "timestamp": "1694039134644", "position": {"x": 810, "y": 28}}, {"event_name": "mousemove", "timestamp": "1694039134661", "position": {"x": 812, "y": 28}}, {"event_name": "mousemove", "timestamp": "1694039134679", "position": {"x": 814, "y": 29}}, {"event_name": "mousemove", "timestamp": "1694039134697", "position": {"x": 815, "y": 28}}, {"event_name": "mousemove", "timestamp": "1694039134715", "position": {"x": 816, "y": 27}}, {"event_name": "mousemove", "timestamp": "1694039134732", "position": {"x": 817, "y": 27}}, {"event_name": "mousemove", "timestamp": "1694039134784", "position": {"x": 818, "y": 28}}, {"event_name": "mousedown", "timestamp": "1694039135146", "position": {"x": 818, "y": 28}}, {"event_name": "mouseup", "timestamp": "1694039135279", "position": {"x": 818, "y": 28}}, {"event_name": "click", "timestamp": "1694039135280", "position": {"x": 818, "y": 28}}, {"event_name": "beforeunload", "timestamp": "1694039135283", "position": {"x": 0, "y": 0}}, {"event_name": "load", "timestamp": "1694039135518", "position": {"x": 0, "y": 0}}, {"event_name": "pageshow", "timestamp": "1694039135518", "position": {"x": 0, "y": 0}}, {"event_name": "mouseover", "timestamp": "1694039135838", "position": {"x": 132, "y": 0}}, {"event_name": "mousemove", "timestamp": "1694039135838", "position": {"x": 132, "y": 0}}, {"event_name": "mousemove", "timestamp": "1694039135856", "position": {"x": 286, "y": 0}}, {"event_name": "mousemove", "timestamp": "1694039135874", "position": {"x": 349, "y": 1}}, {"event_name": "mousemove", "timestamp": "1694039135892", "position": {"x": 359, "y": 3}}, {"event_name": "mousemove", "timestamp": "1694039135910", "position": {"x": 370, "y": 5}}, {"event_name": "mousemove", "timestamp": "1694039135928", "position": {"x": 380, "y": 7}}, {"event_name": "mousemove", "timestamp": "1694039135947", "position": {"x": 387, "y": 7}}, {"event_name": "mousemove", "timestamp": "1694039135965", "position": {"x": 395, "y": 7}}, {"event_name": "mousemove", "timestamp": "1694039135985", "position": {"x": 402, "y": 7}}, {"event_name": "mousemove", "timestamp": "1694039136004", "position": {"x": 412, "y": 8}}, {"event_name": "mousemove", "timestamp": "1694039136022", "position": {"x": 423, "y": 9}}, {"event_name": "mousemove", "timestamp": "1694039136041", "position": {"x": 432, "y": 10}}, {"event_name": "mousemove", "timestamp": "1694039136060", "position": {"x": 442, "y": 11}}, {"event_name": "mousemove", "timestamp": "1694039136078", "position": {"x": 452, "y": 13}}, {"event_name": "mouseout", "timestamp": "1694039136097", "position": {"x": 460, "y": 15}}, {"event_name": "mouseover", "timestamp": "1694039136097", "position": {"x": 460, "y": 15}}, {"event_name": "mousemove", "timestamp": "1694039136097", "position": {"x": 460, "y": 15}}, {"event_name": "mousemove", "timestamp": "1694039136117", "position": {"x": 470, "y": 16}}, {"event_name": "mousemove", "timestamp": "1694039136135", "position": {"x": 481, "y": 17}}, {"event_name": "mousemove", "timestamp": "1694039136153", "position": {"x": 490, "y": 18}}, {"event_name": "mousemove", "timestamp": "1694039136172", "position": {"x": 499, "y": 17}}, {"event_name": "mousemove", "timestamp": "1694039136189", "position": {"x": 509, "y": 17}}, {"event_name": "mousemove", "timestamp": "1694039136208", "position": {"x": 518, "y": 17}}, {"event_name": "mousemove", "timestamp": "1694039136227", "position": {"x": 530, "y": 17}}, {"event_name": "mousemove", "timestamp": "1694039136246", "position": {"x": 543, "y": 17}}, {"event_name": "mousemove", "timestamp": "1694039136263", "position": {"x": 553, "y": 17}}, {"event_name": "mousemove", "timestamp": "1694039136281", "position": {"x": 563, "y": 19}}, {"event_name": "mousemove", "timestamp": "1694039136300", "position": {"x": 575, "y": 22}}, {"event_name": "mousemove", "timestamp": "1694039136317", "position": {"x": 585, "y": 25}}, {"event_name": "mousemove", "timestamp": "1694039136335", "position": {"x": 598, "y": 24}}, {"event_name": "mousemove", "timestamp": "1694039136352", "position": {"x": 611, "y": 23}}, {"event_name": "mousemove", "timestamp": "1694039136369", "position": {"x": 624, "y": 23}}, {"event_name": "mousemove", "timestamp": "1694039136388", "position": {"x": 635, "y": 26}}, {"event_name": "mousemove", "timestamp": "1694039136405", "position": {"x": 647, "y": 30}}, {"event_name": "mousemove", "timestamp": "1694039136422", "position": {"x": 658, "y": 33}}, {"event_name": "mousemove", "timestamp": "1694039136441", "position": {"x": 669, "y": 32}}, {"event_name": "mousemove", "timestamp": "1694039136458", "position": {"x": 681, "y": 31}}, {"event_name": "mousemove", "timestamp": "1694039136476", "position": {"x": 691, "y": 31}}, {"event_name": "mousemove", "timestamp": "1694039136493", "position": {"x": 702, "y": 29}}, {"event_name": "mousemove", "timestamp": "1694039136512", "position": {"x": 714, "y": 28}}, {"event_name": "mousemove", "timestamp": "1694039136531", "position": {"x": 724, "y": 28}}, {"event_name": "mouseout", "timestamp": "1694039136550", "position": {"x": 732, "y": 27}}, {"event_name": "mouseover", "timestamp": "1694039136550", "position": {"x": 732, "y": 27}}, {"event_name": "mousemove", "timestamp": "1694039136550", "position": {"x": 732, "y": 27}}, {"event_name": "mousemove", "timestamp": "1694039136568", "position": {"x": 742, "y": 26}}, {"event_name": "mousemove", "timestamp": "1694039136587", "position": {"x": 749, "y": 26}}, {"event_name": "mousemove", "timestamp": "1694039136605", "position": {"x": 758, "y": 26}}, {"event_name": "mousemove", "timestamp": "1694039136623", "position": {"x": 768, "y": 26}}, {"event_name": "mousemove", "timestamp": "1694039136640", "position": {"x": 777, "y": 26}}, {"event_name": "mousemove", "timestamp": "1694039136659", "position": {"x": 784, "y": 27}}, {"event_name": "mouseout", "timestamp": "1694039136678", "position": {"x": 792, "y": 29}}, {"event_name": "mouseover", "timestamp": "1694039136678", "position": {"x": 792, "y": 29}}, {"event_name": "mousemove", "timestamp": "1694039136679", "position": {"x": 792, "y": 29}}, {"event_name": "mousemove", "timestamp": "1694039136699", "position": {"x": 799, "y": 31}}, {"event_name": "mousemove", "timestamp": "1694039136718", "position": {"x": 806, "y": 28}}, {"event_name": "mousemove", "timestamp": "1694039136737", "position": {"x": 814, "y": 26}}, {"event_name": "mousemove", "timestamp": "1694039136754", "position": {"x": 821, "y": 25}}, {"event_name": "mousemove", "timestamp": "1694039136773", "position": {"x": 827, "y": 25}}, {"event_name": "mousemove", "timestamp": "1694039136791", "position": {"x": 834, "y": 25}}, {"event_name": "mousemove", "timestamp": "1694039136807", "position": {"x": 840, "y": 26}}, {"event_name": "mousemove", "timestamp": "1694039136825", "position": {"x": 846, "y": 24}}, {"event_name": "mousemove", "timestamp": "1694039136843", "position": {"x": 852, "y": 23}}, {"event_name": "mouseout", "timestamp": "1694039136861", "position": {"x": 858, "y": 23}}, {"event_name": "mouseover", "timestamp": "1694039136861", "position": {"x": 858, "y": 23}}, {"event_name": "mousemove", "timestamp": "1694039136861", "position": {"x": 858, "y": 23}}, {"event_name": "mousemove", "timestamp": "1694039136879", "position": {"x": 862, "y": 22}}, {"event_name": "mousemove", "timestamp": "1694039136897", "position": {"x": 867, "y": 22}}, {"event_name": "mousemove", "timestamp": "1694039136914", "position": {"x": 872, "y": 22}}, {"event_name": "mousemove", "timestamp": "1694039136931", "position": {"x": 874, "y": 20}}, {"event_name": "mousemove", "timestamp": "1694039136949", "position": {"x": 877, "y": 19}}, {"event_name": "mousemove", "timestamp": "1694039136967", "position": {"x": 880, "y": 18}}, {"event_name": "mousemove", "timestamp": "1694039136984", "position": {"x": 883, "y": 18}}, {"event_name": "mousemove", "timestamp": "1694039137002", "position": {"x": 886, "y": 18}}, {"event_name": "mousemove", "timestamp": "1694039137020", "position": {"x": 889, "y": 18}}, {"event_name": "mousemove", "timestamp": "1694039137037", "position": {"x": 891, "y": 18}}, {"event_name": "mousemove", "timestamp": "1694039137055", "position": {"x": 893, "y": 18}}, {"event_name": "mousemove", "timestamp": "1694039137073", "position": {"x": 896, "y": 19}}, {"event_name": "mousemove", "timestamp": "1694039137090", "position": {"x": 898, "y": 19}}, {"event_name": "mousemove", "timestamp": "1694039137107", "position": {"x": 900, "y": 20}}, {"event_name": "mousemove", "timestamp": "1694039137125", "position": {"x": 902, "y": 21}}, {"event_name": "mousemove", "timestamp": "1694039137143", "position": {"x": 903, "y": 21}}, {"event_name": "mousemove", "timestamp": "1694039137160", "position": {"x": 904, "y": 21}}, {"event_name": "mousemove", "timestamp": "1694039137178", "position": {"x": 905, "y": 22}}, {"event_name": "mousedown", "timestamp": "1694039137601", "position": {"x": 905, "y": 22}}, {"event_name": "mouseup", "timestamp": "1694039137737", "position": {"x": 905, "y": 22}}, {"event_name": "click", "timestamp": "1694039137737", "position": {"x": 905, "y": 22}}, {"event_name": "beforeunload", "timestamp": "1694039137741", "position": {"x": 0, "y": 0}}, {"event_name": "load", "timestamp": "1694039140501", "position": {"x": 0, "y": 0}}, {"event_name": "pageshow", "timestamp": "1694039140501", "position": {"x": 0, "y": 0}}, {"event_name": "mouseover", "timestamp": "1694039140808", "position": {"x": 51, "y": 0}}, {"event_name": "mousemove", "timestamp": "1694039140808", "position": {"x": 51, "y": 0}}, {"event_name": "mouseout", "timestamp": "1694039140826", "position": {"x": 117, "y": 0}}, {"event_name": "mouseover", "timestamp": "1694039140826", "position": {"x": 117, "y": 0}}, {"event_name": "mousemove", "timestamp": "1694039140826", "position": {"x": 117, "y": 0}}, {"event_name": "mousemove", "timestamp": "1694039140844", "position": {"x": 150, "y": 0}}, {"event_name": "mousemove", "timestamp": "1694039140862", "position": {"x": 158, "y": 0}}, {"event_name": "mousemove", "timestamp": "1694039140880", "position": {"x": 168, "y": 0}}, {"event_name": "mousemove", "timestamp": "1694039140898", "position": {"x": 176, "y": 0}}, {"event_name": "mousemove", "timestamp": "1694039140918", "position": {"x": 182, "y": 0}}, {"event_name": "mousemove", "timestamp": "1694039140936", "position": {"x": 188, "y": 1}}, {"event_name": "mousemove", "timestamp": "1694039140956", "position": {"x": 194, "y": 2}}, {"event_name": "mousemove", "timestamp": "1694039140974", "position": {"x": 201, "y": 2}}, {"event_name": "mousemove", "timestamp": "1694039140994", "position": {"x": 209, "y": 2}}, {"event_name": "mousemove", "timestamp": "1694039141012", "position": {"x": 216, "y": 3}}, {"event_name": "mousemove", "timestamp": "1694039141031", "position": {"x": 224, "y": 3}}, {"event_name": "mousemove", "timestamp": "1694039141049", "position": {"x": 233, "y": 3}}, {"event_name": "mousemove", "timestamp": "1694039141068", "position": {"x": 240, "y": 3}}, {"event_name": "mousemove", "timestamp": "1694039141087", "position": {"x": 247, "y": 3}}, {"event_name": "mousemove", "timestamp": "1694039141105", "position": {"x": 256, "y": 3}}, {"event_name": "mousemove", "timestamp": "1694039141123", "position": {"x": 263, "y": 3}}, {"event_name": "mousemove", "timestamp": "1694039141141", "position": {"x": 273, "y": 3}}, {"event_name": "mousemove", "timestamp": "1694039141160", "position": {"x": 283, "y": 3}}, {"event_name": "mousemove", "timestamp": "1694039141179", "position": {"x": 292, "y": 3}}, {"event_name": "mousemove", "timestamp": "1694039141198", "position": {"x": 302, "y": 3}}, {"event_name": "mousemove", "timestamp": "1694039141216", "position": {"x": 313, "y": 3}}, {"event_name": "mousemove", "timestamp": "1694039141235", "position": {"x": 322, "y": 4}}, {"event_name": "mousemove", "timestamp": "1694039141254", "position": {"x": 331, "y": 4}}, {"event_name": "mousemove", "timestamp": "1694039141273", "position": {"x": 341, "y": 5}}, {"event_name": "mousemove", "timestamp": "1694039141291", "position": {"x": 349, "y": 6}}, {"event_name": "mousemove", "timestamp": "1694039141310", "position": {"x": 360, "y": 7}}, {"event_name": "mousemove", "timestamp": "1694039141328", "position": {"x": 372, "y": 8}}, {"event_name": "mousemove", "timestamp": "1694039141346", "position": {"x": 383, "y": 10}}, {"event_name": "mousemove", "timestamp": "1694039141365", "position": {"x": 394, "y": 11}}, {"event_name": "mousemove", "timestamp": "1694039141383", "position": {"x": 404, "y": 13}}, {"event_name": "mousemove", "timestamp": "1694039141400", "position": {"x": 414, "y": 15}}, {"event_name": "mousemove", "timestamp": "1694039141418", "position": {"x": 425, "y": 14}}, {"event_name": "mousemove", "timestamp": "1694039141435", "position": {"x": 437, "y": 14}}, {"event_name": "mousemove", "timestamp": "1694039141453", "position": {"x": 449, "y": 14}}, {"event_name": "mouseout", "timestamp": "1694039141470", "position": {"x": 458, "y": 13}}, {"event_name": "mouseover", "timestamp": "1694039141470", "position": {"x": 458, "y": 13}}, {"event_name": "mousemove", "timestamp": "1694039141470", "position": {"x": 458, "y": 13}}, {"event_name": "mousemove", "timestamp": "1694039141488", "position": {"x": 467, "y": 13}}, {"event_name": "mousemove", "timestamp": "1694039141506", "position": {"x": 475, "y": 13}}, {"event_name": "mousemove", "timestamp": "1694039141523", "position": {"x": 487, "y": 15}}, {"event_name": "mousemove", "timestamp": "1694039141541", "position": {"x": 500, "y": 18}}, {"event_name": "mousemove", "timestamp": "1694039141558", "position": {"x": 512, "y": 21}}, {"event_name": "mousemove", "timestamp": "1694039141576", "position": {"x": 523, "y": 21}}, {"event_name": "mousemove", "timestamp": "1694039141593", "position": {"x": 535, "y": 21}}, {"event_name": "mousemove", "timestamp": "1694039141613", "position": {"x": 545, "y": 22}}, {"event_name": "mousemove", "timestamp": "1694039141631", "position": {"x": 555, "y": 22}}, {"event_name": "mousemove", "timestamp": "1694039141649", "position": {"x": 565, "y": 22}}, {"event_name": "mousemove", "timestamp": "1694039141668", "position": {"x": 573, "y": 23}}, {"event_name": "mousemove", "timestamp": "1694039141687", "position": {"x": 583, "y": 23}}, {"event_name": "mousemove", "timestamp": "1694039141705", "position": {"x": 595, "y": 24}}, {"event_name": "mousemove", "timestamp": "1694039141724", "position": {"x": 604, "y": 25}}, {"event_name": "mousemove", "timestamp": "1694039141743", "position": {"x": 616, "y": 24}}, {"event_name": "mousemove", "timestamp": "1694039141761", "position": {"x": 628, "y": 24}}, {"event_name": "mousemove", "timestamp": "1694039141778", "position": {"x": 638, "y": 24}}, {"event_name": "mousemove", "timestamp": "1694039141798", "position": {"x": 651, "y": 26}}, {"event_name": "mousemove", "timestamp": "1694039141816", "position": {"x": 666, "y": 28}}, {"event_name": "mousemove", "timestamp": "1694039141834", "position": {"x": 677, "y": 30}}, {"event_name": "mousemove", "timestamp": "1694039141853", "position": {"x": 689, "y": 30}}, {"event_name": "mousemove", "timestamp": "1694039141872", "position": {"x": 703, "y": 31}}, {"event_name": "mousemove", "timestamp": "1694039141890", "position": {"x": 713, "y": 32}}, {"event_name": "mousemove", "timestamp": "1694039141909", "position": {"x": 725, "y": 30}}, {"event_name": "mouseout", "timestamp": "1694039141928", "position": {"x": 738, "y": 28}}, {"event_name": "mouseover", "timestamp": "1694039141928", "position": {"x": 738, "y": 28}}, {"event_name": "mousemove", "timestamp": "1694039141930", "position": {"x": 738, "y": 28}}, {"event_name": "mousemove", "timestamp": "1694039141948", "position": {"x": 749, "y": 27}}, {"event_name": "mousemove", "timestamp": "1694039141967", "position": {"x": 760, "y": 27}}, {"event_name": "mousemove", "timestamp": "1694039141986", "position": {"x": 772, "y": 27}}, {"event_name": "mousemove", "timestamp": "1694039142004", "position": {"x": 781, "y": 27}}, {"event_name": "mouseout", "timestamp": "1694039142023", "position": {"x": 792, "y": 26}}, {"event_name": "mouseover", "timestamp": "1694039142023", "position": {"x": 792, "y": 26}}, {"event_name": "mousemove", "timestamp": "1694039142024", "position": {"x": 792, "y": 26}}, {"event_name": "mousemove", "timestamp": "1694039142042", "position": {"x": 805, "y": 26}}, {"event_name": "mousemove", "timestamp": "1694039142061", "position": {"x": 814, "y": 26}}, {"event_name": "mousemove", "timestamp": "1694039142080", "position": {"x": 825, "y": 24}}, {"event_name": "mousemove", "timestamp": "1694039142098", "position": {"x": 836, "y": 23}}, {"event_name": "mousemove", "timestamp": "1694039142116", "position": {"x": 845, "y": 23}}, {"event_name": "mousemove", "timestamp": "1694039142136", "position": {"x": 854, "y": 26}}, {"event_name": "mouseout", "timestamp": "1694039142154", "position": {"x": 865, "y": 29}}, {"event_name": "mouseover", "timestamp": "1694039142155", "position": {"x": 865, "y": 29}}, {"event_name": "mousemove", "timestamp": "1694039142156", "position": {"x": 865, "y": 29}}, {"event_name": "mousemove", "timestamp": "1694039142175", "position": {"x": 874, "y": 32}}, {"event_name": "mousemove", "timestamp": "1694039142193", "position": {"x": 883, "y": 29}}, {"event_name": "mousemove", "timestamp": "1694039142211", "position": {"x": 892, "y": 26}}, {"event_name": "mousemove", "timestamp": "1694039142229", "position": {"x": 900, "y": 24}}, {"event_name": "mousemove", "timestamp": "1694039142248", "position": {"x": 909, "y": 25}}, {"event_name": "mousemove", "timestamp": "1694039142267", "position": {"x": 918, "y": 26}}, {"event_name": "mousemove", "timestamp": "1694039142284", "position": {"x": 926, "y": 27}}, {"event_name": "mousemove", "timestamp": "1694039142303", "position": {"x": 933, "y": 27}}, {"event_name": "mousemove", "timestamp": "1694039142321", "position": {"x": 941, "y": 27}}, {"event_name": "mousemove", "timestamp": "1694039142340", "position": {"x": 948, "y": 27}}, {"event_name": "mousemove", "timestamp": "1694039142360", "position": {"x": 953, "y": 28}}, {"event_name": "mousemove", "timestamp": "1694039142379", "position": {"x": 959, "y": 29}}, {"event_name": "mouseout", "timestamp": "1694039142397", "position": {"x": 964, "y": 30}}, {"event_name": "mouseover", "timestamp": "1694039142398", "position": {"x": 964, "y": 30}}, {"event_name": "mousemove", "timestamp": "1694039142399", "position": {"x": 964, "y": 30}}, {"event_name": "mousemove", "timestamp": "1694039142418", "position": {"x": 968, "y": 31}}, {"event_name": "mousemove", "timestamp": "1694039142435", "position": {"x": 972, "y": 32}}, {"event_name": "mousemove", "timestamp": "1694039142453", "position": {"x": 976, "y": 33}}, {"event_name": "mousemove", "timestamp": "1694039142471", "position": {"x": 980, "y": 33}}, {"event_name": "mousemove", "timestamp": "1694039142489", "position": {"x": 985, "y": 34}}, {"event_name": "mousemove", "timestamp": "1694039142508", "position": {"x": 990, "y": 35}}, {"event_name": "mousemove", "timestamp": "1694039142525", "position": {"x": 993, "y": 35}}, {"event_name": "mousemove", "timestamp": "1694039142543", "position": {"x": 997, "y": 36}}, {"event_name": "mousemove", "timestamp": "1694039142560", "position": {"x": 1000, "y": 37}}, {"event_name": "mousemove", "timestamp": "1694039142578", "position": {"x": 1003, "y": 36}}, {"event_name": "mousemove", "timestamp": "1694039142595", "position": {"x": 1007, "y": 35}}, {"event_name": "mousemove", "timestamp": "1694039142614", "position": {"x": 1010, "y": 35}}, {"event_name": "mousemove", "timestamp": "1694039142633", "position": {"x": 1012, "y": 34}}, {"event_name": "mousemove", "timestamp": "1694039142651", "position": {"x": 1015, "y": 34}}, {"event_name": "mousemove", "timestamp": "1694039142669", "position": {"x": 1018, "y": 34}}, {"event_name": "mousemove", "timestamp": "1694039142687", "position": {"x": 1019, "y": 34}}, {"event_name": "mousemove", "timestamp": "1694039142705", "position": {"x": 1020, "y": 34}}, {"event_name": "mousemove", "timestamp": "1694039142722", "position": {"x": 1021, "y": 34}}, {"event_name": "mousedown", "timestamp": "1694039143166", "position": {"x": 1021, "y": 34}}, {"event_name": "mouseup", "timestamp": "1694039143254", "position": {"x": 1021, "y": 34}}, {"event_name": "click", "timestamp": "1694039143255", "position": {"x": 1021, "y": 34}}, {"event_name": "beforeunload", "timestamp": "1694039143258", "position": {"x": 0, "y": 0}}, {"event_name": "load", "timestamp": "1694039143329", "position": {"x": 0, "y": 0}}, {"event_name": "pageshow", "timestamp": "1694039143329", "position": {"x": 0, "y": 0}}, {"event_name": "beforeunload", "timestamp": "1694039145813", "position": {"x": 0, "y": 0}}, {"event_name": "focus", "timestamp": "1694039145958", "position": {"x": 0, "y": 0}}, {"event_name": "load", "timestamp": "1694039145960", "position": {"x": 0, "y": 0}}, {"event_name": "pageshow", "timestamp": "1694039145960", "position": {"x": 0, "y": 0}}, {"event_name": "mouseover", "timestamp": "1694039146246", "position": {"x": 6, "y": 0}}, {"event_name": "mousemove", "timestamp": "1694039146246", "position": {"x": 6, "y": 0}}, {"event_name": "mousemove", "timestamp": "1694039146265", "position": {"x": 14, "y": 0}}, {"event_name": "mousemove", "timestamp": "1694039146282", "position": {"x": 20, "y": 1}}, {"event_name": "mousemove", "timestamp": "1694039146301", "position": {"x": 26, "y": 0}}, {"event_name": "mousemove", "timestamp": "1694039146319", "position": {"x": 32, "y": 0}}, {"event_name": "mousemove", "timestamp": "1694039146337", "position": {"x": 38, "y": 0}}, {"event_name": "mousemove", "timestamp": "1694039146357", "position": {"x": 42, "y": 0}}, {"event_name": "mousemove", "timestamp": "1694039146375", "position": {"x": 47, "y": 0}}, {"event_name": "mousemove", "timestamp": "1694039146393", "position": {"x": 51, "y": 0}}, {"event_name": "mouseout", "timestamp": "1694039146413", "position": {"x": 290, "y": 1}}, {"event_name": "mouseover", "timestamp": "1694039146413", "position": {"x": 290, "y": 1}}, {"event_name": "mousemove", "timestamp": "1694039146413", "position": {"x": 290, "y": 1}}, {"event_name": "mousemove", "timestamp": "1694039146433", "position": {"x": 571, "y": 2}}, {"event_name": "mousemove", "timestamp": "1694039146451", "position": {"x": 755, "y": 4}}, {"event_name": "mousemove", "timestamp": "1694039146469", "position": {"x": 766, "y": 4}}, {"event_name": "mousemove", "timestamp": "1694039146487", "position": {"x": 778, "y": 5}}, {"event_name": "mousemove", "timestamp": "1694039146506", "position": {"x": 789, "y": 6}}, {"event_name": "mousemove", "timestamp": "1694039146525", "position": {"x": 803, "y": 6}}, {"event_name": "mousemove", "timestamp": "1694039146543", "position": {"x": 818, "y": 6}}, {"event_name": "mousemove", "timestamp": "1694039146561", "position": {"x": 830, "y": 7}}, {"event_name": "mousemove", "timestamp": "1694039146579", "position": {"x": 845, "y": 6}}, {"event_name": "mousemove", "timestamp": "1694039146597", "position": {"x": 861, "y": 6}}, {"event_name": "mousemove", "timestamp": "1694039146614", "position": {"x": 875, "y": 6}}, {"event_name": "mousemove", "timestamp": "1694039146632", "position": {"x": 886, "y": 6}}, {"event_name": "mousemove", "timestamp": "1694039146649", "position": {"x": 899, "y": 6}}, {"event_name": "mousemove", "timestamp": "1694039146667", "position": {"x": 910, "y": 7}}, {"event_name": "mousemove", "timestamp": "1694039146685", "position": {"x": 923, "y": 7}}, {"event_name": "mouseout", "timestamp": "1694039146704", "position": {"x": 938, "y": 8}}, {"event_name": "mouseover", "timestamp": "1694039146705", "position": {"x": 938, "y": 8}}, {"event_name": "mousemove", "timestamp": "1694039146706", "position": {"x": 938, "y": 8}}, {"event_name": "mousemove", "timestamp": "1694039146724", "position": {"x": 951, "y": 9}}, {"event_name": "mousemove", "timestamp": "1694039146743", "position": {"x": 960, "y": 10}}, {"event_name": "mouseout", "timestamp": "1694039146762", "position": {"x": 971, "y": 11}}, {"event_name": "mouseover", "timestamp": "1694039146762", "position": {"x": 971, "y": 11}}, {"event_name": "mousemove", "timestamp": "1694039146763", "position": {"x": 971, "y": 11}}, {"event_name": "mousemove", "timestamp": "1694039146781", "position": {"x": 979, "y": 13}}, {"event_name": "mousemove", "timestamp": "1694039146800", "position": {"x": 986, "y": 11}}, {"event_name": "mousemove", "timestamp": "1694039146818", "position": {"x": 995, "y": 10}}, {"event_name": "mousemove", "timestamp": "1694039146837", "position": {"x": 1002, "y": 10}}, {"event_name": "mousemove", "timestamp": "1694039146855", "position": {"x": 1007, "y": 10}}, {"event_name": "mousemove", "timestamp": "1694039146875", "position": {"x": 1012, "y": 10}}, {"event_name": "mousemove", "timestamp": "1694039146893", "position": {"x": 1017, "y": 10}}, {"event_name": "mousemove", "timestamp": "1694039146912", "position": {"x": 1024, "y": 11}}, {"event_name": "mousemove", "timestamp": "1694039146931", "position": {"x": 1031, "y": 12}}, {"event_name": "mousemove", "timestamp": "1694039146949", "position": {"x": 1037, "y": 14}}, {"event_name": "mousemove", "timestamp": "1694039146969", "position": {"x": 1042, "y": 16}}, {"event_name": "mousemove", "timestamp": "1694039146987", "position": {"x": 1047, "y": 18}}, {"event_name": "mousemove", "timestamp": "1694039147005", "position": {"x": 1051, "y": 20}}, {"event_name": "mousemove", "timestamp": "1694039147023", "position": {"x": 1054, "y": 22}}, {"event_name": "mousemove", "timestamp": "1694039147040", "position": {"x": 1058, "y": 24}}, {"event_name": "mouseout", "timestamp": "1694039147058", "position": {"x": 1061, "y": 26}}, {"event_name": "mouseover", "timestamp": "1694039147058", "position": {"x": 1061, "y": 26}}, {"event_name": "mousemove", "timestamp": "1694039147059", "position": {"x": 1061, "y": 26}}, {"event_name": "mousemove", "timestamp": "1694039147076", "position": {"x": 1065, "y": 26}}, {"event_name": "mousemove", "timestamp": "1694039147094", "position": {"x": 1070, "y": 26}}, {"event_name": "mousemove", "timestamp": "1694039147112", "position": {"x": 1074, "y": 27}}, {"event_name": "mousemove", "timestamp": "1694039147130", "position": {"x": 1076, "y": 28}}, {"event_name": "mousemove", "timestamp": "1694039147150", "position": {"x": 1079, "y": 30}}, {"event_name": "mousemove", "timestamp": "1694039147168", "position": {"x": 1082, "y": 32}}, {"event_name": "mousemove", "timestamp": "1694039147186", "position": {"x": 1084, "y": 32}}, {"event_name": "mousemove", "timestamp": "1694039147205", "position": {"x": 1086, "y": 33}}, {"event_name": "mousemove", "timestamp": "1694039147224", "position": {"x": 1088, "y": 34}}, {"event_name": "mousemove", "timestamp": "1694039147242", "position": {"x": 1090, "y": 33}}, {"event_name": "mousemove", "timestamp": "1694039147261", "position": {"x": 1093, "y": 33}}, {"event_name": "mousemove", "timestamp": "1694039147279", "position": {"x": 1095, "y": 33}}, {"event_name": "mousemove", "timestamp": "1694039147334", "position": {"x": 1096, "y": 33}}, {"event_name": "mousedown", "timestamp": "1694039147753", "position": {"x": 1096, "y": 33}}, {"event_name": "mouseup", "timestamp": "1694039147828", "position": {"x": 1096, "y": 33}}, {"event_name": "click", "timestamp": "1694039147828", "position": {"x": 1096, "y": 33}}, {"event_name": "beforeunload", "timestamp": "1694039147829", "position": {"x": 0, "y": 0}}, {"event_name": "load", "timestamp": "1694039151581", "position": {"x": 0, "y": 0}}, {"event_name": "pageshow", "timestamp": "1694039151581", "position": {"x": 0, "y": 0}}, {"event_name": "scroll", "timestamp": "1694039152748", "position": {"x": 0, "y": 0}}, {"event_name": "scroll", "timestamp": "1694039152937", "position": {"x": 0, "y": 0}}, {"event_name": "mouseover", "timestamp": "1694039154817", "position": {"x": 3, "y": 517}}, {"event_name": "mousemove", "timestamp": "1694039154818", "position": {"x": 3, "y": 517}}, {"event_name": "mousemove", "timestamp": "1694039154836", "position": {"x": 7, "y": 523}}, {"event_name": "mousemove", "timestamp": "1694039154853", "position": {"x": 9, "y": 527}}, {"event_name": "mousemove", "timestamp": "1694039154872", "position": {"x": 10, "y": 530}}, {"event_name": "mousemove", "timestamp": "1694039154890", "position": {"x": 11, "y": 534}}, {"event_name": "mousemove", "timestamp": "1694039154909", "position": {"x": 13, "y": 538}}, {"event_name": "mousemove", "timestamp": "1694039154927", "position": {"x": 14, "y": 542}}, {"event_name": "mousemove", "timestamp": "1694039154944", "position": {"x": 15, "y": 547}}, {"event_name": "mousemove", "timestamp": "1694039154963", "position": {"x": 17, "y": 551}}, {"event_name": "mousemove", "timestamp": "1694039154980", "position": {"x": 17, "y": 555}}, {"event_name": "mousemove", "timestamp": "1694039154998", "position": {"x": 18, "y": 560}}, {"event_name": "mousemove", "timestamp": "1694039155015", "position": {"x": 19, "y": 564}}, {"event_name": "mousemove", "timestamp": "1694039155033", "position": {"x": 21, "y": 566}}, {"event_name": "mousemove", "timestamp": "1694039155051", "position": {"x": 23, "y": 569}}, {"event_name": "mouseout", "timestamp": "1694039155068", "position": {"x": 25, "y": 572}}, {"event_name": "mouseover", "timestamp": "1694039155068", "position": {"x": 25, "y": 572}}, {"event_name": "mousemove", "timestamp": "1694039155068", "position": {"x": 25, "y": 572}}, {"event_name": "mousemove", "timestamp": "1694039155086", "position": {"x": 28, "y": 576}}, {"event_name": "mousemove", "timestamp": "1694039155104", "position": {"x": 32, "y": 581}}, {"event_name": "mousemove", "timestamp": "1694039155120", "position": {"x": 36, "y": 585}}, {"event_name": "mousemove", "timestamp": "1694039155139", "position": {"x": 38, "y": 587}}, {"event_name": "mousemove", "timestamp": "1694039155156", "position": {"x": 40, "y": 590}}, {"event_name": "mousemove", "timestamp": "1694039155173", "position": {"x": 42, "y": 593}}, {"event_name": "mousemove", "timestamp": "1694039155191", "position": {"x": 43, "y": 597}}, {"event_name": "mousemove", "timestamp": "1694039155208", "position": {"x": 44, "y": 602}}, {"event_name": "mousemove", "timestamp": "1694039155226", "position": {"x": 45, "y": 607}}, {"event_name": "mousemove", "timestamp": "1694039155244", "position": {"x": 47, "y": 610}}, {"event_name": "mousemove", "timestamp": "1694039155262", "position": {"x": 49, "y": 613}}, {"event_name": "mousemove", "timestamp": "1694039155279", "position": {"x": 51, "y": 616}}, {"event_name": "mousemove", "timestamp": "1694039155297", "position": {"x": 52, "y": 620}}, {"event_name": "mousemove", "timestamp": "1694039155315", "position": {"x": 54, "y": 624}}, {"event_name": "mousemove", "timestamp": "1694039155333", "position": {"x": 56, "y": 628}}, {"event_name": "mousemove", "timestamp": "1694039155351", "position": {"x": 57, "y": 634}}, {"event_name": "mousemove", "timestamp": "1694039155369", "position": {"x": 59, "y": 640}}, {"event_name": "mousemove", "timestamp": "1694039155387", "position": {"x": 61, "y": 646}}, {"event_name": "mousemove", "timestamp": "1694039155405", "position": {"x": 61, "y": 652}}, {"event_name": "mousemove", "timestamp": "1694039155423", "position": {"x": 61, "y": 658}}, {"event_name": "mousemove", "timestamp": "1694039155441", "position": {"x": 61, "y": 664}}, {"event_name": "mousemove", "timestamp": "1694039155459", "position": {"x": 62, "y": 672}}, {"event_name": "mousemove", "timestamp": "1694039155477", "position": {"x": 63, "y": 680}}, {"event_name": "mousemove", "timestamp": "1694039155494", "position": {"x": 64, "y": 688}}, {"event_name": "mousemove", "timestamp": "1694039155512", "position": {"x": 66, "y": 693}}, {"event_name": "mousemove", "timestamp": "1694039155529", "position": {"x": 69, "y": 699}}, {"event_name": "mouseout", "timestamp": "1694039155546", "position": {"x": 72, "y": 705}}, {"event_name": "mouseover", "timestamp": "1694039155547", "position": {"x": 72, "y": 705}}, {"event_name": "mousemove", "timestamp": "1694039155547", "position": {"x": 72, "y": 705}}, {"event_name": "mousemove", "timestamp": "1694039155565", "position": {"x": 74, "y": 712}}, {"event_name": "mousemove", "timestamp": "1694039155584", "position": {"x": 77, "y": 721}}, {"event_name": "mousemove", "timestamp": "1694039155602", "position": {"x": 80, "y": 727}}, {"event_name": "mousemove", "timestamp": "1694039155620", "position": {"x": 79, "y": 732}}, {"event_name": "mousemove", "timestamp": "1694039155637", "position": {"x": 78, "y": 736}}, {"event_name": "mousemove", "timestamp": "1694039155655", "position": {"x": 78, "y": 741}}, {"event_name": "mousemove", "timestamp": "1694039155674", "position": {"x": 81, "y": 746}}, {"event_name": "mousemove", "timestamp": "1694039155693", "position": {"x": 84, "y": 753}}, {"event_name": "mouseout", "timestamp": "1694039155711", "position": {"x": 87, "y": 758}}, {"event_name": "mouseover", "timestamp": "1694039155711", "position": {"x": 87, "y": 758}}, {"event_name": "mousemove", "timestamp": "1694039155712", "position": {"x": 87, "y": 758}}, {"event_name": "mousemove", "timestamp": "1694039155731", "position": {"x": 88, "y": 765}}, {"event_name": "mousemove", "timestamp": "1694039155750", "position": {"x": 89, "y": 773}}, {"event_name": "mousemove", "timestamp": "1694039155768", "position": {"x": 90, "y": 780}}, {"event_name": "mousemove", "timestamp": "1694039155787", "position": {"x": 91, "y": 789}}, {"event_name": "mousemove", "timestamp": "1694039155805", "position": {"x": 92, "y": 799}}, {"event_name": "mousemove", "timestamp": "1694039155824", "position": {"x": 93, "y": 808}}, {"event_name": "mousemove", "timestamp": "1694039155842", "position": {"x": 94, "y": 815}}, {"event_name": "mousemove", "timestamp": "1694039155860", "position": {"x": 96, "y": 823}}, {"event_name": "mousemove", "timestamp": "1694039155878", "position": {"x": 98, "y": 830}}, {"event_name": "mousemove", "timestamp": "1694039155897", "position": {"x": 101, "y": 836}}, {"event_name": "mousemove", "timestamp": "1694039155915", "position": {"x": 104, "y": 842}}, {"event_name": "mousemove", "timestamp": "1694039155931", "position": {"x": 107, "y": 848}}, {"event_name": "mousemove", "timestamp": "1694039155949", "position": {"x": 107, "y": 853}}, {"event_name": "mousemove", "timestamp": "1694039155967", "position": {"x": 108, "y": 859}}, {"event_name": "mousemove", "timestamp": "1694039155985", "position": {"x": 109, "y": 865}}, {"event_name": "mousemove", "timestamp": "1694039156002", "position": {"x": 109, "y": 870}}, {"event_name": "mouseout", "timestamp": "1694039156022", "position": {"x": 110, "y": 875}}, {"event_name": "mouseover", "timestamp": "1694039156022", "position": {"x": 110, "y": 875}}, {"event_name": "mousemove", "timestamp": "1694039156022", "position": {"x": 110, "y": 875}}, {"event_name": "mousemove", "timestamp": "1694039156040", "position": {"x": 111, "y": 880}}, {"event_name": "mousemove", "timestamp": "1694039156059", "position": {"x": 111, "y": 885}}, {"event_name": "mousemove", "timestamp": "1694039156079", "position": {"x": 112, "y": 890}}, {"event_name": "mouseout", "timestamp": "1694039156097", "position": {"x": 113, "y": 895}}, {"event_name": "mouseover", "timestamp": "1694039156098", "position": {"x": 113, "y": 895}}, {"event_name": "mousemove", "timestamp": "1694039156098", "position": {"x": 113, "y": 895}}, {"event_name": "mousemove", "timestamp": "1694039156116", "position": {"x": 114, "y": 899}}, {"event_name": "mousemove", "timestamp": "1694039156135", "position": {"x": 115, "y": 903}}, {"event_name": "mousemove", "timestamp": "1694039156153", "position": {"x": 117, "y": 907}}, {"event_name": "mousemove", "timestamp": "1694039156172", "position": {"x": 117, "y": 910}}, {"event_name": "mouseout", "timestamp": "1694039156192", "position": {"x": 118, "y": 914}}, {"event_name": "mouseover", "timestamp": "1694039156192", "position": {"x": 118, "y": 914}}, {"event_name": "mousemove", "timestamp": "1694039156193", "position": {"x": 118, "y": 914}}, {"event_name": "mousemove", "timestamp": "1694039156211", "position": {"x": 119, "y": 918}}, {"event_name": "mousedown", "timestamp": "1694039156481", "position": {"x": 119, "y": 918}}, {"event_name": "click", "timestamp": "1694039156614", "position": {"x": 119, "y": 918}}, {"event_name": "mouseup", "timestamp": "1694039156614", "position": {"x": 119, "y": 918}}, {"event_name": "beforeunload", "timestamp": "1694039156618", "position": {"x": 0, "y": 0}}, {"event_name": "load", "timestamp": "1694039156977", "position": {"x": 0, "y": 0}}, {"event_name": "pageshow", "timestamp": "1694039156977", "position": {"x": 0, "y": 0}}, {"event_name": "beforeunload", "timestamp": "1694039158664", "position": {"x": 0, "y": 0}}, {"event_name": "load", "timestamp": "1694039158803", "position": {"x": 0, "y": 0}}, {"event_name": "pageshow", "timestamp": "1694039158804", "position": {"x": 0, "y": 0}}, {"event_name": "scroll", "timestamp": "1694039162749", "position": {"x": 0, "y": 0}}, {"event_name": "scroll", "timestamp": "1694039162767", "position": {"x": 0, "y": 0}}, {"event_name": "scroll", "timestamp": "1694039163749", "position": {"x": 0, "y": 0}}, {"event_name": "scroll", "timestamp": "1694039164748", "position": {"x": 0, "y": 0}}, {"event_name": "mouseover", "timestamp": "1694039166356", "position": {"x": 1, "y": 1542}}, {"event_name": "mousemove", "timestamp": "1694039166357", "position": {"x": 1, "y": 1542}}, {"event_name": "mousemove", "timestamp": "1694039166374", "position": {"x": 2, "y": 1546}}, {"event_name": "mousemove", "timestamp": "1694039166392", "position": {"x": 3, "y": 1549}}, {"event_name": "mousemove", "timestamp": "1694039166412", "position": {"x": 4, "y": 1552}}, {"event_name": "mousemove", "timestamp": "1694039166430", "position": {"x": 5, "y": 1557}}, {"event_name": "mousemove", "timestamp": "1694039166450", "position": {"x": 6, "y": 1560}}, {"event_name": "mousemove", "timestamp": "1694039166468", "position": {"x": 7, "y": 1564}}, {"event_name": "mousemove", "timestamp": "1694039166487", "position": {"x": 8, "y": 1568}}, {"event_name": "mousemove", "timestamp": "1694039166505", "position": {"x": 10, "y": 1572}}, {"event_name": "mousemove", "timestamp": "1694039166525", "position": {"x": 11, "y": 1577}}, {"event_name": "mousemove", "timestamp": "1694039166545", "position": {"x": 12, "y": 1582}}, {"event_name": "mousemove", "timestamp": "1694039166562", "position": {"x": 13, "y": 1586}}, {"event_name": "mousemove", "timestamp": "1694039166582", "position": {"x": 12, "y": 1590}}, {"event_name": "mouseout", "timestamp": "1694039166600", "position": {"x": 12, "y": 1596}}, {"event_name": "mouseover", "timestamp": "1694039166600", "position": {"x": 12, "y": 1596}}, {"event_name": "mousemove", "timestamp": "1694039166601", "position": {"x": 12, "y": 1596}}, {"event_name": "mousemove", "timestamp": "1694039166620", "position": {"x": 12, "y": 1600}}, {"event_name": "mousemove", "timestamp": "1694039166638", "position": {"x": 14, "y": 1604}}, {"event_name": "mousemove", "timestamp": "1694039166657", "position": {"x": 16, "y": 1609}}, {"event_name": "mousemove", "timestamp": "1694039166675", "position": {"x": 18, "y": 1613}}, {"event_name": "mousemove", "timestamp": "1694039166695", "position": {"x": 19, "y": 1616}}, {"event_name": "mousemove", "timestamp": "1694039166712", "position": {"x": 20, "y": 1620}}, {"event_name": "mousemove", "timestamp": "1694039166730", "position": {"x": 21, "y": 1623}}, {"event_name": "mousemove", "timestamp": "1694039166748", "position": {"x": 23, "y": 1628}}, {"event_name": "mousemove", "timestamp": "1694039166766", "position": {"x": 25, "y": 1634}}, {"event_name": "mousemove", "timestamp": "1694039166784", "position": {"x": 28, "y": 1639}}, {"event_name": "mousemove", "timestamp": "1694039166802", "position": {"x": 30, "y": 1644}}, {"event_name": "mousemove", "timestamp": "1694039166820", "position": {"x": 33, "y": 1650}}, {"event_name": "mousemove", "timestamp": "1694039166838", "position": {"x": 36, "y": 1655}}, {"event_name": "mousemove", "timestamp": "1694039166857", "position": {"x": 37, "y": 1660}}, {"event_name": "mousemove", "timestamp": "1694039166876", "position": {"x": 38, "y": 1665}}, {"event_name": "mousemove", "timestamp": "1694039166894", "position": {"x": 40, "y": 1669}}, {"event_name": "mousemove", "timestamp": "1694039166913", "position": {"x": 40, "y": 1674}}, {"event_name": "mousemove", "timestamp": "1694039166931", "position": {"x": 40, "y": 1680}}, {"event_name": "mousemove", "timestamp": "1694039166948", "position": {"x": 40, "y": 1685}}, {"event_name": "mousemove", "timestamp": "1694039166966", "position": {"x": 41, "y": 1689}}, {"event_name": "mousemove", "timestamp": "1694039166983", "position": {"x": 43, "y": 1693}}, {"event_name": "mousemove", "timestamp": "1694039167001", "position": {"x": 45, "y": 1698}}, {"event_name": "mousemove", "timestamp": "1694039167019", "position": {"x": 46, "y": 1704}}, {"event_name": "mousemove", "timestamp": "1694039167037", "position": {"x": 48, "y": 1711}}, {"event_name": "mousemove", "timestamp": "1694039167055", "position": {"x": 50, "y": 1717}}, {"event_name": "mousemove", "timestamp": "1694039167072", "position": {"x": 51, "y": 1722}}, {"event_name": "mousemove", "timestamp": "1694039167090", "position": {"x": 53, "y": 1727}}, {"event_name": "mousemove", "timestamp": "1694039167109", "position": {"x": 55, "y": 1732}}, {"event_name": "mousemove", "timestamp": "1694039167127", "position": {"x": 57, "y": 1737}}, {"event_name": "mousemove", "timestamp": "1694039167146", "position": {"x": 60, "y": 1742}}, {"event_name": "mousemove", "timestamp": "1694039167164", "position": {"x": 62, "y": 1747}}, {"event_name": "mousemove", "timestamp": "1694039167182", "position": {"x": 65, "y": 1753}}, {"event_name": "mousemove", "timestamp": "1694039167201", "position": {"x": 68, "y": 1759}}, {"event_name": "mouseout", "timestamp": "1694039167219", "position": {"x": 71, "y": 1764}}, {"event_name": "mouseover", "timestamp": "1694039167219", "position": {"x": 71, "y": 1764}}, {"event_name": "mousemove", "timestamp": "1694039167220", "position": {"x": 71, "y": 1764}}, {"event_name": "mousemove", "timestamp": "1694039167239", "position": {"x": 72, "y": 1771}}, {"event_name": "mousemove", "timestamp": "1694039167257", "position": {"x": 73, "y": 1780}}, {"event_name": "mousemove", "timestamp": "1694039167275", "position": {"x": 74, "y": 1787}}, {"event_name": "mousemove", "timestamp": "1694039167292", "position": {"x": 75, "y": 1795}}, {"event_name": "mousemove", "timestamp": "1694039167310", "position": {"x": 76, "y": 1805}}, {"event_name": "mousemove", "timestamp": "1694039167327", "position": {"x": 77, "y": 1813}}, {"event_name": "mousemove", "timestamp": "1694039167345", "position": {"x": 80, "y": 1820}}, {"event_name": "mousemove", "timestamp": "1694039167363", "position": {"x": 83, "y": 1829}}, {"event_name": "mouseout", "timestamp": "1694039167380", "position": {"x": 86, "y": 1836}}, {"event_name": "mouseover", "timestamp": "1694039167380", "position": {"x": 86, "y": 1836}}, {"event_name": "mousemove", "timestamp": "1694039167381", "position": {"x": 86, "y": 1836}}, {"event_name": "mousemove", "timestamp": "1694039167398", "position": {"x": 89, "y": 1843}}, {"event_name": "mousemove", "timestamp": "1694039167417", "position": {"x": 93, "y": 1851}}, {"event_name": "mousemove", "timestamp": "1694039167436", "position": {"x": 96, "y": 1857}}, {"event_name": "mousemove", "timestamp": "1694039167454", "position": {"x": 97, "y": 1865}}, {"event_name": "mousemove", "timestamp": "1694039167473", "position": {"x": 98, "y": 1874}}, {"event_name": "mousemove", "timestamp": "1694039167491", "position": {"x": 100, "y": 1882}}, {"event_name": "mousemove", "timestamp": "1694039167510", "position": {"x": 101, "y": 1886}}, {"event_name": "mousemove", "timestamp": "1694039167528", "position": {"x": 103, "y": 1891}}, {"event_name": "mousemove", "timestamp": "1694039167547", "position": {"x": 105, "y": 1895}}, {"event_name": "mousemove", "timestamp": "1694039167566", "position": {"x": 105, "y": 1899}}, {"event_name": "mousemove", "timestamp": "1694039167584", "position": {"x": 105, "y": 1903}}, {"event_name": "mousemove", "timestamp": "1694039167603", "position": {"x": 105, "y": 1907}}, {"event_name": "mousemove", "timestamp": "1694039167621", "position": {"x": 105, "y": 1913}}, {"event_name": "mousemove", "timestamp": "1694039167640", "position": {"x": 105, "y": 1919}}, {"event_name": "mousemove", "timestamp": "1694039167659", "position": {"x": 106, "y": 1925}}, {"event_name": "mouseout", "timestamp": "1694039167678", "position": {"x": 106, "y": 1929}}, {"event_name": "mouseover", "timestamp": "1694039167678", "position": {"x": 106, "y": 1929}}, {"event_name": "mousemove", "timestamp": "1694039167678", "position": {"x": 106, "y": 1929}}, {"event_name": "mousemove", "timestamp": "1694039167697", "position": {"x": 106, "y": 1934}}, {"event_name": "mousemove", "timestamp": "1694039167715", "position": {"x": 107, "y": 1938}}, {"event_name": "mousemove", "timestamp": "1694039167734", "position": {"x": 106, "y": 1941}}, {"event_name": "mousemove", "timestamp": "1694039167753", "position": {"x": 106, "y": 1946}}, {"event_name": "mouseout", "timestamp": "1694039167772", "position": {"x": 106, "y": 1949}}, {"event_name": "mouseover", "timestamp": "1694039167773", "position": {"x": 106, "y": 1949}}, {"event_name": "mousemove", "timestamp": "1694039167773", "position": {"x": 106, "y": 1949}}, {"event_name": "mousemove", "timestamp": "1694039167792", "position": {"x": 106, "y": 1951}}, {"event_name": "mousemove", "timestamp": "1694039167810", "position": {"x": 106, "y": 1954}}, {"event_name": "mousemove", "timestamp": "1694039167828", "position": {"x": 107, "y": 1957}}, {"event_name": "mousedown", "timestamp": "1694039168062", "position": {"x": 107, "y": 1957}}, {"event_name": "mouseup", "timestamp": "1694039168167", "position": {"x": 107, "y": 1957}}, {"event_name": "click", "timestamp": "1694039168168", "position": {"x": 107, "y": 1957}}, {"event_name": "beforeunload", "timestamp": "1694039168171", "position": {"x": 0, "y": 0}}, {"event_name": "load", "timestamp": "1694039170379", "position": {"x": 0, "y": 0}}, {"event_name": "pageshow", "timestamp": "1694039170380", "position": {"x": 0, "y": 0}}, {"event_name": "scroll", "timestamp": "1694039172749", "position": {"x": 0, "y": 0}}, {"event_name": "scroll", "timestamp": "1694039173026", "position": {"x": 0, "y": 0}}, {"event_name": "scroll", "timestamp": "1694039175749", "position": {"x": 0, "y": 0}}, {"event_name": "mouseover", "timestamp": "1694039177739", "position": {"x": 1, "y": 2035}}, {"event_name": "mousemove", "timestamp": "1694039177740", "position": {"x": 1, "y": 2035}}, {"event_name": "mousemove", "timestamp": "1694039177757", "position": {"x": 3, "y": 2040}}, {"event_name": "mousemove", "timestamp": "1694039177774", "position": {"x": 4, "y": 2042}}, {"event_name": "mousemove", "timestamp": "1694039177792", "position": {"x": 4, "y": 2045}}, {"event_name": "mousemove", "timestamp": "1694039177810", "position": {"x": 4, "y": 2049}}, {"event_name": "mousemove", "timestamp": "1694039177828", "position": {"x": 4, "y": 2052}}, {"event_name": "mousemove", "timestamp": "1694039177845", "position": {"x": 6, "y": 2056}}, {"event_name": "mousemove", "timestamp": "1694039177863", "position": {"x": 8, "y": 2060}}, {"event_name": "mousemove", "timestamp": "1694039177882", "position": {"x": 10, "y": 2064}}, {"event_name": "mousemove", "timestamp": "1694039177899", "position": {"x": 9, "y": 2067}}, {"event_name": "mousemove", "timestamp": "1694039177918", "position": {"x": 9, "y": 2071}}, {"event_name": "mousemove", "timestamp": "1694039177936", "position": {"x": 9, "y": 2074}}, {"event_name": "mousemove", "timestamp": "1694039177955", "position": {"x": 9, "y": 2077}}, {"event_name": "mousemove", "timestamp": "1694039177974", "position": {"x": 9, "y": 2080}}, {"event_name": "mousemove", "timestamp": "1694039177993", "position": {"x": 9, "y": 2083}}, {"event_name": "mousemove", "timestamp": "1694039178011", "position": {"x": 10, "y": 2088}}, {"event_name": "mouseout", "timestamp": "1694039178030", "position": {"x": 11, "y": 2093}}, {"event_name": "mouseover", "timestamp": "1694039178030", "position": {"x": 11, "y": 2093}}, {"event_name": "mousemove", "timestamp": "1694039178031", "position": {"x": 11, "y": 2093}}, {"event_name": "mousemove", "timestamp": "1694039178049", "position": {"x": 13, "y": 2098}}, {"event_name": "mousemove", "timestamp": "1694039178068", "position": {"x": 14, "y": 2102}}, {"event_name": "mousemove", "timestamp": "1694039178086", "position": {"x": 16, "y": 2106}}, {"event_name": "mousemove", "timestamp": "1694039178105", "position": {"x": 18, "y": 2110}}, {"event_name": "mousemove", "timestamp": "1694039178124", "position": {"x": 18, "y": 2115}}, {"event_name": "mousemove", "timestamp": "1694039178143", "position": {"x": 18, "y": 2120}}, {"event_name": "mousemove", "timestamp": "1694039178160", "position": {"x": 19, "y": 2124}}, {"event_name": "mousemove", "timestamp": "1694039178180", "position": {"x": 19, "y": 2129}}, {"event_name": "mousemove", "timestamp": "1694039178198", "position": {"x": 19, "y": 2135}}, {"event_name": "mousemove", "timestamp": "1694039178217", "position": {"x": 20, "y": 2140}}, {"event_name": "mousemove", "timestamp": "1694039178236", "position": {"x": 21, "y": 2145}}, {"event_name": "mousemove", "timestamp": "1694039178254", "position": {"x": 22, "y": 2151}}, {"event_name": "mousemove", "timestamp": "1694039178272", "position": {"x": 24, "y": 2156}}, {"event_name": "mousemove", "timestamp": "1694039178291", "position": {"x": 24, "y": 2161}}, {"event_name": "mousemove", "timestamp": "1694039178309", "position": {"x": 24, "y": 2166}}, {"event_name": "mousemove", "timestamp": "1694039178328", "position": {"x": 25, "y": 2171}}, {"event_name": "mousemove", "timestamp": "1694039178346", "position": {"x": 27, "y": 2177}}, {"event_name": "mousemove", "timestamp": "1694039178365", "position": {"x": 30, "y": 2183}}, {"event_name": "mousemove", "timestamp": "1694039178384", "position": {"x": 32, "y": 2189}}, {"event_name": "mousemove", "timestamp": "1694039178402", "position": {"x": 34, "y": 2194}}, {"event_name": "mousemove", "timestamp": "1694039178420", "position": {"x": 37, "y": 2199}}, {"event_name": "mousemove", "timestamp": "1694039178439", "position": {"x": 39, "y": 2203}}, {"event_name": "mousemove", "timestamp": "1694039178458", "position": {"x": 40, "y": 2209}}, {"event_name": "mousemove", "timestamp": "1694039178476", "position": {"x": 41, "y": 2216}}, {"event_name": "mousemove", "timestamp": "1694039178494", "position": {"x": 43, "y": 2222}}, {"event_name": "mousemove", "timestamp": "1694039178513", "position": {"x": 45, "y": 2228}}, {"event_name": "mousemove", "timestamp": "1694039178530", "position": {"x": 48, "y": 2235}}, {"event_name": "mousemove", "timestamp": "1694039178547", "position": {"x": 51, "y": 2241}}, {"event_name": "mousemove", "timestamp": "1694039178565", "position": {"x": 53, "y": 2249}}, {"event_name": "mousemove", "timestamp": "1694039178583", "position": {"x": 55, "y": 2258}}, {"event_name": "mousemove", "timestamp": "1694039178602", "position": {"x": 57, "y": 2266}}, {"event_name": "mousemove", "timestamp": "1694039178621", "position": {"x": 57, "y": 2274}}, {"event_name": "mousemove", "timestamp": "1694039178639", "position": {"x": 58, "y": 2283}}, {"event_name": "mousemove", "timestamp": "1694039178657", "position": {"x": 59, "y": 2291}}, {"event_name": "mousemove", "timestamp": "1694039178675", "position": {"x": 57, "y": 2299}}, {"event_name": "mousemove", "timestamp": "1694039178693", "position": {"x": 56, "y": 2308}}, {"event_name": "mousemove", "timestamp": "1694039178710", "position": {"x": 56, "y": 2315}}, {"event_name": "mousemove", "timestamp": "1694039178730", "position": {"x": 57, "y": 2323}}, {"event_name": "mousemove", "timestamp": "1694039178748", "position": {"x": 59, "y": 2333}}, {"event_name": "mousemove", "timestamp": "1694039178767", "position": {"x": 61, "y": 2340}}, {"event_name": "mousemove", "timestamp": "1694039178786", "position": {"x": 64, "y": 2348}}, {"event_name": "mousemove", "timestamp": "1694039178804", "position": {"x": 67, "y": 2357}}, {"event_name": "mouseout", "timestamp": "1694039178823", "position": {"x": 70, "y": 2364}}, {"event_name": "mouseover", "timestamp": "1694039178823", "position": {"x": 70, "y": 2364}}, {"event_name": "mousemove", "timestamp": "1694039178824", "position": {"x": 70, "y": 2364}}, {"event_name": "mousemove", "timestamp": "1694039178843", "position": {"x": 71, "y": 2370}}, {"event_name": "mousemove", "timestamp": "1694039178861", "position": {"x": 72, "y": 2378}}, {"event_name": "mousemove", "timestamp": "1694039178879", "position": {"x": 73, "y": 2384}}, {"event_name": "mousemove", "timestamp": "1694039178898", "position": {"x": 72, "y": 2393}}, {"event_name": "mousemove", "timestamp": "1694039178917", "position": {"x": 71, "y": 2404}}, {"event_name": "mousemove", "timestamp": "1694039178935", "position": {"x": 71, "y": 2412}}, {"event_name": "mousemove", "timestamp": "1694039178954", "position": {"x": 73, "y": 2421}}, {"event_name": "mousemove", "timestamp": "1694039178973", "position": {"x": 76, "y": 2432}}, {"event_name": "mousemove", "timestamp": "1694039178991", "position": {"x": 79, "y": 2440}}, {"event_name": "mousemove", "timestamp": "1694039179010", "position": {"x": 80, "y": 2452}}, {"event_name": "mousemove", "timestamp": "1694039179029", "position": {"x": 81, "y": 2467}}, {"event_name": "mousemove", "timestamp": "1694039179047", "position": {"x": 82, "y": 2478}}, {"event_name": "mousemove", "timestamp": "1694039179066", "position": {"x": 81, "y": 2488}}, {"event_name": "mousemove", "timestamp": "1694039179084", "position": {"x": 80, "y": 2500}}, {"event_name": "mousemove", "timestamp": "1694039179103", "position": {"x": 80, "y": 2510}}, {"event_name": "mousemove", "timestamp": "1694039179122", "position": {"x": 80, "y": 2519}}, {"event_name": "mousemove", "timestamp": "1694039179140", "position": {"x": 80, "y": 2529}}, {"event_name": "mousemove", "timestamp": "1694039179159", "position": {"x": 80, "y": 2537}}, {"event_name": "mousemove", "timestamp": "1694039179177", "position": {"x": 80, "y": 2546}}, {"event_name": "mousemove", "timestamp": "1694039179196", "position": {"x": 81, "y": 2557}}, {"event_name": "mousemove", "timestamp": "1694039179215", "position": {"x": 82, "y": 2565}}, {"event_name": "mousemove", "timestamp": "1694039179234", "position": {"x": 83, "y": 2572}}, {"event_name": "mouseout", "timestamp": "1694039179252", "position": {"x": 85, "y": 2581}}, {"event_name": "mouseover", "timestamp": "1694039179252", "position": {"x": 85, "y": 2581}}, {"event_name": "mousemove", "timestamp": "1694039179253", "position": {"x": 85, "y": 2581}}, {"event_name": "mousemove", "timestamp": "1694039179273", "position": {"x": 87, "y": 2588}}, {"event_name": "mousemove", "timestamp": "1694039179291", "position": {"x": 88, "y": 2595}}, {"event_name": "mousemove", "timestamp": "1694039179310", "position": {"x": 90, "y": 2602}}, {"event_name": "mousemove", "timestamp": "1694039179328", "position": {"x": 92, "y": 2608}}, {"event_name": "mousemove", "timestamp": "1694039179348", "position": {"x": 95, "y": 2615}}, {"event_name": "mousemove", "timestamp": "1694039179366", "position": {"x": 99, "y": 2623}}, {"event_name": "mousemove", "timestamp": "1694039179385", "position": {"x": 102, "y": 2629}}, {"event_name": "mousemove", "timestamp": "1694039179403", "position": {"x": 100, "y": 2634}}, {"event_name": "mousemove", "timestamp": "1694039179422", "position": {"x": 99, "y": 2640}}, {"event_name": "mousemove", "timestamp": "1694039179441", "position": {"x": 99, "y": 2645}}, {"event_name": "mousemove", "timestamp": "1694039179460", "position": {"x": 99, "y": 2650}}, {"event_name": "mousemove", "timestamp": "1694039179477", "position": {"x": 99, "y": 2655}}, {"event_name": "mouseout", "timestamp": "1694039179495", "position": {"x": 99, "y": 2660}}, {"event_name": "mouseover", "timestamp": "1694039179496", "position": {"x": 99, "y": 2660}}, {"event_name": "mousemove", "timestamp": "1694039179496", "position": {"x": 99, "y": 2660}}, {"event_name": "mousemove", "timestamp": "1694039179515", "position": {"x": 99, "y": 2665}}, {"event_name": "mousemove", "timestamp": "1694039179534", "position": {"x": 100, "y": 2670}}, {"event_name": "mousemove", "timestamp": "1694039179552", "position": {"x": 101, "y": 2674}}, {"event_name": "mousemove", "timestamp": "1694039179572", "position": {"x": 101, "y": 2676}}, {"event_name": "mouseout", "timestamp": "1694039179591", "position": {"x": 101, "y": 2679}}, {"event_name": "mouseover", "timestamp": "1694039179591", "position": {"x": 101, "y": 2679}}, {"event_name": "mousemove", "timestamp": "1694039179592", "position": {"x": 101, "y": 2679}}, {"event_name": "mousemove", "timestamp": "1694039179611", "position": {"x": 101, "y": 2681}}, {"event_name": "mousedown", "timestamp": "1694039179867", "position": {"x": 101, "y": 2681}}, {"event_name": "mouseup", "timestamp": "1694039179956", "position": {"x": 101, "y": 2681}}, {"event_name": "click", "timestamp": "1694039179956", "position": {"x": 101, "y": 2681}}, {"event_name": "beforeunload", "timestamp": "1694039179957", "position": {"x": 0, "y": 0}}]}