{"user_id": "0bfc23c4-4f6b-42bf-bba0-397ae6088194", "device": "desktop", "trace": [{"event_name": "pageshow", "timestamp": "1694034949939", "position": {"x": 0, "y": 0}}, {"event_name": "load", "timestamp": "1694034949939", "position": {"x": 0, "y": 0}}, {"event_name": "mouseover", "timestamp": "1694034950353", "position": {"x": 6, "y": 1}}, {"event_name": "mousemove", "timestamp": "1694034950370", "position": {"x": 6, "y": 1}}, {"event_name": "mousemove", "timestamp": "1694034950393", "position": {"x": 18, "y": 5}}, {"event_name": "mousemove", "timestamp": "1694034950411", "position": {"x": 23, "y": 6}}, {"event_name": "mousemove", "timestamp": "1694034950431", "position": {"x": 29, "y": 7}}, {"event_name": "mousemove", "timestamp": "1694034950448", "position": {"x": 34, "y": 8}}, {"event_name": "mousemove", "timestamp": "1694034950466", "position": {"x": 37, "y": 9}}, {"event_name": "mousemove", "timestamp": "1694034950483", "position": {"x": 41, "y": 10}}, {"event_name": "mousemove", "timestamp": "1694034950502", "position": {"x": 45, "y": 11}}, {"event_name": "mousemove", "timestamp": "1694034950519", "position": {"x": 48, "y": 11}}, {"event_name": "mousemove", "timestamp": "1694034950537", "position": {"x": 52, "y": 12}}, {"event_name": "mousemove", "timestamp": "1694034950555", "position": {"x": 56, "y": 13}}, {"event_name": "mousemove", "timestamp": "1694034950574", "position": {"x": 60, "y": 14}}, {"event_name": "mousemove", "timestamp": "1694034950591", "position": {"x": 65, "y": 16}}, {"event_name": "mousemove", "timestamp": "1694034950609", "position": {"x": 69, "y": 18}}, {"event_name": "mouseout", "timestamp": "1694034950627", "position": {"x": 72, "y": 20}}, {"event_name": "mouseover", "timestamp": "1694034950627", "position": {"x": 72, "y": 20}}, {"event_name": "mousemove", "timestamp": "1694034950627", "position": {"x": 72, "y": 20}}, {"event_name": "mousemove", "timestamp": "1694034950654", "position": {"x": 75, "y": 23}}, {"event_name": "mousemove", "timestamp": "1694034950672", "position": {"x": 78, "y": 26}}, {"event_name": "mousemove", "timestamp": "1694034950689", "position": {"x": 81, "y": 26}}, {"event_name": "mousemove", "timestamp": "1694034950707", "position": {"x": 84, "y": 27}}, {"event_name": "mouseout", "timestamp": "1694034950725", "position": {"x": 87, "y": 28}}, {"event_name": "mouseover", "timestamp": "1694034950725", "position": {"x": 87, "y": 28}}, {"event_name": "mousemove", "timestamp": "1694034950725", "position": {"x": 87, "y": 28}}, {"event_name": "mousemove", "timestamp": "1694034950743", "position": {"x": 89, "y": 29}}, {"event_name": "mousemove", "timestamp": "1694034950760", "position": {"x": 91, "y": 30}}, {"event_name": "mousemove", "timestamp": "1694034950779", "position": {"x": 93, "y": 31}}, {"event_name": "mousemove", "timestamp": "1694034950796", "position": {"x": 94, "y": 31}}, {"event_name": "mousemove", "timestamp": "1694034950814", "position": {"x": 95, "y": 32}}, {"event_name": "mousemove", "timestamp": "1694034950832", "position": {"x": 96, "y": 33}}, {"event_name": "mousedown", "timestamp": "1694034951238", "position": {"x": 96, "y": 33}}, {"event_name": "mouseup", "timestamp": "1694034951330", "position": {"x": 96, "y": 33}}, {"event_name": "click", "timestamp": "1694034951330", "position": {"x": 96, "y": 33}}, {"event_name": "beforeunload", "timestamp": "1694034951334", "position": {"x": 0, "y": 0}}, {"event_name": "focus", "timestamp": "1694034954097", "position": {"x": 0, "y": 0}}, {"event_name": "load", "timestamp": "1694034954098", "position": {"x": 0, "y": 0}}, {"event_name": "pageshow", "timestamp": "1694034954099", "position": {"x": 0, "y": 0}}, {"event_name": "mouseover", "timestamp": "1694034954385", "position": {"x": 6, "y": 0}}, {"event_name": "mousemove", "timestamp": "1694034954385", "position": {"x": 6, "y": 0}}, {"event_name": "mousemove", "timestamp": "1694034954403", "position": {"x": 16, "y": 1}}, {"event_name": "mousemove", "timestamp": "1694034954421", "position": {"x": 20, "y": 2}}, {"event_name": "mousemove", "timestamp": "1694034954439", "position": {"x": 25, "y": 3}}, {"event_name": "mousemove", "timestamp": "1694034954457", "position": {"x": 31, "y": 4}}, {"event_name": "mousemove", "timestamp": "1694034954474", "position": {"x": 36, "y": 5}}, {"event_name": "mousemove", "timestamp": "1694034954493", "position": {"x": 42, "y": 4}}, {"event_name": "mousemove", "timestamp": "1694034954510", "position": {"x": 48, "y": 4}}, {"event_name": "mousemove", "timestamp": "1694034954528", "position": {"x": 54, "y": 4}}, {"event_name": "mousemove", "timestamp": "1694034954545", "position": {"x": 60, "y": 5}}, {"event_name": "mousemove", "timestamp": "1694034954563", "position": {"x": 66, "y": 6}}, {"event_name": "mouseover", "timestamp": "1694034954580", "position": {"x": 72, "y": 8}}, {"event_name": "mouseout", "timestamp": "1694034954580", "position": {"x": 72, "y": 8}}, {"event_name": "mousemove", "timestamp": "1694034954580", "position": {"x": 72, "y": 8}}, {"event_name": "mousemove", "timestamp": "1694034954598", "position": {"x": 77, "y": 7}}, {"event_name": "mousemove", "timestamp": "1694034954616", "position": {"x": 83, "y": 7}}, {"event_name": "mouseout", "timestamp": "1694034954633", "position": {"x": 89, "y": 7}}, {"event_name": "mouseover", "timestamp": "1694034954633", "position": {"x": 89, "y": 7}}, {"event_name": "mousemove", "timestamp": "1694034954634", "position": {"x": 89, "y": 7}}, {"event_name": "mouseout", "timestamp": "1694034954652", "position": {"x": 95, "y": 8}}, {"event_name": "mouseover", "timestamp": "1694034954652", "position": {"x": 95, "y": 8}}, {"event_name": "mousemove", "timestamp": "1694034954652", "position": {"x": 95, "y": 8}}, {"event_name": "mousemove", "timestamp": "1694034954670", "position": {"x": 102, "y": 10}}, {"event_name": "mousemove", "timestamp": "1694034954687", "position": {"x": 108, "y": 12}}, {"event_name": "mouseout", "timestamp": "1694034954705", "position": {"x": 114, "y": 12}}, {"event_name": "mouseover", "timestamp": "1694034954706", "position": {"x": 114, "y": 12}}, {"event_name": "mousemove", "timestamp": "1694034954706", "position": {"x": 114, "y": 12}}, {"event_name": "mousemove", "timestamp": "1694034954722", "position": {"x": 122, "y": 13}}, {"event_name": "mousemove", "timestamp": "1694034954741", "position": {"x": 128, "y": 14}}, {"event_name": "mousemove", "timestamp": "1694034954758", "position": {"x": 135, "y": 14}}, {"event_name": "mousemove", "timestamp": "1694034954776", "position": {"x": 143, "y": 15}}, {"event_name": "mousemove", "timestamp": "1694034954794", "position": {"x": 150, "y": 16}}, {"event_name": "mousemove", "timestamp": "1694034954811", "position": {"x": 158, "y": 16}}, {"event_name": "mousemove", "timestamp": "1694034954829", "position": {"x": 166, "y": 16}}, {"event_name": "mousemove", "timestamp": "1694034954846", "position": {"x": 174, "y": 16}}, {"event_name": "mousemove", "timestamp": "1694034954864", "position": {"x": 180, "y": 16}}, {"event_name": "mousemove", "timestamp": "1694034954882", "position": {"x": 187, "y": 17}}, {"event_name": "mousemove", "timestamp": "1694034954899", "position": {"x": 193, "y": 18}}, {"event_name": "mousemove", "timestamp": "1694034954917", "position": {"x": 200, "y": 18}}, {"event_name": "mousemove", "timestamp": "1694034954935", "position": {"x": 208, "y": 19}}, {"event_name": "mousemove", "timestamp": "1694034954952", "position": {"x": 215, "y": 20}}, {"event_name": "mousemove", "timestamp": "1694034954969", "position": {"x": 222, "y": 18}}, {"event_name": "mousemove", "timestamp": "1694034954987", "position": {"x": 229, "y": 17}}, {"event_name": "mousemove", "timestamp": "1694034955004", "position": {"x": 236, "y": 17}}, {"event_name": "mousemove", "timestamp": "1694034955022", "position": {"x": 244, "y": 18}}, {"event_name": "mousemove", "timestamp": "1694034955040", "position": {"x": 254, "y": 19}}, {"event_name": "mousemove", "timestamp": "1694034955058", "position": {"x": 262, "y": 20}}, {"event_name": "mousemove", "timestamp": "1694034955076", "position": {"x": 269, "y": 18}}, {"event_name": "mousemove", "timestamp": "1694034955094", "position": {"x": 277, "y": 17}}, {"event_name": "mousemove", "timestamp": "1694034955111", "position": {"x": 283, "y": 17}}, {"event_name": "mousemove", "timestamp": "1694034955129", "position": {"x": 291, "y": 15}}, {"event_name": "mousemove", "timestamp": "1694034955146", "position": {"x": 299, "y": 14}}, {"event_name": "mousemove", "timestamp": "1694034955164", "position": {"x": 307, "y": 14}}, {"event_name": "mousemove", "timestamp": "1694034955181", "position": {"x": 314, "y": 14}}, {"event_name": "mousemove", "timestamp": "1694034955198", "position": {"x": 322, "y": 14}}, {"event_name": "mousemove", "timestamp": "1694034955216", "position": {"x": 329, "y": 14}}, {"event_name": "mousemove", "timestamp": "1694034955234", "position": {"x": 339, "y": 14}}, {"event_name": "mousemove", "timestamp": "1694034955251", "position": {"x": 350, "y": 14}}, {"event_name": "mousemove", "timestamp": "1694034955269", "position": {"x": 359, "y": 14}}, {"event_name": "mouseout", "timestamp": "1694034955286", "position": {"x": 368, "y": 15}}, {"event_name": "mouseover", "timestamp": "1694034955286", "position": {"x": 368, "y": 15}}, {"event_name": "mousemove", "timestamp": "1694034955286", "position": {"x": 368, "y": 15}}, {"event_name": "mousemove", "timestamp": "1694034955304", "position": {"x": 379, "y": 16}}, {"event_name": "mousemove", "timestamp": "1694034955322", "position": {"x": 388, "y": 17}}, {"event_name": "mousemove", "timestamp": "1694034955340", "position": {"x": 397, "y": 16}}, {"event_name": "mousemove", "timestamp": "1694034955357", "position": {"x": 407, "y": 15}}, {"event_name": "mousemove", "timestamp": "1694034955375", "position": {"x": 416, "y": 15}}, {"event_name": "mousemove", "timestamp": "1694034955392", "position": {"x": 425, "y": 15}}, {"event_name": "mousemove", "timestamp": "1694034955410", "position": {"x": 435, "y": 15}}, {"event_name": "mousemove", "timestamp": "1694034955427", "position": {"x": 444, "y": 16}}, {"event_name": "mouseout", "timestamp": "1694034955445", "position": {"x": 455, "y": 15}}, {"event_name": "mouseover", "timestamp": "1694034955445", "position": {"x": 455, "y": 15}}, {"event_name": "mousemove", "timestamp": "1694034955445", "position": {"x": 455, "y": 15}}, {"event_name": "mousemove", "timestamp": "1694034955463", "position": {"x": 467, "y": 15}}, {"event_name": "mousemove", "timestamp": "1694034955480", "position": {"x": 478, "y": 15}}, {"event_name": "mousemove", "timestamp": "1694034955498", "position": {"x": 488, "y": 14}}, {"event_name": "mousemove", "timestamp": "1694034955516", "position": {"x": 500, "y": 14}}, {"event_name": "mousemove", "timestamp": "1694034955533", "position": {"x": 510, "y": 14}}, {"event_name": "mousemove", "timestamp": "1694034955551", "position": {"x": 519, "y": 13}}, {"event_name": "mousemove", "timestamp": "1694034955568", "position": {"x": 529, "y": 12}}, {"event_name": "mousemove", "timestamp": "1694034955586", "position": {"x": 538, "y": 12}}, {"event_name": "mousemove", "timestamp": "1694034955604", "position": {"x": 549, "y": 10}}, {"event_name": "mousemove", "timestamp": "1694034955621", "position": {"x": 561, "y": 9}}, {"event_name": "mousemove", "timestamp": "1694034955639", "position": {"x": 571, "y": 8}}, {"event_name": "mousemove", "timestamp": "1694034955656", "position": {"x": 581, "y": 8}}, {"event_name": "mousemove", "timestamp": "1694034955674", "position": {"x": 592, "y": 9}}, {"event_name": "mousemove", "timestamp": "1694034955692", "position": {"x": 602, "y": 10}}, {"event_name": "mousemove", "timestamp": "1694034955709", "position": {"x": 610, "y": 10}}, {"event_name": "mousemove", "timestamp": "1694034955727", "position": {"x": 619, "y": 10}}, {"event_name": "mousemove", "timestamp": "1694034955745", "position": {"x": 628, "y": 11}}, {"event_name": "mousemove", "timestamp": "1694034955762", "position": {"x": 636, "y": 11}}, {"event_name": "mousemove", "timestamp": "1694034955780", "position": {"x": 644, "y": 12}}, {"event_name": "mousemove", "timestamp": "1694034955798", "position": {"x": 652, "y": 13}}, {"event_name": "mousemove", "timestamp": "1694034955815", "position": {"x": 659, "y": 13}}, {"event_name": "mousemove", "timestamp": "1694034955833", "position": {"x": 668, "y": 13}}, {"event_name": "mousemove", "timestamp": "1694034955850", "position": {"x": 675, "y": 13}}, {"event_name": "mousemove", "timestamp": "1694034955867", "position": {"x": 682, "y": 12}}, {"event_name": "mousemove", "timestamp": "1694034955885", "position": {"x": 689, "y": 12}}, {"event_name": "mousemove", "timestamp": "1694034955903", "position": {"x": 696, "y": 12}}, {"event_name": "mousemove", "timestamp": "1694034955920", "position": {"x": 700, "y": 12}}, {"event_name": "mousemove", "timestamp": "1694034955938", "position": {"x": 705, "y": 12}}, {"event_name": "mousemove", "timestamp": "1694034955955", "position": {"x": 710, "y": 12}}, {"event_name": "mousemove", "timestamp": "1694034955973", "position": {"x": 713, "y": 13}}, {"event_name": "mousemove", "timestamp": "1694034955990", "position": {"x": 717, "y": 14}}, {"event_name": "mousemove", "timestamp": "1694034956009", "position": {"x": 720, "y": 16}}, {"event_name": "mousemove", "timestamp": "1694034956027", "position": {"x": 723, "y": 16}}, {"event_name": "mouseout", "timestamp": "1694034956045", "position": {"x": 727, "y": 16}}, {"event_name": "mouseover", "timestamp": "1694034956045", "position": {"x": 727, "y": 16}}, {"event_name": "mousemove", "timestamp": "1694034956046", "position": {"x": 727, "y": 16}}, {"event_name": "mousemove", "timestamp": "1694034956064", "position": {"x": 731, "y": 16}}, {"event_name": "mousemove", "timestamp": "1694034956084", "position": {"x": 732, "y": 16}}, {"event_name": "mousemove", "timestamp": "1694034956103", "position": {"x": 734, "y": 16}}, {"event_name": "mousemove", "timestamp": "1694034956121", "position": {"x": 736, "y": 16}}, {"event_name": "mousemove", "timestamp": "1694034956140", "position": {"x": 737, "y": 16}}, {"event_name": "mousemove", "timestamp": "1694034956158", "position": {"x": 738, "y": 16}}, {"event_name": "mousemove", "timestamp": "1694034956175", "position": {"x": 740, "y": 17}}, {"event_name": "mousemove", "timestamp": "1694034956193", "position": {"x": 744, "y": 16}}, {"event_name": "mousemove", "timestamp": "1694034956211", "position": {"x": 748, "y": 16}}, {"event_name": "mousemove", "timestamp": "1694034956229", "position": {"x": 752, "y": 16}}, {"event_name": "mousemove", "timestamp": "1694034956248", "position": {"x": 754, "y": 16}}, {"event_name": "mousemove", "timestamp": "1694034956266", "position": {"x": 756, "y": 16}}, {"event_name": "mousemove", "timestamp": "1694034956284", "position": {"x": 758, "y": 16}}, {"event_name": "mousemove", "timestamp": "1694034956301", "position": {"x": 759, "y": 16}}, {"event_name": "mousemove", "timestamp": "1694034956319", "position": {"x": 760, "y": 16}}, {"event_name": "mousemove", "timestamp": "1694034956337", "position": {"x": 761, "y": 17}}, {"event_name": "mousedown", "timestamp": "1694034956672", "position": {"x": 761, "y": 17}}, {"event_name": "mouseup", "timestamp": "1694034956754", "position": {"x": 761, "y": 17}}, {"event_name": "click", "timestamp": "1694034956754", "position": {"x": 761, "y": 17}}, {"event_name": "beforeunload", "timestamp": "1694034956768", "position": {"x": 0, "y": 0}}, {"event_name": "load", "timestamp": "1694034959591", "position": {"x": 0, "y": 0}}, {"event_name": "pageshow", "timestamp": "1694034959591", "position": {"x": 0, "y": 0}}, {"event_name": "mouseover", "timestamp": "1694034959964", "position": {"x": 6, "y": 0}}, {"event_name": "mousemove", "timestamp": "1694034959964", "position": {"x": 6, "y": 0}}, {"event_name": "mousemove", "timestamp": "1694034959982", "position": {"x": 16, "y": 0}}, {"event_name": "mousemove", "timestamp": "1694034960000", "position": {"x": 20, "y": 0}}, {"event_name": "mousemove", "timestamp": "1694034960018", "position": {"x": 26, "y": 0}}, {"event_name": "mousemove", "timestamp": "1694034960036", "position": {"x": 32, "y": 0}}, {"event_name": "mousemove", "timestamp": "1694034960054", "position": {"x": 37, "y": 1}}, {"event_name": "mousemove", "timestamp": "1694034960076", "position": {"x": 46, "y": 1}}, {"event_name": "mousemove", "timestamp": "1694034960093", "position": {"x": 54, "y": 1}}, {"event_name": "mousemove", "timestamp": "1694034960111", "position": {"x": 59, "y": 2}}, {"event_name": "mousemove", "timestamp": "1694034960128", "position": {"x": 66, "y": 2}}, {"event_name": "mouseout", "timestamp": "1694034960146", "position": {"x": 75, "y": 2}}, {"event_name": "mouseover", "timestamp": "1694034960146", "position": {"x": 75, "y": 2}}, {"event_name": "mousemove", "timestamp": "1694034960146", "position": {"x": 75, "y": 2}}, {"event_name": "mousemove", "timestamp": "1694034960164", "position": {"x": 82, "y": 2}}, {"event_name": "mouseout", "timestamp": "1694034960182", "position": {"x": 88, "y": 1}}, {"event_name": "mouseover", "timestamp": "1694034960182", "position": {"x": 88, "y": 1}}, {"event_name": "mousemove", "timestamp": "1694034960183", "position": {"x": 88, "y": 1}}, {"event_name": "mousemove", "timestamp": "1694034960200", "position": {"x": 96, "y": 0}}, {"event_name": "mousemove", "timestamp": "1694034960218", "position": {"x": 102, "y": 0}}, {"event_name": "mousemove", "timestamp": "1694034960236", "position": {"x": 114, "y": 0}}, {"event_name": "mousemove", "timestamp": "1694034960253", "position": {"x": 128, "y": 1}}, {"event_name": "mousemove", "timestamp": "1694034960271", "position": {"x": 140, "y": 2}}, {"event_name": "mousemove", "timestamp": "1694034960290", "position": {"x": 147, "y": 2}}, {"event_name": "mousemove", "timestamp": "1694034960306", "position": {"x": 154, "y": 2}}, {"event_name": "mousemove", "timestamp": "1694034960324", "position": {"x": 161, "y": 2}}, {"event_name": "mousemove", "timestamp": "1694034960342", "position": {"x": 168, "y": 1}}, {"event_name": "mousemove", "timestamp": "1694034960360", "position": {"x": 177, "y": 1}}, {"event_name": "mousemove", "timestamp": "1694034960377", "position": {"x": 184, "y": 1}}, {"event_name": "mousemove", "timestamp": "1694034960395", "position": {"x": 191, "y": 1}}, {"event_name": "mousemove", "timestamp": "1694034960412", "position": {"x": 198, "y": 2}}, {"event_name": "mousemove", "timestamp": "1694034960430", "position": {"x": 205, "y": 3}}, {"event_name": "mousemove", "timestamp": "1694034960447", "position": {"x": 214, "y": 3}}, {"event_name": "mousemove", "timestamp": "1694034960465", "position": {"x": 224, "y": 3}}, {"event_name": "mousemove", "timestamp": "1694034960482", "position": {"x": 233, "y": 4}}, {"event_name": "mousemove", "timestamp": "1694034960500", "position": {"x": 300, "y": 2}}, {"event_name": "mousemove", "timestamp": "1694034960517", "position": {"x": 372, "y": 1}}, {"event_name": "mousemove", "timestamp": "1694034960535", "position": {"x": 432, "y": 1}}, {"event_name": "mousemove", "timestamp": "1694034960553", "position": {"x": 441, "y": 1}}, {"event_name": "mousemove", "timestamp": "1694034960570", "position": {"x": 450, "y": 1}}, {"event_name": "mousemove", "timestamp": "1694034960588", "position": {"x": 459, "y": 2}}, {"event_name": "mousemove", "timestamp": "1694034960606", "position": {"x": 470, "y": 3}}, {"event_name": "mousemove", "timestamp": "1694034960624", "position": {"x": 482, "y": 4}}, {"event_name": "mousemove", "timestamp": "1694034960640", "position": {"x": 492, "y": 5}}, {"event_name": "mousemove", "timestamp": "1694034960658", "position": {"x": 502, "y": 5}}, {"event_name": "mousemove", "timestamp": "1694034960676", "position": {"x": 512, "y": 6}}, {"event_name": "mousemove", "timestamp": "1694034960693", "position": {"x": 521, "y": 7}}, {"event_name": "mousemove", "timestamp": "1694034960711", "position": {"x": 532, "y": 5}}, {"event_name": "mousemove", "timestamp": "1694034960728", "position": {"x": 545, "y": 4}}, {"event_name": "mousemove", "timestamp": "1694034960747", "position": {"x": 556, "y": 3}}, {"event_name": "mousemove", "timestamp": "1694034960765", "position": {"x": 566, "y": 4}}, {"event_name": "mousemove", "timestamp": "1694034960786", "position": {"x": 578, "y": 5}}, {"event_name": "mousemove", "timestamp": "1694034960804", "position": {"x": 587, "y": 6}}, {"event_name": "mousemove", "timestamp": "1694034960823", "position": {"x": 599, "y": 5}}, {"event_name": "mousemove", "timestamp": "1694034960842", "position": {"x": 611, "y": 4}}, {"event_name": "mousemove", "timestamp": "1694034960860", "position": {"x": 621, "y": 4}}, {"event_name": "mousemove", "timestamp": "1694034960879", "position": {"x": 630, "y": 3}}, {"event_name": "mousemove", "timestamp": "1694034960896", "position": {"x": 638, "y": 2}}, {"event_name": "mousemove", "timestamp": "1694034960913", "position": {"x": 646, "y": 2}}, {"event_name": "mousemove", "timestamp": "1694034960931", "position": {"x": 705, "y": 2}}, {"event_name": "mousemove", "timestamp": "1694034960948", "position": {"x": 768, "y": 2}}, {"event_name": "mousemove", "timestamp": "1694034960967", "position": {"x": 821, "y": 3}}, {"event_name": "mousemove", "timestamp": "1694034960984", "position": {"x": 822, "y": 7}}, {"event_name": "mouseout", "timestamp": "1694034961002", "position": {"x": 824, "y": 12}}, {"event_name": "mouseover", "timestamp": "1694034961002", "position": {"x": 824, "y": 12}}, {"event_name": "mousemove", "timestamp": "1694034961002", "position": {"x": 824, "y": 12}}, {"event_name": "mousemove", "timestamp": "1694034961019", "position": {"x": 826, "y": 17}}, {"event_name": "mousemove", "timestamp": "1694034961037", "position": {"x": 827, "y": 19}}, {"event_name": "mousemove", "timestamp": "1694034961055", "position": {"x": 828, "y": 22}}, {"event_name": "mousemove", "timestamp": "1694034961073", "position": {"x": 830, "y": 25}}, {"event_name": "mousemove", "timestamp": "1694034961107", "position": {"x": 830, "y": 26}}, {"event_name": "mousemove", "timestamp": "1694034961125", "position": {"x": 831, "y": 27}}, {"event_name": "mousedown", "timestamp": "1694034961669", "position": {"x": 831, "y": 27}}, {"event_name": "mouseup", "timestamp": "1694034961809", "position": {"x": 831, "y": 27}}, {"event_name": "click", "timestamp": "1694034961809", "position": {"x": 831, "y": 27}}, {"event_name": "beforeunload", "timestamp": "1694034961813", "position": {"x": 0, "y": 0}}, {"event_name": "focus", "timestamp": "1694034964057", "position": {"x": 0, "y": 0}}, {"event_name": "load", "timestamp": "1694034964058", "position": {"x": 0, "y": 0}}, {"event_name": "pageshow", "timestamp": "1694034964058", "position": {"x": 0, "y": 0}}, {"event_name": "mouseover", "timestamp": "1694034964350", "position": {"x": 6, "y": 0}}, {"event_name": "mousemove", "timestamp": "1694034964350", "position": {"x": 6, "y": 0}}, {"event_name": "mousemove", "timestamp": "1694034964369", "position": {"x": 14, "y": 0}}, {"event_name": "mousemove", "timestamp": "1694034964388", "position": {"x": 18, "y": 1}}, {"event_name": "mousemove", "timestamp": "1694034964407", "position": {"x": 23, "y": 1}}, {"event_name": "mousemove", "timestamp": "1694034964425", "position": {"x": 29, "y": 1}}, {"event_name": "mousemove", "timestamp": "1694034964443", "position": {"x": 34, "y": 1}}, {"event_name": "mousemove", "timestamp": "1694034964461", "position": {"x": 39, "y": 1}}, {"event_name": "mousemove", "timestamp": "1694034964479", "position": {"x": 46, "y": 1}}, {"event_name": "mousemove", "timestamp": "1694034964498", "position": {"x": 51, "y": 2}}, {"event_name": "mousemove", "timestamp": "1694034964516", "position": {"x": 58, "y": 2}}, {"event_name": "mousemove", "timestamp": "1694034964534", "position": {"x": 66, "y": 3}}, {"event_name": "mouseout", "timestamp": "1694034964554", "position": {"x": 72, "y": 4}}, {"event_name": "mouseover", "timestamp": "1694034964554", "position": {"x": 72, "y": 4}}, {"event_name": "mousemove", "timestamp": "1694034964554", "position": {"x": 72, "y": 4}}, {"event_name": "mousemove", "timestamp": "1694034964573", "position": {"x": 79, "y": 3}}, {"event_name": "mouseout", "timestamp": "1694034964591", "position": {"x": 87, "y": 2}}, {"event_name": "mouseover", "timestamp": "1694034964592", "position": {"x": 87, "y": 2}}, {"event_name": "mousemove", "timestamp": "1694034964592", "position": {"x": 87, "y": 2}}, {"event_name": "mousemove", "timestamp": "1694034964611", "position": {"x": 94, "y": 2}}, {"event_name": "mousemove", "timestamp": "1694034964629", "position": {"x": 171, "y": 3}}, {"event_name": "mousemove", "timestamp": "1694034964647", "position": {"x": 253, "y": 4}}, {"event_name": "mousemove", "timestamp": "1694034964665", "position": {"x": 322, "y": 5}}, {"event_name": "mousemove", "timestamp": "1694034964684", "position": {"x": 332, "y": 4}}, {"event_name": "mousemove", "timestamp": "1694034964702", "position": {"x": 345, "y": 4}}, {"event_name": "mousemove", "timestamp": "1694034964721", "position": {"x": 354, "y": 4}}, {"event_name": "mousemove", "timestamp": "1694034964740", "position": {"x": 363, "y": 3}}, {"event_name": "mousemove", "timestamp": "1694034964759", "position": {"x": 372, "y": 2}}, {"event_name": "mousemove", "timestamp": "1694034964777", "position": {"x": 379, "y": 2}}, {"event_name": "mousemove", "timestamp": "1694034964795", "position": {"x": 388, "y": 4}}, {"event_name": "mousemove", "timestamp": "1694034964813", "position": {"x": 398, "y": 7}}, {"event_name": "mousemove", "timestamp": "1694034964830", "position": {"x": 407, "y": 10}}, {"event_name": "mousemove", "timestamp": "1694034964848", "position": {"x": 415, "y": 11}}, {"event_name": "mousemove", "timestamp": "1694034964866", "position": {"x": 424, "y": 12}}, {"event_name": "mousemove", "timestamp": "1694034964883", "position": {"x": 432, "y": 13}}, {"event_name": "mousemove", "timestamp": "1694034964901", "position": {"x": 442, "y": 11}}, {"event_name": "mousemove", "timestamp": "1694034964919", "position": {"x": 451, "y": 9}}, {"event_name": "mouseout", "timestamp": "1694034964937", "position": {"x": 460, "y": 8}}, {"event_name": "mouseover", "timestamp": "1694034964937", "position": {"x": 460, "y": 8}}, {"event_name": "mousemove", "timestamp": "1694034964937", "position": {"x": 460, "y": 8}}, {"event_name": "mousemove", "timestamp": "1694034964955", "position": {"x": 472, "y": 10}}, {"event_name": "mousemove", "timestamp": "1694034964972", "position": {"x": 483, "y": 13}}, {"event_name": "mousemove", "timestamp": "1694034964990", "position": {"x": 494, "y": 16}}, {"event_name": "mousemove", "timestamp": "1694034965008", "position": {"x": 505, "y": 16}}, {"event_name": "mousemove", "timestamp": "1694034965025", "position": {"x": 516, "y": 16}}, {"event_name": "mousemove", "timestamp": "1694034965043", "position": {"x": 526, "y": 17}}, {"event_name": "mousemove", "timestamp": "1694034965061", "position": {"x": 538, "y": 17}}, {"event_name": "mousemove", "timestamp": "1694034965079", "position": {"x": 550, "y": 18}}, {"event_name": "mousemove", "timestamp": "1694034965096", "position": {"x": 560, "y": 19}}, {"event_name": "mousemove", "timestamp": "1694034965117", "position": {"x": 571, "y": 19}}, {"event_name": "mousemove", "timestamp": "1694034965134", "position": {"x": 582, "y": 19}}, {"event_name": "mousemove", "timestamp": "1694034965152", "position": {"x": 591, "y": 20}}, {"event_name": "mousemove", "timestamp": "1694034965169", "position": {"x": 602, "y": 19}}, {"event_name": "mousemove", "timestamp": "1694034965186", "position": {"x": 614, "y": 19}}, {"event_name": "mousemove", "timestamp": "1694034965205", "position": {"x": 624, "y": 19}}, {"event_name": "mousemove", "timestamp": "1694034965222", "position": {"x": 633, "y": 20}}, {"event_name": "mousemove", "timestamp": "1694034965240", "position": {"x": 642, "y": 21}}, {"event_name": "mousemove", "timestamp": "1694034965257", "position": {"x": 651, "y": 23}}, {"event_name": "mousemove", "timestamp": "1694034965275", "position": {"x": 662, "y": 23}}, {"event_name": "mousemove", "timestamp": "1694034965293", "position": {"x": 674, "y": 23}}, {"event_name": "mousemove", "timestamp": "1694034965310", "position": {"x": 685, "y": 23}}, {"event_name": "mousemove", "timestamp": "1694034965327", "position": {"x": 697, "y": 23}}, {"event_name": "mousemove", "timestamp": "1694034965345", "position": {"x": 710, "y": 23}}, {"event_name": "mousemove", "timestamp": "1694034965363", "position": {"x": 722, "y": 24}}, {"event_name": "mouseout", "timestamp": "1694034965381", "position": {"x": 732, "y": 25}}, {"event_name": "mouseover", "timestamp": "1694034965381", "position": {"x": 732, "y": 25}}, {"event_name": "mousemove", "timestamp": "1694034965381", "position": {"x": 732, "y": 25}}, {"event_name": "mousemove", "timestamp": "1694034965398", "position": {"x": 743, "y": 26}}, {"event_name": "mousemove", "timestamp": "1694034965416", "position": {"x": 752, "y": 27}}, {"event_name": "mousemove", "timestamp": "1694034965434", "position": {"x": 761, "y": 27}}, {"event_name": "mousemove", "timestamp": "1694034965451", "position": {"x": 770, "y": 27}}, {"event_name": "mousemove", "timestamp": "1694034965468", "position": {"x": 779, "y": 28}}, {"event_name": "mousemove", "timestamp": "1694034965486", "position": {"x": 788, "y": 29}}, {"event_name": "mouseout", "timestamp": "1694034965504", "position": {"x": 797, "y": 31}}, {"event_name": "mouseover", "timestamp": "1694034965504", "position": {"x": 797, "y": 31}}, {"event_name": "mousemove", "timestamp": "1694034965504", "position": {"x": 797, "y": 31}}, {"event_name": "mousemove", "timestamp": "1694034965521", "position": {"x": 806, "y": 33}}, {"event_name": "mousemove", "timestamp": "1694034965539", "position": {"x": 813, "y": 31}}, {"event_name": "mousemove", "timestamp": "1694034965557", "position": {"x": 822, "y": 30}}, {"event_name": "mousemove", "timestamp": "1694034965574", "position": {"x": 829, "y": 30}}, {"event_name": "mousemove", "timestamp": "1694034965592", "position": {"x": 834, "y": 31}}, {"event_name": "mousemove", "timestamp": "1694034965609", "position": {"x": 840, "y": 32}}, {"event_name": "mousemove", "timestamp": "1694034965627", "position": {"x": 845, "y": 34}}, {"event_name": "mousemove", "timestamp": "1694034965644", "position": {"x": 849, "y": 34}}, {"event_name": "mousemove", "timestamp": "1694034965662", "position": {"x": 853, "y": 35}}, {"event_name": "mouseout", "timestamp": "1694034965680", "position": {"x": 858, "y": 36}}, {"event_name": "mouseover", "timestamp": "1694034965680", "position": {"x": 858, "y": 36}}, {"event_name": "mousemove", "timestamp": "1694034965680", "position": {"x": 858, "y": 36}}, {"event_name": "mousemove", "timestamp": "1694034965697", "position": {"x": 862, "y": 33}}, {"event_name": "mousemove", "timestamp": "1694034965715", "position": {"x": 866, "y": 31}}, {"event_name": "mousemove", "timestamp": "1694034965733", "position": {"x": 871, "y": 30}}, {"event_name": "mousemove", "timestamp": "1694034965749", "position": {"x": 874, "y": 31}}, {"event_name": "mousemove", "timestamp": "1694034965767", "position": {"x": 878, "y": 32}}, {"event_name": "mousemove", "timestamp": "1694034965785", "position": {"x": 882, "y": 33}}, {"event_name": "mousemove", "timestamp": "1694034965802", "position": {"x": 884, "y": 35}}, {"event_name": "mousemove", "timestamp": "1694034965820", "position": {"x": 886, "y": 37}}, {"event_name": "mousemove", "timestamp": "1694034965838", "position": {"x": 888, "y": 40}}, {"event_name": "mousemove", "timestamp": "1694034965855", "position": {"x": 889, "y": 40}}, {"event_name": "mousemove", "timestamp": "1694034965872", "position": {"x": 891, "y": 41}}, {"event_name": "mousemove", "timestamp": "1694034965891", "position": {"x": 893, "y": 42}}, {"event_name": "mousemove", "timestamp": "1694034965909", "position": {"x": 894, "y": 43}}, {"event_name": "mousemove", "timestamp": "1694034965926", "position": {"x": 896, "y": 44}}, {"event_name": "mousemove", "timestamp": "1694034965944", "position": {"x": 898, "y": 45}}, {"event_name": "mousedown", "timestamp": "1694034966319", "position": {"x": 898, "y": 45}}, {"event_name": "mouseup", "timestamp": "1694034966415", "position": {"x": 898, "y": 45}}, {"event_name": "click", "timestamp": "1694034966416", "position": {"x": 898, "y": 45}}, {"event_name": "beforeunload", "timestamp": "1694034966428", "position": {"x": 0, "y": 0}}, {"event_name": "focus", "timestamp": "1694034969265", "position": {"x": 0, "y": 0}}, {"event_name": "load", "timestamp": "1694034969266", "position": {"x": 0, "y": 0}}, {"event_name": "pageshow", "timestamp": "1694034969266", "position": {"x": 0, "y": 0}}, {"event_name": "mouseover", "timestamp": "1694034969572", "position": {"x": 5, "y": 0}}, {"event_name": "mousemove", "timestamp": "1694034969572", "position": {"x": 5, "y": 0}}, {"event_name": "mousemove", "timestamp": "1694034969591", "position": {"x": 13, "y": 0}}, {"event_name": "mousemove", "timestamp": "1694034969609", "position": {"x": 16, "y": 0}}, {"event_name": "mousemove", "timestamp": "1694034969628", "position": {"x": 21, "y": 0}}, {"event_name": "mousemove", "timestamp": "1694034969647", "position": {"x": 27, "y": 0}}, {"event_name": "mousemove", "timestamp": "1694034969666", "position": {"x": 31, "y": 1}}, {"event_name": "mousemove", "timestamp": "1694034969686", "position": {"x": 37, "y": 1}}, {"event_name": "mousemove", "timestamp": "1694034969705", "position": {"x": 45, "y": 1}}, {"event_name": "mousemove", "timestamp": "1694034969724", "position": {"x": 50, "y": 1}}, {"event_name": "mousemove", "timestamp": "1694034969743", "position": {"x": 56, "y": 1}}, {"event_name": "mousemove", "timestamp": "1694034969762", "position": {"x": 62, "y": 1}}, {"event_name": "mousemove", "timestamp": "1694034969781", "position": {"x": 68, "y": 2}}, {"event_name": "mouseout", "timestamp": "1694034969799", "position": {"x": 74, "y": 1}}, {"event_name": "mouseover", "timestamp": "1694034969800", "position": {"x": 74, "y": 1}}, {"event_name": "mousemove", "timestamp": "1694034969800", "position": {"x": 74, "y": 1}}, {"event_name": "mousemove", "timestamp": "1694034969818", "position": {"x": 81, "y": 1}}, {"event_name": "mouseout", "timestamp": "1694034969836", "position": {"x": 87, "y": 1}}, {"event_name": "mouseover", "timestamp": "1694034969836", "position": {"x": 87, "y": 1}}, {"event_name": "mousemove", "timestamp": "1694034969836", "position": {"x": 87, "y": 1}}, {"event_name": "mousemove", "timestamp": "1694034969856", "position": {"x": 108, "y": 1}}, {"event_name": "mousemove", "timestamp": "1694034969874", "position": {"x": 131, "y": 2}}, {"event_name": "mousemove", "timestamp": "1694034969893", "position": {"x": 147, "y": 3}}, {"event_name": "mousemove", "timestamp": "1694034969911", "position": {"x": 154, "y": 5}}, {"event_name": "mouseout", "timestamp": "1694034969931", "position": {"x": 162, "y": 8}}, {"event_name": "mouseover", "timestamp": "1694034969931", "position": {"x": 162, "y": 8}}, {"event_name": "mousemove", "timestamp": "1694034969931", "position": {"x": 162, "y": 8}}, {"event_name": "mousemove", "timestamp": "1694034969950", "position": {"x": 169, "y": 10}}, {"event_name": "mousemove", "timestamp": "1694034969969", "position": {"x": 176, "y": 10}}, {"event_name": "mousemove", "timestamp": "1694034969986", "position": {"x": 185, "y": 11}}, {"event_name": "mousemove", "timestamp": "1694034970006", "position": {"x": 192, "y": 12}}, {"event_name": "mousemove", "timestamp": "1694034970024", "position": {"x": 201, "y": 11}}, {"event_name": "mousemove", "timestamp": "1694034970043", "position": {"x": 210, "y": 11}}, {"event_name": "mousemove", "timestamp": "1694034970061", "position": {"x": 217, "y": 11}}, {"event_name": "mousemove", "timestamp": "1694034970079", "position": {"x": 225, "y": 10}}, {"event_name": "mousemove", "timestamp": "1694034970097", "position": {"x": 233, "y": 9}}, {"event_name": "mousemove", "timestamp": "1694034970115", "position": {"x": 240, "y": 9}}, {"event_name": "mouseout", "timestamp": "1694034970133", "position": {"x": 249, "y": 7}}, {"event_name": "mouseover", "timestamp": "1694034970134", "position": {"x": 249, "y": 7}}, {"event_name": "mousemove", "timestamp": "1694034970134", "position": {"x": 249, "y": 7}}, {"event_name": "mousemove", "timestamp": "1694034970152", "position": {"x": 260, "y": 6}}, {"event_name": "mousemove", "timestamp": "1694034970171", "position": {"x": 268, "y": 5}}, {"event_name": "mousemove", "timestamp": "1694034970190", "position": {"x": 277, "y": 6}}, {"event_name": "mousemove", "timestamp": "1694034970208", "position": {"x": 288, "y": 7}}, {"event_name": "mouseout", "timestamp": "1694034970228", "position": {"x": 297, "y": 8}}, {"event_name": "mouseover", "timestamp": "1694034970228", "position": {"x": 297, "y": 8}}, {"event_name": "mousemove", "timestamp": "1694034970228", "position": {"x": 297, "y": 8}}, {"event_name": "mousemove", "timestamp": "1694034970247", "position": {"x": 306, "y": 9}}, {"event_name": "mousemove", "timestamp": "1694034970264", "position": {"x": 316, "y": 10}}, {"event_name": "mousemove", "timestamp": "1694034970282", "position": {"x": 324, "y": 11}}, {"event_name": "mousemove", "timestamp": "1694034970300", "position": {"x": 334, "y": 12}}, {"event_name": "mousemove", "timestamp": "1694034970318", "position": {"x": 345, "y": 14}}, {"event_name": "mousemove", "timestamp": "1694034970335", "position": {"x": 354, "y": 16}}, {"event_name": "mouseout", "timestamp": "1694034970352", "position": {"x": 365, "y": 14}}, {"event_name": "mouseover", "timestamp": "1694034970353", "position": {"x": 365, "y": 14}}, {"event_name": "mousemove", "timestamp": "1694034970353", "position": {"x": 365, "y": 14}}, {"event_name": "mousemove", "timestamp": "1694034970370", "position": {"x": 377, "y": 13}}, {"event_name": "mousemove", "timestamp": "1694034970388", "position": {"x": 388, "y": 12}}, {"event_name": "mousemove", "timestamp": "1694034970406", "position": {"x": 396, "y": 12}}, {"event_name": "mousemove", "timestamp": "1694034970423", "position": {"x": 405, "y": 12}}, {"event_name": "mousemove", "timestamp": "1694034970441", "position": {"x": 414, "y": 13}}, {"event_name": "mousemove", "timestamp": "1694034970458", "position": {"x": 425, "y": 13}}, {"event_name": "mousemove", "timestamp": "1694034970476", "position": {"x": 435, "y": 13}}, {"event_name": "mousemove", "timestamp": "1694034970493", "position": {"x": 445, "y": 14}}, {"event_name": "mouseout", "timestamp": "1694034970511", "position": {"x": 456, "y": 15}}, {"event_name": "mouseover", "timestamp": "1694034970511", "position": {"x": 456, "y": 15}}, {"event_name": "mousemove", "timestamp": "1694034970511", "position": {"x": 456, "y": 15}}, {"event_name": "mousemove", "timestamp": "1694034970528", "position": {"x": 468, "y": 17}}, {"event_name": "mousemove", "timestamp": "1694034970546", "position": {"x": 478, "y": 19}}, {"event_name": "mousemove", "timestamp": "1694034970563", "position": {"x": 489, "y": 18}}, {"event_name": "mousemove", "timestamp": "1694034970582", "position": {"x": 502, "y": 17}}, {"event_name": "mousemove", "timestamp": "1694034970599", "position": {"x": 513, "y": 17}}, {"event_name": "mousemove", "timestamp": "1694034970617", "position": {"x": 522, "y": 18}}, {"event_name": "mousemove", "timestamp": "1694034970634", "position": {"x": 530, "y": 20}}, {"event_name": "mousemove", "timestamp": "1694034970651", "position": {"x": 538, "y": 22}}, {"event_name": "mousemove", "timestamp": "1694034970669", "position": {"x": 549, "y": 22}}, {"event_name": "mousemove", "timestamp": "1694034970686", "position": {"x": 561, "y": 22}}, {"event_name": "mousemove", "timestamp": "1694034970704", "position": {"x": 572, "y": 22}}, {"event_name": "mousemove", "timestamp": "1694034970721", "position": {"x": 585, "y": 19}}, {"event_name": "mousemove", "timestamp": "1694034970740", "position": {"x": 599, "y": 17}}, {"event_name": "mousemove", "timestamp": "1694034970758", "position": {"x": 611, "y": 16}}, {"event_name": "mousemove", "timestamp": "1694034970777", "position": {"x": 622, "y": 16}}, {"event_name": "mousemove", "timestamp": "1694034970795", "position": {"x": 634, "y": 16}}, {"event_name": "mousemove", "timestamp": "1694034970814", "position": {"x": 644, "y": 16}}, {"event_name": "mousemove", "timestamp": "1694034970833", "position": {"x": 655, "y": 18}}, {"event_name": "mousemove", "timestamp": "1694034970852", "position": {"x": 667, "y": 21}}, {"event_name": "mousemove", "timestamp": "1694034970870", "position": {"x": 677, "y": 23}}, {"event_name": "mousemove", "timestamp": "1694034970888", "position": {"x": 687, "y": 23}}, {"event_name": "mousemove", "timestamp": "1694034970907", "position": {"x": 700, "y": 23}}, {"event_name": "mousemove", "timestamp": "1694034970924", "position": {"x": 709, "y": 24}}, {"event_name": "mousemove", "timestamp": "1694034970943", "position": {"x": 719, "y": 22}}, {"event_name": "mouseout", "timestamp": "1694034970960", "position": {"x": 731, "y": 21}}, {"event_name": "mouseover", "timestamp": "1694034970960", "position": {"x": 731, "y": 21}}, {"event_name": "mousemove", "timestamp": "1694034970961", "position": {"x": 731, "y": 21}}, {"event_name": "mousemove", "timestamp": "1694034970978", "position": {"x": 741, "y": 21}}, {"event_name": "mousemove", "timestamp": "1694034970995", "position": {"x": 751, "y": 20}}, {"event_name": "mousemove", "timestamp": "1694034971013", "position": {"x": 761, "y": 19}}, {"event_name": "mousemove", "timestamp": "1694034971031", "position": {"x": 770, "y": 19}}, {"event_name": "mousemove", "timestamp": "1694034971048", "position": {"x": 782, "y": 19}}, {"event_name": "mouseout", "timestamp": "1694034971066", "position": {"x": 794, "y": 19}}, {"event_name": "mouseover", "timestamp": "1694034971066", "position": {"x": 794, "y": 19}}, {"event_name": "mousemove", "timestamp": "1694034971066", "position": {"x": 794, "y": 19}}, {"event_name": "mousemove", "timestamp": "1694034971084", "position": {"x": 805, "y": 20}}, {"event_name": "mousemove", "timestamp": "1694034971101", "position": {"x": 815, "y": 20}}, {"event_name": "mousemove", "timestamp": "1694034971120", "position": {"x": 826, "y": 21}}, {"event_name": "mousemove", "timestamp": "1694034971137", "position": {"x": 836, "y": 22}}, {"event_name": "mousemove", "timestamp": "1694034971155", "position": {"x": 843, "y": 22}}, {"event_name": "mousemove", "timestamp": "1694034971172", "position": {"x": 850, "y": 22}}, {"event_name": "mouseout", "timestamp": "1694034971189", "position": {"x": 857, "y": 22}}, {"event_name": "mouseover", "timestamp": "1694034971189", "position": {"x": 857, "y": 22}}, {"event_name": "mousemove", "timestamp": "1694034971190", "position": {"x": 857, "y": 22}}, {"event_name": "mousemove", "timestamp": "1694034971207", "position": {"x": 865, "y": 19}}, {"event_name": "mousemove", "timestamp": "1694034971225", "position": {"x": 873, "y": 17}}, {"event_name": "mousemove", "timestamp": "1694034971243", "position": {"x": 881, "y": 15}}, {"event_name": "mousemove", "timestamp": "1694034971261", "position": {"x": 888, "y": 14}}, {"event_name": "mousemove", "timestamp": "1694034971278", "position": {"x": 896, "y": 13}}, {"event_name": "mousemove", "timestamp": "1694034971297", "position": {"x": 903, "y": 13}}, {"event_name": "mousemove", "timestamp": "1694034971313", "position": {"x": 908, "y": 12}}, {"event_name": "mousemove", "timestamp": "1694034971331", "position": {"x": 913, "y": 11}}, {"event_name": "mousemove", "timestamp": "1694034971349", "position": {"x": 919, "y": 11}}, {"event_name": "mousemove", "timestamp": "1694034971367", "position": {"x": 926, "y": 13}}, {"event_name": "mousemove", "timestamp": "1694034971384", "position": {"x": 933, "y": 15}}, {"event_name": "mousemove", "timestamp": "1694034971401", "position": {"x": 940, "y": 18}}, {"event_name": "mousemove", "timestamp": "1694034971419", "position": {"x": 943, "y": 19}}, {"event_name": "mousemove", "timestamp": "1694034971437", "position": {"x": 947, "y": 20}}, {"event_name": "mousemove", "timestamp": "1694034971455", "position": {"x": 950, "y": 21}}, {"event_name": "mousemove", "timestamp": "1694034971472", "position": {"x": 952, "y": 21}}, {"event_name": "mousemove", "timestamp": "1694034971489", "position": {"x": 955, "y": 22}}, {"event_name": "mousemove", "timestamp": "1694034971507", "position": {"x": 958, "y": 23}}, {"event_name": "mousemove", "timestamp": "1694034971525", "position": {"x": 959, "y": 24}}, {"event_name": "mouseout", "timestamp": "1694034971542", "position": {"x": 961, "y": 25}}, {"event_name": "mouseover", "timestamp": "1694034971542", "position": {"x": 961, "y": 25}}, {"event_name": "mousemove", "timestamp": "1694034971542", "position": {"x": 961, "y": 25}}, {"event_name": "mousemove", "timestamp": "1694034971560", "position": {"x": 963, "y": 26}}, {"event_name": "mousemove", "timestamp": "1694034971578", "position": {"x": 965, "y": 25}}, {"event_name": "mousemove", "timestamp": "1694034971595", "position": {"x": 968, "y": 24}}, {"event_name": "mousemove", "timestamp": "1694034971612", "position": {"x": 971, "y": 24}}, {"event_name": "mousemove", "timestamp": "1694034971630", "position": {"x": 972, "y": 24}}, {"event_name": "mousemove", "timestamp": "1694034971648", "position": {"x": 974, "y": 24}}, {"event_name": "mousemove", "timestamp": "1694034971666", "position": {"x": 976, "y": 24}}, {"event_name": "mousemove", "timestamp": "1694034971683", "position": {"x": 977, "y": 24}}, {"event_name": "mousemove", "timestamp": "1694034971700", "position": {"x": 978, "y": 24}}, {"event_name": "mousemove", "timestamp": "1694034971718", "position": {"x": 980, "y": 25}}, {"event_name": "mousedown", "timestamp": "1694034972068", "position": {"x": 980, "y": 25}}, {"event_name": "mouseup", "timestamp": "1694034972167", "position": {"x": 980, "y": 25}}, {"event_name": "click", "timestamp": "1694034972168", "position": {"x": 980, "y": 25}}, {"event_name": "beforeunload", "timestamp": "1694034972175", "position": {"x": 0, "y": 0}}, {"event_name": "focus", "timestamp": "1694034972250", "position": {"x": 0, "y": 0}}, {"event_name": "pageshow", "timestamp": "1694034972251", "position": {"x": 0, "y": 0}}, {"event_name": "load", "timestamp": "1694034972251", "position": {"x": 0, "y": 0}}, {"event_name": "beforeunload", "timestamp": "1694034974732", "position": {"x": 0, "y": 0}}, {"event_name": "pageshow", "timestamp": "1694034974863", "position": {"x": 0, "y": 0}}, {"event_name": "load", "timestamp": "1694034974863", "position": {"x": 0, "y": 0}}, {"event_name": "mouseover", "timestamp": "1694034975154", "position": {"x": 11, "y": 0}}, {"event_name": "mousemove", "timestamp": "1694034975154", "position": {"x": 11, "y": 0}}, {"event_name": "mousemove", "timestamp": "1694034975172", "position": {"x": 23, "y": 0}}, {"event_name": "mousemove", "timestamp": "1694034975189", "position": {"x": 34, "y": 0}}, {"event_name": "mousemove", "timestamp": "1694034975209", "position": {"x": 41, "y": 0}}, {"event_name": "mousemove", "timestamp": "1694034975227", "position": {"x": 47, "y": 1}}, {"event_name": "mousemove", "timestamp": "1694034975245", "position": {"x": 52, "y": 2}}, {"event_name": "mousemove", "timestamp": "1694034975265", "position": {"x": 60, "y": 2}}, {"event_name": "mousemove", "timestamp": "1694034975283", "position": {"x": 69, "y": 3}}, {"event_name": "mouseout", "timestamp": "1694034975302", "position": {"x": 76, "y": 4}}, {"event_name": "mouseover", "timestamp": "1694034975302", "position": {"x": 76, "y": 4}}, {"event_name": "mousemove", "timestamp": "1694034975302", "position": {"x": 76, "y": 4}}, {"event_name": "mousemove", "timestamp": "1694034975321", "position": {"x": 82, "y": 4}}, {"event_name": "mouseout", "timestamp": "1694034975340", "position": {"x": 89, "y": 5}}, {"event_name": "mouseover", "timestamp": "1694034975341", "position": {"x": 89, "y": 5}}, {"event_name": "mousemove", "timestamp": "1694034975341", "position": {"x": 89, "y": 5}}, {"event_name": "mousemove", "timestamp": "1694034975359", "position": {"x": 95, "y": 6}}, {"event_name": "mousemove", "timestamp": "1694034975377", "position": {"x": 102, "y": 4}}, {"event_name": "mousemove", "timestamp": "1694034975395", "position": {"x": 110, "y": 3}}, {"event_name": "mousemove", "timestamp": "1694034975414", "position": {"x": 117, "y": 3}}, {"event_name": "mousemove", "timestamp": "1694034975433", "position": {"x": 122, "y": 4}}, {"event_name": "mousemove", "timestamp": "1694034975451", "position": {"x": 128, "y": 5}}, {"event_name": "mousemove", "timestamp": "1694034975469", "position": {"x": 134, "y": 6}}, {"event_name": "mousemove", "timestamp": "1694034975488", "position": {"x": 143, "y": 6}}, {"event_name": "mousemove", "timestamp": "1694034975507", "position": {"x": 153, "y": 6}}, {"event_name": "mousemove", "timestamp": "1694034975525", "position": {"x": 160, "y": 6}}, {"event_name": "mousemove", "timestamp": "1694034975544", "position": {"x": 167, "y": 6}}, {"event_name": "mousemove", "timestamp": "1694034975563", "position": {"x": 175, "y": 7}}, {"event_name": "mouseout", "timestamp": "1694034975581", "position": {"x": 182, "y": 8}}, {"event_name": "mouseover", "timestamp": "1694034975581", "position": {"x": 182, "y": 8}}, {"event_name": "mousemove", "timestamp": "1694034975583", "position": {"x": 182, "y": 8}}, {"event_name": "mousemove", "timestamp": "1694034975601", "position": {"x": 191, "y": 8}}, {"event_name": "mousemove", "timestamp": "1694034975619", "position": {"x": 200, "y": 8}}, {"event_name": "mousemove", "timestamp": "1694034975638", "position": {"x": 207, "y": 8}}, {"event_name": "mouseout", "timestamp": "1694034975657", "position": {"x": 216, "y": 6}}, {"event_name": "mouseover", "timestamp": "1694034975657", "position": {"x": 216, "y": 6}}, {"event_name": "mousemove", "timestamp": "1694034975657", "position": {"x": 216, "y": 6}}, {"event_name": "mousemove", "timestamp": "1694034975676", "position": {"x": 227, "y": 5}}, {"event_name": "mousemove", "timestamp": "1694034975695", "position": {"x": 235, "y": 5}}, {"event_name": "mousemove", "timestamp": "1694034975714", "position": {"x": 241, "y": 5}}, {"event_name": "mousemove", "timestamp": "1694034975732", "position": {"x": 249, "y": 5}}, {"event_name": "mousemove", "timestamp": "1694034975750", "position": {"x": 255, "y": 5}}, {"event_name": "mousemove", "timestamp": "1694034975770", "position": {"x": 264, "y": 4}}, {"event_name": "mousemove", "timestamp": "1694034975788", "position": {"x": 274, "y": 3}}, {"event_name": "mousemove", "timestamp": "1694034975805", "position": {"x": 282, "y": 3}}, {"event_name": "mousemove", "timestamp": "1694034975823", "position": {"x": 291, "y": 4}}, {"event_name": "mousemove", "timestamp": "1694034975841", "position": {"x": 300, "y": 5}}, {"event_name": "mousemove", "timestamp": "1694034975859", "position": {"x": 309, "y": 6}}, {"event_name": "mousemove", "timestamp": "1694034975877", "position": {"x": 319, "y": 7}}, {"event_name": "mouseout", "timestamp": "1694034975894", "position": {"x": 329, "y": 8}}, {"event_name": "mouseover", "timestamp": "1694034975894", "position": {"x": 329, "y": 8}}, {"event_name": "mousemove", "timestamp": "1694034975894", "position": {"x": 329, "y": 8}}, {"event_name": "mousemove", "timestamp": "1694034975912", "position": {"x": 338, "y": 9}}, {"event_name": "mousemove", "timestamp": "1694034975929", "position": {"x": 348, "y": 9}}, {"event_name": "mousemove", "timestamp": "1694034975946", "position": {"x": 358, "y": 9}}, {"event_name": "mouseout", "timestamp": "1694034975964", "position": {"x": 367, "y": 9}}, {"event_name": "mouseover", "timestamp": "1694034975964", "position": {"x": 367, "y": 9}}, {"event_name": "mousemove", "timestamp": "1694034975964", "position": {"x": 367, "y": 9}}, {"event_name": "mousemove", "timestamp": "1694034975982", "position": {"x": 377, "y": 10}}, {"event_name": "mousemove", "timestamp": "1694034976000", "position": {"x": 388, "y": 12}}, {"event_name": "mousemove", "timestamp": "1694034976017", "position": {"x": 398, "y": 14}}, {"event_name": "mousemove", "timestamp": "1694034976035", "position": {"x": 406, "y": 14}}, {"event_name": "mousemove", "timestamp": "1694034976053", "position": {"x": 416, "y": 14}}, {"event_name": "mousemove", "timestamp": "1694034976070", "position": {"x": 424, "y": 15}}, {"event_name": "mousemove", "timestamp": "1694034976088", "position": {"x": 435, "y": 13}}, {"event_name": "mousemove", "timestamp": "1694034976105", "position": {"x": 446, "y": 12}}, {"event_name": "mouseout", "timestamp": "1694034976122", "position": {"x": 456, "y": 12}}, {"event_name": "mouseover", "timestamp": "1694034976122", "position": {"x": 456, "y": 12}}, {"event_name": "mousemove", "timestamp": "1694034976122", "position": {"x": 456, "y": 12}}, {"event_name": "mousemove", "timestamp": "1694034976140", "position": {"x": 465, "y": 11}}, {"event_name": "mousemove", "timestamp": "1694034976157", "position": {"x": 476, "y": 11}}, {"event_name": "mousemove", "timestamp": "1694034976175", "position": {"x": 485, "y": 11}}, {"event_name": "mousemove", "timestamp": "1694034976193", "position": {"x": 496, "y": 12}}, {"event_name": "mousemove", "timestamp": "1694034976211", "position": {"x": 508, "y": 13}}, {"event_name": "mousemove", "timestamp": "1694034976228", "position": {"x": 519, "y": 14}}, {"event_name": "mousemove", "timestamp": "1694034976247", "position": {"x": 530, "y": 15}}, {"event_name": "mousemove", "timestamp": "1694034976266", "position": {"x": 542, "y": 16}}, {"event_name": "mousemove", "timestamp": "1694034976285", "position": {"x": 552, "y": 17}}, {"event_name": "mousemove", "timestamp": "1694034976304", "position": {"x": 564, "y": 16}}, {"event_name": "mousemove", "timestamp": "1694034976322", "position": {"x": 578, "y": 15}}, {"event_name": "mousemove", "timestamp": "1694034976341", "position": {"x": 589, "y": 15}}, {"event_name": "mousemove", "timestamp": "1694034976359", "position": {"x": 603, "y": 14}}, {"event_name": "mousemove", "timestamp": "1694034976377", "position": {"x": 617, "y": 13}}, {"event_name": "mousemove", "timestamp": "1694034976395", "position": {"x": 629, "y": 13}}, {"event_name": "mousemove", "timestamp": "1694034976413", "position": {"x": 641, "y": 13}}, {"event_name": "mousemove", "timestamp": "1694034976430", "position": {"x": 652, "y": 14}}, {"event_name": "mousemove", "timestamp": "1694034976447", "position": {"x": 663, "y": 15}}, {"event_name": "mousemove", "timestamp": "1694034976465", "position": {"x": 675, "y": 14}}, {"event_name": "mousemove", "timestamp": "1694034976483", "position": {"x": 688, "y": 14}}, {"event_name": "mousemove", "timestamp": "1694034976501", "position": {"x": 699, "y": 14}}, {"event_name": "mousemove", "timestamp": "1694034976518", "position": {"x": 709, "y": 16}}, {"event_name": "mousemove", "timestamp": "1694034976535", "position": {"x": 720, "y": 18}}, {"event_name": "mouseout", "timestamp": "1694034976553", "position": {"x": 730, "y": 20}}, {"event_name": "mouseover", "timestamp": "1694034976553", "position": {"x": 730, "y": 20}}, {"event_name": "mousemove", "timestamp": "1694034976554", "position": {"x": 730, "y": 20}}, {"event_name": "mousemove", "timestamp": "1694034976572", "position": {"x": 739, "y": 21}}, {"event_name": "mousemove", "timestamp": "1694034976588", "position": {"x": 750, "y": 23}}, {"event_name": "mousemove", "timestamp": "1694034976606", "position": {"x": 759, "y": 25}}, {"event_name": "mousemove", "timestamp": "1694034976624", "position": {"x": 771, "y": 22}}, {"event_name": "mousemove", "timestamp": "1694034976642", "position": {"x": 784, "y": 20}}, {"event_name": "mouseout", "timestamp": "1694034976659", "position": {"x": 796, "y": 19}}, {"event_name": "mouseover", "timestamp": "1694034976659", "position": {"x": 796, "y": 19}}, {"event_name": "mousemove", "timestamp": "1694034976659", "position": {"x": 796, "y": 19}}, {"event_name": "mousemove", "timestamp": "1694034976677", "position": {"x": 809, "y": 20}}, {"event_name": "mousemove", "timestamp": "1694034976695", "position": {"x": 821, "y": 22}}, {"event_name": "mousemove", "timestamp": "1694034976713", "position": {"x": 833, "y": 24}}, {"event_name": "mousemove", "timestamp": "1694034976731", "position": {"x": 845, "y": 23}}, {"event_name": "mouseout", "timestamp": "1694034976748", "position": {"x": 859, "y": 23}}, {"event_name": "mouseover", "timestamp": "1694034976748", "position": {"x": 859, "y": 23}}, {"event_name": "mousemove", "timestamp": "1694034976748", "position": {"x": 859, "y": 23}}, {"event_name": "mousemove", "timestamp": "1694034976766", "position": {"x": 871, "y": 23}}, {"event_name": "mousemove", "timestamp": "1694034976783", "position": {"x": 884, "y": 21}}, {"event_name": "mousemove", "timestamp": "1694034976801", "position": {"x": 899, "y": 20}}, {"event_name": "mousemove", "timestamp": "1694034976819", "position": {"x": 911, "y": 19}}, {"event_name": "mousemove", "timestamp": "1694034976836", "position": {"x": 923, "y": 17}}, {"event_name": "mousemove", "timestamp": "1694034976854", "position": {"x": 936, "y": 15}}, {"event_name": "mousemove", "timestamp": "1694034976871", "position": {"x": 947, "y": 14}}, {"event_name": "mousemove", "timestamp": "1694034976889", "position": {"x": 957, "y": 12}}, {"event_name": "mouseout", "timestamp": "1694034976907", "position": {"x": 967, "y": 11}}, {"event_name": "mouseover", "timestamp": "1694034976907", "position": {"x": 967, "y": 11}}, {"event_name": "mousemove", "timestamp": "1694034976907", "position": {"x": 967, "y": 11}}, {"event_name": "mousemove", "timestamp": "1694034976926", "position": {"x": 976, "y": 10}}, {"event_name": "mousemove", "timestamp": "1694034976943", "position": {"x": 982, "y": 13}}, {"event_name": "mousemove", "timestamp": "1694034976960", "position": {"x": 990, "y": 16}}, {"event_name": "mousemove", "timestamp": "1694034976978", "position": {"x": 996, "y": 19}}, {"event_name": "mousemove", "timestamp": "1694034976996", "position": {"x": 1004, "y": 17}}, {"event_name": "mousemove", "timestamp": "1694034977013", "position": {"x": 1013, "y": 16}}, {"event_name": "mousemove", "timestamp": "1694034977033", "position": {"x": 1021, "y": 15}}, {"event_name": "mousemove", "timestamp": "1694034977052", "position": {"x": 1025, "y": 14}}, {"event_name": "mousemove", "timestamp": "1694034977070", "position": {"x": 1031, "y": 14}}, {"event_name": "mousemove", "timestamp": "1694034977089", "position": {"x": 1035, "y": 14}}, {"event_name": "mousemove", "timestamp": "1694034977108", "position": {"x": 1040, "y": 14}}, {"event_name": "mousemove", "timestamp": "1694034977127", "position": {"x": 1045, "y": 14}}, {"event_name": "mousemove", "timestamp": "1694034977146", "position": {"x": 1050, "y": 15}}, {"event_name": "mousemove", "timestamp": "1694034977163", "position": {"x": 1054, "y": 13}}, {"event_name": "mousemove", "timestamp": "1694034977181", "position": {"x": 1059, "y": 12}}, {"event_name": "mouseout", "timestamp": "1694034977199", "position": {"x": 1063, "y": 11}}, {"event_name": "mouseover", "timestamp": "1694034977199", "position": {"x": 1063, "y": 11}}, {"event_name": "mousemove", "timestamp": "1694034977199", "position": {"x": 1063, "y": 11}}, {"event_name": "mousemove", "timestamp": "1694034977216", "position": {"x": 1066, "y": 11}}, {"event_name": "mousemove", "timestamp": "1694034977234", "position": {"x": 1070, "y": 11}}, {"event_name": "mousemove", "timestamp": "1694034977251", "position": {"x": 1074, "y": 12}}, {"event_name": "mousemove", "timestamp": "1694034977270", "position": {"x": 1079, "y": 12}}, {"event_name": "mousemove", "timestamp": "1694034977287", "position": {"x": 1083, "y": 12}}, {"event_name": "mousemove", "timestamp": "1694034977305", "position": {"x": 1088, "y": 12}}, {"event_name": "mousemove", "timestamp": "1694034977322", "position": {"x": 1091, "y": 11}}, {"event_name": "mousemove", "timestamp": "1694034977340", "position": {"x": 1095, "y": 10}}, {"event_name": "mousemove", "timestamp": "1694034977360", "position": {"x": 1098, "y": 10}}, {"event_name": "mousemove", "timestamp": "1694034977379", "position": {"x": 1100, "y": 9}}, {"event_name": "mousemove", "timestamp": "1694034977397", "position": {"x": 1103, "y": 8}}, {"event_name": "mousemove", "timestamp": "1694034977415", "position": {"x": 1106, "y": 8}}, {"event_name": "mousemove", "timestamp": "1694034977433", "position": {"x": 1108, "y": 8}}, {"event_name": "mousemove", "timestamp": "1694034977449", "position": {"x": 1111, "y": 8}}, {"event_name": "mousemove", "timestamp": "1694034977467", "position": {"x": 1114, "y": 9}}, {"event_name": "mousemove", "timestamp": "1694034977485", "position": {"x": 1115, "y": 9}}, {"event_name": "mousemove", "timestamp": "1694034977502", "position": {"x": 1116, "y": 9}}, {"event_name": "mousemove", "timestamp": "1694034977520", "position": {"x": 1117, "y": 9}}, {"event_name": "mousedown", "timestamp": "1694034978639", "position": {"x": 1117, "y": 9}}, {"event_name": "mouseup", "timestamp": "1694034978738", "position": {"x": 1117, "y": 9}}, {"event_name": "click", "timestamp": "1694034978738", "position": {"x": 1117, "y": 9}}, {"event_name": "beforeunload", "timestamp": "1694034978738", "position": {"x": 0, "y": 0}}, {"event_name": "load", "timestamp": "1694034981691", "position": {"x": 0, "y": 0}}, {"event_name": "pageshow", "timestamp": "1694034981691", "position": {"x": 0, "y": 0}}, {"event_name": "scroll", "timestamp": "1694034981828", "position": {"x": 0, "y": 0}}, {"event_name": "scroll", "timestamp": "1694034982271", "position": {"x": 0, "y": 0}}, {"event_name": "scroll", "timestamp": "1694034982333", "position": {"x": 0, "y": 0}}, {"event_name": "scroll", "timestamp": "1694034982393", "position": {"x": 0, "y": 0}}, {"event_name": "scroll", "timestamp": "1694034982449", "position": {"x": 0, "y": 0}}, {"event_name": "scroll", "timestamp": "1694034982508", "position": {"x": 0, "y": 0}}, {"event_name": "scroll", "timestamp": "1694034982577", "position": {"x": 0, "y": 0}}, {"event_name": "scroll", "timestamp": "1694034982642", "position": {"x": 0, "y": 0}}, {"event_name": "scroll", "timestamp": "1694034983120", "position": {"x": 0, "y": 0}}, {"event_name": "mousemove", "timestamp": "1694034984585", "position": {"x": 2, "y": 516}}, {"event_name": "mouseover", "timestamp": "1694034984585", "position": {"x": 2, "y": 516}}, {"event_name": "mousemove", "timestamp": "1694034984603", "position": {"x": 5, "y": 520}}, {"event_name": "mousemove", "timestamp": "1694034984623", "position": {"x": 7, "y": 523}}, {"event_name": "mousemove", "timestamp": "1694034984641", "position": {"x": 8, "y": 526}}, {"event_name": "mousemove", "timestamp": "1694034984658", "position": {"x": 9, "y": 530}}, {"event_name": "mousemove", "timestamp": "1694034984675", "position": {"x": 11, "y": 534}}, {"event_name": "mousemove", "timestamp": "1694034984693", "position": {"x": 12, "y": 536}}, {"event_name": "mousemove", "timestamp": "1694034984712", "position": {"x": 13, "y": 539}}, {"event_name": "mousemove", "timestamp": "1694034984730", "position": {"x": 14, "y": 542}}, {"event_name": "mousemove", "timestamp": "1694034984747", "position": {"x": 17, "y": 546}}, {"event_name": "mousemove", "timestamp": "1694034984766", "position": {"x": 20, "y": 551}}, {"event_name": "mousemove", "timestamp": "1694034984783", "position": {"x": 24, "y": 556}}, {"event_name": "mousemove", "timestamp": "1694034984801", "position": {"x": 25, "y": 559}}, {"event_name": "mousemove", "timestamp": "1694034984818", "position": {"x": 27, "y": 563}}, {"event_name": "mousemove", "timestamp": "1694034984836", "position": {"x": 29, "y": 567}}, {"event_name": "mouseout", "timestamp": "1694034984854", "position": {"x": 30, "y": 571}}, {"event_name": "mouseover", "timestamp": "1694034984854", "position": {"x": 30, "y": 571}}, {"event_name": "mousemove", "timestamp": "1694034984854", "position": {"x": 30, "y": 571}}, {"event_name": "mousemove", "timestamp": "1694034984871", "position": {"x": 32, "y": 576}}, {"event_name": "mousemove", "timestamp": "1694034984890", "position": {"x": 34, "y": 581}}, {"event_name": "mousemove", "timestamp": "1694034984908", "position": {"x": 35, "y": 584}}, {"event_name": "mousemove", "timestamp": "1694034984925", "position": {"x": 37, "y": 588}}, {"event_name": "mousemove", "timestamp": "1694034984942", "position": {"x": 39, "y": 592}}, {"event_name": "mousemove", "timestamp": "1694034984960", "position": {"x": 40, "y": 595}}, {"event_name": "mousemove", "timestamp": "1694034984978", "position": {"x": 42, "y": 599}}, {"event_name": "mousemove", "timestamp": "1694034984995", "position": {"x": 44, "y": 603}}, {"event_name": "mousemove", "timestamp": "1694034985013", "position": {"x": 46, "y": 607}}, {"event_name": "mousemove", "timestamp": "1694034985030", "position": {"x": 49, "y": 612}}, {"event_name": "mousemove", "timestamp": "1694034985047", "position": {"x": 52, "y": 616}}, {"event_name": "mousemove", "timestamp": "1694034985066", "position": {"x": 54, "y": 620}}, {"event_name": "mousemove", "timestamp": "1694034985083", "position": {"x": 56, "y": 625}}, {"event_name": "mousemove", "timestamp": "1694034985101", "position": {"x": 59, "y": 629}}, {"event_name": "mousemove", "timestamp": "1694034985118", "position": {"x": 60, "y": 633}}, {"event_name": "mousemove", "timestamp": "1694034985136", "position": {"x": 61, "y": 637}}, {"event_name": "mousemove", "timestamp": "1694034985154", "position": {"x": 63, "y": 642}}, {"event_name": "mousemove", "timestamp": "1694034985171", "position": {"x": 64, "y": 647}}, {"event_name": "mousemove", "timestamp": "1694034985190", "position": {"x": 65, "y": 653}}, {"event_name": "mousemove", "timestamp": "1694034985207", "position": {"x": 66, "y": 658}}, {"event_name": "mousemove", "timestamp": "1694034985225", "position": {"x": 68, "y": 664}}, {"event_name": "mouseout", "timestamp": "1694034985242", "position": {"x": 70, "y": 670}}, {"event_name": "mouseover", "timestamp": "1694034985242", "position": {"x": 70, "y": 670}}, {"event_name": "mousemove", "timestamp": "1694034985243", "position": {"x": 70, "y": 670}}, {"event_name": "mousemove", "timestamp": "1694034985260", "position": {"x": 72, "y": 676}}, {"event_name": "mousemove", "timestamp": "1694034985278", "position": {"x": 74, "y": 682}}, {"event_name": "mousemove", "timestamp": "1694034985296", "position": {"x": 77, "y": 689}}, {"event_name": "mousemove", "timestamp": "1694034985313", "position": {"x": 80, "y": 695}}, {"event_name": "mousemove", "timestamp": "1694034985331", "position": {"x": 80, "y": 702}}, {"event_name": "mousemove", "timestamp": "1694034985348", "position": {"x": 81, "y": 710}}, {"event_name": "mousemove", "timestamp": "1694034985365", "position": {"x": 82, "y": 718}}, {"event_name": "mousemove", "timestamp": "1694034985383", "position": {"x": 83, "y": 726}}, {"event_name": "mousemove", "timestamp": "1694034985401", "position": {"x": 84, "y": 734}}, {"event_name": "mouseout", "timestamp": "1694034985419", "position": {"x": 86, "y": 742}}, {"event_name": "mouseover", "timestamp": "1694034985419", "position": {"x": 86, "y": 742}}, {"event_name": "mousemove", "timestamp": "1694034985419", "position": {"x": 86, "y": 742}}, {"event_name": "mousemove", "timestamp": "1694034985436", "position": {"x": 88, "y": 749}}, {"event_name": "mousemove", "timestamp": "1694034985454", "position": {"x": 90, "y": 757}}, {"event_name": "mousemove", "timestamp": "1694034985471", "position": {"x": 92, "y": 764}}, {"event_name": "mousemove", "timestamp": "1694034985489", "position": {"x": 93, "y": 771}}, {"event_name": "mousemove", "timestamp": "1694034985507", "position": {"x": 94, "y": 779}}, {"event_name": "mousemove", "timestamp": "1694034985524", "position": {"x": 96, "y": 786}}, {"event_name": "mousemove", "timestamp": "1694034985541", "position": {"x": 98, "y": 792}}, {"event_name": "mousemove", "timestamp": "1694034985560", "position": {"x": 101, "y": 800}}, {"event_name": "mousemove", "timestamp": "1694034985577", "position": {"x": 104, "y": 806}}, {"event_name": "mousemove", "timestamp": "1694034985594", "position": {"x": 103, "y": 812}}, {"event_name": "mousemove", "timestamp": "1694034985612", "position": {"x": 102, "y": 819}}, {"event_name": "mousemove", "timestamp": "1694034985629", "position": {"x": 102, "y": 826}}, {"event_name": "mousemove", "timestamp": "1694034985647", "position": {"x": 103, "y": 832}}, {"event_name": "mousemove", "timestamp": "1694034985664", "position": {"x": 104, "y": 839}}, {"event_name": "mousemove", "timestamp": "1694034985682", "position": {"x": 105, "y": 845}}, {"event_name": "mousemove", "timestamp": "1694034985700", "position": {"x": 107, "y": 850}}, {"event_name": "mousemove", "timestamp": "1694034985718", "position": {"x": 109, "y": 856}}, {"event_name": "mouseout", "timestamp": "1694034985735", "position": {"x": 111, "y": 861}}, {"event_name": "mouseover", "timestamp": "1694034985736", "position": {"x": 111, "y": 861}}, {"event_name": "mousemove", "timestamp": "1694034985736", "position": {"x": 111, "y": 861}}, {"event_name": "mousemove", "timestamp": "1694034985753", "position": {"x": 111, "y": 867}}, {"event_name": "mouseout", "timestamp": "1694034985771", "position": {"x": 111, "y": 872}}, {"event_name": "mouseover", "timestamp": "1694034985771", "position": {"x": 111, "y": 872}}, {"event_name": "mousemove", "timestamp": "1694034985771", "position": {"x": 111, "y": 872}}, {"event_name": "mousemove", "timestamp": "1694034985789", "position": {"x": 112, "y": 878}}, {"event_name": "mousemove", "timestamp": "1694034985807", "position": {"x": 111, "y": 882}}, {"event_name": "mousemove", "timestamp": "1694034985824", "position": {"x": 111, "y": 886}}, {"event_name": "mousemove", "timestamp": "1694034985842", "position": {"x": 111, "y": 890}}, {"event_name": "mouseout", "timestamp": "1694034985859", "position": {"x": 112, "y": 896}}, {"event_name": "mouseover", "timestamp": "1694034985859", "position": {"x": 112, "y": 896}}, {"event_name": "mousemove", "timestamp": "1694034985859", "position": {"x": 112, "y": 896}}, {"event_name": "mousemove", "timestamp": "1694034985877", "position": {"x": 113, "y": 902}}, {"event_name": "mousemove", "timestamp": "1694034985895", "position": {"x": 114, "y": 908}}, {"event_name": "mousemove", "timestamp": "1694034985912", "position": {"x": 114, "y": 911}}, {"event_name": "mouseout", "timestamp": "1694034985930", "position": {"x": 114, "y": 915}}, {"event_name": "mouseover", "timestamp": "1694034985930", "position": {"x": 114, "y": 915}}, {"event_name": "mousemove", "timestamp": "1694034985930", "position": {"x": 114, "y": 915}}, {"event_name": "mousemove", "timestamp": "1694034985948", "position": {"x": 114, "y": 918}}, {"event_name": "mousedown", "timestamp": "1694034986463", "position": {"x": 114, "y": 918}}, {"event_name": "mouseup", "timestamp": "1694034986576", "position": {"x": 114, "y": 918}}, {"event_name": "click", "timestamp": "1694034986576", "position": {"x": 114, "y": 918}}, {"event_name": "beforeunload", "timestamp": "1694034986583", "position": {"x": 0, "y": 0}}, {"event_name": "load", "timestamp": "1694034986761", "position": {"x": 0, "y": 0}}, {"event_name": "pageshow", "timestamp": "1694034986762", "position": {"x": 0, "y": 0}}, {"event_name": "message", "timestamp": "1694034986979", "position": {"x": 0, "y": 0}}, {"event_name": "message", "timestamp": "1694034986999", "position": {"x": 0, "y": 0}}, {"event_name": "message", "timestamp": "1694034987016", "position": {"x": 0, "y": 0}}, {"event_name": "beforeunload", "timestamp": "1694034988650", "position": {"x": 0, "y": 0}}, {"event_name": "load", "timestamp": "1694034988788", "position": {"x": 0, "y": 0}}, {"event_name": "pageshow", "timestamp": "1694034988788", "position": {"x": 0, "y": 0}}, {"event_name": "scroll", "timestamp": "1694034988818", "position": {"x": 0, "y": 0}}, {"event_name": "scroll", "timestamp": "1694034989481", "position": {"x": 0, "y": 0}}, {"event_name": "scroll", "timestamp": "1694034989539", "position": {"x": 0, "y": 0}}, {"event_name": "scroll", "timestamp": "1694034989599", "position": {"x": 0, "y": 0}}, {"event_name": "scroll", "timestamp": "1694034989655", "position": {"x": 0, "y": 0}}, {"event_name": "scroll", "timestamp": "1694034989713", "position": {"x": 0, "y": 0}}, {"event_name": "scroll", "timestamp": "1694034989770", "position": {"x": 0, "y": 0}}, {"event_name": "scroll", "timestamp": "1694034989835", "position": {"x": 0, "y": 0}}, {"event_name": "scroll", "timestamp": "1694034990378", "position": {"x": 0, "y": 0}}, {"event_name": "scroll", "timestamp": "1694034990443", "position": {"x": 0, "y": 0}}, {"event_name": "scroll", "timestamp": "1694034990504", "position": {"x": 0, "y": 0}}, {"event_name": "scroll", "timestamp": "1694034990562", "position": {"x": 0, "y": 0}}, {"event_name": "scroll", "timestamp": "1694034990626", "position": {"x": 0, "y": 0}}, {"event_name": "scroll", "timestamp": "1694034990690", "position": {"x": 0, "y": 0}}, {"event_name": "scroll", "timestamp": "1694034990754", "position": {"x": 0, "y": 0}}, {"event_name": "scroll", "timestamp": "1694034991397", "position": {"x": 0, "y": 0}}, {"event_name": "scroll", "timestamp": "1694034991463", "position": {"x": 0, "y": 0}}, {"event_name": "scroll", "timestamp": "1694034991529", "position": {"x": 0, "y": 0}}, {"event_name": "scroll", "timestamp": "1694034991593", "position": {"x": 0, "y": 0}}, {"event_name": "scroll", "timestamp": "1694034991656", "position": {"x": 0, "y": 0}}, {"event_name": "scroll", "timestamp": "1694034991717", "position": {"x": 0, "y": 0}}, {"event_name": "scroll", "timestamp": "1694034991776", "position": {"x": 0, "y": 0}}, {"event_name": "scroll", "timestamp": "1694034992383", "position": {"x": 0, "y": 0}}, {"event_name": "scroll", "timestamp": "1694034992445", "position": {"x": 0, "y": 0}}, {"event_name": "scroll", "timestamp": "1694034992503", "position": {"x": 0, "y": 0}}, {"event_name": "scroll", "timestamp": "1694034992565", "position": {"x": 0, "y": 0}}, {"event_name": "scroll", "timestamp": "1694034992627", "position": {"x": 0, "y": 0}}, {"event_name": "mouseover", "timestamp": "1694034994036", "position": {"x": 3, "y": 1542}}, {"event_name": "mousemove", "timestamp": "1694034994039", "position": {"x": 3, "y": 1542}}, {"event_name": "mousemove", "timestamp": "1694034994058", "position": {"x": 7, "y": 1546}}, {"event_name": "mousemove", "timestamp": "1694034994076", "position": {"x": 9, "y": 1548}}, {"event_name": "mousemove", "timestamp": "1694034994095", "position": {"x": 10, "y": 1551}}, {"event_name": "mousemove", "timestamp": "1694034994113", "position": {"x": 11, "y": 1555}}, {"event_name": "mousemove", "timestamp": "1694034994132", "position": {"x": 13, "y": 1559}}, {"event_name": "mousemove", "timestamp": "1694034994151", "position": {"x": 15, "y": 1562}}, {"event_name": "mousemove", "timestamp": "1694034994169", "position": {"x": 17, "y": 1566}}, {"event_name": "mousemove", "timestamp": "1694034994186", "position": {"x": 19, "y": 1569}}, {"event_name": "mousemove", "timestamp": "1694034994205", "position": {"x": 20, "y": 1571}}, {"event_name": "mousemove", "timestamp": "1694034994223", "position": {"x": 22, "y": 1573}}, {"event_name": "mousemove", "timestamp": "1694034994243", "position": {"x": 24, "y": 1576}}, {"event_name": "mousemove", "timestamp": "1694034994262", "position": {"x": 24, "y": 1580}}, {"event_name": "mousemove", "timestamp": "1694034994280", "position": {"x": 25, "y": 1584}}, {"event_name": "mousemove", "timestamp": "1694034994299", "position": {"x": 26, "y": 1588}}, {"event_name": "mousemove", "timestamp": "1694034994317", "position": {"x": 28, "y": 1591}}, {"event_name": "mousemove", "timestamp": "1694034994334", "position": {"x": 30, "y": 1594}}, {"event_name": "mouseout", "timestamp": "1694034994352", "position": {"x": 32, "y": 1597}}, {"event_name": "mouseover", "timestamp": "1694034994352", "position": {"x": 32, "y": 1597}}, {"event_name": "mousemove", "timestamp": "1694034994352", "position": {"x": 32, "y": 1597}}, {"event_name": "mousemove", "timestamp": "1694034994370", "position": {"x": 33, "y": 1600}}, {"event_name": "mousemove", "timestamp": "1694034994388", "position": {"x": 34, "y": 1603}}, {"event_name": "mousemove", "timestamp": "1694034994406", "position": {"x": 35, "y": 1607}}, {"event_name": "mousemove", "timestamp": "1694034994423", "position": {"x": 36, "y": 1612}}, {"event_name": "mousemove", "timestamp": "1694034994441", "position": {"x": 37, "y": 1618}}, {"event_name": "mousemove", "timestamp": "1694034994459", "position": {"x": 38, "y": 1624}}, {"event_name": "mousemove", "timestamp": "1694034994476", "position": {"x": 40, "y": 1629}}, {"event_name": "mousemove", "timestamp": "1694034994493", "position": {"x": 42, "y": 1634}}, {"event_name": "mousemove", "timestamp": "1694034994512", "position": {"x": 44, "y": 1639}}, {"event_name": "mousemove", "timestamp": "1694034994530", "position": {"x": 45, "y": 1645}}, {"event_name": "mousemove", "timestamp": "1694034994548", "position": {"x": 47, "y": 1652}}, {"event_name": "mousemove", "timestamp": "1694034994566", "position": {"x": 49, "y": 1658}}, {"event_name": "mousemove", "timestamp": "1694034994584", "position": {"x": 49, "y": 1662}}, {"event_name": "mousemove", "timestamp": "1694034994602", "position": {"x": 49, "y": 1667}}, {"event_name": "mousemove", "timestamp": "1694034994619", "position": {"x": 50, "y": 1671}}, {"event_name": "mousemove", "timestamp": "1694034994637", "position": {"x": 48, "y": 1677}}, {"event_name": "mousemove", "timestamp": "1694034994654", "position": {"x": 47, "y": 1684}}, {"event_name": "mousemove", "timestamp": "1694034994673", "position": {"x": 47, "y": 1690}}, {"event_name": "mousemove", "timestamp": "1694034994691", "position": {"x": 48, "y": 1695}}, {"event_name": "mousemove", "timestamp": "1694034994710", "position": {"x": 49, "y": 1701}}, {"event_name": "mousemove", "timestamp": "1694034994728", "position": {"x": 50, "y": 1707}}, {"event_name": "mousemove", "timestamp": "1694034994747", "position": {"x": 51, "y": 1714}}, {"event_name": "mousemove", "timestamp": "1694034994765", "position": {"x": 53, "y": 1722}}, {"event_name": "mousemove", "timestamp": "1694034994782", "position": {"x": 55, "y": 1729}}, {"event_name": "mousemove", "timestamp": "1694034994800", "position": {"x": 56, "y": 1736}}, {"event_name": "mousemove", "timestamp": "1694034994818", "position": {"x": 57, "y": 1744}}, {"event_name": "mousemove", "timestamp": "1694034994836", "position": {"x": 58, "y": 1751}}, {"event_name": "mousemove", "timestamp": "1694034994855", "position": {"x": 61, "y": 1760}}, {"event_name": "mousemove", "timestamp": "1694034994874", "position": {"x": 65, "y": 1769}}, {"event_name": "mousemove", "timestamp": "1694034994892", "position": {"x": 68, "y": 1778}}, {"event_name": "mouseout", "timestamp": "1694034994911", "position": {"x": 70, "y": 1784}}, {"event_name": "mouseover", "timestamp": "1694034994911", "position": {"x": 70, "y": 1784}}, {"event_name": "mousemove", "timestamp": "1694034994911", "position": {"x": 70, "y": 1784}}, {"event_name": "mousemove", "timestamp": "1694034994929", "position": {"x": 73, "y": 1790}}, {"event_name": "mousemove", "timestamp": "1694034994947", "position": {"x": 75, "y": 1795}}, {"event_name": "mousemove", "timestamp": "1694034994964", "position": {"x": 77, "y": 1804}}, {"event_name": "mousemove", "timestamp": "1694034994982", "position": {"x": 79, "y": 1812}}, {"event_name": "mousemove", "timestamp": "1694034995000", "position": {"x": 82, "y": 1820}}, {"event_name": "mousemove", "timestamp": "1694034995019", "position": {"x": 83, "y": 1827}}, {"event_name": "mousemove", "timestamp": "1694034995037", "position": {"x": 84, "y": 1834}}, {"event_name": "mouseout", "timestamp": "1694034995055", "position": {"x": 85, "y": 1840}}, {"event_name": "mouseover", "timestamp": "1694034995056", "position": {"x": 85, "y": 1840}}, {"event_name": "mousemove", "timestamp": "1694034995056", "position": {"x": 85, "y": 1840}}, {"event_name": "mousemove", "timestamp": "1694034995074", "position": {"x": 85, "y": 1846}}, {"event_name": "mousemove", "timestamp": "1694034995091", "position": {"x": 86, "y": 1853}}, {"event_name": "mousemove", "timestamp": "1694034995108", "position": {"x": 87, "y": 1859}}, {"event_name": "mousemove", "timestamp": "1694034995126", "position": {"x": 87, "y": 1866}}, {"event_name": "mousemove", "timestamp": "1694034995144", "position": {"x": 88, "y": 1873}}, {"event_name": "mousemove", "timestamp": "1694034995163", "position": {"x": 89, "y": 1880}}, {"event_name": "mousemove", "timestamp": "1694034995181", "position": {"x": 90, "y": 1886}}, {"event_name": "mousemove", "timestamp": "1694034995199", "position": {"x": 91, "y": 1892}}, {"event_name": "mousemove", "timestamp": "1694034995218", "position": {"x": 92, "y": 1897}}, {"event_name": "mousemove", "timestamp": "1694034995237", "position": {"x": 93, "y": 1902}}, {"event_name": "mousemove", "timestamp": "1694034995256", "position": {"x": 94, "y": 1909}}, {"event_name": "mousemove", "timestamp": "1694034995274", "position": {"x": 96, "y": 1914}}, {"event_name": "mousemove", "timestamp": "1694034995293", "position": {"x": 96, "y": 1918}}, {"event_name": "mousemove", "timestamp": "1694034995312", "position": {"x": 96, "y": 1923}}, {"event_name": "mousemove", "timestamp": "1694034995330", "position": {"x": 97, "y": 1927}}, {"event_name": "mouseout", "timestamp": "1694034995348", "position": {"x": 97, "y": 1931}}, {"event_name": "mouseover", "timestamp": "1694034995348", "position": {"x": 97, "y": 1931}}, {"event_name": "mousemove", "timestamp": "1694034995348", "position": {"x": 97, "y": 1931}}, {"event_name": "mousemove", "timestamp": "1694034995366", "position": {"x": 98, "y": 1936}}, {"event_name": "mousemove", "timestamp": "1694034995385", "position": {"x": 99, "y": 1940}}, {"event_name": "mousemove", "timestamp": "1694034995403", "position": {"x": 99, "y": 1944}}, {"event_name": "mouseout", "timestamp": "1694034995422", "position": {"x": 99, "y": 1948}}, {"event_name": "mouseover", "timestamp": "1694034995422", "position": {"x": 99, "y": 1948}}, {"event_name": "mousemove", "timestamp": "1694034995423", "position": {"x": 99, "y": 1948}}, {"event_name": "mousemove", "timestamp": "1694034995442", "position": {"x": 99, "y": 1952}}, {"event_name": "mousemove", "timestamp": "1694034995460", "position": {"x": 99, "y": 1953}}, {"event_name": "mousemove", "timestamp": "1694034995479", "position": {"x": 99, "y": 1954}}, {"event_name": "mousemove", "timestamp": "1694034995498", "position": {"x": 100, "y": 1956}}, {"event_name": "mousedown", "timestamp": "1694034995915", "position": {"x": 100, "y": 1956}}, {"event_name": "mouseup", "timestamp": "1694034996002", "position": {"x": 100, "y": 1956}}, {"event_name": "click", "timestamp": "1694034996002", "position": {"x": 100, "y": 1956}}, {"event_name": "beforeunload", "timestamp": "1694034996003", "position": {"x": 0, "y": 0}}, {"event_name": "load", "timestamp": "1694034998429", "position": {"x": 0, "y": 0}}, {"event_name": "pageshow", "timestamp": "1694034998430", "position": {"x": 0, "y": 0}}, {"event_name": "scroll", "timestamp": "1694034998480", "position": {"x": 0, "y": 0}}, {"event_name": "scroll", "timestamp": "1694034999219", "position": {"x": 0, "y": 0}}, {"event_name": "scroll", "timestamp": "1694034999285", "position": {"x": 0, "y": 0}}, {"event_name": "scroll", "timestamp": "1694034999349", "position": {"x": 0, "y": 0}}, {"event_name": "scroll", "timestamp": "1694034999412", "position": {"x": 0, "y": 0}}, {"event_name": "scroll", "timestamp": "1694034999475", "position": {"x": 0, "y": 0}}, {"event_name": "scroll", "timestamp": "1694034999538", "position": {"x": 0, "y": 0}}, {"event_name": "scroll", "timestamp": "1694034999604", "position": {"x": 0, "y": 0}}, {"event_name": "scroll", "timestamp": "1694035000180", "position": {"x": 0, "y": 0}}, {"event_name": "scroll", "timestamp": "1694035000245", "position": {"x": 0, "y": 0}}, {"event_name": "scroll", "timestamp": "1694035000301", "position": {"x": 0, "y": 0}}, {"event_name": "scroll", "timestamp": "1694035000358", "position": {"x": 0, "y": 0}}, {"event_name": "scroll", "timestamp": "1694035000411", "position": {"x": 0, "y": 0}}, {"event_name": "scroll", "timestamp": "1694035000469", "position": {"x": 0, "y": 0}}, {"event_name": "scroll", "timestamp": "1694035000531", "position": {"x": 0, "y": 0}}, {"event_name": "scroll", "timestamp": "1694035000905", "position": {"x": 0, "y": 0}}, {"event_name": "scroll", "timestamp": "1694035000963", "position": {"x": 0, "y": 0}}, {"event_name": "scroll", "timestamp": "1694035001027", "position": {"x": 0, "y": 0}}, {"event_name": "scroll", "timestamp": "1694035001091", "position": {"x": 0, "y": 0}}, {"event_name": "scroll", "timestamp": "1694035001154", "position": {"x": 0, "y": 0}}, {"event_name": "scroll", "timestamp": "1694035001218", "position": {"x": 0, "y": 0}}, {"event_name": "scroll", "timestamp": "1694035001283", "position": {"x": 0, "y": 0}}, {"event_name": "scroll", "timestamp": "1694035001822", "position": {"x": 0, "y": 0}}, {"event_name": "scroll", "timestamp": "1694035001882", "position": {"x": 0, "y": 0}}, {"event_name": "scroll", "timestamp": "1694035001946", "position": {"x": 0, "y": 0}}, {"event_name": "scroll", "timestamp": "1694035002007", "position": {"x": 0, "y": 0}}, {"event_name": "scroll", "timestamp": "1694035002070", "position": {"x": 0, "y": 0}}, {"event_name": "scroll", "timestamp": "1694035002138", "position": {"x": 0, "y": 0}}, {"event_name": "scroll", "timestamp": "1694035002199", "position": {"x": 0, "y": 0}}, {"event_name": "scroll", "timestamp": "1694035002721", "position": {"x": 0, "y": 0}}, {"event_name": "scroll", "timestamp": "1694035002782", "position": {"x": 0, "y": 0}}, {"event_name": "scroll", "timestamp": "1694035002843", "position": {"x": 0, "y": 0}}, {"event_name": "scroll", "timestamp": "1694035002907", "position": {"x": 0, "y": 0}}, {"event_name": "scroll", "timestamp": "1694035002974", "position": {"x": 0, "y": 0}}, {"event_name": "scroll", "timestamp": "1694035003035", "position": {"x": 0, "y": 0}}, {"event_name": "scroll", "timestamp": "1694035003093", "position": {"x": 0, "y": 0}}, {"event_name": "mouseover", "timestamp": "1694035006022", "position": {"x": 0, "y": 2037}}, {"event_name": "mousemove", "timestamp": "1694035006022", "position": {"x": 0, "y": 2037}}, {"event_name": "mousemove", "timestamp": "1694035006041", "position": {"x": 0, "y": 2043}}, {"event_name": "mousemove", "timestamp": "1694035006058", "position": {"x": 1, "y": 2046}}, {"event_name": "mousemove", "timestamp": "1694035006077", "position": {"x": 2, "y": 2049}}, {"event_name": "mousemove", "timestamp": "1694035006095", "position": {"x": 3, "y": 2052}}, {"event_name": "mousemove", "timestamp": "1694035006113", "position": {"x": 5, "y": 2055}}, {"event_name": "mousemove", "timestamp": "1694035006131", "position": {"x": 4, "y": 2060}}, {"event_name": "mousemove", "timestamp": "1694035006149", "position": {"x": 4, "y": 2065}}, {"event_name": "mousemove", "timestamp": "1694035006167", "position": {"x": 4, "y": 2069}}, {"event_name": "mousemove", "timestamp": "1694035006185", "position": {"x": 5, "y": 2073}}, {"event_name": "mousemove", "timestamp": "1694035006204", "position": {"x": 6, "y": 2077}}, {"event_name": "mousemove", "timestamp": "1694035006222", "position": {"x": 7, "y": 2081}}, {"event_name": "mousemove", "timestamp": "1694035006239", "position": {"x": 8, "y": 2085}}, {"event_name": "mouseout", "timestamp": "1694035006257", "position": {"x": 9, "y": 2090}}, {"event_name": "mouseover", "timestamp": "1694035006258", "position": {"x": 9, "y": 2090}}, {"event_name": "mousemove", "timestamp": "1694035006258", "position": {"x": 9, "y": 2090}}, {"event_name": "mousemove", "timestamp": "1694035006275", "position": {"x": 11, "y": 2094}}, {"event_name": "mousemove", "timestamp": "1694035006294", "position": {"x": 12, "y": 2099}}, {"event_name": "mousemove", "timestamp": "1694035006312", "position": {"x": 13, "y": 2105}}, {"event_name": "mousemove", "timestamp": "1694035006330", "position": {"x": 14, "y": 2110}}, {"event_name": "mousemove", "timestamp": "1694035006348", "position": {"x": 16, "y": 2114}}, {"event_name": "mousemove", "timestamp": "1694035006366", "position": {"x": 18, "y": 2119}}, {"event_name": "mousemove", "timestamp": "1694035006383", "position": {"x": 20, "y": 2124}}, {"event_name": "mousemove", "timestamp": "1694035006400", "position": {"x": 21, "y": 2128}}, {"event_name": "mousemove", "timestamp": "1694035006418", "position": {"x": 22, "y": 2132}}, {"event_name": "mousemove", "timestamp": "1694035006436", "position": {"x": 23, "y": 2137}}, {"event_name": "mousemove", "timestamp": "1694035006454", "position": {"x": 24, "y": 2142}}, {"event_name": "mousemove", "timestamp": "1694035006473", "position": {"x": 25, "y": 2148}}, {"event_name": "mousemove", "timestamp": "1694035006494", "position": {"x": 26, "y": 2153}}, {"event_name": "mousemove", "timestamp": "1694035006514", "position": {"x": 26, "y": 2158}}, {"event_name": "mousemove", "timestamp": "1694035006533", "position": {"x": 26, "y": 2164}}, {"event_name": "mousemove", "timestamp": "1694035006551", "position": {"x": 26, "y": 2169}}, {"event_name": "mousemove", "timestamp": "1694035006569", "position": {"x": 26, "y": 2173}}, {"event_name": "mousemove", "timestamp": "1694035006588", "position": {"x": 27, "y": 2178}}, {"event_name": "mousemove", "timestamp": "1694035006606", "position": {"x": 28, "y": 2182}}, {"event_name": "mousemove", "timestamp": "1694035006626", "position": {"x": 29, "y": 2188}}, {"event_name": "mousemove", "timestamp": "1694035006644", "position": {"x": 30, "y": 2194}}, {"event_name": "mousemove", "timestamp": "1694035006663", "position": {"x": 32, "y": 2200}}, {"event_name": "mousemove", "timestamp": "1694035006683", "position": {"x": 32, "y": 2207}}, {"event_name": "mousemove", "timestamp": "1694035006701", "position": {"x": 33, "y": 2214}}, {"event_name": "mousemove", "timestamp": "1694035006721", "position": {"x": 34, "y": 2220}}, {"event_name": "mousemove", "timestamp": "1694035006741", "position": {"x": 37, "y": 2226}}, {"event_name": "mousemove", "timestamp": "1694035006760", "position": {"x": 40, "y": 2233}}, {"event_name": "mousemove", "timestamp": "1694035006777", "position": {"x": 43, "y": 2238}}, {"event_name": "mousemove", "timestamp": "1694035006795", "position": {"x": 44, "y": 2243}}, {"event_name": "mousemove", "timestamp": "1694035006813", "position": {"x": 45, "y": 2249}}, {"event_name": "mousemove", "timestamp": "1694035006830", "position": {"x": 47, "y": 2255}}, {"event_name": "mousemove", "timestamp": "1694035006848", "position": {"x": 48, "y": 2262}}, {"event_name": "mousemove", "timestamp": "1694035006867", "position": {"x": 49, "y": 2270}}, {"event_name": "mousemove", "timestamp": "1694035006886", "position": {"x": 51, "y": 2276}}, {"event_name": "mousemove", "timestamp": "1694035006905", "position": {"x": 52, "y": 2283}}, {"event_name": "mousemove", "timestamp": "1694035006923", "position": {"x": 53, "y": 2291}}, {"event_name": "mousemove", "timestamp": "1694035006941", "position": {"x": 54, "y": 2297}}, {"event_name": "mousemove", "timestamp": "1694035006960", "position": {"x": 55, "y": 2304}}, {"event_name": "mousemove", "timestamp": "1694035006979", "position": {"x": 56, "y": 2312}}, {"event_name": "mousemove", "timestamp": "1694035006998", "position": {"x": 57, "y": 2319}}, {"event_name": "mousemove", "timestamp": "1694035007017", "position": {"x": 57, "y": 2327}}, {"event_name": "mousemove", "timestamp": "1694035007035", "position": {"x": 58, "y": 2337}}, {"event_name": "mousemove", "timestamp": "1694035007053", "position": {"x": 59, "y": 2344}}, {"event_name": "mousemove", "timestamp": "1694035007072", "position": {"x": 60, "y": 2351}}, {"event_name": "mousemove", "timestamp": "1694035007090", "position": {"x": 62, "y": 2359}}, {"event_name": "mousemove", "timestamp": "1694035007110", "position": {"x": 64, "y": 2365}}, {"event_name": "mousemove", "timestamp": "1694035007129", "position": {"x": 65, "y": 2372}}, {"event_name": "mousemove", "timestamp": "1694035007147", "position": {"x": 66, "y": 2380}}, {"event_name": "mousemove", "timestamp": "1694035007166", "position": {"x": 67, "y": 2386}}, {"event_name": "mousemove", "timestamp": "1694035007185", "position": {"x": 68, "y": 2396}}, {"event_name": "mousemove", "timestamp": "1694035007203", "position": {"x": 69, "y": 2407}}, {"event_name": "mouseout", "timestamp": "1694035007222", "position": {"x": 70, "y": 2415}}, {"event_name": "mouseover", "timestamp": "1694035007222", "position": {"x": 70, "y": 2415}}, {"event_name": "mousemove", "timestamp": "1694035007223", "position": {"x": 70, "y": 2415}}, {"event_name": "mousemove", "timestamp": "1694035007242", "position": {"x": 73, "y": 2423}}, {"event_name": "mousemove", "timestamp": "1694035007260", "position": {"x": 76, "y": 2431}}, {"event_name": "mousemove", "timestamp": "1694035007279", "position": {"x": 79, "y": 2438}}, {"event_name": "mousemove", "timestamp": "1694035007298", "position": {"x": 80, "y": 2449}}, {"event_name": "mousemove", "timestamp": "1694035007317", "position": {"x": 82, "y": 2460}}, {"event_name": "mousemove", "timestamp": "1694035007336", "position": {"x": 84, "y": 2469}}, {"event_name": "mouseout", "timestamp": "1694035007355", "position": {"x": 85, "y": 2481}}, {"event_name": "mouseover", "timestamp": "1694035007355", "position": {"x": 85, "y": 2481}}, {"event_name": "mousemove", "timestamp": "1694035007355", "position": {"x": 85, "y": 2481}}, {"event_name": "mouseout", "timestamp": "1694035007374", "position": {"x": 86, "y": 2496}}, {"event_name": "mouseover", "timestamp": "1694035007375", "position": {"x": 86, "y": 2496}}, {"event_name": "mousemove", "timestamp": "1694035007375", "position": {"x": 86, "y": 2496}}, {"event_name": "mousemove", "timestamp": "1694035007394", "position": {"x": 87, "y": 2506}}, {"event_name": "mousemove", "timestamp": "1694035007413", "position": {"x": 87, "y": 2513}}, {"event_name": "mousemove", "timestamp": "1694035007432", "position": {"x": 88, "y": 2521}}, {"event_name": "mousemove", "timestamp": "1694035007450", "position": {"x": 89, "y": 2527}}, {"event_name": "mousemove", "timestamp": "1694035007469", "position": {"x": 89, "y": 2537}}, {"event_name": "mousemove", "timestamp": "1694035007488", "position": {"x": 90, "y": 2548}}, {"event_name": "mousemove", "timestamp": "1694035007506", "position": {"x": 91, "y": 2557}}, {"event_name": "mousemove", "timestamp": "1694035007524", "position": {"x": 91, "y": 2565}}, {"event_name": "mousemove", "timestamp": "1694035007542", "position": {"x": 91, "y": 2574}}, {"event_name": "mousemove", "timestamp": "1694035007559", "position": {"x": 91, "y": 2582}}, {"event_name": "mousemove", "timestamp": "1694035007577", "position": {"x": 93, "y": 2588}}, {"event_name": "mousemove", "timestamp": "1694035007595", "position": {"x": 95, "y": 2595}}, {"event_name": "mousemove", "timestamp": "1694035007612", "position": {"x": 97, "y": 2601}}, {"event_name": "mousemove", "timestamp": "1694035007629", "position": {"x": 96, "y": 2609}}, {"event_name": "mousemove", "timestamp": "1694035007647", "position": {"x": 96, "y": 2617}}, {"event_name": "mousemove", "timestamp": "1694035007665", "position": {"x": 96, "y": 2625}}, {"event_name": "mousemove", "timestamp": "1694035007682", "position": {"x": 97, "y": 2631}}, {"event_name": "mousemove", "timestamp": "1694035007700", "position": {"x": 99, "y": 2636}}, {"event_name": "mousemove", "timestamp": "1694035007717", "position": {"x": 101, "y": 2642}}, {"event_name": "mousemove", "timestamp": "1694035007735", "position": {"x": 102, "y": 2647}}, {"event_name": "mousemove", "timestamp": "1694035007752", "position": {"x": 103, "y": 2653}}, {"event_name": "mouseout", "timestamp": "1694035007769", "position": {"x": 104, "y": 2659}}, {"event_name": "mouseover", "timestamp": "1694035007769", "position": {"x": 104, "y": 2659}}, {"event_name": "mousemove", "timestamp": "1694035007770", "position": {"x": 104, "y": 2659}}, {"event_name": "mousemove", "timestamp": "1694035007787", "position": {"x": 104, "y": 2664}}, {"event_name": "mousemove", "timestamp": "1694035007804", "position": {"x": 104, "y": 2670}}, {"event_name": "mousemove", "timestamp": "1694035007823", "position": {"x": 104, "y": 2675}}, {"event_name": "mouseout", "timestamp": "1694035007840", "position": {"x": 104, "y": 2678}}, {"event_name": "mouseover", "timestamp": "1694035007840", "position": {"x": 104, "y": 2678}}, {"event_name": "mousemove", "timestamp": "1694035007841", "position": {"x": 104, "y": 2678}}, {"event_name": "mousemove", "timestamp": "1694035007858", "position": {"x": 104, "y": 2682}}, {"event_name": "mousemove", "timestamp": "1694035007875", "position": {"x": 105, "y": 2686}}, {"event_name": "mousedown", "timestamp": "1694035008161", "position": {"x": 105, "y": 2686}}, {"event_name": "mouseup", "timestamp": "1694035008242", "position": {"x": 105, "y": 2686}}, {"event_name": "click", "timestamp": "1694035008243", "position": {"x": 105, "y": 2686}}, {"event_name": "beforeunload", "timestamp": "1694035008247", "position": {"x": 0, "y": 0}}]}