{"user_id": "0c3daa8e-1163-4cdc-ae54-e7789139c9f5", "device": "desktop", "trace": [{"event_name": "load", "timestamp": "1694035689174", "position": {"x": 0, "y": 0}}, {"event_name": "pageshow", "timestamp": "1694035689175", "position": {"x": 0, "y": 0}}, {"event_name": "mouseover", "timestamp": "1694035689379", "position": {"x": 5, "y": 0}}, {"event_name": "mousemove", "timestamp": "1694035689379", "position": {"x": 5, "y": 0}}, {"event_name": "mousemove", "timestamp": "1694035689398", "position": {"x": 12, "y": 1}}, {"event_name": "mousemove", "timestamp": "1694035689415", "position": {"x": 16, "y": 2}}, {"event_name": "mousemove", "timestamp": "1694035689433", "position": {"x": 19, "y": 2}}, {"event_name": "mousemove", "timestamp": "1694035689451", "position": {"x": 23, "y": 3}}, {"event_name": "mousemove", "timestamp": "1694035689468", "position": {"x": 27, "y": 4}}, {"event_name": "mousemove", "timestamp": "1694035689486", "position": {"x": 32, "y": 4}}, {"event_name": "mousemove", "timestamp": "1694035689504", "position": {"x": 38, "y": 5}}, {"event_name": "mousemove", "timestamp": "1694035689522", "position": {"x": 44, "y": 6}}, {"event_name": "mousemove", "timestamp": "1694035689539", "position": {"x": 48, "y": 7}}, {"event_name": "mousemove", "timestamp": "1694035689557", "position": {"x": 53, "y": 9}}, {"event_name": "mousemove", "timestamp": "1694035689575", "position": {"x": 57, "y": 11}}, {"event_name": "mousemove", "timestamp": "1694035689592", "position": {"x": 61, "y": 11}}, {"event_name": "mousemove", "timestamp": "1694035689610", "position": {"x": 66, "y": 11}}, {"event_name": "mouseout", "timestamp": "1694035689628", "position": {"x": 70, "y": 12}}, {"event_name": "mouseover", "timestamp": "1694035689628", "position": {"x": 70, "y": 12}}, {"event_name": "mousemove", "timestamp": "1694035689628", "position": {"x": 70, "y": 12}}, {"event_name": "mousemove", "timestamp": "1694035689645", "position": {"x": 74, "y": 12}}, {"event_name": "mousemove", "timestamp": "1694035689663", "position": {"x": 78, "y": 12}}, {"event_name": "mousemove", "timestamp": "1694035689680", "position": {"x": 82, "y": 13}}, {"event_name": "mousemove", "timestamp": "1694035689699", "position": {"x": 84, "y": 14}}, {"event_name": "mouseout", "timestamp": "1694035689716", "position": {"x": 86, "y": 16}}, {"event_name": "mouseover", "timestamp": "1694035689717", "position": {"x": 86, "y": 16}}, {"event_name": "mousemove", "timestamp": "1694035689717", "position": {"x": 86, "y": 16}}, {"event_name": "mousemove", "timestamp": "1694035689734", "position": {"x": 88, "y": 18}}, {"event_name": "mousemove", "timestamp": "1694035689753", "position": {"x": 88, "y": 19}}, {"event_name": "mousemove", "timestamp": "1694035689771", "position": {"x": 89, "y": 20}}, {"event_name": "mousemove", "timestamp": "1694035689790", "position": {"x": 90, "y": 22}}, {"event_name": "mousemove", "timestamp": "1694035689844", "position": {"x": 91, "y": 23}}, {"event_name": "mousedown", "timestamp": "1694035690108", "position": {"x": 91, "y": 23}}, {"event_name": "mouseup", "timestamp": "1694035690248", "position": {"x": 91, "y": 23}}, {"event_name": "click", "timestamp": "1694035690248", "position": {"x": 91, "y": 23}}, {"event_name": "beforeunload", "timestamp": "1694035690262", "position": {"x": 0, "y": 0}}, {"event_name": "load", "timestamp": "1694035693118", "position": {"x": 0, "y": 0}}, {"event_name": "pageshow", "timestamp": "1694035693118", "position": {"x": 0, "y": 0}}, {"event_name": "mouseover", "timestamp": "1694035693411", "position": {"x": 5, "y": 0}}, {"event_name": "mousemove", "timestamp": "1694035693411", "position": {"x": 5, "y": 0}}, {"event_name": "mousemove", "timestamp": "1694035693430", "position": {"x": 13, "y": 1}}, {"event_name": "mousemove", "timestamp": "1694035693449", "position": {"x": 17, "y": 2}}, {"event_name": "mousemove", "timestamp": "1694035693468", "position": {"x": 23, "y": 2}}, {"event_name": "mousemove", "timestamp": "1694035693486", "position": {"x": 29, "y": 3}}, {"event_name": "mousemove", "timestamp": "1694035693504", "position": {"x": 35, "y": 4}}, {"event_name": "mousemove", "timestamp": "1694035693522", "position": {"x": 40, "y": 5}}, {"event_name": "mousemove", "timestamp": "1694035693539", "position": {"x": 45, "y": 6}}, {"event_name": "mousemove", "timestamp": "1694035693558", "position": {"x": 50, "y": 7}}, {"event_name": "mousemove", "timestamp": "1694035693575", "position": {"x": 57, "y": 6}}, {"event_name": "mousemove", "timestamp": "1694035693593", "position": {"x": 64, "y": 5}}, {"event_name": "mouseout", "timestamp": "1694035693611", "position": {"x": 71, "y": 5}}, {"event_name": "mouseover", "timestamp": "1694035693611", "position": {"x": 71, "y": 5}}, {"event_name": "mousemove", "timestamp": "1694035693611", "position": {"x": 71, "y": 5}}, {"event_name": "mousemove", "timestamp": "1694035693628", "position": {"x": 77, "y": 5}}, {"event_name": "mousemove", "timestamp": "1694035693646", "position": {"x": 83, "y": 5}}, {"event_name": "mouseout", "timestamp": "1694035693663", "position": {"x": 89, "y": 5}}, {"event_name": "mouseover", "timestamp": "1694035693663", "position": {"x": 89, "y": 5}}, {"event_name": "mousemove", "timestamp": "1694035693663", "position": {"x": 89, "y": 5}}, {"event_name": "mousemove", "timestamp": "1694035693681", "position": {"x": 94, "y": 5}}, {"event_name": "mousemove", "timestamp": "1694035693699", "position": {"x": 100, "y": 5}}, {"event_name": "mousemove", "timestamp": "1694035693716", "position": {"x": 105, "y": 5}}, {"event_name": "mousemove", "timestamp": "1694035693734", "position": {"x": 112, "y": 5}}, {"event_name": "mousemove", "timestamp": "1694035693752", "position": {"x": 121, "y": 5}}, {"event_name": "mousemove", "timestamp": "1694035693771", "position": {"x": 128, "y": 6}}, {"event_name": "mousemove", "timestamp": "1694035693789", "position": {"x": 135, "y": 6}}, {"event_name": "mousemove", "timestamp": "1694035693807", "position": {"x": 143, "y": 6}}, {"event_name": "mousemove", "timestamp": "1694035693825", "position": {"x": 149, "y": 7}}, {"event_name": "mousemove", "timestamp": "1694035693843", "position": {"x": 158, "y": 7}}, {"event_name": "mousemove", "timestamp": "1694035693861", "position": {"x": 167, "y": 7}}, {"event_name": "mouseout", "timestamp": "1694035693879", "position": {"x": 176, "y": 8}}, {"event_name": "mouseover", "timestamp": "1694035693879", "position": {"x": 176, "y": 8}}, {"event_name": "mousemove", "timestamp": "1694035693879", "position": {"x": 176, "y": 8}}, {"event_name": "mouseout", "timestamp": "1694035693896", "position": {"x": 183, "y": 7}}, {"event_name": "mouseover", "timestamp": "1694035693897", "position": {"x": 183, "y": 7}}, {"event_name": "mousemove", "timestamp": "1694035693897", "position": {"x": 183, "y": 7}}, {"event_name": "mousemove", "timestamp": "1694035693914", "position": {"x": 190, "y": 6}}, {"event_name": "mousemove", "timestamp": "1694035693932", "position": {"x": 196, "y": 6}}, {"event_name": "mousemove", "timestamp": "1694035693949", "position": {"x": 203, "y": 6}}, {"event_name": "mousemove", "timestamp": "1694035693966", "position": {"x": 211, "y": 6}}, {"event_name": "mousemove", "timestamp": "1694035693984", "position": {"x": 218, "y": 7}}, {"event_name": "mousemove", "timestamp": "1694035694002", "position": {"x": 225, "y": 5}}, {"event_name": "mousemove", "timestamp": "1694035694019", "position": {"x": 233, "y": 4}}, {"event_name": "mousemove", "timestamp": "1694035694038", "position": {"x": 240, "y": 4}}, {"event_name": "mousemove", "timestamp": "1694035694056", "position": {"x": 278, "y": 3}}, {"event_name": "mousemove", "timestamp": "1694035694074", "position": {"x": 314, "y": 3}}, {"event_name": "mousemove", "timestamp": "1694035694092", "position": {"x": 347, "y": 3}}, {"event_name": "mousemove", "timestamp": "1694035694111", "position": {"x": 355, "y": 3}}, {"event_name": "mousemove", "timestamp": "1694035694129", "position": {"x": 365, "y": 3}}, {"event_name": "mousemove", "timestamp": "1694035694147", "position": {"x": 373, "y": 3}}, {"event_name": "mousemove", "timestamp": "1694035694166", "position": {"x": 383, "y": 3}}, {"event_name": "mousemove", "timestamp": "1694035694184", "position": {"x": 395, "y": 4}}, {"event_name": "mousemove", "timestamp": "1694035694201", "position": {"x": 404, "y": 5}}, {"event_name": "mousemove", "timestamp": "1694035694219", "position": {"x": 412, "y": 4}}, {"event_name": "mousemove", "timestamp": "1694035694237", "position": {"x": 420, "y": 4}}, {"event_name": "mousemove", "timestamp": "1694035694256", "position": {"x": 428, "y": 4}}, {"event_name": "mousemove", "timestamp": "1694035694275", "position": {"x": 438, "y": 4}}, {"event_name": "mousemove", "timestamp": "1694035694293", "position": {"x": 449, "y": 4}}, {"event_name": "mousemove", "timestamp": "1694035694312", "position": {"x": 458, "y": 5}}, {"event_name": "mousemove", "timestamp": "1694035694330", "position": {"x": 467, "y": 6}}, {"event_name": "mousemove", "timestamp": "1694035694349", "position": {"x": 478, "y": 7}}, {"event_name": "mouseout", "timestamp": "1694035694367", "position": {"x": 486, "y": 8}}, {"event_name": "mouseover", "timestamp": "1694035694367", "position": {"x": 486, "y": 8}}, {"event_name": "mousemove", "timestamp": "1694035694367", "position": {"x": 486, "y": 8}}, {"event_name": "mouseout", "timestamp": "1694035694385", "position": {"x": 496, "y": 7}}, {"event_name": "mouseover", "timestamp": "1694035694385", "position": {"x": 496, "y": 7}}, {"event_name": "mousemove", "timestamp": "1694035694385", "position": {"x": 496, "y": 7}}, {"event_name": "mousemove", "timestamp": "1694035694402", "position": {"x": 507, "y": 7}}, {"event_name": "mousemove", "timestamp": "1694035694421", "position": {"x": 516, "y": 7}}, {"event_name": "mousemove", "timestamp": "1694035694437", "position": {"x": 523, "y": 5}}, {"event_name": "mousemove", "timestamp": "1694035694455", "position": {"x": 531, "y": 4}}, {"event_name": "mousemove", "timestamp": "1694035694473", "position": {"x": 539, "y": 4}}, {"event_name": "mousemove", "timestamp": "1694035694490", "position": {"x": 549, "y": 5}}, {"event_name": "mousemove", "timestamp": "1694035694508", "position": {"x": 561, "y": 6}}, {"event_name": "mouseout", "timestamp": "1694035694527", "position": {"x": 571, "y": 8}}, {"event_name": "mouseover", "timestamp": "1694035694528", "position": {"x": 571, "y": 8}}, {"event_name": "mousemove", "timestamp": "1694035694528", "position": {"x": 571, "y": 8}}, {"event_name": "mouseout", "timestamp": "1694035694547", "position": {"x": 581, "y": 6}}, {"event_name": "mouseover", "timestamp": "1694035694547", "position": {"x": 581, "y": 6}}, {"event_name": "mousemove", "timestamp": "1694035694547", "position": {"x": 581, "y": 6}}, {"event_name": "mousemove", "timestamp": "1694035694566", "position": {"x": 592, "y": 5}}, {"event_name": "mousemove", "timestamp": "1694035694584", "position": {"x": 601, "y": 4}}, {"event_name": "mousemove", "timestamp": "1694035694603", "position": {"x": 611, "y": 3}}, {"event_name": "mousemove", "timestamp": "1694035694621", "position": {"x": 622, "y": 3}}, {"event_name": "mousemove", "timestamp": "1694035694640", "position": {"x": 631, "y": 3}}, {"event_name": "mousemove", "timestamp": "1694035694660", "position": {"x": 639, "y": 3}}, {"event_name": "mousemove", "timestamp": "1694035694678", "position": {"x": 647, "y": 4}}, {"event_name": "mousemove", "timestamp": "1694035694696", "position": {"x": 654, "y": 5}}, {"event_name": "mousemove", "timestamp": "1694035694714", "position": {"x": 662, "y": 7}}, {"event_name": "mouseout", "timestamp": "1694035694732", "position": {"x": 672, "y": 10}}, {"event_name": "mouseover", "timestamp": "1694035694732", "position": {"x": 672, "y": 10}}, {"event_name": "mousemove", "timestamp": "1694035694732", "position": {"x": 672, "y": 10}}, {"event_name": "mousemove", "timestamp": "1694035694752", "position": {"x": 680, "y": 13}}, {"event_name": "mousemove", "timestamp": "1694035694770", "position": {"x": 687, "y": 13}}, {"event_name": "mousemove", "timestamp": "1694035694788", "position": {"x": 695, "y": 14}}, {"event_name": "mousemove", "timestamp": "1694035694805", "position": {"x": 702, "y": 15}}, {"event_name": "mousemove", "timestamp": "1694035694822", "position": {"x": 706, "y": 16}}, {"event_name": "mousemove", "timestamp": "1694035694840", "position": {"x": 711, "y": 17}}, {"event_name": "mousemove", "timestamp": "1694035694858", "position": {"x": 716, "y": 18}}, {"event_name": "mousemove", "timestamp": "1694035694876", "position": {"x": 718, "y": 19}}, {"event_name": "mousemove", "timestamp": "1694035694893", "position": {"x": 721, "y": 20}}, {"event_name": "mousemove", "timestamp": "1694035694911", "position": {"x": 724, "y": 21}}, {"event_name": "mousemove", "timestamp": "1694035694928", "position": {"x": 726, "y": 19}}, {"event_name": "mouseout", "timestamp": "1694035694946", "position": {"x": 728, "y": 18}}, {"event_name": "mouseover", "timestamp": "1694035694946", "position": {"x": 728, "y": 18}}, {"event_name": "mousemove", "timestamp": "1694035694946", "position": {"x": 728, "y": 18}}, {"event_name": "mousemove", "timestamp": "1694035694965", "position": {"x": 730, "y": 18}}, {"event_name": "mousemove", "timestamp": "1694035694983", "position": {"x": 732, "y": 18}}, {"event_name": "mousemove", "timestamp": "1694035695002", "position": {"x": 734, "y": 18}}, {"event_name": "mousemove", "timestamp": "1694035695020", "position": {"x": 737, "y": 19}}, {"event_name": "mousemove", "timestamp": "1694035695039", "position": {"x": 740, "y": 19}}, {"event_name": "mousemove", "timestamp": "1694035695058", "position": {"x": 743, "y": 20}}, {"event_name": "mousemove", "timestamp": "1694035695076", "position": {"x": 746, "y": 21}}, {"event_name": "mousemove", "timestamp": "1694035695094", "position": {"x": 747, "y": 20}}, {"event_name": "mousemove", "timestamp": "1694035695112", "position": {"x": 749, "y": 20}}, {"event_name": "mousemove", "timestamp": "1694035695130", "position": {"x": 751, "y": 20}}, {"event_name": "mousemove", "timestamp": "1694035695148", "position": {"x": 752, "y": 19}}, {"event_name": "mousemove", "timestamp": "1694035695165", "position": {"x": 753, "y": 19}}, {"event_name": "mousemove", "timestamp": "1694035695183", "position": {"x": 755, "y": 19}}, {"event_name": "mousemove", "timestamp": "1694035695218", "position": {"x": 755, "y": 20}}, {"event_name": "mousemove", "timestamp": "1694035695236", "position": {"x": 756, "y": 21}}, {"event_name": "mousedown", "timestamp": "1694035695342", "position": {"x": 756, "y": 21}}, {"event_name": "mouseup", "timestamp": "1694035695442", "position": {"x": 756, "y": 21}}, {"event_name": "click", "timestamp": "1694035695442", "position": {"x": 756, "y": 21}}, {"event_name": "beforeunload", "timestamp": "1694035695444", "position": {"x": 0, "y": 0}}, {"event_name": "focus", "timestamp": "1694035698159", "position": {"x": 0, "y": 0}}, {"event_name": "load", "timestamp": "1694035698160", "position": {"x": 0, "y": 0}}, {"event_name": "pageshow", "timestamp": "1694035698160", "position": {"x": 0, "y": 0}}, {"event_name": "mouseover", "timestamp": "1694035698446", "position": {"x": 181, "y": 0}}, {"event_name": "mousemove", "timestamp": "1694035698446", "position": {"x": 181, "y": 0}}, {"event_name": "mousemove", "timestamp": "1694035698464", "position": {"x": 417, "y": 0}}, {"event_name": "mousemove", "timestamp": "1694035698482", "position": {"x": 535, "y": 0}}, {"event_name": "mousemove", "timestamp": "1694035698500", "position": {"x": 545, "y": 0}}, {"event_name": "mousemove", "timestamp": "1694035698518", "position": {"x": 556, "y": 0}}, {"event_name": "mousemove", "timestamp": "1694035698536", "position": {"x": 566, "y": 1}}, {"event_name": "mousemove", "timestamp": "1694035698554", "position": {"x": 576, "y": 0}}, {"event_name": "mousemove", "timestamp": "1694035698573", "position": {"x": 586, "y": 0}}, {"event_name": "mousemove", "timestamp": "1694035698592", "position": {"x": 594, "y": 0}}, {"event_name": "mousemove", "timestamp": "1694035698610", "position": {"x": 604, "y": 1}}, {"event_name": "mousemove", "timestamp": "1694035698629", "position": {"x": 617, "y": 2}}, {"event_name": "mousemove", "timestamp": "1694035698648", "position": {"x": 626, "y": 4}}, {"event_name": "mousemove", "timestamp": "1694035698667", "position": {"x": 635, "y": 4}}, {"event_name": "mousemove", "timestamp": "1694035698685", "position": {"x": 644, "y": 4}}, {"event_name": "mousemove", "timestamp": "1694035698704", "position": {"x": 651, "y": 5}}, {"event_name": "mousemove", "timestamp": "1694035698723", "position": {"x": 658, "y": 3}}, {"event_name": "mousemove", "timestamp": "1694035698741", "position": {"x": 666, "y": 1}}, {"event_name": "mousemove", "timestamp": "1694035698759", "position": {"x": 672, "y": 0}}, {"event_name": "mousemove", "timestamp": "1694035698777", "position": {"x": 679, "y": 1}}, {"event_name": "mousemove", "timestamp": "1694035698794", "position": {"x": 688, "y": 2}}, {"event_name": "mousemove", "timestamp": "1694035698812", "position": {"x": 695, "y": 3}}, {"event_name": "mousemove", "timestamp": "1694035698830", "position": {"x": 702, "y": 4}}, {"event_name": "mousemove", "timestamp": "1694035698847", "position": {"x": 710, "y": 6}}, {"event_name": "mouseout", "timestamp": "1694035698865", "position": {"x": 717, "y": 8}}, {"event_name": "mouseover", "timestamp": "1694035698865", "position": {"x": 717, "y": 8}}, {"event_name": "mousemove", "timestamp": "1694035698865", "position": {"x": 717, "y": 8}}, {"event_name": "mousemove", "timestamp": "1694035698883", "position": {"x": 724, "y": 8}}, {"event_name": "mouseout", "timestamp": "1694035698901", "position": {"x": 731, "y": 9}}, {"event_name": "mouseover", "timestamp": "1694035698901", "position": {"x": 731, "y": 9}}, {"event_name": "mousemove", "timestamp": "1694035698901", "position": {"x": 731, "y": 9}}, {"event_name": "mousemove", "timestamp": "1694035698918", "position": {"x": 738, "y": 10}}, {"event_name": "mousemove", "timestamp": "1694035698936", "position": {"x": 743, "y": 11}}, {"event_name": "mousemove", "timestamp": "1694035698954", "position": {"x": 748, "y": 12}}, {"event_name": "mousemove", "timestamp": "1694035698971", "position": {"x": 753, "y": 14}}, {"event_name": "mousemove", "timestamp": "1694035698989", "position": {"x": 759, "y": 14}}, {"event_name": "mousemove", "timestamp": "1694035699007", "position": {"x": 766, "y": 14}}, {"event_name": "mousemove", "timestamp": "1694035699024", "position": {"x": 772, "y": 14}}, {"event_name": "mousemove", "timestamp": "1694035699041", "position": {"x": 775, "y": 16}}, {"event_name": "mousemove", "timestamp": "1694035699059", "position": {"x": 778, "y": 18}}, {"event_name": "mousemove", "timestamp": "1694035699077", "position": {"x": 782, "y": 20}}, {"event_name": "mousemove", "timestamp": "1694035699094", "position": {"x": 785, "y": 21}}, {"event_name": "mousemove", "timestamp": "1694035699112", "position": {"x": 789, "y": 22}}, {"event_name": "mouseout", "timestamp": "1694035699130", "position": {"x": 792, "y": 24}}, {"event_name": "mouseover", "timestamp": "1694035699130", "position": {"x": 792, "y": 24}}, {"event_name": "mousemove", "timestamp": "1694035699130", "position": {"x": 792, "y": 24}}, {"event_name": "mousemove", "timestamp": "1694035699148", "position": {"x": 793, "y": 24}}, {"event_name": "mousemove", "timestamp": "1694035699166", "position": {"x": 795, "y": 25}}, {"event_name": "mousemove", "timestamp": "1694035699183", "position": {"x": 797, "y": 26}}, {"event_name": "mousemove", "timestamp": "1694035699201", "position": {"x": 800, "y": 27}}, {"event_name": "mousemove", "timestamp": "1694035699219", "position": {"x": 803, "y": 28}}, {"event_name": "mousemove", "timestamp": "1694035699237", "position": {"x": 806, "y": 29}}, {"event_name": "mousemove", "timestamp": "1694035699254", "position": {"x": 808, "y": 28}}, {"event_name": "mousemove", "timestamp": "1694035699272", "position": {"x": 810, "y": 28}}, {"event_name": "mousemove", "timestamp": "1694035699289", "position": {"x": 812, "y": 28}}, {"event_name": "mousedown", "timestamp": "1694035699674", "position": {"x": 812, "y": 28}}, {"event_name": "mouseup", "timestamp": "1694035699771", "position": {"x": 812, "y": 28}}, {"event_name": "click", "timestamp": "1694035699771", "position": {"x": 812, "y": 28}}, {"event_name": "beforeunload", "timestamp": "1694035699785", "position": {"x": 0, "y": 0}}, {"event_name": "load", "timestamp": "1694035700011", "position": {"x": 0, "y": 0}}, {"event_name": "pageshow", "timestamp": "1694035700011", "position": {"x": 0, "y": 0}}, {"event_name": "mouseover", "timestamp": "1694035700338", "position": {"x": 5, "y": 0}}, {"event_name": "mousemove", "timestamp": "1694035700339", "position": {"x": 5, "y": 0}}, {"event_name": "mousemove", "timestamp": "1694035700357", "position": {"x": 13, "y": 1}}, {"event_name": "mousemove", "timestamp": "1694035700375", "position": {"x": 17, "y": 2}}, {"event_name": "mousemove", "timestamp": "1694035700393", "position": {"x": 21, "y": 2}}, {"event_name": "mousemove", "timestamp": "1694035700412", "position": {"x": 26, "y": 3}}, {"event_name": "mousemove", "timestamp": "1694035700431", "position": {"x": 31, "y": 4}}, {"event_name": "mousemove", "timestamp": "1694035700449", "position": {"x": 37, "y": 4}}, {"event_name": "mousemove", "timestamp": "1694035700468", "position": {"x": 43, "y": 4}}, {"event_name": "mousemove", "timestamp": "1694035700486", "position": {"x": 48, "y": 5}}, {"event_name": "mousemove", "timestamp": "1694035700505", "position": {"x": 53, "y": 5}}, {"event_name": "mousemove", "timestamp": "1694035700525", "position": {"x": 59, "y": 5}}, {"event_name": "mousemove", "timestamp": "1694035700544", "position": {"x": 64, "y": 5}}, {"event_name": "mousemove", "timestamp": "1694035700563", "position": {"x": 68, "y": 6}}, {"event_name": "mouseout", "timestamp": "1694035700582", "position": {"x": 73, "y": 8}}, {"event_name": "mouseover", "timestamp": "1694035700583", "position": {"x": 73, "y": 8}}, {"event_name": "mousemove", "timestamp": "1694035700583", "position": {"x": 73, "y": 8}}, {"event_name": "mousemove", "timestamp": "1694035700601", "position": {"x": 77, "y": 10}}, {"event_name": "mousemove", "timestamp": "1694035700620", "position": {"x": 84, "y": 9}}, {"event_name": "mouseout", "timestamp": "1694035700639", "position": {"x": 92, "y": 8}}, {"event_name": "mouseover", "timestamp": "1694035700639", "position": {"x": 92, "y": 8}}, {"event_name": "mousemove", "timestamp": "1694035700640", "position": {"x": 92, "y": 8}}, {"event_name": "mousemove", "timestamp": "1694035700658", "position": {"x": 99, "y": 8}}, {"event_name": "mouseout", "timestamp": "1694035700677", "position": {"x": 106, "y": 7}}, {"event_name": "mouseover", "timestamp": "1694035700677", "position": {"x": 106, "y": 7}}, {"event_name": "mousemove", "timestamp": "1694035700679", "position": {"x": 106, "y": 7}}, {"event_name": "mousemove", "timestamp": "1694035700697", "position": {"x": 114, "y": 7}}, {"event_name": "mousemove", "timestamp": "1694035700714", "position": {"x": 120, "y": 7}}, {"event_name": "mousemove", "timestamp": "1694035700733", "position": {"x": 127, "y": 6}}, {"event_name": "mousemove", "timestamp": "1694035700750", "position": {"x": 135, "y": 6}}, {"event_name": "mousemove", "timestamp": "1694035700769", "position": {"x": 142, "y": 6}}, {"event_name": "mousemove", "timestamp": "1694035700787", "position": {"x": 148, "y": 4}}, {"event_name": "mousemove", "timestamp": "1694035700804", "position": {"x": 154, "y": 3}}, {"event_name": "mousemove", "timestamp": "1694035700823", "position": {"x": 160, "y": 2}}, {"event_name": "mousemove", "timestamp": "1694035700841", "position": {"x": 167, "y": 2}}, {"event_name": "mousemove", "timestamp": "1694035700858", "position": {"x": 174, "y": 3}}, {"event_name": "mousemove", "timestamp": "1694035700875", "position": {"x": 181, "y": 4}}, {"event_name": "mousemove", "timestamp": "1694035700893", "position": {"x": 188, "y": 3}}, {"event_name": "mousemove", "timestamp": "1694035700911", "position": {"x": 195, "y": 3}}, {"event_name": "mousemove", "timestamp": "1694035700928", "position": {"x": 202, "y": 3}}, {"event_name": "mousemove", "timestamp": "1694035700946", "position": {"x": 209, "y": 2}}, {"event_name": "mousemove", "timestamp": "1694035700963", "position": {"x": 218, "y": 1}}, {"event_name": "mousemove", "timestamp": "1694035700981", "position": {"x": 225, "y": 1}}, {"event_name": "mousemove", "timestamp": "1694035701000", "position": {"x": 234, "y": 1}}, {"event_name": "mousemove", "timestamp": "1694035701017", "position": {"x": 245, "y": 2}}, {"event_name": "mousemove", "timestamp": "1694035701034", "position": {"x": 254, "y": 3}}, {"event_name": "mousemove", "timestamp": "1694035701052", "position": {"x": 264, "y": 2}}, {"event_name": "mousemove", "timestamp": "1694035701070", "position": {"x": 274, "y": 2}}, {"event_name": "mousemove", "timestamp": "1694035701087", "position": {"x": 283, "y": 2}}, {"event_name": "mousemove", "timestamp": "1694035701105", "position": {"x": 294, "y": 2}}, {"event_name": "mousemove", "timestamp": "1694035701122", "position": {"x": 306, "y": 2}}, {"event_name": "mousemove", "timestamp": "1694035701140", "position": {"x": 316, "y": 2}}, {"event_name": "mousemove", "timestamp": "1694035701157", "position": {"x": 324, "y": 1}}, {"event_name": "mousemove", "timestamp": "1694035701175", "position": {"x": 332, "y": 1}}, {"event_name": "mousemove", "timestamp": "1694035701192", "position": {"x": 340, "y": 1}}, {"event_name": "mousemove", "timestamp": "1694035701210", "position": {"x": 369, "y": 2}}, {"event_name": "mousemove", "timestamp": "1694035701228", "position": {"x": 400, "y": 3}}, {"event_name": "mousemove", "timestamp": "1694035701245", "position": {"x": 427, "y": 5}}, {"event_name": "mousemove", "timestamp": "1694035701263", "position": {"x": 437, "y": 6}}, {"event_name": "mousemove", "timestamp": "1694035701280", "position": {"x": 447, "y": 7}}, {"event_name": "mouseout", "timestamp": "1694035701298", "position": {"x": 457, "y": 8}}, {"event_name": "mouseover", "timestamp": "1694035701298", "position": {"x": 457, "y": 8}}, {"event_name": "mousemove", "timestamp": "1694035701298", "position": {"x": 457, "y": 8}}, {"event_name": "mousemove", "timestamp": "1694035701316", "position": {"x": 468, "y": 8}}, {"event_name": "mousemove", "timestamp": "1694035701333", "position": {"x": 480, "y": 9}}, {"event_name": "mousemove", "timestamp": "1694035701351", "position": {"x": 492, "y": 10}}, {"event_name": "mousemove", "timestamp": "1694035701368", "position": {"x": 503, "y": 11}}, {"event_name": "mousemove", "timestamp": "1694035701385", "position": {"x": 515, "y": 13}}, {"event_name": "mousemove", "timestamp": "1694035701403", "position": {"x": 526, "y": 15}}, {"event_name": "mousemove", "timestamp": "1694035701421", "position": {"x": 535, "y": 15}}, {"event_name": "mousemove", "timestamp": "1694035701438", "position": {"x": 545, "y": 16}}, {"event_name": "mousemove", "timestamp": "1694035701456", "position": {"x": 554, "y": 17}}, {"event_name": "mousemove", "timestamp": "1694035701473", "position": {"x": 563, "y": 16}}, {"event_name": "mousemove", "timestamp": "1694035701490", "position": {"x": 574, "y": 15}}, {"event_name": "mousemove", "timestamp": "1694035701508", "position": {"x": 583, "y": 15}}, {"event_name": "mousemove", "timestamp": "1694035701526", "position": {"x": 594, "y": 13}}, {"event_name": "mousemove", "timestamp": "1694035701543", "position": {"x": 605, "y": 12}}, {"event_name": "mousemove", "timestamp": "1694035701562", "position": {"x": 616, "y": 11}}, {"event_name": "mousemove", "timestamp": "1694035701579", "position": {"x": 625, "y": 10}}, {"event_name": "mousemove", "timestamp": "1694035701597", "position": {"x": 634, "y": 9}}, {"event_name": "mousemove", "timestamp": "1694035701615", "position": {"x": 643, "y": 9}}, {"event_name": "mousemove", "timestamp": "1694035701633", "position": {"x": 653, "y": 10}}, {"event_name": "mousemove", "timestamp": "1694035701652", "position": {"x": 664, "y": 12}}, {"event_name": "mousemove", "timestamp": "1694035701669", "position": {"x": 674, "y": 14}}, {"event_name": "mousemove", "timestamp": "1694035701687", "position": {"x": 684, "y": 13}}, {"event_name": "mousemove", "timestamp": "1694035701705", "position": {"x": 695, "y": 12}}, {"event_name": "mousemove", "timestamp": "1694035701722", "position": {"x": 704, "y": 12}}, {"event_name": "mousemove", "timestamp": "1694035701740", "position": {"x": 716, "y": 15}}, {"event_name": "mouseout", "timestamp": "1694035701758", "position": {"x": 729, "y": 19}}, {"event_name": "mouseover", "timestamp": "1694035701758", "position": {"x": 729, "y": 19}}, {"event_name": "mousemove", "timestamp": "1694035701759", "position": {"x": 729, "y": 19}}, {"event_name": "mousemove", "timestamp": "1694035701777", "position": {"x": 740, "y": 22}}, {"event_name": "mousemove", "timestamp": "1694035701796", "position": {"x": 750, "y": 20}}, {"event_name": "mousemove", "timestamp": "1694035701814", "position": {"x": 763, "y": 19}}, {"event_name": "mousemove", "timestamp": "1694035701832", "position": {"x": 772, "y": 19}}, {"event_name": "mousemove", "timestamp": "1694035701852", "position": {"x": 783, "y": 18}}, {"event_name": "mouseout", "timestamp": "1694035701870", "position": {"x": 795, "y": 18}}, {"event_name": "mouseover", "timestamp": "1694035701871", "position": {"x": 795, "y": 18}}, {"event_name": "mousemove", "timestamp": "1694035701872", "position": {"x": 795, "y": 18}}, {"event_name": "mousemove", "timestamp": "1694035701890", "position": {"x": 804, "y": 18}}, {"event_name": "mousemove", "timestamp": "1694035701909", "position": {"x": 813, "y": 16}}, {"event_name": "mousemove", "timestamp": "1694035701926", "position": {"x": 822, "y": 15}}, {"event_name": "mousemove", "timestamp": "1694035701944", "position": {"x": 831, "y": 15}}, {"event_name": "mousemove", "timestamp": "1694035701961", "position": {"x": 834, "y": 15}}, {"event_name": "mousemove", "timestamp": "1694035701978", "position": {"x": 838, "y": 15}}, {"event_name": "mousemove", "timestamp": "1694035701997", "position": {"x": 842, "y": 16}}, {"event_name": "mousemove", "timestamp": "1694035702014", "position": {"x": 847, "y": 16}}, {"event_name": "mousemove", "timestamp": "1694035702032", "position": {"x": 853, "y": 16}}, {"event_name": "mouseout", "timestamp": "1694035702050", "position": {"x": 858, "y": 16}}, {"event_name": "mouseover", "timestamp": "1694035702050", "position": {"x": 858, "y": 16}}, {"event_name": "mousemove", "timestamp": "1694035702050", "position": {"x": 858, "y": 16}}, {"event_name": "mousemove", "timestamp": "1694035702068", "position": {"x": 862, "y": 16}}, {"event_name": "mousemove", "timestamp": "1694035702085", "position": {"x": 867, "y": 17}}, {"event_name": "mousemove", "timestamp": "1694035702103", "position": {"x": 872, "y": 18}}, {"event_name": "mousemove", "timestamp": "1694035702121", "position": {"x": 876, "y": 18}}, {"event_name": "mousemove", "timestamp": "1694035702138", "position": {"x": 880, "y": 19}}, {"event_name": "mousemove", "timestamp": "1694035702157", "position": {"x": 884, "y": 20}}, {"event_name": "mousemove", "timestamp": "1694035702174", "position": {"x": 886, "y": 20}}, {"event_name": "mousemove", "timestamp": "1694035702192", "position": {"x": 889, "y": 20}}, {"event_name": "mousemove", "timestamp": "1694035702211", "position": {"x": 892, "y": 20}}, {"event_name": "mousemove", "timestamp": "1694035702229", "position": {"x": 895, "y": 20}}, {"event_name": "mousemove", "timestamp": "1694035702248", "position": {"x": 899, "y": 21}}, {"event_name": "mousemove", "timestamp": "1694035702265", "position": {"x": 902, "y": 22}}, {"event_name": "mousemove", "timestamp": "1694035702285", "position": {"x": 904, "y": 21}}, {"event_name": "mousemove", "timestamp": "1694035702303", "position": {"x": 907, "y": 21}}, {"event_name": "mousemove", "timestamp": "1694035702322", "position": {"x": 910, "y": 21}}, {"event_name": "mousemove", "timestamp": "1694035702340", "position": {"x": 911, "y": 20}}, {"event_name": "mousemove", "timestamp": "1694035702358", "position": {"x": 912, "y": 20}}, {"event_name": "mousemove", "timestamp": "1694035702375", "position": {"x": 913, "y": 20}}, {"event_name": "mousedown", "timestamp": "1694035702743", "position": {"x": 913, "y": 20}}, {"event_name": "mouseup", "timestamp": "1694035702813", "position": {"x": 913, "y": 20}}, {"event_name": "click", "timestamp": "1694035702813", "position": {"x": 913, "y": 20}}, {"event_name": "beforeunload", "timestamp": "1694035702816", "position": {"x": 0, "y": 0}}, {"event_name": "load", "timestamp": "1694035705593", "position": {"x": 0, "y": 0}}, {"event_name": "pageshow", "timestamp": "1694035705593", "position": {"x": 0, "y": 0}}, {"event_name": "mouseover", "timestamp": "1694035705914", "position": {"x": 42, "y": 0}}, {"event_name": "mousemove", "timestamp": "1694035705916", "position": {"x": 42, "y": 0}}, {"event_name": "mouseout", "timestamp": "1694035705933", "position": {"x": 98, "y": 1}}, {"event_name": "mouseover", "timestamp": "1694035705933", "position": {"x": 98, "y": 1}}, {"event_name": "mousemove", "timestamp": "1694035705933", "position": {"x": 98, "y": 1}}, {"event_name": "mousemove", "timestamp": "1694035705950", "position": {"x": 126, "y": 2}}, {"event_name": "mousemove", "timestamp": "1694035705969", "position": {"x": 135, "y": 3}}, {"event_name": "mousemove", "timestamp": "1694035705986", "position": {"x": 143, "y": 4}}, {"event_name": "mousemove", "timestamp": "1694035706004", "position": {"x": 151, "y": 5}}, {"event_name": "mousemove", "timestamp": "1694035706022", "position": {"x": 158, "y": 5}}, {"event_name": "mousemove", "timestamp": "1694035706041", "position": {"x": 166, "y": 5}}, {"event_name": "mousemove", "timestamp": "1694035706059", "position": {"x": 173, "y": 5}}, {"event_name": "mousemove", "timestamp": "1694035706077", "position": {"x": 183, "y": 5}}, {"event_name": "mousemove", "timestamp": "1694035706095", "position": {"x": 195, "y": 6}}, {"event_name": "mousemove", "timestamp": "1694035706112", "position": {"x": 205, "y": 7}}, {"event_name": "mousemove", "timestamp": "1694035706130", "position": {"x": 213, "y": 7}}, {"event_name": "mousemove", "timestamp": "1694035706148", "position": {"x": 221, "y": 7}}, {"event_name": "mousemove", "timestamp": "1694035706167", "position": {"x": 229, "y": 7}}, {"event_name": "mousemove", "timestamp": "1694035706186", "position": {"x": 238, "y": 5}}, {"event_name": "mousemove", "timestamp": "1694035706205", "position": {"x": 248, "y": 4}}, {"event_name": "mousemove", "timestamp": "1694035706224", "position": {"x": 255, "y": 4}}, {"event_name": "mousemove", "timestamp": "1694035706243", "position": {"x": 265, "y": 4}}, {"event_name": "mousemove", "timestamp": "1694035706260", "position": {"x": 276, "y": 4}}, {"event_name": "mousemove", "timestamp": "1694035706278", "position": {"x": 285, "y": 5}}, {"event_name": "mousemove", "timestamp": "1694035706295", "position": {"x": 293, "y": 7}}, {"event_name": "mouseout", "timestamp": "1694035706313", "position": {"x": 301, "y": 9}}, {"event_name": "mouseover", "timestamp": "1694035706313", "position": {"x": 301, "y": 9}}, {"event_name": "mousemove", "timestamp": "1694035706313", "position": {"x": 301, "y": 9}}, {"event_name": "mousemove", "timestamp": "1694035706331", "position": {"x": 309, "y": 11}}, {"event_name": "mousemove", "timestamp": "1694035706348", "position": {"x": 317, "y": 11}}, {"event_name": "mousemove", "timestamp": "1694035706366", "position": {"x": 326, "y": 12}}, {"event_name": "mousemove", "timestamp": "1694035706385", "position": {"x": 335, "y": 13}}, {"event_name": "mousemove", "timestamp": "1694035706406", "position": {"x": 345, "y": 10}}, {"event_name": "mouseout", "timestamp": "1694035706424", "position": {"x": 356, "y": 7}}, {"event_name": "mouseover", "timestamp": "1694035706424", "position": {"x": 356, "y": 7}}, {"event_name": "mousemove", "timestamp": "1694035706424", "position": {"x": 356, "y": 7}}, {"event_name": "mousemove", "timestamp": "1694035706443", "position": {"x": 365, "y": 6}}, {"event_name": "mousemove", "timestamp": "1694035706462", "position": {"x": 375, "y": 6}}, {"event_name": "mousemove", "timestamp": "1694035706481", "position": {"x": 387, "y": 7}}, {"event_name": "mousemove", "timestamp": "1694035706499", "position": {"x": 396, "y": 8}}, {"event_name": "mousemove", "timestamp": "1694035706517", "position": {"x": 406, "y": 9}}, {"event_name": "mousemove", "timestamp": "1694035706535", "position": {"x": 417, "y": 11}}, {"event_name": "mousemove", "timestamp": "1694035706552", "position": {"x": 426, "y": 13}}, {"event_name": "mousemove", "timestamp": "1694035706570", "position": {"x": 435, "y": 15}}, {"event_name": "mousemove", "timestamp": "1694035706588", "position": {"x": 446, "y": 17}}, {"event_name": "mouseout", "timestamp": "1694035706606", "position": {"x": 455, "y": 19}}, {"event_name": "mouseover", "timestamp": "1694035706606", "position": {"x": 455, "y": 19}}, {"event_name": "mousemove", "timestamp": "1694035706606", "position": {"x": 455, "y": 19}}, {"event_name": "mousemove", "timestamp": "1694035706624", "position": {"x": 466, "y": 18}}, {"event_name": "mousemove", "timestamp": "1694035706641", "position": {"x": 478, "y": 17}}, {"event_name": "mousemove", "timestamp": "1694035706658", "position": {"x": 488, "y": 17}}, {"event_name": "mousemove", "timestamp": "1694035706676", "position": {"x": 497, "y": 17}}, {"event_name": "mousemove", "timestamp": "1694035706693", "position": {"x": 506, "y": 17}}, {"event_name": "mousemove", "timestamp": "1694035706711", "position": {"x": 515, "y": 18}}, {"event_name": "mousemove", "timestamp": "1694035706728", "position": {"x": 526, "y": 16}}, {"event_name": "mousemove", "timestamp": "1694035706746", "position": {"x": 537, "y": 15}}, {"event_name": "mousemove", "timestamp": "1694035706764", "position": {"x": 547, "y": 15}}, {"event_name": "mousemove", "timestamp": "1694035706781", "position": {"x": 558, "y": 16}}, {"event_name": "mousemove", "timestamp": "1694035706799", "position": {"x": 570, "y": 18}}, {"event_name": "mousemove", "timestamp": "1694035706816", "position": {"x": 582, "y": 20}}, {"event_name": "mousemove", "timestamp": "1694035706834", "position": {"x": 593, "y": 21}}, {"event_name": "mousemove", "timestamp": "1694035706851", "position": {"x": 605, "y": 22}}, {"event_name": "mousemove", "timestamp": "1694035706869", "position": {"x": 615, "y": 23}}, {"event_name": "mousemove", "timestamp": "1694035706886", "position": {"x": 625, "y": 23}}, {"event_name": "mousemove", "timestamp": "1694035706903", "position": {"x": 635, "y": 23}}, {"event_name": "mousemove", "timestamp": "1694035706921", "position": {"x": 645, "y": 24}}, {"event_name": "mousemove", "timestamp": "1694035706938", "position": {"x": 656, "y": 22}}, {"event_name": "mousemove", "timestamp": "1694035706955", "position": {"x": 669, "y": 21}}, {"event_name": "mousemove", "timestamp": "1694035706973", "position": {"x": 680, "y": 20}}, {"event_name": "mousemove", "timestamp": "1694035706991", "position": {"x": 691, "y": 19}}, {"event_name": "mousemove", "timestamp": "1694035707009", "position": {"x": 703, "y": 19}}, {"event_name": "mousemove", "timestamp": "1694035707027", "position": {"x": 713, "y": 19}}, {"event_name": "mousemove", "timestamp": "1694035707046", "position": {"x": 723, "y": 19}}, {"event_name": "mouseout", "timestamp": "1694035707064", "position": {"x": 733, "y": 20}}, {"event_name": "mouseover", "timestamp": "1694035707064", "position": {"x": 733, "y": 20}}, {"event_name": "mousemove", "timestamp": "1694035707065", "position": {"x": 733, "y": 20}}, {"event_name": "mousemove", "timestamp": "1694035707082", "position": {"x": 742, "y": 21}}, {"event_name": "mousemove", "timestamp": "1694035707100", "position": {"x": 752, "y": 23}}, {"event_name": "mousemove", "timestamp": "1694035707118", "position": {"x": 763, "y": 25}}, {"event_name": "mousemove", "timestamp": "1694035707136", "position": {"x": 773, "y": 27}}, {"event_name": "mousemove", "timestamp": "1694035707154", "position": {"x": 785, "y": 26}}, {"event_name": "mouseout", "timestamp": "1694035707173", "position": {"x": 798, "y": 25}}, {"event_name": "mouseover", "timestamp": "1694035707174", "position": {"x": 798, "y": 25}}, {"event_name": "mousemove", "timestamp": "1694035707174", "position": {"x": 798, "y": 25}}, {"event_name": "mousemove", "timestamp": "1694035707194", "position": {"x": 808, "y": 25}}, {"event_name": "mousemove", "timestamp": "1694035707213", "position": {"x": 819, "y": 24}}, {"event_name": "mousemove", "timestamp": "1694035707231", "position": {"x": 831, "y": 23}}, {"event_name": "mousemove", "timestamp": "1694035707249", "position": {"x": 842, "y": 23}}, {"event_name": "mousemove", "timestamp": "1694035707268", "position": {"x": 851, "y": 24}}, {"event_name": "mouseout", "timestamp": "1694035707286", "position": {"x": 861, "y": 25}}, {"event_name": "mouseover", "timestamp": "1694035707287", "position": {"x": 861, "y": 25}}, {"event_name": "mousemove", "timestamp": "1694035707288", "position": {"x": 861, "y": 25}}, {"event_name": "mousemove", "timestamp": "1694035707306", "position": {"x": 869, "y": 27}}, {"event_name": "mousemove", "timestamp": "1694035707325", "position": {"x": 876, "y": 27}}, {"event_name": "mousemove", "timestamp": "1694035707343", "position": {"x": 884, "y": 27}}, {"event_name": "mousemove", "timestamp": "1694035707361", "position": {"x": 890, "y": 28}}, {"event_name": "mousemove", "timestamp": "1694035707380", "position": {"x": 895, "y": 29}}, {"event_name": "mousemove", "timestamp": "1694035707399", "position": {"x": 902, "y": 31}}, {"event_name": "mousemove", "timestamp": "1694035707419", "position": {"x": 907, "y": 33}}, {"event_name": "mousemove", "timestamp": "1694035707438", "position": {"x": 912, "y": 33}}, {"event_name": "mousemove", "timestamp": "1694035707457", "position": {"x": 919, "y": 34}}, {"event_name": "mousemove", "timestamp": "1694035707475", "position": {"x": 924, "y": 35}}, {"event_name": "mousemove", "timestamp": "1694035707495", "position": {"x": 928, "y": 37}}, {"event_name": "mousemove", "timestamp": "1694035707514", "position": {"x": 932, "y": 39}}, {"event_name": "mousemove", "timestamp": "1694035707532", "position": {"x": 936, "y": 41}}, {"event_name": "mousemove", "timestamp": "1694035707551", "position": {"x": 940, "y": 40}}, {"event_name": "mousemove", "timestamp": "1694035707568", "position": {"x": 945, "y": 39}}, {"event_name": "mousemove", "timestamp": "1694035707586", "position": {"x": 950, "y": 39}}, {"event_name": "mousemove", "timestamp": "1694035707604", "position": {"x": 952, "y": 37}}, {"event_name": "mousemove", "timestamp": "1694035707621", "position": {"x": 955, "y": 36}}, {"event_name": "mousemove", "timestamp": "1694035707638", "position": {"x": 958, "y": 36}}, {"event_name": "mouseout", "timestamp": "1694035707656", "position": {"x": 962, "y": 36}}, {"event_name": "mouseover", "timestamp": "1694035707656", "position": {"x": 962, "y": 36}}, {"event_name": "mousemove", "timestamp": "1694035707657", "position": {"x": 962, "y": 36}}, {"event_name": "mousemove", "timestamp": "1694035707674", "position": {"x": 966, "y": 36}}, {"event_name": "mousemove", "timestamp": "1694035707692", "position": {"x": 970, "y": 36}}, {"event_name": "mousemove", "timestamp": "1694035707710", "position": {"x": 972, "y": 36}}, {"event_name": "mousemove", "timestamp": "1694035707727", "position": {"x": 974, "y": 37}}, {"event_name": "mousemove", "timestamp": "1694035707744", "position": {"x": 977, "y": 38}}, {"event_name": "mousemove", "timestamp": "1694035707761", "position": {"x": 979, "y": 38}}, {"event_name": "mousemove", "timestamp": "1694035707781", "position": {"x": 982, "y": 39}}, {"event_name": "mousemove", "timestamp": "1694035707798", "position": {"x": 984, "y": 40}}, {"event_name": "mousemove", "timestamp": "1694035707816", "position": {"x": 986, "y": 40}}, {"event_name": "mousemove", "timestamp": "1694035707833", "position": {"x": 988, "y": 40}}, {"event_name": "mousemove", "timestamp": "1694035707851", "position": {"x": 990, "y": 41}}, {"event_name": "mousemove", "timestamp": "1694035707902", "position": {"x": 991, "y": 41}}, {"event_name": "mousedown", "timestamp": "1694035708116", "position": {"x": 991, "y": 41}}, {"event_name": "mouseup", "timestamp": "1694035708212", "position": {"x": 991, "y": 41}}, {"event_name": "click", "timestamp": "1694035708213", "position": {"x": 991, "y": 41}}, {"event_name": "beforeunload", "timestamp": "1694035708216", "position": {"x": 0, "y": 0}}, {"event_name": "focus", "timestamp": "1694035708737", "position": {"x": 0, "y": 0}}, {"event_name": "load", "timestamp": "1694035708738", "position": {"x": 0, "y": 0}}, {"event_name": "pageshow", "timestamp": "1694035708738", "position": {"x": 0, "y": 0}}, {"event_name": "beforeunload", "timestamp": "1694035711203", "position": {"x": 0, "y": 0}}, {"event_name": "load", "timestamp": "1694035711346", "position": {"x": 0, "y": 0}}, {"event_name": "pageshow", "timestamp": "1694035711346", "position": {"x": 0, "y": 0}}, {"event_name": "mouseover", "timestamp": "1694035711669", "position": {"x": 117, "y": 2}}, {"event_name": "mousemove", "timestamp": "1694035711670", "position": {"x": 117, "y": 2}}, {"event_name": "mousemove", "timestamp": "1694035711687", "position": {"x": 242, "y": 4}}, {"event_name": "mousemove", "timestamp": "1694035711705", "position": {"x": 347, "y": 6}}, {"event_name": "mousemove", "timestamp": "1694035711723", "position": {"x": 357, "y": 6}}, {"event_name": "mousemove", "timestamp": "1694035711740", "position": {"x": 367, "y": 6}}, {"event_name": "mousemove", "timestamp": "1694035711757", "position": {"x": 376, "y": 7}}, {"event_name": "mousemove", "timestamp": "1694035711775", "position": {"x": 385, "y": 7}}, {"event_name": "mousemove", "timestamp": "1694035711792", "position": {"x": 395, "y": 7}}, {"event_name": "mousemove", "timestamp": "1694035711810", "position": {"x": 404, "y": 7}}, {"event_name": "mousemove", "timestamp": "1694035711827", "position": {"x": 414, "y": 7}}, {"event_name": "mousemove", "timestamp": "1694035711845", "position": {"x": 425, "y": 7}}, {"event_name": "mousemove", "timestamp": "1694035711862", "position": {"x": 436, "y": 8}}, {"event_name": "mousemove", "timestamp": "1694035711880", "position": {"x": 445, "y": 9}}, {"event_name": "mousemove", "timestamp": "1694035711898", "position": {"x": 454, "y": 10}}, {"event_name": "mouseout", "timestamp": "1694035711915", "position": {"x": 463, "y": 11}}, {"event_name": "mouseover", "timestamp": "1694035711915", "position": {"x": 463, "y": 11}}, {"event_name": "mousemove", "timestamp": "1694035711915", "position": {"x": 463, "y": 11}}, {"event_name": "mousemove", "timestamp": "1694035711933", "position": {"x": 476, "y": 11}}, {"event_name": "mousemove", "timestamp": "1694035711951", "position": {"x": 491, "y": 12}}, {"event_name": "mousemove", "timestamp": "1694035711968", "position": {"x": 503, "y": 13}}, {"event_name": "mousemove", "timestamp": "1694035711985", "position": {"x": 514, "y": 14}}, {"event_name": "mousemove", "timestamp": "1694035712003", "position": {"x": 524, "y": 15}}, {"event_name": "mousemove", "timestamp": "1694035712021", "position": {"x": 534, "y": 16}}, {"event_name": "mousemove", "timestamp": "1694035712040", "position": {"x": 547, "y": 14}}, {"event_name": "mousemove", "timestamp": "1694035712058", "position": {"x": 562, "y": 13}}, {"event_name": "mousemove", "timestamp": "1694035712076", "position": {"x": 574, "y": 12}}, {"event_name": "mousemove", "timestamp": "1694035712095", "position": {"x": 585, "y": 11}}, {"event_name": "mousemove", "timestamp": "1694035712113", "position": {"x": 597, "y": 10}}, {"event_name": "mousemove", "timestamp": "1694035712131", "position": {"x": 608, "y": 10}}, {"event_name": "mousemove", "timestamp": "1694035712149", "position": {"x": 620, "y": 12}}, {"event_name": "mousemove", "timestamp": "1694035712167", "position": {"x": 634, "y": 14}}, {"event_name": "mousemove", "timestamp": "1694035712187", "position": {"x": 645, "y": 16}}, {"event_name": "mousemove", "timestamp": "1694035712205", "position": {"x": 659, "y": 15}}, {"event_name": "mousemove", "timestamp": "1694035712223", "position": {"x": 673, "y": 14}}, {"event_name": "mousemove", "timestamp": "1694035712241", "position": {"x": 685, "y": 14}}, {"event_name": "mousemove", "timestamp": "1694035712261", "position": {"x": 696, "y": 14}}, {"event_name": "mousemove", "timestamp": "1694035712279", "position": {"x": 708, "y": 14}}, {"event_name": "mousemove", "timestamp": "1694035712297", "position": {"x": 718, "y": 14}}, {"event_name": "mouseout", "timestamp": "1694035712316", "position": {"x": 731, "y": 16}}, {"event_name": "mouseover", "timestamp": "1694035712317", "position": {"x": 731, "y": 16}}, {"event_name": "mousemove", "timestamp": "1694035712318", "position": {"x": 731, "y": 16}}, {"event_name": "mousemove", "timestamp": "1694035712336", "position": {"x": 746, "y": 20}}, {"event_name": "mousemove", "timestamp": "1694035712356", "position": {"x": 755, "y": 22}}, {"event_name": "mousemove", "timestamp": "1694035712375", "position": {"x": 768, "y": 23}}, {"event_name": "mousemove", "timestamp": "1694035712393", "position": {"x": 782, "y": 24}}, {"event_name": "mouseout", "timestamp": "1694035712411", "position": {"x": 794, "y": 26}}, {"event_name": "mouseover", "timestamp": "1694035712411", "position": {"x": 794, "y": 26}}, {"event_name": "mousemove", "timestamp": "1694035712411", "position": {"x": 794, "y": 26}}, {"event_name": "mousemove", "timestamp": "1694035712430", "position": {"x": 809, "y": 26}}, {"event_name": "mousemove", "timestamp": "1694035712447", "position": {"x": 824, "y": 26}}, {"event_name": "mousemove", "timestamp": "1694035712465", "position": {"x": 837, "y": 26}}, {"event_name": "mousemove", "timestamp": "1694035712483", "position": {"x": 849, "y": 27}}, {"event_name": "mouseout", "timestamp": "1694035712501", "position": {"x": 863, "y": 28}}, {"event_name": "mouseover", "timestamp": "1694035712501", "position": {"x": 863, "y": 28}}, {"event_name": "mousemove", "timestamp": "1694035712501", "position": {"x": 863, "y": 28}}, {"event_name": "mousemove", "timestamp": "1694035712518", "position": {"x": 875, "y": 30}}, {"event_name": "mousemove", "timestamp": "1694035712536", "position": {"x": 885, "y": 31}}, {"event_name": "mousemove", "timestamp": "1694035712553", "position": {"x": 896, "y": 32}}, {"event_name": "mousemove", "timestamp": "1694035712571", "position": {"x": 905, "y": 34}}, {"event_name": "mousemove", "timestamp": "1694035712588", "position": {"x": 918, "y": 32}}, {"event_name": "mousemove", "timestamp": "1694035712606", "position": {"x": 932, "y": 31}}, {"event_name": "mousemove", "timestamp": "1694035712624", "position": {"x": 946, "y": 30}}, {"event_name": "mousemove", "timestamp": "1694035712641", "position": {"x": 957, "y": 32}}, {"event_name": "mouseout", "timestamp": "1694035712659", "position": {"x": 969, "y": 35}}, {"event_name": "mouseover", "timestamp": "1694035712659", "position": {"x": 969, "y": 35}}, {"event_name": "mousemove", "timestamp": "1694035712659", "position": {"x": 969, "y": 35}}, {"event_name": "mousemove", "timestamp": "1694035712677", "position": {"x": 979, "y": 38}}, {"event_name": "mousemove", "timestamp": "1694035712694", "position": {"x": 986, "y": 36}}, {"event_name": "mousemove", "timestamp": "1694035712712", "position": {"x": 993, "y": 34}}, {"event_name": "mousemove", "timestamp": "1694035712730", "position": {"x": 1000, "y": 33}}, {"event_name": "mousemove", "timestamp": "1694035712747", "position": {"x": 1007, "y": 30}}, {"event_name": "mousemove", "timestamp": "1694035712765", "position": {"x": 1015, "y": 28}}, {"event_name": "mousemove", "timestamp": "1694035712782", "position": {"x": 1022, "y": 27}}, {"event_name": "mousemove", "timestamp": "1694035712800", "position": {"x": 1027, "y": 28}}, {"event_name": "mousemove", "timestamp": "1694035712817", "position": {"x": 1032, "y": 30}}, {"event_name": "mousemove", "timestamp": "1694035712835", "position": {"x": 1037, "y": 32}}, {"event_name": "mousemove", "timestamp": "1694035712853", "position": {"x": 1043, "y": 30}}, {"event_name": "mousemove", "timestamp": "1694035712870", "position": {"x": 1049, "y": 28}}, {"event_name": "mousemove", "timestamp": "1694035712888", "position": {"x": 1055, "y": 27}}, {"event_name": "mousemove", "timestamp": "1694035712905", "position": {"x": 1059, "y": 28}}, {"event_name": "mouseout", "timestamp": "1694035712923", "position": {"x": 1064, "y": 30}}, {"event_name": "mouseover", "timestamp": "1694035712923", "position": {"x": 1064, "y": 30}}, {"event_name": "mousemove", "timestamp": "1694035712923", "position": {"x": 1064, "y": 30}}, {"event_name": "mousemove", "timestamp": "1694035712940", "position": {"x": 1069, "y": 32}}, {"event_name": "mousemove", "timestamp": "1694035712958", "position": {"x": 1072, "y": 31}}, {"event_name": "mousemove", "timestamp": "1694035712976", "position": {"x": 1076, "y": 31}}, {"event_name": "mousemove", "timestamp": "1694035712992", "position": {"x": 1080, "y": 31}}, {"event_name": "mousemove", "timestamp": "1694035713011", "position": {"x": 1084, "y": 30}}, {"event_name": "mousemove", "timestamp": "1694035713028", "position": {"x": 1088, "y": 30}}, {"event_name": "mousemove", "timestamp": "1694035713046", "position": {"x": 1092, "y": 30}}, {"event_name": "mousemove", "timestamp": "1694035713064", "position": {"x": 1095, "y": 29}}, {"event_name": "mousemove", "timestamp": "1694035713082", "position": {"x": 1099, "y": 28}}, {"event_name": "mousemove", "timestamp": "1694035713101", "position": {"x": 1103, "y": 28}}, {"event_name": "mousemove", "timestamp": "1694035713119", "position": {"x": 1105, "y": 28}}, {"event_name": "mousemove", "timestamp": "1694035713137", "position": {"x": 1107, "y": 28}}, {"event_name": "mousemove", "timestamp": "1694035713156", "position": {"x": 1109, "y": 28}}, {"event_name": "mousemove", "timestamp": "1694035713175", "position": {"x": 1111, "y": 27}}, {"event_name": "mousemove", "timestamp": "1694035713194", "position": {"x": 1113, "y": 27}}, {"event_name": "mousemove", "timestamp": "1694035713212", "position": {"x": 1115, "y": 27}}, {"event_name": "mousemove", "timestamp": "1694035713248", "position": {"x": 1116, "y": 27}}, {"event_name": "mousemove", "timestamp": "1694035713267", "position": {"x": 1117, "y": 28}}, {"event_name": "mousedown", "timestamp": "1694035713651", "position": {"x": 1117, "y": 28}}, {"event_name": "mouseup", "timestamp": "1694035713772", "position": {"x": 1117, "y": 28}}, {"event_name": "click", "timestamp": "1694035713772", "position": {"x": 1117, "y": 28}}, {"event_name": "beforeunload", "timestamp": "1694035713774", "position": {"x": 0, "y": 0}}, {"event_name": "load", "timestamp": "1694035717611", "position": {"x": 0, "y": 0}}, {"event_name": "pageshow", "timestamp": "1694035717611", "position": {"x": 0, "y": 0}}, {"event_name": "scroll", "timestamp": "1694035717724", "position": {"x": 0, "y": 0}}, {"event_name": "scroll", "timestamp": "1694035718231", "position": {"x": 0, "y": 0}}, {"event_name": "scroll", "timestamp": "1694035718295", "position": {"x": 0, "y": 0}}, {"event_name": "scroll", "timestamp": "1694035718354", "position": {"x": 0, "y": 0}}, {"event_name": "scroll", "timestamp": "1694035718430", "position": {"x": 0, "y": 0}}, {"event_name": "scroll", "timestamp": "1694035718491", "position": {"x": 0, "y": 0}}, {"event_name": "scroll", "timestamp": "1694035718550", "position": {"x": 0, "y": 0}}, {"event_name": "scroll", "timestamp": "1694035718607", "position": {"x": 0, "y": 0}}, {"event_name": "scroll", "timestamp": "1694035719120", "position": {"x": 0, "y": 0}}, {"event_name": "mouseover", "timestamp": "1694035720847", "position": {"x": 0, "y": 516}}, {"event_name": "mousemove", "timestamp": "1694035720847", "position": {"x": 0, "y": 516}}, {"event_name": "mousemove", "timestamp": "1694035720865", "position": {"x": 0, "y": 520}}, {"event_name": "mousemove", "timestamp": "1694035720887", "position": {"x": 0, "y": 522}}, {"event_name": "mousemove", "timestamp": "1694035720904", "position": {"x": 1, "y": 526}}, {"event_name": "mousemove", "timestamp": "1694035720923", "position": {"x": 3, "y": 532}}, {"event_name": "mousemove", "timestamp": "1694035720943", "position": {"x": 5, "y": 536}}, {"event_name": "mousemove", "timestamp": "1694035720961", "position": {"x": 5, "y": 538}}, {"event_name": "mousemove", "timestamp": "1694035720979", "position": {"x": 5, "y": 541}}, {"event_name": "mousemove", "timestamp": "1694035720997", "position": {"x": 6, "y": 544}}, {"event_name": "mousemove", "timestamp": "1694035721015", "position": {"x": 8, "y": 547}}, {"event_name": "mousemove", "timestamp": "1694035721032", "position": {"x": 10, "y": 551}}, {"event_name": "mousemove", "timestamp": "1694035721050", "position": {"x": 13, "y": 554}}, {"event_name": "mousemove", "timestamp": "1694035721067", "position": {"x": 13, "y": 557}}, {"event_name": "mousemove", "timestamp": "1694035721085", "position": {"x": 13, "y": 561}}, {"event_name": "mousemove", "timestamp": "1694035721102", "position": {"x": 14, "y": 564}}, {"event_name": "mousemove", "timestamp": "1694035721120", "position": {"x": 17, "y": 566}}, {"event_name": "mousemove", "timestamp": "1694035721138", "position": {"x": 20, "y": 569}}, {"event_name": "mouseout", "timestamp": "1694035721155", "position": {"x": 23, "y": 572}}, {"event_name": "mouseover", "timestamp": "1694035721155", "position": {"x": 23, "y": 572}}, {"event_name": "mousemove", "timestamp": "1694035721155", "position": {"x": 23, "y": 572}}, {"event_name": "mousemove", "timestamp": "1694035721173", "position": {"x": 25, "y": 576}}, {"event_name": "mousemove", "timestamp": "1694035721191", "position": {"x": 27, "y": 581}}, {"event_name": "mousemove", "timestamp": "1694035721208", "position": {"x": 30, "y": 586}}, {"event_name": "mousemove", "timestamp": "1694035721226", "position": {"x": 32, "y": 591}}, {"event_name": "mousemove", "timestamp": "1694035721244", "position": {"x": 34, "y": 596}}, {"event_name": "mousemove", "timestamp": "1694035721261", "position": {"x": 36, "y": 601}}, {"event_name": "mousemove", "timestamp": "1694035721279", "position": {"x": 36, "y": 605}}, {"event_name": "mousemove", "timestamp": "1694035721296", "position": {"x": 36, "y": 610}}, {"event_name": "mousemove", "timestamp": "1694035721313", "position": {"x": 36, "y": 615}}, {"event_name": "mousemove", "timestamp": "1694035721331", "position": {"x": 38, "y": 621}}, {"event_name": "mousemove", "timestamp": "1694035721349", "position": {"x": 41, "y": 628}}, {"event_name": "mousemove", "timestamp": "1694035721366", "position": {"x": 44, "y": 634}}, {"event_name": "mousemove", "timestamp": "1694035721384", "position": {"x": 44, "y": 640}}, {"event_name": "mousemove", "timestamp": "1694035721402", "position": {"x": 44, "y": 648}}, {"event_name": "mousemove", "timestamp": "1694035721419", "position": {"x": 44, "y": 654}}, {"event_name": "mousemove", "timestamp": "1694035721437", "position": {"x": 46, "y": 658}}, {"event_name": "mousemove", "timestamp": "1694035721454", "position": {"x": 49, "y": 663}}, {"event_name": "mousemove", "timestamp": "1694035721472", "position": {"x": 52, "y": 668}}, {"event_name": "mousemove", "timestamp": "1694035721490", "position": {"x": 53, "y": 673}}, {"event_name": "mousemove", "timestamp": "1694035721508", "position": {"x": 54, "y": 679}}, {"event_name": "mousemove", "timestamp": "1694035721526", "position": {"x": 56, "y": 685}}, {"event_name": "mousemove", "timestamp": "1694035721542", "position": {"x": 57, "y": 692}}, {"event_name": "mousemove", "timestamp": "1694035721561", "position": {"x": 59, "y": 699}}, {"event_name": "mousemove", "timestamp": "1694035721579", "position": {"x": 61, "y": 706}}, {"event_name": "mousemove", "timestamp": "1694035721596", "position": {"x": 63, "y": 713}}, {"event_name": "mousemove", "timestamp": "1694035721614", "position": {"x": 65, "y": 720}}, {"event_name": "mousemove", "timestamp": "1694035721631", "position": {"x": 67, "y": 727}}, {"event_name": "mousemove", "timestamp": "1694035721649", "position": {"x": 69, "y": 733}}, {"event_name": "mouseout", "timestamp": "1694035721666", "position": {"x": 71, "y": 740}}, {"event_name": "mouseover", "timestamp": "1694035721666", "position": {"x": 71, "y": 740}}, {"event_name": "mousemove", "timestamp": "1694035721667", "position": {"x": 71, "y": 740}}, {"event_name": "mousemove", "timestamp": "1694035721684", "position": {"x": 74, "y": 746}}, {"event_name": "mousemove", "timestamp": "1694035721702", "position": {"x": 76, "y": 752}}, {"event_name": "mousemove", "timestamp": "1694035721720", "position": {"x": 78, "y": 758}}, {"event_name": "mousemove", "timestamp": "1694035721738", "position": {"x": 81, "y": 764}}, {"event_name": "mousemove", "timestamp": "1694035721756", "position": {"x": 83, "y": 770}}, {"event_name": "mouseout", "timestamp": "1694035721773", "position": {"x": 86, "y": 777}}, {"event_name": "mouseover", "timestamp": "1694035721773", "position": {"x": 86, "y": 777}}, {"event_name": "mousemove", "timestamp": "1694035721774", "position": {"x": 86, "y": 777}}, {"event_name": "mousemove", "timestamp": "1694035721791", "position": {"x": 89, "y": 784}}, {"event_name": "mousemove", "timestamp": "1694035721809", "position": {"x": 90, "y": 792}}, {"event_name": "mousemove", "timestamp": "1694035721826", "position": {"x": 91, "y": 800}}, {"event_name": "mousemove", "timestamp": "1694035721844", "position": {"x": 93, "y": 808}}, {"event_name": "mousemove", "timestamp": "1694035721862", "position": {"x": 95, "y": 816}}, {"event_name": "mousemove", "timestamp": "1694035721879", "position": {"x": 97, "y": 825}}, {"event_name": "mousemove", "timestamp": "1694035721897", "position": {"x": 99, "y": 834}}, {"event_name": "mousemove", "timestamp": "1694035721915", "position": {"x": 100, "y": 838}}, {"event_name": "mousemove", "timestamp": "1694035721932", "position": {"x": 101, "y": 843}}, {"event_name": "mousemove", "timestamp": "1694035721949", "position": {"x": 103, "y": 848}}, {"event_name": "mousemove", "timestamp": "1694035721968", "position": {"x": 103, "y": 853}}, {"event_name": "mousemove", "timestamp": "1694035721985", "position": {"x": 103, "y": 859}}, {"event_name": "mousemove", "timestamp": "1694035722003", "position": {"x": 103, "y": 864}}, {"event_name": "mousemove", "timestamp": "1694035722020", "position": {"x": 103, "y": 870}}, {"event_name": "mousemove", "timestamp": "1694035722038", "position": {"x": 103, "y": 876}}, {"event_name": "mousemove", "timestamp": "1694035722055", "position": {"x": 103, "y": 882}}, {"event_name": "mousemove", "timestamp": "1694035722073", "position": {"x": 103, "y": 886}}, {"event_name": "mousemove", "timestamp": "1694035722090", "position": {"x": 103, "y": 891}}, {"event_name": "mouseout", "timestamp": "1694035722108", "position": {"x": 104, "y": 895}}, {"event_name": "mouseover", "timestamp": "1694035722108", "position": {"x": 104, "y": 895}}, {"event_name": "mousemove", "timestamp": "1694035722108", "position": {"x": 104, "y": 895}}, {"event_name": "mousemove", "timestamp": "1694035722125", "position": {"x": 104, "y": 900}}, {"event_name": "mousemove", "timestamp": "1694035722144", "position": {"x": 104, "y": 906}}, {"event_name": "mousemove", "timestamp": "1694035722162", "position": {"x": 105, "y": 911}}, {"event_name": "mouseout", "timestamp": "1694035722179", "position": {"x": 105, "y": 913}}, {"event_name": "mouseover", "timestamp": "1694035722179", "position": {"x": 105, "y": 913}}, {"event_name": "mousemove", "timestamp": "1694035722179", "position": {"x": 105, "y": 913}}, {"event_name": "mousemove", "timestamp": "1694035722198", "position": {"x": 105, "y": 916}}, {"event_name": "mousemove", "timestamp": "1694035722215", "position": {"x": 105, "y": 918}}, {"event_name": "mousedown", "timestamp": "1694035722618", "position": {"x": 105, "y": 918}}, {"event_name": "mouseup", "timestamp": "1694035722697", "position": {"x": 105, "y": 918}}, {"event_name": "click", "timestamp": "1694035722697", "position": {"x": 105, "y": 918}}, {"event_name": "beforeunload", "timestamp": "1694035722702", "position": {"x": 0, "y": 0}}, {"event_name": "load", "timestamp": "1694035722963", "position": {"x": 0, "y": 0}}, {"event_name": "pageshow", "timestamp": "1694035722964", "position": {"x": 0, "y": 0}}, {"event_name": "beforeunload", "timestamp": "1694035724781", "position": {"x": 0, "y": 0}}, {"event_name": "focus", "timestamp": "1694035724890", "position": {"x": 0, "y": 0}}, {"event_name": "load", "timestamp": "1694035724890", "position": {"x": 0, "y": 0}}, {"event_name": "pageshow", "timestamp": "1694035724891", "position": {"x": 0, "y": 0}}, {"event_name": "scroll", "timestamp": "1694035724919", "position": {"x": 0, "y": 0}}, {"event_name": "scroll", "timestamp": "1694035725509", "position": {"x": 0, "y": 0}}, {"event_name": "scroll", "timestamp": "1694035725567", "position": {"x": 0, "y": 0}}, {"event_name": "scroll", "timestamp": "1694035725634", "position": {"x": 0, "y": 0}}, {"event_name": "scroll", "timestamp": "1694035725695", "position": {"x": 0, "y": 0}}, {"event_name": "scroll", "timestamp": "1694035725754", "position": {"x": 0, "y": 0}}, {"event_name": "scroll", "timestamp": "1694035725815", "position": {"x": 0, "y": 0}}, {"event_name": "scroll", "timestamp": "1694035725881", "position": {"x": 0, "y": 0}}, {"event_name": "scroll", "timestamp": "1694035726528", "position": {"x": 0, "y": 0}}, {"event_name": "scroll", "timestamp": "1694035726590", "position": {"x": 0, "y": 0}}, {"event_name": "scroll", "timestamp": "1694035726650", "position": {"x": 0, "y": 0}}, {"event_name": "scroll", "timestamp": "1694035726706", "position": {"x": 0, "y": 0}}, {"event_name": "scroll", "timestamp": "1694035726767", "position": {"x": 0, "y": 0}}, {"event_name": "scroll", "timestamp": "1694035726831", "position": {"x": 0, "y": 0}}, {"event_name": "scroll", "timestamp": "1694035726893", "position": {"x": 0, "y": 0}}, {"event_name": "scroll", "timestamp": "1694035727581", "position": {"x": 0, "y": 0}}, {"event_name": "scroll", "timestamp": "1694035727644", "position": {"x": 0, "y": 0}}, {"event_name": "scroll", "timestamp": "1694035727705", "position": {"x": 0, "y": 0}}, {"event_name": "scroll", "timestamp": "1694035727764", "position": {"x": 0, "y": 0}}, {"event_name": "scroll", "timestamp": "1694035727822", "position": {"x": 0, "y": 0}}, {"event_name": "scroll", "timestamp": "1694035727885", "position": {"x": 0, "y": 0}}, {"event_name": "scroll", "timestamp": "1694035727946", "position": {"x": 0, "y": 0}}, {"event_name": "scroll", "timestamp": "1694035728692", "position": {"x": 0, "y": 0}}, {"event_name": "scroll", "timestamp": "1694035728756", "position": {"x": 0, "y": 0}}, {"event_name": "scroll", "timestamp": "1694035728818", "position": {"x": 0, "y": 0}}, {"event_name": "scroll", "timestamp": "1694035728879", "position": {"x": 0, "y": 0}}, {"event_name": "scroll", "timestamp": "1694035728936", "position": {"x": 0, "y": 0}}, {"event_name": "mouseover", "timestamp": "1694035730213", "position": {"x": 1, "y": 1542}}, {"event_name": "mousemove", "timestamp": "1694035730214", "position": {"x": 1, "y": 1542}}, {"event_name": "mousemove", "timestamp": "1694035730232", "position": {"x": 3, "y": 1545}}, {"event_name": "mousemove", "timestamp": "1694035730250", "position": {"x": 5, "y": 1548}}, {"event_name": "mousemove", "timestamp": "1694035730268", "position": {"x": 6, "y": 1551}}, {"event_name": "mousemove", "timestamp": "1694035730287", "position": {"x": 7, "y": 1555}}, {"event_name": "mousemove", "timestamp": "1694035730306", "position": {"x": 9, "y": 1558}}, {"event_name": "mousemove", "timestamp": "1694035730325", "position": {"x": 9, "y": 1562}}, {"event_name": "mousemove", "timestamp": "1694035730343", "position": {"x": 10, "y": 1568}}, {"event_name": "mousemove", "timestamp": "1694035730362", "position": {"x": 11, "y": 1572}}, {"event_name": "mousemove", "timestamp": "1694035730382", "position": {"x": 11, "y": 1576}}, {"event_name": "mousemove", "timestamp": "1694035730402", "position": {"x": 11, "y": 1581}}, {"event_name": "mousemove", "timestamp": "1694035730421", "position": {"x": 12, "y": 1584}}, {"event_name": "mousemove", "timestamp": "1694035730439", "position": {"x": 14, "y": 1588}}, {"event_name": "mousemove", "timestamp": "1694035730458", "position": {"x": 16, "y": 1593}}, {"event_name": "mouseout", "timestamp": "1694035730476", "position": {"x": 19, "y": 1597}}, {"event_name": "mouseover", "timestamp": "1694035730477", "position": {"x": 19, "y": 1597}}, {"event_name": "mousemove", "timestamp": "1694035730477", "position": {"x": 19, "y": 1597}}, {"event_name": "mousemove", "timestamp": "1694035730495", "position": {"x": 20, "y": 1601}}, {"event_name": "mousemove", "timestamp": "1694035730513", "position": {"x": 21, "y": 1606}}, {"event_name": "mousemove", "timestamp": "1694035730531", "position": {"x": 22, "y": 1610}}, {"event_name": "mousemove", "timestamp": "1694035730549", "position": {"x": 24, "y": 1614}}, {"event_name": "mousemove", "timestamp": "1694035730566", "position": {"x": 26, "y": 1618}}, {"event_name": "mousemove", "timestamp": "1694035730584", "position": {"x": 29, "y": 1622}}, {"event_name": "mousemove", "timestamp": "1694035730603", "position": {"x": 30, "y": 1627}}, {"event_name": "mousemove", "timestamp": "1694035730622", "position": {"x": 31, "y": 1632}}, {"event_name": "mousemove", "timestamp": "1694035730641", "position": {"x": 33, "y": 1637}}, {"event_name": "mousemove", "timestamp": "1694035730660", "position": {"x": 34, "y": 1640}}, {"event_name": "mousemove", "timestamp": "1694035730678", "position": {"x": 35, "y": 1644}}, {"event_name": "mousemove", "timestamp": "1694035730698", "position": {"x": 37, "y": 1647}}, {"event_name": "mousemove", "timestamp": "1694035730716", "position": {"x": 39, "y": 1652}}, {"event_name": "mousemove", "timestamp": "1694035730734", "position": {"x": 41, "y": 1657}}, {"event_name": "mousemove", "timestamp": "1694035730752", "position": {"x": 44, "y": 1662}}, {"event_name": "mousemove", "timestamp": "1694035730770", "position": {"x": 46, "y": 1666}}, {"event_name": "mousemove", "timestamp": "1694035730787", "position": {"x": 49, "y": 1670}}, {"event_name": "mousemove", "timestamp": "1694035730805", "position": {"x": 52, "y": 1674}}, {"event_name": "mousemove", "timestamp": "1694035730823", "position": {"x": 54, "y": 1678}}, {"event_name": "mousemove", "timestamp": "1694035730840", "position": {"x": 56, "y": 1683}}, {"event_name": "mousemove", "timestamp": "1694035730858", "position": {"x": 59, "y": 1688}}, {"event_name": "mousemove", "timestamp": "1694035730876", "position": {"x": 60, "y": 1693}}, {"event_name": "mousemove", "timestamp": "1694035730893", "position": {"x": 62, "y": 1698}}, {"event_name": "mousemove", "timestamp": "1694035730911", "position": {"x": 64, "y": 1704}}, {"event_name": "mousemove", "timestamp": "1694035730928", "position": {"x": 64, "y": 1711}}, {"event_name": "mousemove", "timestamp": "1694035730946", "position": {"x": 65, "y": 1718}}, {"event_name": "mousemove", "timestamp": "1694035730965", "position": {"x": 66, "y": 1725}}, {"event_name": "mousemove", "timestamp": "1694035730985", "position": {"x": 69, "y": 1732}}, {"event_name": "mouseout", "timestamp": "1694035731003", "position": {"x": 71, "y": 1739}}, {"event_name": "mouseover", "timestamp": "1694035731004", "position": {"x": 71, "y": 1739}}, {"event_name": "mousemove", "timestamp": "1694035731004", "position": {"x": 71, "y": 1739}}, {"event_name": "mousemove", "timestamp": "1694035731022", "position": {"x": 74, "y": 1744}}, {"event_name": "mousemove", "timestamp": "1694035731040", "position": {"x": 76, "y": 1750}}, {"event_name": "mousemove", "timestamp": "1694035731058", "position": {"x": 78, "y": 1758}}, {"event_name": "mousemove", "timestamp": "1694035731075", "position": {"x": 81, "y": 1764}}, {"event_name": "mousemove", "timestamp": "1694035731093", "position": {"x": 82, "y": 1770}}, {"event_name": "mousemove", "timestamp": "1694035731111", "position": {"x": 84, "y": 1777}}, {"event_name": "mouseout", "timestamp": "1694035731131", "position": {"x": 86, "y": 1783}}, {"event_name": "mouseover", "timestamp": "1694035731131", "position": {"x": 86, "y": 1783}}, {"event_name": "mousemove", "timestamp": "1694035731131", "position": {"x": 86, "y": 1783}}, {"event_name": "mousemove", "timestamp": "1694035731150", "position": {"x": 85, "y": 1791}}, {"event_name": "mouseout", "timestamp": "1694035731168", "position": {"x": 84, "y": 1801}}, {"event_name": "mouseover", "timestamp": "1694035731168", "position": {"x": 84, "y": 1801}}, {"event_name": "mousemove", "timestamp": "1694035731168", "position": {"x": 84, "y": 1801}}, {"event_name": "mousemove", "timestamp": "1694035731185", "position": {"x": 84, "y": 1809}}, {"event_name": "mouseout", "timestamp": "1694035731203", "position": {"x": 85, "y": 1816}}, {"event_name": "mouseover", "timestamp": "1694035731203", "position": {"x": 85, "y": 1816}}, {"event_name": "mousemove", "timestamp": "1694035731203", "position": {"x": 85, "y": 1816}}, {"event_name": "mousemove", "timestamp": "1694035731221", "position": {"x": 86, "y": 1825}}, {"event_name": "mousemove", "timestamp": "1694035731239", "position": {"x": 87, "y": 1832}}, {"event_name": "mousemove", "timestamp": "1694035731256", "position": {"x": 86, "y": 1840}}, {"event_name": "mousemove", "timestamp": "1694035731273", "position": {"x": 85, "y": 1848}}, {"event_name": "mousemove", "timestamp": "1694035731291", "position": {"x": 85, "y": 1856}}, {"event_name": "mousemove", "timestamp": "1694035731310", "position": {"x": 86, "y": 1861}}, {"event_name": "mousemove", "timestamp": "1694035731328", "position": {"x": 88, "y": 1867}}, {"event_name": "mousemove", "timestamp": "1694035731346", "position": {"x": 90, "y": 1872}}, {"event_name": "mousemove", "timestamp": "1694035731363", "position": {"x": 92, "y": 1877}}, {"event_name": "mousemove", "timestamp": "1694035731381", "position": {"x": 94, "y": 1883}}, {"event_name": "mousemove", "timestamp": "1694035731399", "position": {"x": 96, "y": 1889}}, {"event_name": "mousemove", "timestamp": "1694035731416", "position": {"x": 95, "y": 1894}}, {"event_name": "mousemove", "timestamp": "1694035731434", "position": {"x": 95, "y": 1900}}, {"event_name": "mousemove", "timestamp": "1694035731452", "position": {"x": 95, "y": 1906}}, {"event_name": "mousemove", "timestamp": "1694035731472", "position": {"x": 96, "y": 1911}}, {"event_name": "mousemove", "timestamp": "1694035731490", "position": {"x": 97, "y": 1917}}, {"event_name": "mousemove", "timestamp": "1694035731508", "position": {"x": 99, "y": 1921}}, {"event_name": "mousemove", "timestamp": "1694035731527", "position": {"x": 99, "y": 1927}}, {"event_name": "mouseout", "timestamp": "1694035731544", "position": {"x": 99, "y": 1933}}, {"event_name": "mouseover", "timestamp": "1694035731544", "position": {"x": 99, "y": 1933}}, {"event_name": "mousemove", "timestamp": "1694035731544", "position": {"x": 99, "y": 1933}}, {"event_name": "mousemove", "timestamp": "1694035731563", "position": {"x": 99, "y": 1939}}, {"event_name": "mousemove", "timestamp": "1694035731582", "position": {"x": 99, "y": 1943}}, {"event_name": "mousemove", "timestamp": "1694035731601", "position": {"x": 99, "y": 1947}}, {"event_name": "mouseout", "timestamp": "1694035731619", "position": {"x": 100, "y": 1951}}, {"event_name": "mouseover", "timestamp": "1694035731619", "position": {"x": 100, "y": 1951}}, {"event_name": "mousemove", "timestamp": "1694035731621", "position": {"x": 100, "y": 1951}}, {"event_name": "mousemove", "timestamp": "1694035731640", "position": {"x": 100, "y": 1953}}, {"event_name": "mousemove", "timestamp": "1694035731658", "position": {"x": 100, "y": 1955}}, {"event_name": "mousemove", "timestamp": "1694035731677", "position": {"x": 101, "y": 1957}}, {"event_name": "mousedown", "timestamp": "1694035732021", "position": {"x": 101, "y": 1957}}, {"event_name": "mouseup", "timestamp": "1694035732103", "position": {"x": 101, "y": 1957}}, {"event_name": "click", "timestamp": "1694035732103", "position": {"x": 101, "y": 1957}}, {"event_name": "beforeunload", "timestamp": "1694035732104", "position": {"x": 0, "y": 0}}, {"event_name": "load", "timestamp": "1694035734283", "position": {"x": 0, "y": 0}}, {"event_name": "pageshow", "timestamp": "1694035734284", "position": {"x": 0, "y": 0}}, {"event_name": "scroll", "timestamp": "1694035734323", "position": {"x": 0, "y": 0}}, {"event_name": "scroll", "timestamp": "1694035734842", "position": {"x": 0, "y": 0}}, {"event_name": "scroll", "timestamp": "1694035734908", "position": {"x": 0, "y": 0}}, {"event_name": "scroll", "timestamp": "1694035734969", "position": {"x": 0, "y": 0}}, {"event_name": "scroll", "timestamp": "1694035735025", "position": {"x": 0, "y": 0}}, {"event_name": "scroll", "timestamp": "1694035735082", "position": {"x": 0, "y": 0}}, {"event_name": "scroll", "timestamp": "1694035735140", "position": {"x": 0, "y": 0}}, {"event_name": "scroll", "timestamp": "1694035735201", "position": {"x": 0, "y": 0}}, {"event_name": "scroll", "timestamp": "1694035735583", "position": {"x": 0, "y": 0}}, {"event_name": "scroll", "timestamp": "1694035735642", "position": {"x": 0, "y": 0}}, {"event_name": "scroll", "timestamp": "1694035735701", "position": {"x": 0, "y": 0}}, {"event_name": "scroll", "timestamp": "1694035735764", "position": {"x": 0, "y": 0}}, {"event_name": "scroll", "timestamp": "1694035735826", "position": {"x": 0, "y": 0}}, {"event_name": "scroll", "timestamp": "1694035735884", "position": {"x": 0, "y": 0}}, {"event_name": "scroll", "timestamp": "1694035735944", "position": {"x": 0, "y": 0}}, {"event_name": "scroll", "timestamp": "1694035736634", "position": {"x": 0, "y": 0}}, {"event_name": "scroll", "timestamp": "1694035736696", "position": {"x": 0, "y": 0}}, {"event_name": "scroll", "timestamp": "1694035736762", "position": {"x": 0, "y": 0}}, {"event_name": "scroll", "timestamp": "1694035736829", "position": {"x": 0, "y": 0}}, {"event_name": "scroll", "timestamp": "1694035736895", "position": {"x": 0, "y": 0}}, {"event_name": "scroll", "timestamp": "1694035736959", "position": {"x": 0, "y": 0}}, {"event_name": "scroll", "timestamp": "1694035737024", "position": {"x": 0, "y": 0}}, {"event_name": "scroll", "timestamp": "1694035737563", "position": {"x": 0, "y": 0}}, {"event_name": "scroll", "timestamp": "1694035737627", "position": {"x": 0, "y": 0}}, {"event_name": "scroll", "timestamp": "1694035737694", "position": {"x": 0, "y": 0}}, {"event_name": "scroll", "timestamp": "1694035737759", "position": {"x": 0, "y": 0}}, {"event_name": "scroll", "timestamp": "1694035737826", "position": {"x": 0, "y": 0}}, {"event_name": "scroll", "timestamp": "1694035737890", "position": {"x": 0, "y": 0}}, {"event_name": "scroll", "timestamp": "1694035737950", "position": {"x": 0, "y": 0}}, {"event_name": "scroll", "timestamp": "1694035738541", "position": {"x": 0, "y": 0}}, {"event_name": "scroll", "timestamp": "1694035738610", "position": {"x": 0, "y": 0}}, {"event_name": "scroll", "timestamp": "1694035738673", "position": {"x": 0, "y": 0}}, {"event_name": "scroll", "timestamp": "1694035738735", "position": {"x": 0, "y": 0}}, {"event_name": "scroll", "timestamp": "1694035738800", "position": {"x": 0, "y": 0}}, {"event_name": "scroll", "timestamp": "1694035738861", "position": {"x": 0, "y": 0}}, {"event_name": "scroll", "timestamp": "1694035738923", "position": {"x": 0, "y": 0}}, {"event_name": "mouseover", "timestamp": "1694035742227", "position": {"x": 1, "y": 2035}}, {"event_name": "mousemove", "timestamp": "1694035742229", "position": {"x": 1, "y": 2035}}, {"event_name": "mousemove", "timestamp": "1694035742246", "position": {"x": 2, "y": 2040}}, {"event_name": "mousemove", "timestamp": "1694035742263", "position": {"x": 3, "y": 2042}}, {"event_name": "mousemove", "timestamp": "1694035742281", "position": {"x": 3, "y": 2044}}, {"event_name": "mousemove", "timestamp": "1694035742298", "position": {"x": 3, "y": 2047}}, {"event_name": "mousemove", "timestamp": "1694035742316", "position": {"x": 4, "y": 2050}}, {"event_name": "mousemove", "timestamp": "1694035742334", "position": {"x": 4, "y": 2055}}, {"event_name": "mousemove", "timestamp": "1694035742351", "position": {"x": 5, "y": 2060}}, {"event_name": "mousemove", "timestamp": "1694035742369", "position": {"x": 6, "y": 2065}}, {"event_name": "mousemove", "timestamp": "1694035742386", "position": {"x": 6, "y": 2070}}, {"event_name": "mousemove", "timestamp": "1694035742403", "position": {"x": 6, "y": 2075}}, {"event_name": "mousemove", "timestamp": "1694035742421", "position": {"x": 7, "y": 2080}}, {"event_name": "mousemove", "timestamp": "1694035742439", "position": {"x": 8, "y": 2084}}, {"event_name": "mousemove", "timestamp": "1694035742456", "position": {"x": 10, "y": 2088}}, {"event_name": "mouseout", "timestamp": "1694035742474", "position": {"x": 12, "y": 2092}}, {"event_name": "mouseover", "timestamp": "1694035742474", "position": {"x": 12, "y": 2092}}, {"event_name": "mousemove", "timestamp": "1694035742474", "position": {"x": 12, "y": 2092}}, {"event_name": "mousemove", "timestamp": "1694035742492", "position": {"x": 12, "y": 2097}}, {"event_name": "mousemove", "timestamp": "1694035742509", "position": {"x": 13, "y": 2101}}, {"event_name": "mousemove", "timestamp": "1694035742527", "position": {"x": 14, "y": 2106}}, {"event_name": "mousemove", "timestamp": "1694035742544", "position": {"x": 16, "y": 2110}}, {"event_name": "mousemove", "timestamp": "1694035742561", "position": {"x": 18, "y": 2115}}, {"event_name": "mousemove", "timestamp": "1694035742579", "position": {"x": 20, "y": 2120}}, {"event_name": "mousemove", "timestamp": "1694035742597", "position": {"x": 20, "y": 2124}}, {"event_name": "mousemove", "timestamp": "1694035742614", "position": {"x": 20, "y": 2129}}, {"event_name": "mousemove", "timestamp": "1694035742632", "position": {"x": 20, "y": 2133}}, {"event_name": "mousemove", "timestamp": "1694035742649", "position": {"x": 21, "y": 2137}}, {"event_name": "mousemove", "timestamp": "1694035742668", "position": {"x": 22, "y": 2142}}, {"event_name": "mousemove", "timestamp": "1694035742684", "position": {"x": 23, "y": 2147}}, {"event_name": "mousemove", "timestamp": "1694035742703", "position": {"x": 23, "y": 2152}}, {"event_name": "mousemove", "timestamp": "1694035742720", "position": {"x": 23, "y": 2158}}, {"event_name": "mousemove", "timestamp": "1694035742738", "position": {"x": 24, "y": 2164}}, {"event_name": "mousemove", "timestamp": "1694035742758", "position": {"x": 25, "y": 2169}}, {"event_name": "mousemove", "timestamp": "1694035742775", "position": {"x": 27, "y": 2174}}, {"event_name": "mousemove", "timestamp": "1694035742793", "position": {"x": 28, "y": 2178}}, {"event_name": "mousemove", "timestamp": "1694035742811", "position": {"x": 28, "y": 2184}}, {"event_name": "mousemove", "timestamp": "1694035742829", "position": {"x": 28, "y": 2191}}, {"event_name": "mousemove", "timestamp": "1694035742846", "position": {"x": 29, "y": 2197}}, {"event_name": "mousemove", "timestamp": "1694035742864", "position": {"x": 31, "y": 2203}}, {"event_name": "mousemove", "timestamp": "1694035742881", "position": {"x": 34, "y": 2210}}, {"event_name": "mousemove", "timestamp": "1694035742899", "position": {"x": 37, "y": 2216}}, {"event_name": "mousemove", "timestamp": "1694035742918", "position": {"x": 37, "y": 2221}}, {"event_name": "mousemove", "timestamp": "1694035742937", "position": {"x": 37, "y": 2227}}, {"event_name": "mousemove", "timestamp": "1694035742955", "position": {"x": 38, "y": 2232}}, {"event_name": "mousemove", "timestamp": "1694035742974", "position": {"x": 37, "y": 2239}}, {"event_name": "mousemove", "timestamp": "1694035742993", "position": {"x": 36, "y": 2248}}, {"event_name": "mousemove", "timestamp": "1694035743012", "position": {"x": 36, "y": 2255}}, {"event_name": "mousemove", "timestamp": "1694035743031", "position": {"x": 39, "y": 2262}}, {"event_name": "mousemove", "timestamp": "1694035743049", "position": {"x": 42, "y": 2271}}, {"event_name": "mousemove", "timestamp": "1694035743067", "position": {"x": 45, "y": 2278}}, {"event_name": "mousemove", "timestamp": "1694035743085", "position": {"x": 46, "y": 2285}}, {"event_name": "mousemove", "timestamp": "1694035743102", "position": {"x": 48, "y": 2293}}, {"event_name": "mousemove", "timestamp": "1694035743120", "position": {"x": 50, "y": 2300}}, {"event_name": "mousemove", "timestamp": "1694035743137", "position": {"x": 50, "y": 2308}}, {"event_name": "mousemove", "timestamp": "1694035743155", "position": {"x": 50, "y": 2317}}, {"event_name": "mousemove", "timestamp": "1694035743173", "position": {"x": 51, "y": 2325}}, {"event_name": "mousemove", "timestamp": "1694035743191", "position": {"x": 53, "y": 2334}}, {"event_name": "mousemove", "timestamp": "1694035743210", "position": {"x": 56, "y": 2344}}, {"event_name": "mousemove", "timestamp": "1694035743228", "position": {"x": 58, "y": 2352}}, {"event_name": "mousemove", "timestamp": "1694035743246", "position": {"x": 60, "y": 2360}}, {"event_name": "mousemove", "timestamp": "1694035743265", "position": {"x": 62, "y": 2370}}, {"event_name": "mousemove", "timestamp": "1694035743283", "position": {"x": 64, "y": 2378}}, {"event_name": "mousemove", "timestamp": "1694035743302", "position": {"x": 66, "y": 2385}}, {"event_name": "mousemove", "timestamp": "1694035743322", "position": {"x": 68, "y": 2393}}, {"event_name": "mouseout", "timestamp": "1694035743339", "position": {"x": 70, "y": 2400}}, {"event_name": "mouseover", "timestamp": "1694035743339", "position": {"x": 70, "y": 2400}}, {"event_name": "mousemove", "timestamp": "1694035743339", "position": {"x": 70, "y": 2400}}, {"event_name": "mousemove", "timestamp": "1694035743357", "position": {"x": 73, "y": 2408}}, {"event_name": "mousemove", "timestamp": "1694035743374", "position": {"x": 77, "y": 2417}}, {"event_name": "mousemove", "timestamp": "1694035743393", "position": {"x": 80, "y": 2425}}, {"event_name": "mousemove", "timestamp": "1694035743410", "position": {"x": 83, "y": 2434}}, {"event_name": "mouseout", "timestamp": "1694035743427", "position": {"x": 87, "y": 2444}}, {"event_name": "mouseover", "timestamp": "1694035743427", "position": {"x": 87, "y": 2444}}, {"event_name": "mousemove", "timestamp": "1694035743428", "position": {"x": 87, "y": 2444}}, {"event_name": "mouseout", "timestamp": "1694035743445", "position": {"x": 90, "y": 2453}}, {"event_name": "mouseover", "timestamp": "1694035743445", "position": {"x": 90, "y": 2453}}, {"event_name": "mousemove", "timestamp": "1694035743446", "position": {"x": 90, "y": 2453}}, {"event_name": "mousemove", "timestamp": "1694035743463", "position": {"x": 93, "y": 2463}}, {"event_name": "mouseout", "timestamp": "1694035743481", "position": {"x": 96, "y": 2475}}, {"event_name": "mouseover", "timestamp": "1694035743481", "position": {"x": 96, "y": 2475}}, {"event_name": "mousemove", "timestamp": "1694035743481", "position": {"x": 96, "y": 2475}}, {"event_name": "mousemove", "timestamp": "1694035743498", "position": {"x": 99, "y": 2485}}, {"event_name": "mouseout", "timestamp": "1694035743516", "position": {"x": 100, "y": 2494}}, {"event_name": "mouseover", "timestamp": "1694035743516", "position": {"x": 100, "y": 2494}}, {"event_name": "mousemove", "timestamp": "1694035743516", "position": {"x": 100, "y": 2494}}, {"event_name": "mousemove", "timestamp": "1694035743533", "position": {"x": 101, "y": 2505}}, {"event_name": "mousemove", "timestamp": "1694035743551", "position": {"x": 103, "y": 2514}}, {"event_name": "mousemove", "timestamp": "1694035743569", "position": {"x": 104, "y": 2521}}, {"event_name": "mousemove", "timestamp": "1694035743587", "position": {"x": 106, "y": 2530}}, {"event_name": "mousemove", "timestamp": "1694035743604", "position": {"x": 108, "y": 2537}}, {"event_name": "mouseout", "timestamp": "1694035743622", "position": {"x": 110, "y": 2546}}, {"event_name": "mouseover", "timestamp": "1694035743622", "position": {"x": 110, "y": 2546}}, {"event_name": "mousemove", "timestamp": "1694035743622", "position": {"x": 110, "y": 2546}}, {"event_name": "mousemove", "timestamp": "1694035743639", "position": {"x": 112, "y": 2555}}, {"event_name": "mouseout", "timestamp": "1694035743657", "position": {"x": 114, "y": 2564}}, {"event_name": "mouseover", "timestamp": "1694035743657", "position": {"x": 114, "y": 2564}}, {"event_name": "mousemove", "timestamp": "1694035743658", "position": {"x": 114, "y": 2564}}, {"event_name": "mousemove", "timestamp": "1694035743675", "position": {"x": 113, "y": 2571}}, {"event_name": "mousemove", "timestamp": "1694035743693", "position": {"x": 112, "y": 2578}}, {"event_name": "mousemove", "timestamp": "1694035743712", "position": {"x": 112, "y": 2584}}, {"event_name": "mouseover", "timestamp": "1694035743731", "position": {"x": 111, "y": 2591}}, {"event_name": "mouseout", "timestamp": "1694035743731", "position": {"x": 111, "y": 2591}}, {"event_name": "mousemove", "timestamp": "1694035743732", "position": {"x": 111, "y": 2591}}, {"event_name": "mousemove", "timestamp": "1694035743751", "position": {"x": 110, "y": 2600}}, {"event_name": "mousemove", "timestamp": "1694035743769", "position": {"x": 110, "y": 2606}}, {"event_name": "mouseout", "timestamp": "1694035743787", "position": {"x": 110, "y": 2612}}, {"event_name": "mouseover", "timestamp": "1694035743788", "position": {"x": 110, "y": 2612}}, {"event_name": "mousemove", "timestamp": "1694035743788", "position": {"x": 110, "y": 2612}}, {"event_name": "mousemove", "timestamp": "1694035743806", "position": {"x": 110, "y": 2618}}, {"event_name": "mousemove", "timestamp": "1694035743825", "position": {"x": 111, "y": 2624}}, {"event_name": "mousemove", "timestamp": "1694035743844", "position": {"x": 111, "y": 2630}}, {"event_name": "mouseout", "timestamp": "1694035743863", "position": {"x": 112, "y": 2636}}, {"event_name": "mouseover", "timestamp": "1694035743863", "position": {"x": 112, "y": 2636}}, {"event_name": "mousemove", "timestamp": "1694035743863", "position": {"x": 112, "y": 2636}}, {"event_name": "mousemove", "timestamp": "1694035743881", "position": {"x": 113, "y": 2642}}, {"event_name": "mousemove", "timestamp": "1694035743900", "position": {"x": 114, "y": 2648}}, {"event_name": "mousemove", "timestamp": "1694035743919", "position": {"x": 116, "y": 2654}}, {"event_name": "mouseout", "timestamp": "1694035743937", "position": {"x": 118, "y": 2659}}, {"event_name": "mouseover", "timestamp": "1694035743938", "position": {"x": 118, "y": 2659}}, {"event_name": "mousemove", "timestamp": "1694035743938", "position": {"x": 118, "y": 2659}}, {"event_name": "mousemove", "timestamp": "1694035743957", "position": {"x": 117, "y": 2664}}, {"event_name": "mousemove", "timestamp": "1694035743975", "position": {"x": 117, "y": 2670}}, {"event_name": "mousemove", "timestamp": "1694035743993", "position": {"x": 117, "y": 2675}}, {"event_name": "mouseout", "timestamp": "1694035744012", "position": {"x": 117, "y": 2678}}, {"event_name": "mouseover", "timestamp": "1694035744012", "position": {"x": 117, "y": 2678}}, {"event_name": "mousemove", "timestamp": "1694035744013", "position": {"x": 117, "y": 2678}}, {"event_name": "mousemove", "timestamp": "1694035744032", "position": {"x": 117, "y": 2683}}, {"event_name": "mousemove", "timestamp": "1694035744051", "position": {"x": 117, "y": 2686}}, {"event_name": "mousemove", "timestamp": "1694035744086", "position": {"x": 117, "y": 2687}}, {"event_name": "mousemove", "timestamp": "1694035744104", "position": {"x": 117, "y": 2688}}, {"event_name": "mousedown", "timestamp": "1694035744425", "position": {"x": 117, "y": 2688}}, {"event_name": "mouseup", "timestamp": "1694035744544", "position": {"x": 117, "y": 2688}}, {"event_name": "click", "timestamp": "1694035744545", "position": {"x": 117, "y": 2688}}, {"event_name": "beforeunload", "timestamp": "1694035744548", "position": {"x": 0, "y": 0}}]}