{"user_id": "0c73713f-63a0-43d9-8890-10e48a5c63ea", "device": "desktop", "trace": [{"event_name": "pageshow", "timestamp": "1694038640134", "position": {"x": 0, "y": 0}}, {"event_name": "load", "timestamp": "1694038640134", "position": {"x": 0, "y": 0}}, {"event_name": "mouseover", "timestamp": "1694038640283", "position": {"x": 5, "y": 1}}, {"event_name": "mousemove", "timestamp": "1694038640283", "position": {"x": 5, "y": 1}}, {"event_name": "mousemove", "timestamp": "1694038640302", "position": {"x": 11, "y": 3}}, {"event_name": "mousemove", "timestamp": "1694038640319", "position": {"x": 15, "y": 4}}, {"event_name": "mousemove", "timestamp": "1694038640337", "position": {"x": 19, "y": 5}}, {"event_name": "mousemove", "timestamp": "1694038640354", "position": {"x": 24, "y": 6}}, {"event_name": "mousemove", "timestamp": "1694038640372", "position": {"x": 29, "y": 8}}, {"event_name": "mousemove", "timestamp": "1694038640390", "position": {"x": 34, "y": 10}}, {"event_name": "mousemove", "timestamp": "1694038640407", "position": {"x": 40, "y": 12}}, {"event_name": "mousemove", "timestamp": "1694038640425", "position": {"x": 46, "y": 14}}, {"event_name": "mousemove", "timestamp": "1694038640443", "position": {"x": 49, "y": 15}}, {"event_name": "mousemove", "timestamp": "1694038640460", "position": {"x": 53, "y": 16}}, {"event_name": "mousemove", "timestamp": "1694038640478", "position": {"x": 57, "y": 18}}, {"event_name": "mousemove", "timestamp": "1694038640496", "position": {"x": 62, "y": 17}}, {"event_name": "mousemove", "timestamp": "1694038640513", "position": {"x": 67, "y": 16}}, {"event_name": "mouseout", "timestamp": "1694038640531", "position": {"x": 72, "y": 16}}, {"event_name": "mouseover", "timestamp": "1694038640531", "position": {"x": 72, "y": 16}}, {"event_name": "mousemove", "timestamp": "1694038640531", "position": {"x": 72, "y": 16}}, {"event_name": "mousemove", "timestamp": "1694038640549", "position": {"x": 75, "y": 17}}, {"event_name": "mousemove", "timestamp": "1694038640568", "position": {"x": 79, "y": 18}}, {"event_name": "mousemove", "timestamp": "1694038640586", "position": {"x": 82, "y": 20}}, {"event_name": "mouseout", "timestamp": "1694038640605", "position": {"x": 85, "y": 21}}, {"event_name": "mouseover", "timestamp": "1694038640605", "position": {"x": 85, "y": 21}}, {"event_name": "mousemove", "timestamp": "1694038640606", "position": {"x": 85, "y": 21}}, {"event_name": "mousemove", "timestamp": "1694038640625", "position": {"x": 90, "y": 22}}, {"event_name": "mousemove", "timestamp": "1694038640643", "position": {"x": 93, "y": 24}}, {"event_name": "mousemove", "timestamp": "1694038640667", "position": {"x": 94, "y": 25}}, {"event_name": "mousemove", "timestamp": "1694038640691", "position": {"x": 97, "y": 26}}, {"event_name": "mousemove", "timestamp": "1694038640710", "position": {"x": 98, "y": 27}}, {"event_name": "mousemove", "timestamp": "1694038640728", "position": {"x": 99, "y": 27}}, {"event_name": "mousemove", "timestamp": "1694038640745", "position": {"x": 100, "y": 28}}, {"event_name": "mousemove", "timestamp": "1694038640763", "position": {"x": 101, "y": 29}}, {"event_name": "mousedown", "timestamp": "1694038641086", "position": {"x": 101, "y": 29}}, {"event_name": "mouseup", "timestamp": "1694038641193", "position": {"x": 101, "y": 29}}, {"event_name": "click", "timestamp": "1694038641193", "position": {"x": 101, "y": 29}}, {"event_name": "beforeunload", "timestamp": "1694038641196", "position": {"x": 0, "y": 0}}, {"event_name": "load", "timestamp": "1694038644080", "position": {"x": 0, "y": 0}}, {"event_name": "pageshow", "timestamp": "1694038644080", "position": {"x": 0, "y": 0}}, {"event_name": "mouseover", "timestamp": "1694038644392", "position": {"x": 7, "y": 1}}, {"event_name": "mousemove", "timestamp": "1694038644392", "position": {"x": 7, "y": 1}}, {"event_name": "mousemove", "timestamp": "1694038644410", "position": {"x": 16, "y": 3}}, {"event_name": "mousemove", "timestamp": "1694038644428", "position": {"x": 20, "y": 4}}, {"event_name": "mousemove", "timestamp": "1694038644446", "position": {"x": 26, "y": 4}}, {"event_name": "mousemove", "timestamp": "1694038644464", "position": {"x": 32, "y": 5}}, {"event_name": "mousemove", "timestamp": "1694038644481", "position": {"x": 38, "y": 6}}, {"event_name": "mousemove", "timestamp": "1694038644498", "position": {"x": 43, "y": 6}}, {"event_name": "mousemove", "timestamp": "1694038644517", "position": {"x": 48, "y": 6}}, {"event_name": "mousemove", "timestamp": "1694038644534", "position": {"x": 53, "y": 7}}, {"event_name": "mousemove", "timestamp": "1694038644552", "position": {"x": 60, "y": 7}}, {"event_name": "mousemove", "timestamp": "1694038644571", "position": {"x": 68, "y": 7}}, {"event_name": "mouseout", "timestamp": "1694038644588", "position": {"x": 75, "y": 7}}, {"event_name": "mouseover", "timestamp": "1694038644589", "position": {"x": 75, "y": 7}}, {"event_name": "mousemove", "timestamp": "1694038644589", "position": {"x": 75, "y": 7}}, {"event_name": "mousemove", "timestamp": "1694038644607", "position": {"x": 82, "y": 5}}, {"event_name": "mouseout", "timestamp": "1694038644624", "position": {"x": 90, "y": 3}}, {"event_name": "mouseover", "timestamp": "1694038644624", "position": {"x": 90, "y": 3}}, {"event_name": "mousemove", "timestamp": "1694038644625", "position": {"x": 90, "y": 3}}, {"event_name": "mousemove", "timestamp": "1694038644643", "position": {"x": 97, "y": 2}}, {"event_name": "mousemove", "timestamp": "1694038644661", "position": {"x": 104, "y": 2}}, {"event_name": "mousemove", "timestamp": "1694038644679", "position": {"x": 111, "y": 3}}, {"event_name": "mousemove", "timestamp": "1694038644698", "position": {"x": 118, "y": 4}}, {"event_name": "mousemove", "timestamp": "1694038644716", "position": {"x": 125, "y": 3}}, {"event_name": "mousemove", "timestamp": "1694038644734", "position": {"x": 133, "y": 3}}, {"event_name": "mousemove", "timestamp": "1694038644754", "position": {"x": 139, "y": 3}}, {"event_name": "mousemove", "timestamp": "1694038644772", "position": {"x": 145, "y": 4}}, {"event_name": "mousemove", "timestamp": "1694038644789", "position": {"x": 152, "y": 6}}, {"event_name": "mouseout", "timestamp": "1694038644807", "position": {"x": 158, "y": 8}}, {"event_name": "mouseover", "timestamp": "1694038644807", "position": {"x": 158, "y": 8}}, {"event_name": "mousemove", "timestamp": "1694038644807", "position": {"x": 158, "y": 8}}, {"event_name": "mouseout", "timestamp": "1694038644825", "position": {"x": 165, "y": 7}}, {"event_name": "mouseover", "timestamp": "1694038644825", "position": {"x": 165, "y": 7}}, {"event_name": "mousemove", "timestamp": "1694038644825", "position": {"x": 165, "y": 7}}, {"event_name": "mousemove", "timestamp": "1694038644842", "position": {"x": 173, "y": 6}}, {"event_name": "mousemove", "timestamp": "1694038644860", "position": {"x": 180, "y": 6}}, {"event_name": "mousemove", "timestamp": "1694038644878", "position": {"x": 187, "y": 4}}, {"event_name": "mousemove", "timestamp": "1694038644895", "position": {"x": 195, "y": 3}}, {"event_name": "mousemove", "timestamp": "1694038644913", "position": {"x": 202, "y": 3}}, {"event_name": "mousemove", "timestamp": "1694038644931", "position": {"x": 210, "y": 4}}, {"event_name": "mousemove", "timestamp": "1694038644948", "position": {"x": 219, "y": 5}}, {"event_name": "mousemove", "timestamp": "1694038644966", "position": {"x": 227, "y": 7}}, {"event_name": "mousemove", "timestamp": "1694038644983", "position": {"x": 234, "y": 6}}, {"event_name": "mousemove", "timestamp": "1694038645001", "position": {"x": 242, "y": 6}}, {"event_name": "mousemove", "timestamp": "1694038645018", "position": {"x": 250, "y": 6}}, {"event_name": "mousemove", "timestamp": "1694038645036", "position": {"x": 257, "y": 6}}, {"event_name": "mousemove", "timestamp": "1694038645054", "position": {"x": 266, "y": 7}}, {"event_name": "mouseout", "timestamp": "1694038645072", "position": {"x": 273, "y": 8}}, {"event_name": "mouseover", "timestamp": "1694038645072", "position": {"x": 273, "y": 8}}, {"event_name": "mousemove", "timestamp": "1694038645072", "position": {"x": 273, "y": 8}}, {"event_name": "mouseout", "timestamp": "1694038645093", "position": {"x": 281, "y": 6}}, {"event_name": "mouseover", "timestamp": "1694038645093", "position": {"x": 281, "y": 6}}, {"event_name": "mousemove", "timestamp": "1694038645093", "position": {"x": 281, "y": 6}}, {"event_name": "mousemove", "timestamp": "1694038645112", "position": {"x": 289, "y": 5}}, {"event_name": "mousemove", "timestamp": "1694038645129", "position": {"x": 295, "y": 5}}, {"event_name": "mousemove", "timestamp": "1694038645147", "position": {"x": 304, "y": 5}}, {"event_name": "mousemove", "timestamp": "1694038645165", "position": {"x": 314, "y": 5}}, {"event_name": "mousemove", "timestamp": "1694038645183", "position": {"x": 323, "y": 5}}, {"event_name": "mousemove", "timestamp": "1694038645200", "position": {"x": 329, "y": 3}}, {"event_name": "mousemove", "timestamp": "1694038645218", "position": {"x": 335, "y": 2}}, {"event_name": "mousemove", "timestamp": "1694038645236", "position": {"x": 341, "y": 1}}, {"event_name": "mousemove", "timestamp": "1694038645254", "position": {"x": 349, "y": 1}}, {"event_name": "mousemove", "timestamp": "1694038645273", "position": {"x": 358, "y": 2}}, {"event_name": "mousemove", "timestamp": "1694038645291", "position": {"x": 366, "y": 3}}, {"event_name": "mousemove", "timestamp": "1694038645310", "position": {"x": 375, "y": 2}}, {"event_name": "mousemove", "timestamp": "1694038645328", "position": {"x": 385, "y": 2}}, {"event_name": "mousemove", "timestamp": "1694038645347", "position": {"x": 394, "y": 2}}, {"event_name": "mousemove", "timestamp": "1694038645366", "position": {"x": 414, "y": 2}}, {"event_name": "mousemove", "timestamp": "1694038645384", "position": {"x": 436, "y": 3}}, {"event_name": "mousemove", "timestamp": "1694038645403", "position": {"x": 453, "y": 4}}, {"event_name": "mousemove", "timestamp": "1694038645421", "position": {"x": 462, "y": 5}}, {"event_name": "mousemove", "timestamp": "1694038645439", "position": {"x": 472, "y": 6}}, {"event_name": "mouseout", "timestamp": "1694038645457", "position": {"x": 481, "y": 8}}, {"event_name": "mouseover", "timestamp": "1694038645457", "position": {"x": 481, "y": 8}}, {"event_name": "mousemove", "timestamp": "1694038645457", "position": {"x": 481, "y": 8}}, {"event_name": "mousemove", "timestamp": "1694038645475", "position": {"x": 489, "y": 8}}, {"event_name": "mousemove", "timestamp": "1694038645493", "position": {"x": 499, "y": 8}}, {"event_name": "mousemove", "timestamp": "1694038645510", "position": {"x": 507, "y": 8}}, {"event_name": "mousemove", "timestamp": "1694038645528", "position": {"x": 515, "y": 10}}, {"event_name": "mousemove", "timestamp": "1694038645545", "position": {"x": 525, "y": 13}}, {"event_name": "mousemove", "timestamp": "1694038645563", "position": {"x": 533, "y": 16}}, {"event_name": "mousemove", "timestamp": "1694038645581", "position": {"x": 540, "y": 16}}, {"event_name": "mousemove", "timestamp": "1694038645599", "position": {"x": 549, "y": 16}}, {"event_name": "mousemove", "timestamp": "1694038645617", "position": {"x": 556, "y": 16}}, {"event_name": "mousemove", "timestamp": "1694038645633", "position": {"x": 565, "y": 15}}, {"event_name": "mousemove", "timestamp": "1694038645651", "position": {"x": 575, "y": 15}}, {"event_name": "mousemove", "timestamp": "1694038645669", "position": {"x": 584, "y": 15}}, {"event_name": "mousemove", "timestamp": "1694038645687", "position": {"x": 590, "y": 14}}, {"event_name": "mousemove", "timestamp": "1694038645705", "position": {"x": 596, "y": 14}}, {"event_name": "mousemove", "timestamp": "1694038645722", "position": {"x": 602, "y": 14}}, {"event_name": "mousemove", "timestamp": "1694038645739", "position": {"x": 610, "y": 15}}, {"event_name": "mousemove", "timestamp": "1694038645756", "position": {"x": 620, "y": 16}}, {"event_name": "mousemove", "timestamp": "1694038645774", "position": {"x": 628, "y": 17}}, {"event_name": "mousemove", "timestamp": "1694038645792", "position": {"x": 637, "y": 19}}, {"event_name": "mousemove", "timestamp": "1694038645809", "position": {"x": 647, "y": 21}}, {"event_name": "mousemove", "timestamp": "1694038645826", "position": {"x": 656, "y": 23}}, {"event_name": "mousemove", "timestamp": "1694038645844", "position": {"x": 663, "y": 22}}, {"event_name": "mousemove", "timestamp": "1694038645862", "position": {"x": 671, "y": 21}}, {"event_name": "mousemove", "timestamp": "1694038645879", "position": {"x": 678, "y": 21}}, {"event_name": "mousemove", "timestamp": "1694038645896", "position": {"x": 682, "y": 21}}, {"event_name": "mousemove", "timestamp": "1694038645914", "position": {"x": 686, "y": 21}}, {"event_name": "mousemove", "timestamp": "1694038645932", "position": {"x": 690, "y": 21}}, {"event_name": "mousemove", "timestamp": "1694038645949", "position": {"x": 694, "y": 22}}, {"event_name": "mousemove", "timestamp": "1694038645966", "position": {"x": 698, "y": 23}}, {"event_name": "mousemove", "timestamp": "1694038645984", "position": {"x": 702, "y": 24}}, {"event_name": "mousemove", "timestamp": "1694038646002", "position": {"x": 707, "y": 24}}, {"event_name": "mousemove", "timestamp": "1694038646020", "position": {"x": 712, "y": 24}}, {"event_name": "mousemove", "timestamp": "1694038646039", "position": {"x": 717, "y": 25}}, {"event_name": "mousemove", "timestamp": "1694038646058", "position": {"x": 721, "y": 25}}, {"event_name": "mousemove", "timestamp": "1694038646077", "position": {"x": 726, "y": 25}}, {"event_name": "mouseout", "timestamp": "1694038646095", "position": {"x": 730, "y": 25}}, {"event_name": "mouseover", "timestamp": "1694038646095", "position": {"x": 730, "y": 25}}, {"event_name": "mousemove", "timestamp": "1694038646095", "position": {"x": 730, "y": 25}}, {"event_name": "mousemove", "timestamp": "1694038646112", "position": {"x": 732, "y": 23}}, {"event_name": "mousemove", "timestamp": "1694038646130", "position": {"x": 735, "y": 22}}, {"event_name": "mousemove", "timestamp": "1694038646148", "position": {"x": 738, "y": 21}}, {"event_name": "mousemove", "timestamp": "1694038646166", "position": {"x": 740, "y": 22}}, {"event_name": "mousemove", "timestamp": "1694038646183", "position": {"x": 742, "y": 24}}, {"event_name": "mousemove", "timestamp": "1694038646200", "position": {"x": 745, "y": 26}}, {"event_name": "mousemove", "timestamp": "1694038646218", "position": {"x": 746, "y": 26}}, {"event_name": "mousemove", "timestamp": "1694038646236", "position": {"x": 747, "y": 26}}, {"event_name": "mousemove", "timestamp": "1694038646253", "position": {"x": 748, "y": 26}}, {"event_name": "mousedown", "timestamp": "1694038646571", "position": {"x": 748, "y": 26}}, {"event_name": "mouseup", "timestamp": "1694038646682", "position": {"x": 748, "y": 26}}, {"event_name": "click", "timestamp": "1694038646683", "position": {"x": 748, "y": 26}}, {"event_name": "beforeunload", "timestamp": "1694038646686", "position": {"x": 0, "y": 0}}, {"event_name": "load", "timestamp": "1694038649424", "position": {"x": 0, "y": 0}}, {"event_name": "pageshow", "timestamp": "1694038649424", "position": {"x": 0, "y": 0}}, {"event_name": "mouseover", "timestamp": "1694038649770", "position": {"x": 5, "y": 2}}, {"event_name": "mousemove", "timestamp": "1694038649771", "position": {"x": 5, "y": 2}}, {"event_name": "mousemove", "timestamp": "1694038649788", "position": {"x": 13, "y": 5}}, {"event_name": "mousemove", "timestamp": "1694038649806", "position": {"x": 17, "y": 7}}, {"event_name": "mousemove", "timestamp": "1694038649824", "position": {"x": 22, "y": 7}}, {"event_name": "mousemove", "timestamp": "1694038649841", "position": {"x": 27, "y": 7}}, {"event_name": "mousemove", "timestamp": "1694038649859", "position": {"x": 33, "y": 7}}, {"event_name": "mousemove", "timestamp": "1694038649877", "position": {"x": 38, "y": 6}}, {"event_name": "mousemove", "timestamp": "1694038649895", "position": {"x": 44, "y": 5}}, {"event_name": "mousemove", "timestamp": "1694038649913", "position": {"x": 50, "y": 5}}, {"event_name": "mousemove", "timestamp": "1694038649932", "position": {"x": 57, "y": 5}}, {"event_name": "mousemove", "timestamp": "1694038649951", "position": {"x": 65, "y": 6}}, {"event_name": "mouseout", "timestamp": "1694038649970", "position": {"x": 72, "y": 7}}, {"event_name": "mouseover", "timestamp": "1694038649970", "position": {"x": 72, "y": 7}}, {"event_name": "mousemove", "timestamp": "1694038649970", "position": {"x": 72, "y": 7}}, {"event_name": "mousemove", "timestamp": "1694038649989", "position": {"x": 78, "y": 7}}, {"event_name": "mousemove", "timestamp": "1694038650007", "position": {"x": 84, "y": 7}}, {"event_name": "mouseout", "timestamp": "1694038650026", "position": {"x": 90, "y": 8}}, {"event_name": "mouseover", "timestamp": "1694038650026", "position": {"x": 90, "y": 8}}, {"event_name": "mousemove", "timestamp": "1694038650028", "position": {"x": 90, "y": 8}}, {"event_name": "mousemove", "timestamp": "1694038650046", "position": {"x": 96, "y": 9}}, {"event_name": "mousemove", "timestamp": "1694038650064", "position": {"x": 102, "y": 10}}, {"event_name": "mousemove", "timestamp": "1694038650083", "position": {"x": 108, "y": 11}}, {"event_name": "mouseout", "timestamp": "1694038650100", "position": {"x": 115, "y": 10}}, {"event_name": "mouseover", "timestamp": "1694038650100", "position": {"x": 115, "y": 10}}, {"event_name": "mousemove", "timestamp": "1694038650101", "position": {"x": 115, "y": 10}}, {"event_name": "mousemove", "timestamp": "1694038650118", "position": {"x": 122, "y": 9}}, {"event_name": "mousemove", "timestamp": "1694038650136", "position": {"x": 128, "y": 9}}, {"event_name": "mousemove", "timestamp": "1694038650154", "position": {"x": 134, "y": 11}}, {"event_name": "mousemove", "timestamp": "1694038650171", "position": {"x": 140, "y": 13}}, {"event_name": "mousemove", "timestamp": "1694038650189", "position": {"x": 146, "y": 15}}, {"event_name": "mousemove", "timestamp": "1694038650206", "position": {"x": 154, "y": 16}}, {"event_name": "mousemove", "timestamp": "1694038650225", "position": {"x": 162, "y": 17}}, {"event_name": "mousemove", "timestamp": "1694038650244", "position": {"x": 169, "y": 19}}, {"event_name": "mousemove", "timestamp": "1694038650262", "position": {"x": 179, "y": 18}}, {"event_name": "mousemove", "timestamp": "1694038650281", "position": {"x": 189, "y": 18}}, {"event_name": "mousemove", "timestamp": "1694038650299", "position": {"x": 197, "y": 18}}, {"event_name": "mousemove", "timestamp": "1694038650318", "position": {"x": 205, "y": 16}}, {"event_name": "mousemove", "timestamp": "1694038650335", "position": {"x": 215, "y": 15}}, {"event_name": "mousemove", "timestamp": "1694038650353", "position": {"x": 223, "y": 14}}, {"event_name": "mousemove", "timestamp": "1694038650370", "position": {"x": 229, "y": 14}}, {"event_name": "mousemove", "timestamp": "1694038650387", "position": {"x": 235, "y": 14}}, {"event_name": "mousemove", "timestamp": "1694038650406", "position": {"x": 241, "y": 15}}, {"event_name": "mousemove", "timestamp": "1694038650424", "position": {"x": 248, "y": 15}}, {"event_name": "mousemove", "timestamp": "1694038650442", "position": {"x": 256, "y": 15}}, {"event_name": "mousemove", "timestamp": "1694038650460", "position": {"x": 263, "y": 15}}, {"event_name": "mousemove", "timestamp": "1694038650477", "position": {"x": 271, "y": 13}}, {"event_name": "mousemove", "timestamp": "1694038650495", "position": {"x": 280, "y": 12}}, {"event_name": "mousemove", "timestamp": "1694038650513", "position": {"x": 289, "y": 12}}, {"event_name": "mousemove", "timestamp": "1694038650530", "position": {"x": 297, "y": 12}}, {"event_name": "mousemove", "timestamp": "1694038650548", "position": {"x": 307, "y": 12}}, {"event_name": "mousemove", "timestamp": "1694038650565", "position": {"x": 315, "y": 12}}, {"event_name": "mousemove", "timestamp": "1694038650583", "position": {"x": 323, "y": 12}}, {"event_name": "mousemove", "timestamp": "1694038650601", "position": {"x": 331, "y": 12}}, {"event_name": "mousemove", "timestamp": "1694038650619", "position": {"x": 339, "y": 12}}, {"event_name": "mousemove", "timestamp": "1694038650638", "position": {"x": 348, "y": 11}}, {"event_name": "mousemove", "timestamp": "1694038650658", "position": {"x": 358, "y": 10}}, {"event_name": "mouseout", "timestamp": "1694038650676", "position": {"x": 366, "y": 10}}, {"event_name": "mouseover", "timestamp": "1694038650676", "position": {"x": 366, "y": 10}}, {"event_name": "mousemove", "timestamp": "1694038650676", "position": {"x": 366, "y": 10}}, {"event_name": "mousemove", "timestamp": "1694038650696", "position": {"x": 375, "y": 9}}, {"event_name": "mousemove", "timestamp": "1694038650713", "position": {"x": 384, "y": 9}}, {"event_name": "mousemove", "timestamp": "1694038650732", "position": {"x": 391, "y": 9}}, {"event_name": "mousemove", "timestamp": "1694038650749", "position": {"x": 402, "y": 10}}, {"event_name": "mousemove", "timestamp": "1694038650768", "position": {"x": 414, "y": 11}}, {"event_name": "mousemove", "timestamp": "1694038650785", "position": {"x": 425, "y": 12}}, {"event_name": "mousemove", "timestamp": "1694038650804", "position": {"x": 435, "y": 12}}, {"event_name": "mousemove", "timestamp": "1694038650822", "position": {"x": 446, "y": 12}}, {"event_name": "mouseout", "timestamp": "1694038650841", "position": {"x": 455, "y": 12}}, {"event_name": "mouseover", "timestamp": "1694038650841", "position": {"x": 455, "y": 12}}, {"event_name": "mousemove", "timestamp": "1694038650842", "position": {"x": 455, "y": 12}}, {"event_name": "mousemove", "timestamp": "1694038650860", "position": {"x": 465, "y": 11}}, {"event_name": "mousemove", "timestamp": "1694038650878", "position": {"x": 476, "y": 11}}, {"event_name": "mousemove", "timestamp": "1694038650896", "position": {"x": 486, "y": 11}}, {"event_name": "mousemove", "timestamp": "1694038650913", "position": {"x": 495, "y": 12}}, {"event_name": "mousemove", "timestamp": "1694038650930", "position": {"x": 504, "y": 13}}, {"event_name": "mousemove", "timestamp": "1694038650948", "position": {"x": 513, "y": 15}}, {"event_name": "mousemove", "timestamp": "1694038650965", "position": {"x": 522, "y": 17}}, {"event_name": "mousemove", "timestamp": "1694038650983", "position": {"x": 532, "y": 19}}, {"event_name": "mousemove", "timestamp": "1694038651001", "position": {"x": 541, "y": 21}}, {"event_name": "mousemove", "timestamp": "1694038651018", "position": {"x": 551, "y": 20}}, {"event_name": "mousemove", "timestamp": "1694038651035", "position": {"x": 562, "y": 19}}, {"event_name": "mousemove", "timestamp": "1694038651053", "position": {"x": 572, "y": 19}}, {"event_name": "mousemove", "timestamp": "1694038651070", "position": {"x": 581, "y": 17}}, {"event_name": "mousemove", "timestamp": "1694038651088", "position": {"x": 591, "y": 16}}, {"event_name": "mousemove", "timestamp": "1694038651105", "position": {"x": 601, "y": 16}}, {"event_name": "mousemove", "timestamp": "1694038651123", "position": {"x": 610, "y": 15}}, {"event_name": "mousemove", "timestamp": "1694038651140", "position": {"x": 620, "y": 14}}, {"event_name": "mousemove", "timestamp": "1694038651158", "position": {"x": 629, "y": 14}}, {"event_name": "mousemove", "timestamp": "1694038651175", "position": {"x": 641, "y": 13}}, {"event_name": "mousemove", "timestamp": "1694038651193", "position": {"x": 653, "y": 12}}, {"event_name": "mousemove", "timestamp": "1694038651210", "position": {"x": 665, "y": 12}}, {"event_name": "mousemove", "timestamp": "1694038651228", "position": {"x": 673, "y": 14}}, {"event_name": "mousemove", "timestamp": "1694038651246", "position": {"x": 683, "y": 16}}, {"event_name": "mousemove", "timestamp": "1694038651263", "position": {"x": 691, "y": 18}}, {"event_name": "mousemove", "timestamp": "1694038651281", "position": {"x": 698, "y": 20}}, {"event_name": "mousemove", "timestamp": "1694038651299", "position": {"x": 706, "y": 22}}, {"event_name": "mousemove", "timestamp": "1694038651318", "position": {"x": 713, "y": 24}}, {"event_name": "mousemove", "timestamp": "1694038651337", "position": {"x": 720, "y": 25}}, {"event_name": "mouseout", "timestamp": "1694038651355", "position": {"x": 729, "y": 26}}, {"event_name": "mouseover", "timestamp": "1694038651355", "position": {"x": 729, "y": 26}}, {"event_name": "mousemove", "timestamp": "1694038651356", "position": {"x": 729, "y": 26}}, {"event_name": "mousemove", "timestamp": "1694038651375", "position": {"x": 736, "y": 28}}, {"event_name": "mousemove", "timestamp": "1694038651394", "position": {"x": 740, "y": 27}}, {"event_name": "mousemove", "timestamp": "1694038651411", "position": {"x": 745, "y": 27}}, {"event_name": "mousemove", "timestamp": "1694038651429", "position": {"x": 750, "y": 27}}, {"event_name": "mousemove", "timestamp": "1694038651448", "position": {"x": 756, "y": 26}}, {"event_name": "mousemove", "timestamp": "1694038651465", "position": {"x": 762, "y": 25}}, {"event_name": "mousemove", "timestamp": "1694038651483", "position": {"x": 768, "y": 25}}, {"event_name": "mousemove", "timestamp": "1694038651501", "position": {"x": 772, "y": 23}}, {"event_name": "mousemove", "timestamp": "1694038651518", "position": {"x": 776, "y": 22}}, {"event_name": "mousemove", "timestamp": "1694038651536", "position": {"x": 780, "y": 22}}, {"event_name": "mousemove", "timestamp": "1694038651554", "position": {"x": 783, "y": 22}}, {"event_name": "mousemove", "timestamp": "1694038651571", "position": {"x": 786, "y": 22}}, {"event_name": "mousemove", "timestamp": "1694038651589", "position": {"x": 789, "y": 23}}, {"event_name": "mouseout", "timestamp": "1694038651607", "position": {"x": 792, "y": 22}}, {"event_name": "mouseover", "timestamp": "1694038651607", "position": {"x": 792, "y": 22}}, {"event_name": "mousemove", "timestamp": "1694038651607", "position": {"x": 792, "y": 22}}, {"event_name": "mousemove", "timestamp": "1694038651624", "position": {"x": 795, "y": 22}}, {"event_name": "mousemove", "timestamp": "1694038651642", "position": {"x": 798, "y": 22}}, {"event_name": "mousemove", "timestamp": "1694038651659", "position": {"x": 800, "y": 21}}, {"event_name": "mousemove", "timestamp": "1694038651677", "position": {"x": 803, "y": 21}}, {"event_name": "mousemove", "timestamp": "1694038651694", "position": {"x": 806, "y": 21}}, {"event_name": "mousemove", "timestamp": "1694038651712", "position": {"x": 808, "y": 20}}, {"event_name": "mousemove", "timestamp": "1694038651730", "position": {"x": 810, "y": 20}}, {"event_name": "mousemove", "timestamp": "1694038651747", "position": {"x": 812, "y": 20}}, {"event_name": "mousemove", "timestamp": "1694038651765", "position": {"x": 814, "y": 18}}, {"event_name": "mousemove", "timestamp": "1694038651782", "position": {"x": 816, "y": 17}}, {"event_name": "mousemove", "timestamp": "1694038651799", "position": {"x": 819, "y": 17}}, {"event_name": "mousemove", "timestamp": "1694038651817", "position": {"x": 820, "y": 16}}, {"event_name": "mousemove", "timestamp": "1694038651835", "position": {"x": 821, "y": 16}}, {"event_name": "mousemove", "timestamp": "1694038651853", "position": {"x": 822, "y": 16}}, {"event_name": "mousedown", "timestamp": "1694038652170", "position": {"x": 822, "y": 16}}, {"event_name": "mouseup", "timestamp": "1694038652284", "position": {"x": 822, "y": 16}}, {"event_name": "click", "timestamp": "1694038652284", "position": {"x": 822, "y": 16}}, {"event_name": "beforeunload", "timestamp": "1694038652290", "position": {"x": 0, "y": 0}}, {"event_name": "load", "timestamp": "1694038652473", "position": {"x": 0, "y": 0}}, {"event_name": "pageshow", "timestamp": "1694038652473", "position": {"x": 0, "y": 0}}, {"event_name": "mouseover", "timestamp": "1694038652772", "position": {"x": 5, "y": 0}}, {"event_name": "mousemove", "timestamp": "1694038652773", "position": {"x": 5, "y": 0}}, {"event_name": "mousemove", "timestamp": "1694038652791", "position": {"x": 13, "y": 0}}, {"event_name": "mousemove", "timestamp": "1694038652808", "position": {"x": 16, "y": 0}}, {"event_name": "mousemove", "timestamp": "1694038652826", "position": {"x": 63, "y": 0}}, {"event_name": "mouseout", "timestamp": "1694038652844", "position": {"x": 114, "y": 0}}, {"event_name": "mouseover", "timestamp": "1694038652844", "position": {"x": 114, "y": 0}}, {"event_name": "mousemove", "timestamp": "1694038652844", "position": {"x": 114, "y": 0}}, {"event_name": "mousemove", "timestamp": "1694038652861", "position": {"x": 156, "y": 0}}, {"event_name": "mousemove", "timestamp": "1694038652879", "position": {"x": 177, "y": 0}}, {"event_name": "mousemove", "timestamp": "1694038652898", "position": {"x": 201, "y": 1}}, {"event_name": "mousemove", "timestamp": "1694038652916", "position": {"x": 219, "y": 2}}, {"event_name": "mousemove", "timestamp": "1694038652935", "position": {"x": 226, "y": 2}}, {"event_name": "mousemove", "timestamp": "1694038652955", "position": {"x": 235, "y": 2}}, {"event_name": "mousemove", "timestamp": "1694038652972", "position": {"x": 242, "y": 2}}, {"event_name": "mousemove", "timestamp": "1694038652991", "position": {"x": 268, "y": 1}}, {"event_name": "mousemove", "timestamp": "1694038653010", "position": {"x": 298, "y": 0}}, {"event_name": "mousemove", "timestamp": "1694038653029", "position": {"x": 320, "y": 0}}, {"event_name": "mousemove", "timestamp": "1694038653047", "position": {"x": 330, "y": 2}}, {"event_name": "mousemove", "timestamp": "1694038653066", "position": {"x": 341, "y": 4}}, {"event_name": "mousemove", "timestamp": "1694038653083", "position": {"x": 350, "y": 6}}, {"event_name": "mousemove", "timestamp": "1694038653101", "position": {"x": 359, "y": 5}}, {"event_name": "mousemove", "timestamp": "1694038653119", "position": {"x": 368, "y": 5}}, {"event_name": "mousemove", "timestamp": "1694038653136", "position": {"x": 376, "y": 5}}, {"event_name": "mousemove", "timestamp": "1694038653154", "position": {"x": 386, "y": 5}}, {"event_name": "mousemove", "timestamp": "1694038653173", "position": {"x": 397, "y": 5}}, {"event_name": "mousemove", "timestamp": "1694038653192", "position": {"x": 406, "y": 6}}, {"event_name": "mousemove", "timestamp": "1694038653210", "position": {"x": 415, "y": 7}}, {"event_name": "mousemove", "timestamp": "1694038653229", "position": {"x": 425, "y": 9}}, {"event_name": "mousemove", "timestamp": "1694038653247", "position": {"x": 433, "y": 11}}, {"event_name": "mousemove", "timestamp": "1694038653266", "position": {"x": 443, "y": 11}}, {"event_name": "mouseout", "timestamp": "1694038653285", "position": {"x": 455, "y": 11}}, {"event_name": "mouseover", "timestamp": "1694038653286", "position": {"x": 455, "y": 11}}, {"event_name": "mousemove", "timestamp": "1694038653287", "position": {"x": 455, "y": 11}}, {"event_name": "mousemove", "timestamp": "1694038653305", "position": {"x": 464, "y": 11}}, {"event_name": "mousemove", "timestamp": "1694038653324", "position": {"x": 472, "y": 9}}, {"event_name": "mousemove", "timestamp": "1694038653343", "position": {"x": 482, "y": 8}}, {"event_name": "mouseout", "timestamp": "1694038653362", "position": {"x": 490, "y": 7}}, {"event_name": "mouseover", "timestamp": "1694038653362", "position": {"x": 490, "y": 7}}, {"event_name": "mousemove", "timestamp": "1694038653363", "position": {"x": 490, "y": 7}}, {"event_name": "mouseout", "timestamp": "1694038653381", "position": {"x": 502, "y": 8}}, {"event_name": "mouseover", "timestamp": "1694038653381", "position": {"x": 502, "y": 8}}, {"event_name": "mousemove", "timestamp": "1694038653381", "position": {"x": 502, "y": 8}}, {"event_name": "mousemove", "timestamp": "1694038653399", "position": {"x": 516, "y": 10}}, {"event_name": "mousemove", "timestamp": "1694038653416", "position": {"x": 528, "y": 12}}, {"event_name": "mousemove", "timestamp": "1694038653433", "position": {"x": 537, "y": 13}}, {"event_name": "mousemove", "timestamp": "1694038653451", "position": {"x": 547, "y": 15}}, {"event_name": "mousemove", "timestamp": "1694038653468", "position": {"x": 556, "y": 17}}, {"event_name": "mousemove", "timestamp": "1694038653490", "position": {"x": 568, "y": 19}}, {"event_name": "mousemove", "timestamp": "1694038653509", "position": {"x": 581, "y": 21}}, {"event_name": "mousemove", "timestamp": "1694038653526", "position": {"x": 589, "y": 23}}, {"event_name": "mousemove", "timestamp": "1694038653543", "position": {"x": 600, "y": 23}}, {"event_name": "mousemove", "timestamp": "1694038653561", "position": {"x": 612, "y": 24}}, {"event_name": "mousemove", "timestamp": "1694038653578", "position": {"x": 622, "y": 25}}, {"event_name": "mousemove", "timestamp": "1694038653596", "position": {"x": 633, "y": 27}}, {"event_name": "mousemove", "timestamp": "1694038653613", "position": {"x": 645, "y": 29}}, {"event_name": "mousemove", "timestamp": "1694038653631", "position": {"x": 655, "y": 32}}, {"event_name": "mousemove", "timestamp": "1694038653649", "position": {"x": 665, "y": 32}}, {"event_name": "mousemove", "timestamp": "1694038653666", "position": {"x": 677, "y": 33}}, {"event_name": "mousemove", "timestamp": "1694038653684", "position": {"x": 687, "y": 34}}, {"event_name": "mousemove", "timestamp": "1694038653701", "position": {"x": 697, "y": 35}}, {"event_name": "mousemove", "timestamp": "1694038653719", "position": {"x": 707, "y": 37}}, {"event_name": "mousemove", "timestamp": "1694038653736", "position": {"x": 717, "y": 39}}, {"event_name": "mousemove", "timestamp": "1694038653754", "position": {"x": 726, "y": 42}}, {"event_name": "mouseout", "timestamp": "1694038653772", "position": {"x": 735, "y": 46}}, {"event_name": "mouseover", "timestamp": "1694038653772", "position": {"x": 735, "y": 46}}, {"event_name": "mousemove", "timestamp": "1694038653773", "position": {"x": 735, "y": 46}}, {"event_name": "mouseout", "timestamp": "1694038653790", "position": {"x": 744, "y": 49}}, {"event_name": "mouseover", "timestamp": "1694038653791", "position": {"x": 744, "y": 49}}, {"event_name": "mousemove", "timestamp": "1694038653791", "position": {"x": 744, "y": 49}}, {"event_name": "mouseout", "timestamp": "1694038653808", "position": {"x": 754, "y": 46}}, {"event_name": "mouseover", "timestamp": "1694038653809", "position": {"x": 754, "y": 46}}, {"event_name": "mousemove", "timestamp": "1694038653809", "position": {"x": 754, "y": 46}}, {"event_name": "mousemove", "timestamp": "1694038653826", "position": {"x": 766, "y": 43}}, {"event_name": "mousemove", "timestamp": "1694038653843", "position": {"x": 776, "y": 41}}, {"event_name": "mousemove", "timestamp": "1694038653862", "position": {"x": 786, "y": 40}}, {"event_name": "mouseout", "timestamp": "1694038653879", "position": {"x": 798, "y": 39}}, {"event_name": "mouseover", "timestamp": "1694038653879", "position": {"x": 798, "y": 39}}, {"event_name": "mousemove", "timestamp": "1694038653880", "position": {"x": 798, "y": 39}}, {"event_name": "mousemove", "timestamp": "1694038653897", "position": {"x": 808, "y": 39}}, {"event_name": "mousemove", "timestamp": "1694038653915", "position": {"x": 813, "y": 39}}, {"event_name": "mousemove", "timestamp": "1694038653932", "position": {"x": 818, "y": 39}}, {"event_name": "mousemove", "timestamp": "1694038653950", "position": {"x": 823, "y": 40}}, {"event_name": "mousemove", "timestamp": "1694038653967", "position": {"x": 829, "y": 40}}, {"event_name": "mousemove", "timestamp": "1694038653985", "position": {"x": 834, "y": 41}}, {"event_name": "mousemove", "timestamp": "1694038654003", "position": {"x": 840, "y": 42}}, {"event_name": "mousemove", "timestamp": "1694038654020", "position": {"x": 842, "y": 42}}, {"event_name": "mousemove", "timestamp": "1694038654038", "position": {"x": 845, "y": 43}}, {"event_name": "mousemove", "timestamp": "1694038654055", "position": {"x": 848, "y": 44}}, {"event_name": "mousemove", "timestamp": "1694038654073", "position": {"x": 852, "y": 42}}, {"event_name": "mouseout", "timestamp": "1694038654090", "position": {"x": 857, "y": 41}}, {"event_name": "mouseover", "timestamp": "1694038654091", "position": {"x": 857, "y": 41}}, {"event_name": "mousemove", "timestamp": "1694038654091", "position": {"x": 857, "y": 41}}, {"event_name": "mousemove", "timestamp": "1694038654108", "position": {"x": 862, "y": 41}}, {"event_name": "mousemove", "timestamp": "1694038654126", "position": {"x": 866, "y": 41}}, {"event_name": "mousemove", "timestamp": "1694038654143", "position": {"x": 870, "y": 41}}, {"event_name": "mousemove", "timestamp": "1694038654161", "position": {"x": 874, "y": 41}}, {"event_name": "mousemove", "timestamp": "1694038654178", "position": {"x": 878, "y": 39}}, {"event_name": "mousemove", "timestamp": "1694038654196", "position": {"x": 882, "y": 38}}, {"event_name": "mousemove", "timestamp": "1694038654214", "position": {"x": 887, "y": 38}}, {"event_name": "mousemove", "timestamp": "1694038654232", "position": {"x": 889, "y": 37}}, {"event_name": "mousemove", "timestamp": "1694038654250", "position": {"x": 892, "y": 37}}, {"event_name": "mousemove", "timestamp": "1694038654268", "position": {"x": 895, "y": 37}}, {"event_name": "mousemove", "timestamp": "1694038654288", "position": {"x": 897, "y": 37}}, {"event_name": "mousemove", "timestamp": "1694038654306", "position": {"x": 900, "y": 37}}, {"event_name": "mousemove", "timestamp": "1694038654325", "position": {"x": 903, "y": 37}}, {"event_name": "mousemove", "timestamp": "1694038654362", "position": {"x": 904, "y": 37}}, {"event_name": "mousemove", "timestamp": "1694038654380", "position": {"x": 905, "y": 37}}, {"event_name": "mousedown", "timestamp": "1694038654597", "position": {"x": 905, "y": 37}}, {"event_name": "mouseup", "timestamp": "1694038654724", "position": {"x": 905, "y": 37}}, {"event_name": "click", "timestamp": "1694038654724", "position": {"x": 905, "y": 37}}, {"event_name": "beforeunload", "timestamp": "1694038654728", "position": {"x": 0, "y": 0}}, {"event_name": "load", "timestamp": "1694038657457", "position": {"x": 0, "y": 0}}, {"event_name": "pageshow", "timestamp": "1694038657457", "position": {"x": 0, "y": 0}}, {"event_name": "mouseover", "timestamp": "1694038657759", "position": {"x": 6, "y": 0}}, {"event_name": "mousemove", "timestamp": "1694038657759", "position": {"x": 6, "y": 0}}, {"event_name": "mousemove", "timestamp": "1694038657777", "position": {"x": 14, "y": 0}}, {"event_name": "mousemove", "timestamp": "1694038657794", "position": {"x": 19, "y": 0}}, {"event_name": "mousemove", "timestamp": "1694038657813", "position": {"x": 24, "y": 1}}, {"event_name": "mousemove", "timestamp": "1694038657832", "position": {"x": 29, "y": 2}}, {"event_name": "mousemove", "timestamp": "1694038657851", "position": {"x": 34, "y": 3}}, {"event_name": "mousemove", "timestamp": "1694038657870", "position": {"x": 39, "y": 3}}, {"event_name": "mousemove", "timestamp": "1694038657888", "position": {"x": 45, "y": 4}}, {"event_name": "mousemove", "timestamp": "1694038657906", "position": {"x": 51, "y": 5}}, {"event_name": "mousemove", "timestamp": "1694038657925", "position": {"x": 57, "y": 5}}, {"event_name": "mousemove", "timestamp": "1694038657944", "position": {"x": 63, "y": 5}}, {"event_name": "mousemove", "timestamp": "1694038657962", "position": {"x": 68, "y": 6}}, {"event_name": "mouseout", "timestamp": "1694038657981", "position": {"x": 74, "y": 6}}, {"event_name": "mouseover", "timestamp": "1694038657982", "position": {"x": 74, "y": 6}}, {"event_name": "mousemove", "timestamp": "1694038657982", "position": {"x": 74, "y": 6}}, {"event_name": "mousemove", "timestamp": "1694038658001", "position": {"x": 82, "y": 6}}, {"event_name": "mouseout", "timestamp": "1694038658018", "position": {"x": 88, "y": 7}}, {"event_name": "mouseover", "timestamp": "1694038658019", "position": {"x": 88, "y": 7}}, {"event_name": "mousemove", "timestamp": "1694038658019", "position": {"x": 88, "y": 7}}, {"event_name": "mousemove", "timestamp": "1694038658037", "position": {"x": 94, "y": 7}}, {"event_name": "mousemove", "timestamp": "1694038658056", "position": {"x": 102, "y": 7}}, {"event_name": "mouseout", "timestamp": "1694038658075", "position": {"x": 108, "y": 8}}, {"event_name": "mouseover", "timestamp": "1694038658075", "position": {"x": 108, "y": 8}}, {"event_name": "mousemove", "timestamp": "1694038658076", "position": {"x": 108, "y": 8}}, {"event_name": "mouseout", "timestamp": "1694038658095", "position": {"x": 115, "y": 7}}, {"event_name": "mouseover", "timestamp": "1694038658096", "position": {"x": 115, "y": 7}}, {"event_name": "mousemove", "timestamp": "1694038658097", "position": {"x": 115, "y": 7}}, {"event_name": "mousemove", "timestamp": "1694038658115", "position": {"x": 124, "y": 7}}, {"event_name": "mousemove", "timestamp": "1694038658134", "position": {"x": 130, "y": 7}}, {"event_name": "mousemove", "timestamp": "1694038658152", "position": {"x": 136, "y": 7}}, {"event_name": "mousemove", "timestamp": "1694038658171", "position": {"x": 143, "y": 7}}, {"event_name": "mouseout", "timestamp": "1694038658193", "position": {"x": 149, "y": 8}}, {"event_name": "mouseover", "timestamp": "1694038658193", "position": {"x": 149, "y": 8}}, {"event_name": "mousemove", "timestamp": "1694038658193", "position": {"x": 149, "y": 8}}, {"event_name": "mouseout", "timestamp": "1694038658212", "position": {"x": 158, "y": 7}}, {"event_name": "mouseover", "timestamp": "1694038658213", "position": {"x": 158, "y": 7}}, {"event_name": "mousemove", "timestamp": "1694038658213", "position": {"x": 158, "y": 7}}, {"event_name": "mousemove", "timestamp": "1694038658231", "position": {"x": 167, "y": 7}}, {"event_name": "mousemove", "timestamp": "1694038658250", "position": {"x": 174, "y": 7}}, {"event_name": "mousemove", "timestamp": "1694038658269", "position": {"x": 182, "y": 7}}, {"event_name": "mouseout", "timestamp": "1694038658286", "position": {"x": 190, "y": 8}}, {"event_name": "mouseover", "timestamp": "1694038658286", "position": {"x": 190, "y": 8}}, {"event_name": "mousemove", "timestamp": "1694038658286", "position": {"x": 190, "y": 8}}, {"event_name": "mousemove", "timestamp": "1694038658304", "position": {"x": 198, "y": 9}}, {"event_name": "mousemove", "timestamp": "1694038658323", "position": {"x": 206, "y": 8}}, {"event_name": "mousemove", "timestamp": "1694038658341", "position": {"x": 215, "y": 8}}, {"event_name": "mousemove", "timestamp": "1694038658359", "position": {"x": 223, "y": 8}}, {"event_name": "mousemove", "timestamp": "1694038658379", "position": {"x": 231, "y": 9}}, {"event_name": "mousemove", "timestamp": "1694038658397", "position": {"x": 240, "y": 10}}, {"event_name": "mousemove", "timestamp": "1694038658415", "position": {"x": 247, "y": 11}}, {"event_name": "mousemove", "timestamp": "1694038658433", "position": {"x": 255, "y": 9}}, {"event_name": "mousemove", "timestamp": "1694038658450", "position": {"x": 263, "y": 8}}, {"event_name": "mouseout", "timestamp": "1694038658467", "position": {"x": 271, "y": 7}}, {"event_name": "mouseover", "timestamp": "1694038658467", "position": {"x": 271, "y": 7}}, {"event_name": "mousemove", "timestamp": "1694038658467", "position": {"x": 271, "y": 7}}, {"event_name": "mousemove", "timestamp": "1694038658485", "position": {"x": 281, "y": 7}}, {"event_name": "mouseout", "timestamp": "1694038658503", "position": {"x": 292, "y": 8}}, {"event_name": "mouseover", "timestamp": "1694038658503", "position": {"x": 292, "y": 8}}, {"event_name": "mousemove", "timestamp": "1694038658503", "position": {"x": 292, "y": 8}}, {"event_name": "mousemove", "timestamp": "1694038658521", "position": {"x": 301, "y": 9}}, {"event_name": "mousemove", "timestamp": "1694038658539", "position": {"x": 311, "y": 9}}, {"event_name": "mousemove", "timestamp": "1694038658557", "position": {"x": 321, "y": 9}}, {"event_name": "mousemove", "timestamp": "1694038658575", "position": {"x": 329, "y": 10}}, {"event_name": "mousemove", "timestamp": "1694038658592", "position": {"x": 340, "y": 10}}, {"event_name": "mousemove", "timestamp": "1694038658611", "position": {"x": 352, "y": 11}}, {"event_name": "mousemove", "timestamp": "1694038658628", "position": {"x": 362, "y": 12}}, {"event_name": "mouseout", "timestamp": "1694038658646", "position": {"x": 372, "y": 12}}, {"event_name": "mouseover", "timestamp": "1694038658646", "position": {"x": 372, "y": 12}}, {"event_name": "mousemove", "timestamp": "1694038658647", "position": {"x": 372, "y": 12}}, {"event_name": "mousemove", "timestamp": "1694038658666", "position": {"x": 385, "y": 12}}, {"event_name": "mousemove", "timestamp": "1694038658683", "position": {"x": 394, "y": 12}}, {"event_name": "mousemove", "timestamp": "1694038658702", "position": {"x": 403, "y": 13}}, {"event_name": "mousemove", "timestamp": "1694038658721", "position": {"x": 413, "y": 15}}, {"event_name": "mousemove", "timestamp": "1694038658739", "position": {"x": 421, "y": 17}}, {"event_name": "mousemove", "timestamp": "1694038658758", "position": {"x": 431, "y": 15}}, {"event_name": "mousemove", "timestamp": "1694038658777", "position": {"x": 444, "y": 14}}, {"event_name": "mousemove", "timestamp": "1694038658796", "position": {"x": 453, "y": 14}}, {"event_name": "mouseout", "timestamp": "1694038658814", "position": {"x": 463, "y": 12}}, {"event_name": "mouseover", "timestamp": "1694038658815", "position": {"x": 463, "y": 12}}, {"event_name": "mousemove", "timestamp": "1694038658815", "position": {"x": 463, "y": 12}}, {"event_name": "mousemove", "timestamp": "1694038658834", "position": {"x": 475, "y": 11}}, {"event_name": "mousemove", "timestamp": "1694038658853", "position": {"x": 483, "y": 11}}, {"event_name": "mousemove", "timestamp": "1694038658871", "position": {"x": 494, "y": 12}}, {"event_name": "mousemove", "timestamp": "1694038658890", "position": {"x": 506, "y": 13}}, {"event_name": "mousemove", "timestamp": "1694038658908", "position": {"x": 516, "y": 14}}, {"event_name": "mousemove", "timestamp": "1694038658927", "position": {"x": 528, "y": 12}}, {"event_name": "mousemove", "timestamp": "1694038658946", "position": {"x": 541, "y": 11}}, {"event_name": "mousemove", "timestamp": "1694038658964", "position": {"x": 551, "y": 11}}, {"event_name": "mousemove", "timestamp": "1694038658981", "position": {"x": 562, "y": 10}}, {"event_name": "mousemove", "timestamp": "1694038658999", "position": {"x": 574, "y": 10}}, {"event_name": "mousemove", "timestamp": "1694038659016", "position": {"x": 584, "y": 10}}, {"event_name": "mousemove", "timestamp": "1694038659034", "position": {"x": 595, "y": 11}}, {"event_name": "mousemove", "timestamp": "1694038659051", "position": {"x": 607, "y": 12}}, {"event_name": "mousemove", "timestamp": "1694038659069", "position": {"x": 617, "y": 14}}, {"event_name": "mousemove", "timestamp": "1694038659086", "position": {"x": 625, "y": 14}}, {"event_name": "mousemove", "timestamp": "1694038659104", "position": {"x": 633, "y": 14}}, {"event_name": "mousemove", "timestamp": "1694038659121", "position": {"x": 641, "y": 15}}, {"event_name": "mousemove", "timestamp": "1694038659139", "position": {"x": 653, "y": 15}}, {"event_name": "mousemove", "timestamp": "1694038659156", "position": {"x": 666, "y": 15}}, {"event_name": "mousemove", "timestamp": "1694038659174", "position": {"x": 678, "y": 16}}, {"event_name": "mousemove", "timestamp": "1694038659191", "position": {"x": 687, "y": 16}}, {"event_name": "mousemove", "timestamp": "1694038659209", "position": {"x": 698, "y": 16}}, {"event_name": "mousemove", "timestamp": "1694038659227", "position": {"x": 707, "y": 16}}, {"event_name": "mousemove", "timestamp": "1694038659245", "position": {"x": 717, "y": 16}}, {"event_name": "mouseout", "timestamp": "1694038659261", "position": {"x": 728, "y": 17}}, {"event_name": "mouseover", "timestamp": "1694038659262", "position": {"x": 728, "y": 17}}, {"event_name": "mousemove", "timestamp": "1694038659262", "position": {"x": 728, "y": 17}}, {"event_name": "mousemove", "timestamp": "1694038659280", "position": {"x": 737, "y": 18}}, {"event_name": "mousemove", "timestamp": "1694038659298", "position": {"x": 749, "y": 19}}, {"event_name": "mousemove", "timestamp": "1694038659315", "position": {"x": 762, "y": 20}}, {"event_name": "mousemove", "timestamp": "1694038659333", "position": {"x": 774, "y": 21}}, {"event_name": "mousemove", "timestamp": "1694038659351", "position": {"x": 786, "y": 22}}, {"event_name": "mouseout", "timestamp": "1694038659368", "position": {"x": 799, "y": 24}}, {"event_name": "mouseover", "timestamp": "1694038659368", "position": {"x": 799, "y": 24}}, {"event_name": "mousemove", "timestamp": "1694038659368", "position": {"x": 799, "y": 24}}, {"event_name": "mousemove", "timestamp": "1694038659386", "position": {"x": 811, "y": 26}}, {"event_name": "mousemove", "timestamp": "1694038659404", "position": {"x": 821, "y": 27}}, {"event_name": "mousemove", "timestamp": "1694038659421", "position": {"x": 831, "y": 29}}, {"event_name": "mousemove", "timestamp": "1694038659439", "position": {"x": 841, "y": 31}}, {"event_name": "mousemove", "timestamp": "1694038659456", "position": {"x": 851, "y": 32}}, {"event_name": "mouseover", "timestamp": "1694038659474", "position": {"x": 861, "y": 34}}, {"event_name": "mouseout", "timestamp": "1694038659474", "position": {"x": 861, "y": 34}}, {"event_name": "mousemove", "timestamp": "1694038659474", "position": {"x": 861, "y": 34}}, {"event_name": "mousemove", "timestamp": "1694038659492", "position": {"x": 870, "y": 36}}, {"event_name": "mousemove", "timestamp": "1694038659510", "position": {"x": 877, "y": 37}}, {"event_name": "mousemove", "timestamp": "1694038659527", "position": {"x": 884, "y": 38}}, {"event_name": "mousemove", "timestamp": "1694038659545", "position": {"x": 892, "y": 39}}, {"event_name": "mousemove", "timestamp": "1694038659564", "position": {"x": 901, "y": 38}}, {"event_name": "mousemove", "timestamp": "1694038659581", "position": {"x": 910, "y": 38}}, {"event_name": "mousemove", "timestamp": "1694038659598", "position": {"x": 917, "y": 38}}, {"event_name": "mousemove", "timestamp": "1694038659616", "position": {"x": 922, "y": 38}}, {"event_name": "mousemove", "timestamp": "1694038659634", "position": {"x": 928, "y": 39}}, {"event_name": "mousemove", "timestamp": "1694038659651", "position": {"x": 933, "y": 40}}, {"event_name": "mousemove", "timestamp": "1694038659669", "position": {"x": 938, "y": 39}}, {"event_name": "mousemove", "timestamp": "1694038659686", "position": {"x": 944, "y": 39}}, {"event_name": "mousemove", "timestamp": "1694038659704", "position": {"x": 950, "y": 39}}, {"event_name": "mousemove", "timestamp": "1694038659721", "position": {"x": 953, "y": 37}}, {"event_name": "mousemove", "timestamp": "1694038659738", "position": {"x": 957, "y": 36}}, {"event_name": "mouseout", "timestamp": "1694038659756", "position": {"x": 961, "y": 36}}, {"event_name": "mouseover", "timestamp": "1694038659756", "position": {"x": 961, "y": 36}}, {"event_name": "mousemove", "timestamp": "1694038659756", "position": {"x": 961, "y": 36}}, {"event_name": "mousemove", "timestamp": "1694038659775", "position": {"x": 963, "y": 36}}, {"event_name": "mousemove", "timestamp": "1694038659791", "position": {"x": 966, "y": 36}}, {"event_name": "mousemove", "timestamp": "1694038659809", "position": {"x": 969, "y": 36}}, {"event_name": "mousemove", "timestamp": "1694038659827", "position": {"x": 971, "y": 34}}, {"event_name": "mousemove", "timestamp": "1694038659844", "position": {"x": 974, "y": 33}}, {"event_name": "mousemove", "timestamp": "1694038659866", "position": {"x": 977, "y": 33}}, {"event_name": "mousemove", "timestamp": "1694038659884", "position": {"x": 979, "y": 33}}, {"event_name": "mousemove", "timestamp": "1694038659903", "position": {"x": 982, "y": 34}}, {"event_name": "mousemove", "timestamp": "1694038659922", "position": {"x": 985, "y": 35}}, {"event_name": "mousemove", "timestamp": "1694038659941", "position": {"x": 986, "y": 34}}, {"event_name": "mousemove", "timestamp": "1694038659959", "position": {"x": 988, "y": 33}}, {"event_name": "mousemove", "timestamp": "1694038659977", "position": {"x": 990, "y": 33}}, {"event_name": "mousemove", "timestamp": "1694038659996", "position": {"x": 992, "y": 33}}, {"event_name": "mousemove", "timestamp": "1694038660014", "position": {"x": 994, "y": 33}}, {"event_name": "mousemove", "timestamp": "1694038660031", "position": {"x": 996, "y": 33}}, {"event_name": "mousemove", "timestamp": "1694038660049", "position": {"x": 998, "y": 33}}, {"event_name": "mousemove", "timestamp": "1694038660067", "position": {"x": 1000, "y": 33}}, {"event_name": "mousemove", "timestamp": "1694038660084", "position": {"x": 1002, "y": 33}}, {"event_name": "mousedown", "timestamp": "1694038660311", "position": {"x": 1002, "y": 33}}, {"event_name": "mouseup", "timestamp": "1694038660424", "position": {"x": 1002, "y": 33}}, {"event_name": "click", "timestamp": "1694038660424", "position": {"x": 1002, "y": 33}}, {"event_name": "beforeunload", "timestamp": "1694038660437", "position": {"x": 0, "y": 0}}, {"event_name": "focus", "timestamp": "1694038660521", "position": {"x": 0, "y": 0}}, {"event_name": "load", "timestamp": "1694038660522", "position": {"x": 0, "y": 0}}, {"event_name": "pageshow", "timestamp": "1694038660522", "position": {"x": 0, "y": 0}}, {"event_name": "beforeunload", "timestamp": "1694038663004", "position": {"x": 0, "y": 0}}, {"event_name": "load", "timestamp": "1694038663106", "position": {"x": 0, "y": 0}}, {"event_name": "pageshow", "timestamp": "1694038663107", "position": {"x": 0, "y": 0}}, {"event_name": "mouseover", "timestamp": "1694038663385", "position": {"x": 6, "y": 0}}, {"event_name": "mousemove", "timestamp": "1694038663385", "position": {"x": 6, "y": 0}}, {"event_name": "mousemove", "timestamp": "1694038663403", "position": {"x": 12, "y": 0}}, {"event_name": "mousemove", "timestamp": "1694038663420", "position": {"x": 17, "y": 1}}, {"event_name": "mousemove", "timestamp": "1694038663438", "position": {"x": 23, "y": 0}}, {"event_name": "mousemove", "timestamp": "1694038663456", "position": {"x": 30, "y": 0}}, {"event_name": "mousemove", "timestamp": "1694038663473", "position": {"x": 36, "y": 0}}, {"event_name": "mousemove", "timestamp": "1694038663491", "position": {"x": 42, "y": 0}}, {"event_name": "mousemove", "timestamp": "1694038663510", "position": {"x": 48, "y": 0}}, {"event_name": "mousemove", "timestamp": "1694038663529", "position": {"x": 54, "y": 0}}, {"event_name": "mousemove", "timestamp": "1694038663548", "position": {"x": 60, "y": 0}}, {"event_name": "mousemove", "timestamp": "1694038663566", "position": {"x": 67, "y": 1}}, {"event_name": "mouseout", "timestamp": "1694038663585", "position": {"x": 73, "y": 2}}, {"event_name": "mouseover", "timestamp": "1694038663585", "position": {"x": 73, "y": 2}}, {"event_name": "mousemove", "timestamp": "1694038663585", "position": {"x": 73, "y": 2}}, {"event_name": "mousemove", "timestamp": "1694038663604", "position": {"x": 81, "y": 2}}, {"event_name": "mouseout", "timestamp": "1694038663623", "position": {"x": 90, "y": 2}}, {"event_name": "mouseover", "timestamp": "1694038663624", "position": {"x": 90, "y": 2}}, {"event_name": "mousemove", "timestamp": "1694038663624", "position": {"x": 90, "y": 2}}, {"event_name": "mousemove", "timestamp": "1694038663642", "position": {"x": 96, "y": 2}}, {"event_name": "mousemove", "timestamp": "1694038663661", "position": {"x": 102, "y": 1}}, {"event_name": "mousemove", "timestamp": "1694038663679", "position": {"x": 108, "y": 1}}, {"event_name": "mousemove", "timestamp": "1694038663698", "position": {"x": 113, "y": 1}}, {"event_name": "mousemove", "timestamp": "1694038663717", "position": {"x": 169, "y": 1}}, {"event_name": "mousemove", "timestamp": "1694038663736", "position": {"x": 228, "y": 1}}, {"event_name": "mousemove", "timestamp": "1694038663754", "position": {"x": 269, "y": 2}}, {"event_name": "mousemove", "timestamp": "1694038663773", "position": {"x": 278, "y": 1}}, {"event_name": "mousemove", "timestamp": "1694038663791", "position": {"x": 287, "y": 0}}, {"event_name": "mousemove", "timestamp": "1694038663809", "position": {"x": 296, "y": 0}}, {"event_name": "mousemove", "timestamp": "1694038663828", "position": {"x": 315, "y": 2}}, {"event_name": "mousemove", "timestamp": "1694038663846", "position": {"x": 334, "y": 5}}, {"event_name": "mouseout", "timestamp": "1694038663865", "position": {"x": 350, "y": 8}}, {"event_name": "mouseover", "timestamp": "1694038663865", "position": {"x": 350, "y": 8}}, {"event_name": "mousemove", "timestamp": "1694038663866", "position": {"x": 350, "y": 8}}, {"event_name": "mouseout", "timestamp": "1694038663884", "position": {"x": 360, "y": 6}}, {"event_name": "mouseover", "timestamp": "1694038663885", "position": {"x": 360, "y": 6}}, {"event_name": "mousemove", "timestamp": "1694038663885", "position": {"x": 360, "y": 6}}, {"event_name": "mousemove", "timestamp": "1694038663903", "position": {"x": 371, "y": 5}}, {"event_name": "mousemove", "timestamp": "1694038663921", "position": {"x": 380, "y": 4}}, {"event_name": "mousemove", "timestamp": "1694038663939", "position": {"x": 389, "y": 3}}, {"event_name": "mousemove", "timestamp": "1694038663956", "position": {"x": 399, "y": 2}}, {"event_name": "mousemove", "timestamp": "1694038663973", "position": {"x": 408, "y": 2}}, {"event_name": "mousemove", "timestamp": "1694038663991", "position": {"x": 419, "y": 3}}, {"event_name": "mousemove", "timestamp": "1694038664008", "position": {"x": 431, "y": 4}}, {"event_name": "mousemove", "timestamp": "1694038664027", "position": {"x": 442, "y": 5}}, {"event_name": "mousemove", "timestamp": "1694038664045", "position": {"x": 451, "y": 5}}, {"event_name": "mousemove", "timestamp": "1694038664063", "position": {"x": 462, "y": 5}}, {"event_name": "mousemove", "timestamp": "1694038664082", "position": {"x": 471, "y": 6}}, {"event_name": "mousemove", "timestamp": "1694038664100", "position": {"x": 480, "y": 6}}, {"event_name": "mousemove", "timestamp": "1694038664119", "position": {"x": 491, "y": 7}}, {"event_name": "mouseout", "timestamp": "1694038664137", "position": {"x": 500, "y": 8}}, {"event_name": "mouseover", "timestamp": "1694038664138", "position": {"x": 500, "y": 8}}, {"event_name": "mousemove", "timestamp": "1694038664138", "position": {"x": 500, "y": 8}}, {"event_name": "mouseout", "timestamp": "1694038664156", "position": {"x": 510, "y": 7}}, {"event_name": "mouseover", "timestamp": "1694038664156", "position": {"x": 510, "y": 7}}, {"event_name": "mousemove", "timestamp": "1694038664156", "position": {"x": 510, "y": 7}}, {"event_name": "mousemove", "timestamp": "1694038664174", "position": {"x": 520, "y": 7}}, {"event_name": "mousemove", "timestamp": "1694038664192", "position": {"x": 529, "y": 7}}, {"event_name": "mouseout", "timestamp": "1694038664209", "position": {"x": 542, "y": 8}}, {"event_name": "mouseover", "timestamp": "1694038664210", "position": {"x": 542, "y": 8}}, {"event_name": "mousemove", "timestamp": "1694038664210", "position": {"x": 542, "y": 8}}, {"event_name": "mousemove", "timestamp": "1694038664227", "position": {"x": 557, "y": 9}}, {"event_name": "mousemove", "timestamp": "1694038664247", "position": {"x": 568, "y": 10}}, {"event_name": "mousemove", "timestamp": "1694038664265", "position": {"x": 580, "y": 9}}, {"event_name": "mousemove", "timestamp": "1694038664284", "position": {"x": 592, "y": 8}}, {"event_name": "mousemove", "timestamp": "1694038664302", "position": {"x": 602, "y": 8}}, {"event_name": "mousemove", "timestamp": "1694038664321", "position": {"x": 614, "y": 8}}, {"event_name": "mousemove", "timestamp": "1694038664340", "position": {"x": 627, "y": 8}}, {"event_name": "mousemove", "timestamp": "1694038664358", "position": {"x": 638, "y": 9}}, {"event_name": "mousemove", "timestamp": "1694038664376", "position": {"x": 652, "y": 10}}, {"event_name": "mousemove", "timestamp": "1694038664395", "position": {"x": 666, "y": 11}}, {"event_name": "mousemove", "timestamp": "1694038664414", "position": {"x": 677, "y": 12}}, {"event_name": "mousemove", "timestamp": "1694038664432", "position": {"x": 689, "y": 9}}, {"event_name": "mouseout", "timestamp": "1694038664450", "position": {"x": 702, "y": 7}}, {"event_name": "mouseover", "timestamp": "1694038664451", "position": {"x": 702, "y": 7}}, {"event_name": "mousemove", "timestamp": "1694038664451", "position": {"x": 702, "y": 7}}, {"event_name": "mousemove", "timestamp": "1694038664469", "position": {"x": 714, "y": 6}}, {"event_name": "mouseout", "timestamp": "1694038664486", "position": {"x": 725, "y": 8}}, {"event_name": "mouseover", "timestamp": "1694038664486", "position": {"x": 725, "y": 8}}, {"event_name": "mousemove", "timestamp": "1694038664486", "position": {"x": 725, "y": 8}}, {"event_name": "mouseout", "timestamp": "1694038664504", "position": {"x": 737, "y": 10}}, {"event_name": "mouseover", "timestamp": "1694038664504", "position": {"x": 737, "y": 10}}, {"event_name": "mousemove", "timestamp": "1694038664504", "position": {"x": 737, "y": 10}}, {"event_name": "mousemove", "timestamp": "1694038664522", "position": {"x": 748, "y": 13}}, {"event_name": "mousemove", "timestamp": "1694038664539", "position": {"x": 759, "y": 11}}, {"event_name": "mousemove", "timestamp": "1694038664557", "position": {"x": 772, "y": 10}}, {"event_name": "mousemove", "timestamp": "1694038664575", "position": {"x": 783, "y": 9}}, {"event_name": "mouseout", "timestamp": "1694038664593", "position": {"x": 796, "y": 11}}, {"event_name": "mouseover", "timestamp": "1694038664593", "position": {"x": 796, "y": 11}}, {"event_name": "mousemove", "timestamp": "1694038664593", "position": {"x": 796, "y": 11}}, {"event_name": "mousemove", "timestamp": "1694038664610", "position": {"x": 811, "y": 13}}, {"event_name": "mousemove", "timestamp": "1694038664628", "position": {"x": 823, "y": 15}}, {"event_name": "mousemove", "timestamp": "1694038664646", "position": {"x": 834, "y": 14}}, {"event_name": "mousemove", "timestamp": "1694038664663", "position": {"x": 845, "y": 13}}, {"event_name": "mouseout", "timestamp": "1694038664680", "position": {"x": 856, "y": 13}}, {"event_name": "mouseover", "timestamp": "1694038664681", "position": {"x": 856, "y": 13}}, {"event_name": "mousemove", "timestamp": "1694038664681", "position": {"x": 856, "y": 13}}, {"event_name": "mousemove", "timestamp": "1694038664698", "position": {"x": 868, "y": 11}}, {"event_name": "mousemove", "timestamp": "1694038664716", "position": {"x": 881, "y": 10}}, {"event_name": "mousemove", "timestamp": "1694038664733", "position": {"x": 894, "y": 9}}, {"event_name": "mousemove", "timestamp": "1694038664751", "position": {"x": 907, "y": 9}}, {"event_name": "mousemove", "timestamp": "1694038664769", "position": {"x": 921, "y": 9}}, {"event_name": "mousemove", "timestamp": "1694038664786", "position": {"x": 933, "y": 9}}, {"event_name": "mouseout", "timestamp": "1694038664806", "position": {"x": 944, "y": 6}}, {"event_name": "mouseover", "timestamp": "1694038664806", "position": {"x": 944, "y": 6}}, {"event_name": "mousemove", "timestamp": "1694038664806", "position": {"x": 944, "y": 6}}, {"event_name": "mousemove", "timestamp": "1694038664823", "position": {"x": 955, "y": 4}}, {"event_name": "mousemove", "timestamp": "1694038664841", "position": {"x": 964, "y": 3}}, {"event_name": "mousemove", "timestamp": "1694038664861", "position": {"x": 974, "y": 2}}, {"event_name": "mousemove", "timestamp": "1694038664879", "position": {"x": 983, "y": 1}}, {"event_name": "mousemove", "timestamp": "1694038664896", "position": {"x": 991, "y": 1}}, {"event_name": "mousemove", "timestamp": "1694038664914", "position": {"x": 999, "y": 2}}, {"event_name": "mousemove", "timestamp": "1694038664931", "position": {"x": 1007, "y": 3}}, {"event_name": "mousemove", "timestamp": "1694038664949", "position": {"x": 1014, "y": 4}}, {"event_name": "mousemove", "timestamp": "1694038664966", "position": {"x": 1023, "y": 4}}, {"event_name": "mousemove", "timestamp": "1694038664984", "position": {"x": 1032, "y": 4}}, {"event_name": "mousemove", "timestamp": "1694038665001", "position": {"x": 1041, "y": 5}}, {"event_name": "mousemove", "timestamp": "1694038665019", "position": {"x": 1048, "y": 6}}, {"event_name": "mouseout", "timestamp": "1694038665037", "position": {"x": 1055, "y": 8}}, {"event_name": "mouseover", "timestamp": "1694038665039", "position": {"x": 1055, "y": 8}}, {"event_name": "mousemove", "timestamp": "1694038665040", "position": {"x": 1055, "y": 8}}, {"event_name": "mouseout", "timestamp": "1694038665058", "position": {"x": 1062, "y": 10}}, {"event_name": "mouseover", "timestamp": "1694038665058", "position": {"x": 1062, "y": 10}}, {"event_name": "mousemove", "timestamp": "1694038665059", "position": {"x": 1062, "y": 10}}, {"event_name": "mousemove", "timestamp": "1694038665076", "position": {"x": 1067, "y": 12}}, {"event_name": "mousemove", "timestamp": "1694038665094", "position": {"x": 1073, "y": 15}}, {"event_name": "mousemove", "timestamp": "1694038665112", "position": {"x": 1079, "y": 18}}, {"event_name": "mousemove", "timestamp": "1694038665130", "position": {"x": 1082, "y": 19}}, {"event_name": "mousemove", "timestamp": "1694038665148", "position": {"x": 1085, "y": 20}}, {"event_name": "mousemove", "timestamp": "1694038665165", "position": {"x": 1089, "y": 21}}, {"event_name": "mousemove", "timestamp": "1694038665182", "position": {"x": 1094, "y": 20}}, {"event_name": "mousemove", "timestamp": "1694038665200", "position": {"x": 1100, "y": 20}}, {"event_name": "mousemove", "timestamp": "1694038665218", "position": {"x": 1106, "y": 20}}, {"event_name": "mousemove", "timestamp": "1694038665235", "position": {"x": 1108, "y": 19}}, {"event_name": "mousemove", "timestamp": "1694038665253", "position": {"x": 1110, "y": 19}}, {"event_name": "mousemove", "timestamp": "1694038665271", "position": {"x": 1113, "y": 19}}, {"event_name": "mousemove", "timestamp": "1694038665288", "position": {"x": 1116, "y": 20}}, {"event_name": "mousemove", "timestamp": "1694038665305", "position": {"x": 1120, "y": 21}}, {"event_name": "mousemove", "timestamp": "1694038665323", "position": {"x": 1124, "y": 22}}, {"event_name": "mousemove", "timestamp": "1694038665341", "position": {"x": 1126, "y": 22}}, {"event_name": "mousemove", "timestamp": "1694038665358", "position": {"x": 1129, "y": 22}}, {"event_name": "mousemove", "timestamp": "1694038665376", "position": {"x": 1132, "y": 23}}, {"event_name": "mousemove", "timestamp": "1694038665393", "position": {"x": 1133, "y": 23}}, {"event_name": "mousemove", "timestamp": "1694038665410", "position": {"x": 1135, "y": 23}}, {"event_name": "mousemove", "timestamp": "1694038665429", "position": {"x": 1137, "y": 23}}, {"event_name": "mousemove", "timestamp": "1694038665446", "position": {"x": 1138, "y": 22}}, {"event_name": "mousemove", "timestamp": "1694038665463", "position": {"x": 1140, "y": 22}}, {"event_name": "mousemove", "timestamp": "1694038665481", "position": {"x": 1142, "y": 22}}, {"event_name": "mousemove", "timestamp": "1694038665517", "position": {"x": 1143, "y": 22}}, {"event_name": "mousemove", "timestamp": "1694038665534", "position": {"x": 1144, "y": 22}}, {"event_name": "mousedown", "timestamp": "1694038665896", "position": {"x": 1144, "y": 22}}, {"event_name": "mouseup", "timestamp": "1694038665985", "position": {"x": 1144, "y": 22}}, {"event_name": "click", "timestamp": "1694038665986", "position": {"x": 1144, "y": 22}}, {"event_name": "beforeunload", "timestamp": "1694038665987", "position": {"x": 0, "y": 0}}, {"event_name": "load", "timestamp": "1694038666698", "position": {"x": 0, "y": 0}}, {"event_name": "pageshow", "timestamp": "1694038666698", "position": {"x": 0, "y": 0}}, {"event_name": "scroll", "timestamp": "1694038668860", "position": {"x": 0, "y": 0}}, {"event_name": "mouseover", "timestamp": "1694038669569", "position": {"x": 3, "y": 515}}, {"event_name": "mousemove", "timestamp": "1694038669569", "position": {"x": 3, "y": 515}}, {"event_name": "mousemove", "timestamp": "1694038669588", "position": {"x": 7, "y": 518}}, {"event_name": "mousemove", "timestamp": "1694038669605", "position": {"x": 9, "y": 520}}, {"event_name": "mousemove", "timestamp": "1694038669623", "position": {"x": 10, "y": 523}}, {"event_name": "mousemove", "timestamp": "1694038669641", "position": {"x": 11, "y": 527}}, {"event_name": "mousemove", "timestamp": "1694038669658", "position": {"x": 13, "y": 530}}, {"event_name": "mousemove", "timestamp": "1694038669676", "position": {"x": 14, "y": 534}}, {"event_name": "mousemove", "timestamp": "1694038669694", "position": {"x": 16, "y": 538}}, {"event_name": "mousemove", "timestamp": "1694038669711", "position": {"x": 18, "y": 542}}, {"event_name": "mousemove", "timestamp": "1694038669729", "position": {"x": 19, "y": 547}}, {"event_name": "mousemove", "timestamp": "1694038669751", "position": {"x": 21, "y": 554}}, {"event_name": "mousemove", "timestamp": "1694038669768", "position": {"x": 23, "y": 558}}, {"event_name": "mousemove", "timestamp": "1694038669787", "position": {"x": 24, "y": 563}}, {"event_name": "mousemove", "timestamp": "1694038669806", "position": {"x": 26, "y": 568}}, {"event_name": "mouseout", "timestamp": "1694038669823", "position": {"x": 28, "y": 572}}, {"event_name": "mouseover", "timestamp": "1694038669823", "position": {"x": 28, "y": 572}}, {"event_name": "mousemove", "timestamp": "1694038669823", "position": {"x": 28, "y": 572}}, {"event_name": "mousemove", "timestamp": "1694038669840", "position": {"x": 30, "y": 575}}, {"event_name": "mousemove", "timestamp": "1694038669858", "position": {"x": 32, "y": 578}}, {"event_name": "mousemove", "timestamp": "1694038669876", "position": {"x": 34, "y": 581}}, {"event_name": "mousemove", "timestamp": "1694038669894", "position": {"x": 35, "y": 585}}, {"event_name": "mousemove", "timestamp": "1694038669911", "position": {"x": 36, "y": 589}}, {"event_name": "mousemove", "timestamp": "1694038669929", "position": {"x": 38, "y": 594}}, {"event_name": "mousemove", "timestamp": "1694038669946", "position": {"x": 40, "y": 598}}, {"event_name": "mousemove", "timestamp": "1694038669964", "position": {"x": 42, "y": 602}}, {"event_name": "mousemove", "timestamp": "1694038669981", "position": {"x": 44, "y": 606}}, {"event_name": "mousemove", "timestamp": "1694038669999", "position": {"x": 45, "y": 612}}, {"event_name": "mousemove", "timestamp": "1694038670017", "position": {"x": 47, "y": 618}}, {"event_name": "mousemove", "timestamp": "1694038670034", "position": {"x": 49, "y": 624}}, {"event_name": "mousemove", "timestamp": "1694038670052", "position": {"x": 50, "y": 627}}, {"event_name": "mousemove", "timestamp": "1694038670070", "position": {"x": 51, "y": 631}}, {"event_name": "mousemove", "timestamp": "1694038670088", "position": {"x": 53, "y": 635}}, {"event_name": "mousemove", "timestamp": "1694038670106", "position": {"x": 55, "y": 640}}, {"event_name": "mousemove", "timestamp": "1694038670124", "position": {"x": 58, "y": 644}}, {"event_name": "mousemove", "timestamp": "1694038670141", "position": {"x": 61, "y": 649}}, {"event_name": "mousemove", "timestamp": "1694038670159", "position": {"x": 62, "y": 655}}, {"event_name": "mousemove", "timestamp": "1694038670176", "position": {"x": 63, "y": 662}}, {"event_name": "mousemove", "timestamp": "1694038670193", "position": {"x": 64, "y": 668}}, {"event_name": "mousemove", "timestamp": "1694038670211", "position": {"x": 63, "y": 675}}, {"event_name": "mousemove", "timestamp": "1694038670229", "position": {"x": 63, "y": 682}}, {"event_name": "mousemove", "timestamp": "1694038670246", "position": {"x": 63, "y": 688}}, {"event_name": "mousemove", "timestamp": "1694038670264", "position": {"x": 65, "y": 695}}, {"event_name": "mousemove", "timestamp": "1694038670282", "position": {"x": 67, "y": 702}}, {"event_name": "mouseout", "timestamp": "1694038670300", "position": {"x": 70, "y": 708}}, {"event_name": "mouseover", "timestamp": "1694038670300", "position": {"x": 70, "y": 708}}, {"event_name": "mousemove", "timestamp": "1694038670300", "position": {"x": 70, "y": 708}}, {"event_name": "mousemove", "timestamp": "1694038670318", "position": {"x": 71, "y": 715}}, {"event_name": "mousemove", "timestamp": "1694038670335", "position": {"x": 72, "y": 722}}, {"event_name": "mousemove", "timestamp": "1694038670353", "position": {"x": 74, "y": 730}}, {"event_name": "mousemove", "timestamp": "1694038670371", "position": {"x": 75, "y": 736}}, {"event_name": "mousemove", "timestamp": "1694038670388", "position": {"x": 76, "y": 743}}, {"event_name": "mousemove", "timestamp": "1694038670405", "position": {"x": 78, "y": 750}}, {"event_name": "mousemove", "timestamp": "1694038670423", "position": {"x": 78, "y": 757}}, {"event_name": "mousemove", "timestamp": "1694038670441", "position": {"x": 79, "y": 765}}, {"event_name": "mousemove", "timestamp": "1694038670459", "position": {"x": 80, "y": 772}}, {"event_name": "mousemove", "timestamp": "1694038670476", "position": {"x": 81, "y": 780}}, {"event_name": "mousemove", "timestamp": "1694038670494", "position": {"x": 83, "y": 789}}, {"event_name": "mouseout", "timestamp": "1694038670512", "position": {"x": 85, "y": 797}}, {"event_name": "mouseover", "timestamp": "1694038670512", "position": {"x": 85, "y": 797}}, {"event_name": "mousemove", "timestamp": "1694038670512", "position": {"x": 85, "y": 797}}, {"event_name": "mousemove", "timestamp": "1694038670530", "position": {"x": 86, "y": 804}}, {"event_name": "mousemove", "timestamp": "1694038670549", "position": {"x": 87, "y": 812}}, {"event_name": "mousemove", "timestamp": "1694038670567", "position": {"x": 88, "y": 818}}, {"event_name": "mousemove", "timestamp": "1694038670584", "position": {"x": 90, "y": 824}}, {"event_name": "mousemove", "timestamp": "1694038670601", "position": {"x": 92, "y": 831}}, {"event_name": "mousemove", "timestamp": "1694038670619", "position": {"x": 95, "y": 837}}, {"event_name": "mousemove", "timestamp": "1694038670637", "position": {"x": 95, "y": 843}}, {"event_name": "mousemove", "timestamp": "1694038670655", "position": {"x": 95, "y": 850}}, {"event_name": "mousemove", "timestamp": "1694038670672", "position": {"x": 95, "y": 856}}, {"event_name": "mousemove", "timestamp": "1694038670690", "position": {"x": 95, "y": 863}}, {"event_name": "mousemove", "timestamp": "1694038670707", "position": {"x": 95, "y": 870}}, {"event_name": "mousemove", "timestamp": "1694038670725", "position": {"x": 96, "y": 877}}, {"event_name": "mousemove", "timestamp": "1694038670743", "position": {"x": 97, "y": 881}}, {"event_name": "mousemove", "timestamp": "1694038670760", "position": {"x": 98, "y": 886}}, {"event_name": "mousemove", "timestamp": "1694038670778", "position": {"x": 99, "y": 891}}, {"event_name": "mouseout", "timestamp": "1694038670796", "position": {"x": 100, "y": 895}}, {"event_name": "mouseover", "timestamp": "1694038670796", "position": {"x": 100, "y": 895}}, {"event_name": "mousemove", "timestamp": "1694038670796", "position": {"x": 100, "y": 895}}, {"event_name": "mousemove", "timestamp": "1694038670813", "position": {"x": 101, "y": 899}}, {"event_name": "mousemove", "timestamp": "1694038670832", "position": {"x": 102, "y": 903}}, {"event_name": "mousemove", "timestamp": "1694038670849", "position": {"x": 102, "y": 906}}, {"event_name": "mousemove", "timestamp": "1694038670867", "position": {"x": 102, "y": 910}}, {"event_name": "mouseout", "timestamp": "1694038670885", "position": {"x": 103, "y": 914}}, {"event_name": "mouseover", "timestamp": "1694038670885", "position": {"x": 103, "y": 914}}, {"event_name": "mousemove", "timestamp": "1694038670885", "position": {"x": 103, "y": 914}}, {"event_name": "mousemove", "timestamp": "1694038670920", "position": {"x": 103, "y": 915}}, {"event_name": "mousemove", "timestamp": "1694038670938", "position": {"x": 103, "y": 916}}, {"event_name": "mousedown", "timestamp": "1694038671188", "position": {"x": 103, "y": 916}}, {"event_name": "mouseup", "timestamp": "1694038671300", "position": {"x": 103, "y": 916}}, {"event_name": "click", "timestamp": "1694038671300", "position": {"x": 103, "y": 916}}, {"event_name": "beforeunload", "timestamp": "1694038671304", "position": {"x": 0, "y": 0}}, {"event_name": "load", "timestamp": "1694038671677", "position": {"x": 0, "y": 0}}, {"event_name": "pageshow", "timestamp": "1694038671677", "position": {"x": 0, "y": 0}}, {"event_name": "beforeunload", "timestamp": "1694038673381", "position": {"x": 0, "y": 0}}, {"event_name": "load", "timestamp": "1694038673515", "position": {"x": 0, "y": 0}}, {"event_name": "pageshow", "timestamp": "1694038673515", "position": {"x": 0, "y": 0}}, {"event_name": "scroll", "timestamp": "1694038674861", "position": {"x": 0, "y": 0}}, {"event_name": "scroll", "timestamp": "1694038674994", "position": {"x": 0, "y": 0}}, {"event_name": "scroll", "timestamp": "1694038676860", "position": {"x": 0, "y": 0}}, {"event_name": "scroll", "timestamp": "1694038676878", "position": {"x": 0, "y": 0}}, {"event_name": "mouseover", "timestamp": "1694038678790", "position": {"x": 2, "y": 1543}}, {"event_name": "mousemove", "timestamp": "1694038678790", "position": {"x": 2, "y": 1543}}, {"event_name": "mousemove", "timestamp": "1694038678808", "position": {"x": 4, "y": 1548}}, {"event_name": "mousemove", "timestamp": "1694038678825", "position": {"x": 6, "y": 1552}}, {"event_name": "mousemove", "timestamp": "1694038678843", "position": {"x": 7, "y": 1555}}, {"event_name": "mousemove", "timestamp": "1694038678862", "position": {"x": 8, "y": 1559}}, {"event_name": "mousemove", "timestamp": "1694038678881", "position": {"x": 10, "y": 1562}}, {"event_name": "mousemove", "timestamp": "1694038678899", "position": {"x": 12, "y": 1567}}, {"event_name": "mousemove", "timestamp": "1694038678918", "position": {"x": 14, "y": 1572}}, {"event_name": "mousemove", "timestamp": "1694038678936", "position": {"x": 16, "y": 1577}}, {"event_name": "mousemove", "timestamp": "1694038678956", "position": {"x": 17, "y": 1580}}, {"event_name": "mousemove", "timestamp": "1694038678975", "position": {"x": 18, "y": 1584}}, {"event_name": "mousemove", "timestamp": "1694038678992", "position": {"x": 19, "y": 1587}}, {"event_name": "mousemove", "timestamp": "1694038679010", "position": {"x": 19, "y": 1591}}, {"event_name": "mouseout", "timestamp": "1694038679027", "position": {"x": 20, "y": 1596}}, {"event_name": "mouseover", "timestamp": "1694038679027", "position": {"x": 20, "y": 1596}}, {"event_name": "mousemove", "timestamp": "1694038679027", "position": {"x": 20, "y": 1596}}, {"event_name": "mousemove", "timestamp": "1694038679045", "position": {"x": 21, "y": 1601}}, {"event_name": "mousemove", "timestamp": "1694038679066", "position": {"x": 22, "y": 1606}}, {"event_name": "mousemove", "timestamp": "1694038679084", "position": {"x": 24, "y": 1611}}, {"event_name": "mousemove", "timestamp": "1694038679101", "position": {"x": 26, "y": 1615}}, {"event_name": "mousemove", "timestamp": "1694038679120", "position": {"x": 26, "y": 1619}}, {"event_name": "mousemove", "timestamp": "1694038679138", "position": {"x": 27, "y": 1623}}, {"event_name": "mousemove", "timestamp": "1694038679157", "position": {"x": 28, "y": 1627}}, {"event_name": "mousemove", "timestamp": "1694038679175", "position": {"x": 29, "y": 1631}}, {"event_name": "mousemove", "timestamp": "1694038679192", "position": {"x": 31, "y": 1635}}, {"event_name": "mousemove", "timestamp": "1694038679210", "position": {"x": 33, "y": 1639}}, {"event_name": "mousemove", "timestamp": "1694038679228", "position": {"x": 34, "y": 1645}}, {"event_name": "mousemove", "timestamp": "1694038679246", "position": {"x": 36, "y": 1651}}, {"event_name": "mousemove", "timestamp": "1694038679265", "position": {"x": 38, "y": 1656}}, {"event_name": "mousemove", "timestamp": "1694038679282", "position": {"x": 39, "y": 1661}}, {"event_name": "mousemove", "timestamp": "1694038679301", "position": {"x": 41, "y": 1666}}, {"event_name": "mousemove", "timestamp": "1694038679320", "position": {"x": 43, "y": 1671}}, {"event_name": "mousemove", "timestamp": "1694038679338", "position": {"x": 43, "y": 1676}}, {"event_name": "mousemove", "timestamp": "1694038679356", "position": {"x": 44, "y": 1681}}, {"event_name": "mousemove", "timestamp": "1694038679375", "position": {"x": 45, "y": 1686}}, {"event_name": "mousemove", "timestamp": "1694038679393", "position": {"x": 47, "y": 1691}}, {"event_name": "mousemove", "timestamp": "1694038679412", "position": {"x": 50, "y": 1697}}, {"event_name": "mousemove", "timestamp": "1694038679431", "position": {"x": 53, "y": 1702}}, {"event_name": "mousemove", "timestamp": "1694038679449", "position": {"x": 55, "y": 1706}}, {"event_name": "mousemove", "timestamp": "1694038679468", "position": {"x": 58, "y": 1712}}, {"event_name": "mousemove", "timestamp": "1694038679485", "position": {"x": 60, "y": 1716}}, {"event_name": "mousemove", "timestamp": "1694038679503", "position": {"x": 62, "y": 1722}}, {"event_name": "mousemove", "timestamp": "1694038679521", "position": {"x": 64, "y": 1729}}, {"event_name": "mousemove", "timestamp": "1694038679538", "position": {"x": 66, "y": 1735}}, {"event_name": "mousemove", "timestamp": "1694038679556", "position": {"x": 67, "y": 1741}}, {"event_name": "mousemove", "timestamp": "1694038679574", "position": {"x": 68, "y": 1748}}, {"event_name": "mouseout", "timestamp": "1694038679591", "position": {"x": 70, "y": 1754}}, {"event_name": "mouseover", "timestamp": "1694038679591", "position": {"x": 70, "y": 1754}}, {"event_name": "mousemove", "timestamp": "1694038679591", "position": {"x": 70, "y": 1754}}, {"event_name": "mousemove", "timestamp": "1694038679609", "position": {"x": 71, "y": 1760}}, {"event_name": "mousemove", "timestamp": "1694038679628", "position": {"x": 72, "y": 1767}}, {"event_name": "mousemove", "timestamp": "1694038679647", "position": {"x": 73, "y": 1773}}, {"event_name": "mousemove", "timestamp": "1694038679666", "position": {"x": 76, "y": 1779}}, {"event_name": "mousemove", "timestamp": "1694038679684", "position": {"x": 79, "y": 1786}}, {"event_name": "mousemove", "timestamp": "1694038679702", "position": {"x": 82, "y": 1792}}, {"event_name": "mouseout", "timestamp": "1694038679721", "position": {"x": 85, "y": 1799}}, {"event_name": "mouseover", "timestamp": "1694038679721", "position": {"x": 85, "y": 1799}}, {"event_name": "mousemove", "timestamp": "1694038679721", "position": {"x": 85, "y": 1799}}, {"event_name": "mousemove", "timestamp": "1694038679739", "position": {"x": 88, "y": 1807}}, {"event_name": "mousemove", "timestamp": "1694038679756", "position": {"x": 91, "y": 1813}}, {"event_name": "mousemove", "timestamp": "1694038679775", "position": {"x": 93, "y": 1820}}, {"event_name": "mousemove", "timestamp": "1694038679793", "position": {"x": 95, "y": 1827}}, {"event_name": "mousemove", "timestamp": "1694038679811", "position": {"x": 97, "y": 1834}}, {"event_name": "mousemove", "timestamp": "1694038679829", "position": {"x": 99, "y": 1841}}, {"event_name": "mousemove", "timestamp": "1694038679848", "position": {"x": 101, "y": 1850}}, {"event_name": "scroll", "timestamp": "1694038679861", "position": {"x": 0, "y": 0}}, {"event_name": "mousemove", "timestamp": "1694038679867", "position": {"x": 103, "y": 1857}}, {"event_name": "mousemove", "timestamp": "1694038679886", "position": {"x": 103, "y": 1863}}, {"event_name": "mousemove", "timestamp": "1694038679904", "position": {"x": 104, "y": 1870}}, {"event_name": "mousemove", "timestamp": "1694038679923", "position": {"x": 105, "y": 1876}}, {"event_name": "mousemove", "timestamp": "1694038679942", "position": {"x": 106, "y": 1882}}, {"event_name": "mousemove", "timestamp": "1694038679960", "position": {"x": 107, "y": 1888}}, {"event_name": "mousemove", "timestamp": "1694038679979", "position": {"x": 109, "y": 1894}}, {"event_name": "mousemove", "timestamp": "1694038679998", "position": {"x": 109, "y": 1898}}, {"event_name": "mouseout", "timestamp": "1694038680017", "position": {"x": 110, "y": 1902}}, {"event_name": "mouseover", "timestamp": "1694038680017", "position": {"x": 110, "y": 1902}}, {"event_name": "mousemove", "timestamp": "1694038680018", "position": {"x": 110, "y": 1902}}, {"event_name": "mouseout", "timestamp": "1694038680036", "position": {"x": 111, "y": 1906}}, {"event_name": "mouseover", "timestamp": "1694038680037", "position": {"x": 111, "y": 1906}}, {"event_name": "mousemove", "timestamp": "1694038680037", "position": {"x": 111, "y": 1906}}, {"event_name": "mousemove", "timestamp": "1694038680056", "position": {"x": 111, "y": 1911}}, {"event_name": "mousemove", "timestamp": "1694038680074", "position": {"x": 111, "y": 1917}}, {"event_name": "mousemove", "timestamp": "1694038680092", "position": {"x": 112, "y": 1923}}, {"event_name": "mousemove", "timestamp": "1694038680111", "position": {"x": 113, "y": 1926}}, {"event_name": "mouseout", "timestamp": "1694038680129", "position": {"x": 114, "y": 1930}}, {"event_name": "mouseover", "timestamp": "1694038680130", "position": {"x": 114, "y": 1930}}, {"event_name": "mousemove", "timestamp": "1694038680130", "position": {"x": 114, "y": 1930}}, {"event_name": "mousemove", "timestamp": "1694038680149", "position": {"x": 115, "y": 1934}}, {"event_name": "mousemove", "timestamp": "1694038680167", "position": {"x": 115, "y": 1938}}, {"event_name": "mousemove", "timestamp": "1694038680186", "position": {"x": 115, "y": 1944}}, {"event_name": "mouseout", "timestamp": "1694038680204", "position": {"x": 115, "y": 1948}}, {"event_name": "mouseover", "timestamp": "1694038680205", "position": {"x": 115, "y": 1948}}, {"event_name": "mousemove", "timestamp": "1694038680205", "position": {"x": 115, "y": 1948}}, {"event_name": "mousemove", "timestamp": "1694038680225", "position": {"x": 115, "y": 1950}}, {"event_name": "mousemove", "timestamp": "1694038680243", "position": {"x": 115, "y": 1953}}, {"event_name": "mousemove", "timestamp": "1694038680262", "position": {"x": 115, "y": 1955}}, {"event_name": "mousedown", "timestamp": "1694038681871", "position": {"x": 115, "y": 1955}}, {"event_name": "mouseup", "timestamp": "1694038681949", "position": {"x": 115, "y": 1955}}, {"event_name": "click", "timestamp": "1694038681949", "position": {"x": 115, "y": 1955}}, {"event_name": "beforeunload", "timestamp": "1694038681949", "position": {"x": 0, "y": 0}}, {"event_name": "load", "timestamp": "1694038684125", "position": {"x": 0, "y": 0}}, {"event_name": "pageshow", "timestamp": "1694038684125", "position": {"x": 0, "y": 0}}, {"event_name": "scroll", "timestamp": "1694038686861", "position": {"x": 0, "y": 0}}, {"event_name": "scroll", "timestamp": "1694038687322", "position": {"x": 0, "y": 0}}, {"event_name": "scroll", "timestamp": "1694038689861", "position": {"x": 0, "y": 0}}, {"event_name": "mouseover", "timestamp": "1694038691425", "position": {"x": 1, "y": 2034}}, {"event_name": "mousemove", "timestamp": "1694038691426", "position": {"x": 1, "y": 2034}}, {"event_name": "mousemove", "timestamp": "1694038691444", "position": {"x": 2, "y": 2038}}, {"event_name": "mousemove", "timestamp": "1694038691467", "position": {"x": 3, "y": 2040}}, {"event_name": "mousemove", "timestamp": "1694038691487", "position": {"x": 4, "y": 2043}}, {"event_name": "mousemove", "timestamp": "1694038691507", "position": {"x": 6, "y": 2048}}, {"event_name": "mousemove", "timestamp": "1694038691526", "position": {"x": 7, "y": 2051}}, {"event_name": "mousemove", "timestamp": "1694038691545", "position": {"x": 8, "y": 2055}}, {"event_name": "mousemove", "timestamp": "1694038691564", "position": {"x": 9, "y": 2059}}, {"event_name": "mousemove", "timestamp": "1694038691584", "position": {"x": 11, "y": 2063}}, {"event_name": "mousemove", "timestamp": "1694038691603", "position": {"x": 11, "y": 2066}}, {"event_name": "mousemove", "timestamp": "1694038691622", "position": {"x": 12, "y": 2070}}, {"event_name": "mousemove", "timestamp": "1694038691640", "position": {"x": 13, "y": 2073}}, {"event_name": "mousemove", "timestamp": "1694038691659", "position": {"x": 13, "y": 2077}}, {"event_name": "mousemove", "timestamp": "1694038691677", "position": {"x": 13, "y": 2082}}, {"event_name": "mousemove", "timestamp": "1694038691697", "position": {"x": 14, "y": 2087}}, {"event_name": "mouseout", "timestamp": "1694038691715", "position": {"x": 15, "y": 2089}}, {"event_name": "mouseover", "timestamp": "1694038691715", "position": {"x": 15, "y": 2089}}, {"event_name": "mousemove", "timestamp": "1694038691715", "position": {"x": 15, "y": 2089}}, {"event_name": "mousemove", "timestamp": "1694038691734", "position": {"x": 16, "y": 2092}}, {"event_name": "mousemove", "timestamp": "1694038691753", "position": {"x": 17, "y": 2095}}, {"event_name": "mousemove", "timestamp": "1694038691771", "position": {"x": 18, "y": 2098}}, {"event_name": "mousemove", "timestamp": "1694038691790", "position": {"x": 20, "y": 2102}}, {"event_name": "mousemove", "timestamp": "1694038691809", "position": {"x": 22, "y": 2106}}, {"event_name": "mousemove", "timestamp": "1694038691827", "position": {"x": 22, "y": 2110}}, {"event_name": "mousemove", "timestamp": "1694038691845", "position": {"x": 23, "y": 2116}}, {"event_name": "mousemove", "timestamp": "1694038691864", "position": {"x": 24, "y": 2120}}, {"event_name": "mousemove", "timestamp": "1694038691883", "position": {"x": 25, "y": 2125}}, {"event_name": "mousemove", "timestamp": "1694038691901", "position": {"x": 26, "y": 2130}}, {"event_name": "mousemove", "timestamp": "1694038691921", "position": {"x": 27, "y": 2135}}, {"event_name": "mousemove", "timestamp": "1694038691939", "position": {"x": 27, "y": 2140}}, {"event_name": "mousemove", "timestamp": "1694038691958", "position": {"x": 27, "y": 2146}}, {"event_name": "mousemove", "timestamp": "1694038691975", "position": {"x": 28, "y": 2151}}, {"event_name": "mousemove", "timestamp": "1694038691993", "position": {"x": 29, "y": 2155}}, {"event_name": "mousemove", "timestamp": "1694038692011", "position": {"x": 31, "y": 2159}}, {"event_name": "mousemove", "timestamp": "1694038692028", "position": {"x": 33, "y": 2163}}, {"event_name": "mousemove", "timestamp": "1694038692046", "position": {"x": 33, "y": 2166}}, {"event_name": "mousemove", "timestamp": "1694038692063", "position": {"x": 33, "y": 2170}}, {"event_name": "mousemove", "timestamp": "1694038692082", "position": {"x": 34, "y": 2174}}, {"event_name": "mousemove", "timestamp": "1694038692101", "position": {"x": 35, "y": 2181}}, {"event_name": "mousemove", "timestamp": "1694038692119", "position": {"x": 36, "y": 2188}}, {"event_name": "mousemove", "timestamp": "1694038692138", "position": {"x": 38, "y": 2194}}, {"event_name": "mousemove", "timestamp": "1694038692157", "position": {"x": 40, "y": 2201}}, {"event_name": "mousemove", "timestamp": "1694038692175", "position": {"x": 42, "y": 2209}}, {"event_name": "mousemove", "timestamp": "1694038692193", "position": {"x": 44, "y": 2216}}, {"event_name": "mousemove", "timestamp": "1694038692212", "position": {"x": 44, "y": 2223}}, {"event_name": "mousemove", "timestamp": "1694038692231", "position": {"x": 45, "y": 2230}}, {"event_name": "mousemove", "timestamp": "1694038692249", "position": {"x": 46, "y": 2237}}, {"event_name": "mousemove", "timestamp": "1694038692269", "position": {"x": 48, "y": 2246}}, {"event_name": "mousemove", "timestamp": "1694038692288", "position": {"x": 50, "y": 2255}}, {"event_name": "mousemove", "timestamp": "1694038692306", "position": {"x": 52, "y": 2261}}, {"event_name": "mousemove", "timestamp": "1694038692323", "position": {"x": 55, "y": 2268}}, {"event_name": "mousemove", "timestamp": "1694038692341", "position": {"x": 59, "y": 2275}}, {"event_name": "mousemove", "timestamp": "1694038692359", "position": {"x": 62, "y": 2282}}, {"event_name": "mousemove", "timestamp": "1694038692376", "position": {"x": 61, "y": 2290}}, {"event_name": "mousemove", "timestamp": "1694038692393", "position": {"x": 60, "y": 2300}}, {"event_name": "mousemove", "timestamp": "1694038692411", "position": {"x": 60, "y": 2308}}, {"event_name": "mousemove", "timestamp": "1694038692429", "position": {"x": 60, "y": 2317}}, {"event_name": "mousemove", "timestamp": "1694038692447", "position": {"x": 60, "y": 2327}}, {"event_name": "mousemove", "timestamp": "1694038692466", "position": {"x": 61, "y": 2336}}, {"event_name": "mousemove", "timestamp": "1694038692484", "position": {"x": 60, "y": 2342}}, {"event_name": "mousemove", "timestamp": "1694038692503", "position": {"x": 60, "y": 2350}}, {"event_name": "mousemove", "timestamp": "1694038692521", "position": {"x": 60, "y": 2356}}, {"event_name": "mousemove", "timestamp": "1694038692540", "position": {"x": 63, "y": 2364}}, {"event_name": "mousemove", "timestamp": "1694038692558", "position": {"x": 66, "y": 2374}}, {"event_name": "mousemove", "timestamp": "1694038692577", "position": {"x": 69, "y": 2381}}, {"event_name": "mousemove", "timestamp": "1694038692595", "position": {"x": 69, "y": 2391}}, {"event_name": "mouseout", "timestamp": "1694038692614", "position": {"x": 70, "y": 2401}}, {"event_name": "mouseover", "timestamp": "1694038692614", "position": {"x": 70, "y": 2401}}, {"event_name": "mousemove", "timestamp": "1694038692614", "position": {"x": 70, "y": 2401}}, {"event_name": "mousemove", "timestamp": "1694038692633", "position": {"x": 71, "y": 2410}}, {"event_name": "mousemove", "timestamp": "1694038692651", "position": {"x": 73, "y": 2419}}, {"event_name": "mousemove", "timestamp": "1694038692670", "position": {"x": 75, "y": 2430}}, {"event_name": "mousemove", "timestamp": "1694038692689", "position": {"x": 77, "y": 2439}}, {"event_name": "mousemove", "timestamp": "1694038692707", "position": {"x": 77, "y": 2449}}, {"event_name": "mousemove", "timestamp": "1694038692726", "position": {"x": 77, "y": 2460}}, {"event_name": "mousemove", "timestamp": "1694038692744", "position": {"x": 77, "y": 2470}}, {"event_name": "mousemove", "timestamp": "1694038692763", "position": {"x": 78, "y": 2482}}, {"event_name": "mousemove", "timestamp": "1694038692781", "position": {"x": 79, "y": 2495}}, {"event_name": "mousemove", "timestamp": "1694038692798", "position": {"x": 81, "y": 2505}}, {"event_name": "mousemove", "timestamp": "1694038692816", "position": {"x": 83, "y": 2514}}, {"event_name": "mouseout", "timestamp": "1694038692834", "position": {"x": 85, "y": 2523}}, {"event_name": "mouseover", "timestamp": "1694038692834", "position": {"x": 85, "y": 2523}}, {"event_name": "mousemove", "timestamp": "1694038692834", "position": {"x": 85, "y": 2523}}, {"event_name": "mousemove", "timestamp": "1694038692852", "position": {"x": 88, "y": 2532}}, {"event_name": "mousemove", "timestamp": "1694038692871", "position": {"x": 90, "y": 2543}}, {"event_name": "mousemove", "timestamp": "1694038692890", "position": {"x": 93, "y": 2555}}, {"event_name": "mousemove", "timestamp": "1694038692909", "position": {"x": 95, "y": 2565}}, {"event_name": "mousemove", "timestamp": "1694038692927", "position": {"x": 93, "y": 2572}}, {"event_name": "mousemove", "timestamp": "1694038692945", "position": {"x": 92, "y": 2579}}, {"event_name": "mousemove", "timestamp": "1694038692964", "position": {"x": 92, "y": 2585}}, {"event_name": "mousemove", "timestamp": "1694038692983", "position": {"x": 92, "y": 2591}}, {"event_name": "mousemove", "timestamp": "1694038693000", "position": {"x": 93, "y": 2598}}, {"event_name": "mousemove", "timestamp": "1694038693018", "position": {"x": 94, "y": 2604}}, {"event_name": "mousemove", "timestamp": "1694038693036", "position": {"x": 94, "y": 2611}}, {"event_name": "mousemove", "timestamp": "1694038693054", "position": {"x": 94, "y": 2620}}, {"event_name": "mousemove", "timestamp": "1694038693072", "position": {"x": 95, "y": 2627}}, {"event_name": "mousemove", "timestamp": "1694038693090", "position": {"x": 95, "y": 2632}}, {"event_name": "mousemove", "timestamp": "1694038693109", "position": {"x": 95, "y": 2638}}, {"event_name": "mousemove", "timestamp": "1694038693128", "position": {"x": 96, "y": 2643}}, {"event_name": "mousemove", "timestamp": "1694038693146", "position": {"x": 96, "y": 2648}}, {"event_name": "mousemove", "timestamp": "1694038693165", "position": {"x": 97, "y": 2654}}, {"event_name": "mouseout", "timestamp": "1694038693184", "position": {"x": 98, "y": 2659}}, {"event_name": "mouseover", "timestamp": "1694038693184", "position": {"x": 98, "y": 2659}}, {"event_name": "mousemove", "timestamp": "1694038693184", "position": {"x": 98, "y": 2659}}, {"event_name": "mousemove", "timestamp": "1694038693202", "position": {"x": 98, "y": 2664}}, {"event_name": "mousemove", "timestamp": "1694038693220", "position": {"x": 98, "y": 2670}}, {"event_name": "mousemove", "timestamp": "1694038693238", "position": {"x": 99, "y": 2675}}, {"event_name": "mouseout", "timestamp": "1694038693256", "position": {"x": 98, "y": 2678}}, {"event_name": "mouseover", "timestamp": "1694038693256", "position": {"x": 98, "y": 2678}}, {"event_name": "mousemove", "timestamp": "1694038693257", "position": {"x": 98, "y": 2678}}, {"event_name": "mousemove", "timestamp": "1694038693274", "position": {"x": 98, "y": 2681}}, {"event_name": "mousemove", "timestamp": "1694038693292", "position": {"x": 98, "y": 2684}}, {"event_name": "mousedown", "timestamp": "1694038693721", "position": {"x": 98, "y": 2684}}, {"event_name": "mouseup", "timestamp": "1694038693776", "position": {"x": 98, "y": 2684}}, {"event_name": "click", "timestamp": "1694038693777", "position": {"x": 98, "y": 2684}}, {"event_name": "beforeunload", "timestamp": "1694038693780", "position": {"x": 0, "y": 0}}]}