{"user_id": "0ca4e7fb-a50d-4841-95ab-1116ec1ad15f", "device": "desktop", "trace": [{"event_name": "load", "timestamp": "1694035141406", "position": {"x": 0, "y": 0}}, {"event_name": "pageshow", "timestamp": "1694035141407", "position": {"x": 0, "y": 0}}, {"event_name": "beforeunload", "timestamp": "1694035141465", "position": {"x": 0, "y": 0}}, {"event_name": "load", "timestamp": "1694035141531", "position": {"x": 0, "y": 0}}, {"event_name": "pageshow", "timestamp": "1694035141531", "position": {"x": 0, "y": 0}}, {"event_name": "mouseover", "timestamp": "1694035141789", "position": {"x": 3, "y": 1}}, {"event_name": "mousemove", "timestamp": "1694035141790", "position": {"x": 3, "y": 1}}, {"event_name": "mousemove", "timestamp": "1694035141808", "position": {"x": 9, "y": 2}}, {"event_name": "mousemove", "timestamp": "1694035141826", "position": {"x": 11, "y": 3}}, {"event_name": "mousemove", "timestamp": "1694035141844", "position": {"x": 15, "y": 5}}, {"event_name": "mousemove", "timestamp": "1694035141861", "position": {"x": 19, "y": 7}}, {"event_name": "mousemove", "timestamp": "1694035141879", "position": {"x": 23, "y": 9}}, {"event_name": "mousemove", "timestamp": "1694035141897", "position": {"x": 27, "y": 11}}, {"event_name": "mousemove", "timestamp": "1694035141915", "position": {"x": 32, "y": 14}}, {"event_name": "mousemove", "timestamp": "1694035141932", "position": {"x": 37, "y": 17}}, {"event_name": "mousemove", "timestamp": "1694035141951", "position": {"x": 41, "y": 19}}, {"event_name": "mousemove", "timestamp": "1694035141969", "position": {"x": 45, "y": 21}}, {"event_name": "mousemove", "timestamp": "1694035141986", "position": {"x": 49, "y": 23}}, {"event_name": "mousemove", "timestamp": "1694035142005", "position": {"x": 52, "y": 24}}, {"event_name": "mousemove", "timestamp": "1694035142022", "position": {"x": 56, "y": 26}}, {"event_name": "mousemove", "timestamp": "1694035142040", "position": {"x": 59, "y": 28}}, {"event_name": "mousemove", "timestamp": "1694035142058", "position": {"x": 61, "y": 30}}, {"event_name": "mousemove", "timestamp": "1694035142075", "position": {"x": 64, "y": 32}}, {"event_name": "mousemove", "timestamp": "1694035142093", "position": {"x": 67, "y": 34}}, {"event_name": "mouseout", "timestamp": "1694035142110", "position": {"x": 70, "y": 36}}, {"event_name": "mouseover", "timestamp": "1694035142111", "position": {"x": 70, "y": 36}}, {"event_name": "mousemove", "timestamp": "1694035142111", "position": {"x": 70, "y": 36}}, {"event_name": "mousemove", "timestamp": "1694035142129", "position": {"x": 74, "y": 38}}, {"event_name": "mousemove", "timestamp": "1694035142146", "position": {"x": 77, "y": 40}}, {"event_name": "mousemove", "timestamp": "1694035142164", "position": {"x": 79, "y": 41}}, {"event_name": "mousemove", "timestamp": "1694035142182", "position": {"x": 81, "y": 42}}, {"event_name": "mousemove", "timestamp": "1694035142199", "position": {"x": 83, "y": 44}}, {"event_name": "mousemove", "timestamp": "1694035142235", "position": {"x": 84, "y": 44}}, {"event_name": "mouseout", "timestamp": "1694035142253", "position": {"x": 85, "y": 45}}, {"event_name": "mouseover", "timestamp": "1694035142253", "position": {"x": 85, "y": 45}}, {"event_name": "mousemove", "timestamp": "1694035142253", "position": {"x": 85, "y": 45}}, {"event_name": "mousedown", "timestamp": "1694035142480", "position": {"x": 85, "y": 45}}, {"event_name": "mouseup", "timestamp": "1694035142576", "position": {"x": 85, "y": 45}}, {"event_name": "click", "timestamp": "1694035142576", "position": {"x": 85, "y": 45}}, {"event_name": "beforeunload", "timestamp": "1694035142580", "position": {"x": 0, "y": 0}}, {"event_name": "load", "timestamp": "1694035145889", "position": {"x": 0, "y": 0}}, {"event_name": "pageshow", "timestamp": "1694035145889", "position": {"x": 0, "y": 0}}, {"event_name": "mouseover", "timestamp": "1694035146153", "position": {"x": 6, "y": 0}}, {"event_name": "mousemove", "timestamp": "1694035146153", "position": {"x": 6, "y": 0}}, {"event_name": "mousemove", "timestamp": "1694035146171", "position": {"x": 14, "y": 1}}, {"event_name": "mousemove", "timestamp": "1694035146189", "position": {"x": 18, "y": 2}}, {"event_name": "mousemove", "timestamp": "1694035146207", "position": {"x": 24, "y": 2}}, {"event_name": "mousemove", "timestamp": "1694035146225", "position": {"x": 30, "y": 2}}, {"event_name": "mousemove", "timestamp": "1694035146243", "position": {"x": 36, "y": 2}}, {"event_name": "mousemove", "timestamp": "1694035146261", "position": {"x": 41, "y": 3}}, {"event_name": "mousemove", "timestamp": "1694035146279", "position": {"x": 46, "y": 4}}, {"event_name": "mousemove", "timestamp": "1694035146296", "position": {"x": 51, "y": 5}}, {"event_name": "mousemove", "timestamp": "1694035146314", "position": {"x": 58, "y": 5}}, {"event_name": "mousemove", "timestamp": "1694035146332", "position": {"x": 65, "y": 6}}, {"event_name": "mouseout", "timestamp": "1694035146349", "position": {"x": 72, "y": 7}}, {"event_name": "mouseover", "timestamp": "1694035146349", "position": {"x": 72, "y": 7}}, {"event_name": "mousemove", "timestamp": "1694035146349", "position": {"x": 72, "y": 7}}, {"event_name": "mousemove", "timestamp": "1694035146367", "position": {"x": 76, "y": 7}}, {"event_name": "mousemove", "timestamp": "1694035146385", "position": {"x": 81, "y": 7}}, {"event_name": "mouseout", "timestamp": "1694035146403", "position": {"x": 86, "y": 8}}, {"event_name": "mouseover", "timestamp": "1694035146403", "position": {"x": 86, "y": 8}}, {"event_name": "mousemove", "timestamp": "1694035146403", "position": {"x": 86, "y": 8}}, {"event_name": "mousemove", "timestamp": "1694035146421", "position": {"x": 93, "y": 8}}, {"event_name": "mousemove", "timestamp": "1694035146438", "position": {"x": 100, "y": 8}}, {"event_name": "mousemove", "timestamp": "1694035146455", "position": {"x": 107, "y": 8}}, {"event_name": "mouseout", "timestamp": "1694035146473", "position": {"x": 114, "y": 9}}, {"event_name": "mouseover", "timestamp": "1694035146473", "position": {"x": 114, "y": 9}}, {"event_name": "mousemove", "timestamp": "1694035146473", "position": {"x": 114, "y": 9}}, {"event_name": "mousemove", "timestamp": "1694035146491", "position": {"x": 121, "y": 10}}, {"event_name": "mousemove", "timestamp": "1694035146508", "position": {"x": 128, "y": 11}}, {"event_name": "mousemove", "timestamp": "1694035146526", "position": {"x": 135, "y": 9}}, {"event_name": "mousemove", "timestamp": "1694035146544", "position": {"x": 142, "y": 8}}, {"event_name": "mousemove", "timestamp": "1694035146561", "position": {"x": 149, "y": 8}}, {"event_name": "mousemove", "timestamp": "1694035146579", "position": {"x": 157, "y": 8}}, {"event_name": "mousemove", "timestamp": "1694035146597", "position": {"x": 166, "y": 8}}, {"event_name": "mousemove", "timestamp": "1694035146614", "position": {"x": 174, "y": 9}}, {"event_name": "mousemove", "timestamp": "1694035146631", "position": {"x": 181, "y": 10}}, {"event_name": "mousemove", "timestamp": "1694035146649", "position": {"x": 190, "y": 11}}, {"event_name": "mousemove", "timestamp": "1694035146666", "position": {"x": 197, "y": 13}}, {"event_name": "mousemove", "timestamp": "1694035146684", "position": {"x": 206, "y": 14}}, {"event_name": "mousemove", "timestamp": "1694035146702", "position": {"x": 214, "y": 15}}, {"event_name": "mousemove", "timestamp": "1694035146719", "position": {"x": 222, "y": 16}}, {"event_name": "mousemove", "timestamp": "1694035146737", "position": {"x": 229, "y": 16}}, {"event_name": "mousemove", "timestamp": "1694035146755", "position": {"x": 237, "y": 17}}, {"event_name": "mousemove", "timestamp": "1694035146772", "position": {"x": 244, "y": 18}}, {"event_name": "mousemove", "timestamp": "1694035146790", "position": {"x": 251, "y": 17}}, {"event_name": "mousemove", "timestamp": "1694035146808", "position": {"x": 260, "y": 16}}, {"event_name": "mousemove", "timestamp": "1694035146825", "position": {"x": 267, "y": 16}}, {"event_name": "mousemove", "timestamp": "1694035146843", "position": {"x": 274, "y": 16}}, {"event_name": "mousemove", "timestamp": "1694035146860", "position": {"x": 283, "y": 17}}, {"event_name": "mousemove", "timestamp": "1694035146878", "position": {"x": 290, "y": 18}}, {"event_name": "mousemove", "timestamp": "1694035146896", "position": {"x": 297, "y": 19}}, {"event_name": "mousemove", "timestamp": "1694035146914", "position": {"x": 305, "y": 20}}, {"event_name": "mousemove", "timestamp": "1694035146932", "position": {"x": 312, "y": 21}}, {"event_name": "mousemove", "timestamp": "1694035146950", "position": {"x": 321, "y": 19}}, {"event_name": "mousemove", "timestamp": "1694035146967", "position": {"x": 331, "y": 17}}, {"event_name": "mousemove", "timestamp": "1694035146986", "position": {"x": 341, "y": 16}}, {"event_name": "mousemove", "timestamp": "1694035147002", "position": {"x": 346, "y": 15}}, {"event_name": "mousemove", "timestamp": "1694035147020", "position": {"x": 352, "y": 15}}, {"event_name": "mousemove", "timestamp": "1694035147038", "position": {"x": 357, "y": 15}}, {"event_name": "mouseout", "timestamp": "1694035147059", "position": {"x": 369, "y": 16}}, {"event_name": "mouseover", "timestamp": "1694035147059", "position": {"x": 369, "y": 16}}, {"event_name": "mousemove", "timestamp": "1694035147059", "position": {"x": 369, "y": 16}}, {"event_name": "mousemove", "timestamp": "1694035147077", "position": {"x": 380, "y": 18}}, {"event_name": "mousemove", "timestamp": "1694035147094", "position": {"x": 388, "y": 19}}, {"event_name": "mousemove", "timestamp": "1694035147112", "position": {"x": 396, "y": 17}}, {"event_name": "mousemove", "timestamp": "1694035147129", "position": {"x": 405, "y": 16}}, {"event_name": "mousemove", "timestamp": "1694035147147", "position": {"x": 414, "y": 15}}, {"event_name": "mousemove", "timestamp": "1694035147164", "position": {"x": 423, "y": 15}}, {"event_name": "mousemove", "timestamp": "1694035147181", "position": {"x": 432, "y": 15}}, {"event_name": "mousemove", "timestamp": "1694035147199", "position": {"x": 441, "y": 16}}, {"event_name": "mousemove", "timestamp": "1694035147216", "position": {"x": 450, "y": 16}}, {"event_name": "mouseout", "timestamp": "1694035147233", "position": {"x": 460, "y": 16}}, {"event_name": "mouseover", "timestamp": "1694035147234", "position": {"x": 460, "y": 16}}, {"event_name": "mousemove", "timestamp": "1694035147234", "position": {"x": 460, "y": 16}}, {"event_name": "mousemove", "timestamp": "1694035147252", "position": {"x": 469, "y": 16}}, {"event_name": "mousemove", "timestamp": "1694035147269", "position": {"x": 479, "y": 17}}, {"event_name": "mousemove", "timestamp": "1694035147287", "position": {"x": 490, "y": 18}}, {"event_name": "mousemove", "timestamp": "1694035147304", "position": {"x": 500, "y": 19}}, {"event_name": "mousemove", "timestamp": "1694035147321", "position": {"x": 508, "y": 19}}, {"event_name": "mousemove", "timestamp": "1694035147341", "position": {"x": 516, "y": 19}}, {"event_name": "mousemove", "timestamp": "1694035147358", "position": {"x": 524, "y": 19}}, {"event_name": "mousemove", "timestamp": "1694035147375", "position": {"x": 533, "y": 19}}, {"event_name": "mousemove", "timestamp": "1694035147393", "position": {"x": 544, "y": 19}}, {"event_name": "mousemove", "timestamp": "1694035147410", "position": {"x": 553, "y": 20}}, {"event_name": "mousemove", "timestamp": "1694035147428", "position": {"x": 562, "y": 19}}, {"event_name": "mousemove", "timestamp": "1694035147446", "position": {"x": 573, "y": 18}}, {"event_name": "mousemove", "timestamp": "1694035147463", "position": {"x": 582, "y": 18}}, {"event_name": "mousemove", "timestamp": "1694035147482", "position": {"x": 592, "y": 17}}, {"event_name": "mousemove", "timestamp": "1694035147500", "position": {"x": 602, "y": 17}}, {"event_name": "mousemove", "timestamp": "1694035147518", "position": {"x": 611, "y": 17}}, {"event_name": "mousemove", "timestamp": "1694035147536", "position": {"x": 620, "y": 17}}, {"event_name": "mousemove", "timestamp": "1694035147554", "position": {"x": 628, "y": 17}}, {"event_name": "mousemove", "timestamp": "1694035147572", "position": {"x": 636, "y": 18}}, {"event_name": "mousemove", "timestamp": "1694035147590", "position": {"x": 642, "y": 19}}, {"event_name": "mousemove", "timestamp": "1694035147608", "position": {"x": 649, "y": 20}}, {"event_name": "mousemove", "timestamp": "1694035147625", "position": {"x": 655, "y": 21}}, {"event_name": "mousemove", "timestamp": "1694035147643", "position": {"x": 661, "y": 21}}, {"event_name": "mousemove", "timestamp": "1694035147661", "position": {"x": 667, "y": 22}}, {"event_name": "mousemove", "timestamp": "1694035147678", "position": {"x": 673, "y": 23}}, {"event_name": "mousemove", "timestamp": "1694035147696", "position": {"x": 677, "y": 22}}, {"event_name": "mousemove", "timestamp": "1694035147713", "position": {"x": 681, "y": 21}}, {"event_name": "mousemove", "timestamp": "1694035147731", "position": {"x": 685, "y": 21}}, {"event_name": "mousemove", "timestamp": "1694035147748", "position": {"x": 689, "y": 22}}, {"event_name": "mousemove", "timestamp": "1694035147766", "position": {"x": 694, "y": 23}}, {"event_name": "mousemove", "timestamp": "1694035147784", "position": {"x": 698, "y": 25}}, {"event_name": "mousemove", "timestamp": "1694035147802", "position": {"x": 700, "y": 26}}, {"event_name": "mousemove", "timestamp": "1694035147820", "position": {"x": 703, "y": 27}}, {"event_name": "mousemove", "timestamp": "1694035147837", "position": {"x": 706, "y": 28}}, {"event_name": "mousemove", "timestamp": "1694035147855", "position": {"x": 709, "y": 29}}, {"event_name": "mousemove", "timestamp": "1694035147872", "position": {"x": 712, "y": 30}}, {"event_name": "mousemove", "timestamp": "1694035147890", "position": {"x": 715, "y": 31}}, {"event_name": "mousemove", "timestamp": "1694035147909", "position": {"x": 718, "y": 30}}, {"event_name": "mousemove", "timestamp": "1694035147927", "position": {"x": 722, "y": 29}}, {"event_name": "mousemove", "timestamp": "1694035147944", "position": {"x": 726, "y": 29}}, {"event_name": "mouseout", "timestamp": "1694035147961", "position": {"x": 728, "y": 29}}, {"event_name": "mouseover", "timestamp": "1694035147962", "position": {"x": 728, "y": 29}}, {"event_name": "mousemove", "timestamp": "1694035147962", "position": {"x": 728, "y": 29}}, {"event_name": "mousemove", "timestamp": "1694035147980", "position": {"x": 731, "y": 29}}, {"event_name": "mousemove", "timestamp": "1694035147997", "position": {"x": 733, "y": 30}}, {"event_name": "mousedown", "timestamp": "1694035148268", "position": {"x": 733, "y": 30}}, {"event_name": "mouseup", "timestamp": "1694035148364", "position": {"x": 733, "y": 30}}, {"event_name": "click", "timestamp": "1694035148364", "position": {"x": 733, "y": 30}}, {"event_name": "beforeunload", "timestamp": "1694035148368", "position": {"x": 0, "y": 0}}, {"event_name": "load", "timestamp": "1694035151120", "position": {"x": 0, "y": 0}}, {"event_name": "pageshow", "timestamp": "1694035151120", "position": {"x": 0, "y": 0}}, {"event_name": "mouseover", "timestamp": "1694035151390", "position": {"x": 18, "y": 0}}, {"event_name": "mousemove", "timestamp": "1694035151390", "position": {"x": 18, "y": 0}}, {"event_name": "mousemove", "timestamp": "1694035151409", "position": {"x": 44, "y": 1}}, {"event_name": "mousemove", "timestamp": "1694035151428", "position": {"x": 54, "y": 2}}, {"event_name": "mousemove", "timestamp": "1694035151447", "position": {"x": 61, "y": 3}}, {"event_name": "mousemove", "timestamp": "1694035151465", "position": {"x": 69, "y": 4}}, {"event_name": "mouseout", "timestamp": "1694035151485", "position": {"x": 76, "y": 5}}, {"event_name": "mouseover", "timestamp": "1694035151485", "position": {"x": 76, "y": 5}}, {"event_name": "mousemove", "timestamp": "1694035151485", "position": {"x": 76, "y": 5}}, {"event_name": "mousemove", "timestamp": "1694035151505", "position": {"x": 82, "y": 6}}, {"event_name": "mouseout", "timestamp": "1694035151524", "position": {"x": 88, "y": 7}}, {"event_name": "mouseover", "timestamp": "1694035151525", "position": {"x": 88, "y": 7}}, {"event_name": "mousemove", "timestamp": "1694035151525", "position": {"x": 88, "y": 7}}, {"event_name": "mouseout", "timestamp": "1694035151544", "position": {"x": 93, "y": 8}}, {"event_name": "mouseover", "timestamp": "1694035151545", "position": {"x": 93, "y": 8}}, {"event_name": "mousemove", "timestamp": "1694035151545", "position": {"x": 93, "y": 8}}, {"event_name": "mouseout", "timestamp": "1694035151565", "position": {"x": 100, "y": 7}}, {"event_name": "mouseover", "timestamp": "1694035151565", "position": {"x": 100, "y": 7}}, {"event_name": "mousemove", "timestamp": "1694035151566", "position": {"x": 100, "y": 7}}, {"event_name": "mousemove", "timestamp": "1694035151585", "position": {"x": 110, "y": 7}}, {"event_name": "mousemove", "timestamp": "1694035151604", "position": {"x": 116, "y": 7}}, {"event_name": "mousemove", "timestamp": "1694035151623", "position": {"x": 122, "y": 7}}, {"event_name": "mouseout", "timestamp": "1694035151641", "position": {"x": 128, "y": 8}}, {"event_name": "mouseover", "timestamp": "1694035151641", "position": {"x": 128, "y": 8}}, {"event_name": "mousemove", "timestamp": "1694035151642", "position": {"x": 128, "y": 8}}, {"event_name": "mousemove", "timestamp": "1694035151659", "position": {"x": 134, "y": 9}}, {"event_name": "mousemove", "timestamp": "1694035151676", "position": {"x": 141, "y": 10}}, {"event_name": "mousemove", "timestamp": "1694035151694", "position": {"x": 148, "y": 11}}, {"event_name": "mousemove", "timestamp": "1694035151712", "position": {"x": 155, "y": 12}}, {"event_name": "mousemove", "timestamp": "1694035151730", "position": {"x": 162, "y": 11}}, {"event_name": "mousemove", "timestamp": "1694035151747", "position": {"x": 170, "y": 11}}, {"event_name": "mousemove", "timestamp": "1694035151765", "position": {"x": 177, "y": 11}}, {"event_name": "mousemove", "timestamp": "1694035151783", "position": {"x": 183, "y": 11}}, {"event_name": "mousemove", "timestamp": "1694035151800", "position": {"x": 191, "y": 11}}, {"event_name": "mousemove", "timestamp": "1694035151818", "position": {"x": 197, "y": 12}}, {"event_name": "mousemove", "timestamp": "1694035151835", "position": {"x": 205, "y": 12}}, {"event_name": "mousemove", "timestamp": "1694035151853", "position": {"x": 214, "y": 13}}, {"event_name": "mousemove", "timestamp": "1694035151871", "position": {"x": 222, "y": 14}}, {"event_name": "mousemove", "timestamp": "1694035151888", "position": {"x": 229, "y": 14}}, {"event_name": "mousemove", "timestamp": "1694035151905", "position": {"x": 238, "y": 15}}, {"event_name": "mousemove", "timestamp": "1694035151924", "position": {"x": 245, "y": 16}}, {"event_name": "mousemove", "timestamp": "1694035151941", "position": {"x": 251, "y": 15}}, {"event_name": "mousemove", "timestamp": "1694035151960", "position": {"x": 257, "y": 14}}, {"event_name": "mousemove", "timestamp": "1694035151977", "position": {"x": 263, "y": 14}}, {"event_name": "mousemove", "timestamp": "1694035151995", "position": {"x": 269, "y": 14}}, {"event_name": "mousemove", "timestamp": "1694035152013", "position": {"x": 275, "y": 15}}, {"event_name": "mousemove", "timestamp": "1694035152030", "position": {"x": 282, "y": 16}}, {"event_name": "mousemove", "timestamp": "1694035152048", "position": {"x": 292, "y": 15}}, {"event_name": "mousemove", "timestamp": "1694035152066", "position": {"x": 303, "y": 14}}, {"event_name": "mousemove", "timestamp": "1694035152083", "position": {"x": 313, "y": 14}}, {"event_name": "mousemove", "timestamp": "1694035152101", "position": {"x": 321, "y": 14}}, {"event_name": "mousemove", "timestamp": "1694035152119", "position": {"x": 331, "y": 15}}, {"event_name": "mousemove", "timestamp": "1694035152137", "position": {"x": 339, "y": 16}}, {"event_name": "mousemove", "timestamp": "1694035152155", "position": {"x": 348, "y": 16}}, {"event_name": "mousemove", "timestamp": "1694035152173", "position": {"x": 358, "y": 16}}, {"event_name": "mouseout", "timestamp": "1694035152189", "position": {"x": 368, "y": 16}}, {"event_name": "mouseover", "timestamp": "1694035152189", "position": {"x": 368, "y": 16}}, {"event_name": "mousemove", "timestamp": "1694035152190", "position": {"x": 368, "y": 16}}, {"event_name": "mousemove", "timestamp": "1694035152208", "position": {"x": 376, "y": 13}}, {"event_name": "mousemove", "timestamp": "1694035152225", "position": {"x": 384, "y": 11}}, {"event_name": "mousemove", "timestamp": "1694035152243", "position": {"x": 392, "y": 10}}, {"event_name": "mousemove", "timestamp": "1694035152260", "position": {"x": 401, "y": 10}}, {"event_name": "mousemove", "timestamp": "1694035152278", "position": {"x": 412, "y": 10}}, {"event_name": "mousemove", "timestamp": "1694035152296", "position": {"x": 421, "y": 10}}, {"event_name": "mousemove", "timestamp": "1694035152315", "position": {"x": 432, "y": 10}}, {"event_name": "mousemove", "timestamp": "1694035152332", "position": {"x": 442, "y": 11}}, {"event_name": "mousemove", "timestamp": "1694035152350", "position": {"x": 450, "y": 12}}, {"event_name": "mouseout", "timestamp": "1694035152368", "position": {"x": 459, "y": 11}}, {"event_name": "mouseover", "timestamp": "1694035152368", "position": {"x": 459, "y": 11}}, {"event_name": "mousemove", "timestamp": "1694035152368", "position": {"x": 459, "y": 11}}, {"event_name": "mousemove", "timestamp": "1694035152385", "position": {"x": 469, "y": 11}}, {"event_name": "mousemove", "timestamp": "1694035152403", "position": {"x": 478, "y": 11}}, {"event_name": "mousemove", "timestamp": "1694035152420", "position": {"x": 488, "y": 11}}, {"event_name": "mousemove", "timestamp": "1694035152438", "position": {"x": 497, "y": 11}}, {"event_name": "mousemove", "timestamp": "1694035152455", "position": {"x": 506, "y": 11}}, {"event_name": "mousemove", "timestamp": "1694035152473", "position": {"x": 516, "y": 10}}, {"event_name": "mousemove", "timestamp": "1694035152491", "position": {"x": 527, "y": 9}}, {"event_name": "mousemove", "timestamp": "1694035152508", "position": {"x": 536, "y": 9}}, {"event_name": "mousemove", "timestamp": "1694035152525", "position": {"x": 548, "y": 10}}, {"event_name": "mousemove", "timestamp": "1694035152543", "position": {"x": 560, "y": 11}}, {"event_name": "mousemove", "timestamp": "1694035152561", "position": {"x": 572, "y": 13}}, {"event_name": "mousemove", "timestamp": "1694035152578", "position": {"x": 581, "y": 13}}, {"event_name": "mousemove", "timestamp": "1694035152596", "position": {"x": 590, "y": 14}}, {"event_name": "mousemove", "timestamp": "1694035152613", "position": {"x": 599, "y": 15}}, {"event_name": "mousemove", "timestamp": "1694035152631", "position": {"x": 609, "y": 15}}, {"event_name": "mousemove", "timestamp": "1694035152649", "position": {"x": 620, "y": 15}}, {"event_name": "mousemove", "timestamp": "1694035152666", "position": {"x": 630, "y": 15}}, {"event_name": "mousemove", "timestamp": "1694035152684", "position": {"x": 638, "y": 13}}, {"event_name": "mousemove", "timestamp": "1694035152701", "position": {"x": 647, "y": 12}}, {"event_name": "mousemove", "timestamp": "1694035152718", "position": {"x": 655, "y": 12}}, {"event_name": "mousemove", "timestamp": "1694035152736", "position": {"x": 664, "y": 12}}, {"event_name": "mousemove", "timestamp": "1694035152754", "position": {"x": 675, "y": 12}}, {"event_name": "mousemove", "timestamp": "1694035152771", "position": {"x": 684, "y": 12}}, {"event_name": "mousemove", "timestamp": "1694035152789", "position": {"x": 691, "y": 13}}, {"event_name": "mousemove", "timestamp": "1694035152806", "position": {"x": 700, "y": 14}}, {"event_name": "mousemove", "timestamp": "1694035152824", "position": {"x": 707, "y": 16}}, {"event_name": "mousemove", "timestamp": "1694035152841", "position": {"x": 714, "y": 16}}, {"event_name": "mousemove", "timestamp": "1694035152859", "position": {"x": 722, "y": 17}}, {"event_name": "mouseout", "timestamp": "1694035152877", "position": {"x": 729, "y": 18}}, {"event_name": "mouseover", "timestamp": "1694035152877", "position": {"x": 729, "y": 18}}, {"event_name": "mousemove", "timestamp": "1694035152877", "position": {"x": 729, "y": 18}}, {"event_name": "mousemove", "timestamp": "1694035152894", "position": {"x": 736, "y": 19}}, {"event_name": "mousemove", "timestamp": "1694035152912", "position": {"x": 743, "y": 21}}, {"event_name": "mousemove", "timestamp": "1694035152930", "position": {"x": 750, "y": 23}}, {"event_name": "mousemove", "timestamp": "1694035152947", "position": {"x": 754, "y": 19}}, {"event_name": "mousemove", "timestamp": "1694035152965", "position": {"x": 759, "y": 16}}, {"event_name": "mousemove", "timestamp": "1694035152983", "position": {"x": 764, "y": 14}}, {"event_name": "mousemove", "timestamp": "1694035153001", "position": {"x": 768, "y": 15}}, {"event_name": "mousemove", "timestamp": "1694035153018", "position": {"x": 773, "y": 16}}, {"event_name": "mousemove", "timestamp": "1694035153036", "position": {"x": 777, "y": 17}}, {"event_name": "mousemove", "timestamp": "1694035153055", "position": {"x": 782, "y": 16}}, {"event_name": "mousemove", "timestamp": "1694035153074", "position": {"x": 788, "y": 16}}, {"event_name": "mouseout", "timestamp": "1694035153093", "position": {"x": 792, "y": 16}}, {"event_name": "mouseover", "timestamp": "1694035153094", "position": {"x": 792, "y": 16}}, {"event_name": "mousemove", "timestamp": "1694035153094", "position": {"x": 792, "y": 16}}, {"event_name": "mousemove", "timestamp": "1694035153113", "position": {"x": 795, "y": 16}}, {"event_name": "mousemove", "timestamp": "1694035153133", "position": {"x": 798, "y": 16}}, {"event_name": "mousemove", "timestamp": "1694035153152", "position": {"x": 801, "y": 17}}, {"event_name": "mousemove", "timestamp": "1694035153171", "position": {"x": 802, "y": 17}}, {"event_name": "mousemove", "timestamp": "1694035153188", "position": {"x": 804, "y": 17}}, {"event_name": "mousemove", "timestamp": "1694035153206", "position": {"x": 806, "y": 18}}, {"event_name": "mousemove", "timestamp": "1694035153222", "position": {"x": 807, "y": 18}}, {"event_name": "mousemove", "timestamp": "1694035153240", "position": {"x": 809, "y": 19}}, {"event_name": "mousemove", "timestamp": "1694035153258", "position": {"x": 811, "y": 20}}, {"event_name": "mousemove", "timestamp": "1694035153276", "position": {"x": 812, "y": 20}}, {"event_name": "mousemove", "timestamp": "1694035153294", "position": {"x": 814, "y": 20}}, {"event_name": "mousemove", "timestamp": "1694035153312", "position": {"x": 816, "y": 21}}, {"event_name": "mousemove", "timestamp": "1694035153365", "position": {"x": 817, "y": 21}}, {"event_name": "mousedown", "timestamp": "1694035153499", "position": {"x": 817, "y": 21}}, {"event_name": "mouseup", "timestamp": "1694035153614", "position": {"x": 817, "y": 21}}, {"event_name": "click", "timestamp": "1694035153614", "position": {"x": 817, "y": 21}}, {"event_name": "beforeunload", "timestamp": "1694035153619", "position": {"x": 0, "y": 0}}, {"event_name": "load", "timestamp": "1694035153810", "position": {"x": 0, "y": 0}}, {"event_name": "pageshow", "timestamp": "1694035153811", "position": {"x": 0, "y": 0}}, {"event_name": "mouseover", "timestamp": "1694035154146", "position": {"x": 5, "y": 0}}, {"event_name": "mousemove", "timestamp": "1694035154146", "position": {"x": 5, "y": 0}}, {"event_name": "mousemove", "timestamp": "1694035154164", "position": {"x": 13, "y": 0}}, {"event_name": "mousemove", "timestamp": "1694035154181", "position": {"x": 17, "y": 0}}, {"event_name": "mousemove", "timestamp": "1694035154199", "position": {"x": 22, "y": 1}}, {"event_name": "mousemove", "timestamp": "1694035154217", "position": {"x": 27, "y": 2}}, {"event_name": "mousemove", "timestamp": "1694035154235", "position": {"x": 32, "y": 3}}, {"event_name": "mousemove", "timestamp": "1694035154252", "position": {"x": 37, "y": 2}}, {"event_name": "mousemove", "timestamp": "1694035154270", "position": {"x": 43, "y": 2}}, {"event_name": "mousemove", "timestamp": "1694035154288", "position": {"x": 49, "y": 2}}, {"event_name": "mousemove", "timestamp": "1694035154305", "position": {"x": 56, "y": 1}}, {"event_name": "mousemove", "timestamp": "1694035154323", "position": {"x": 63, "y": 1}}, {"event_name": "mousemove", "timestamp": "1694035154340", "position": {"x": 69, "y": 1}}, {"event_name": "mouseout", "timestamp": "1694035154359", "position": {"x": 76, "y": 0}}, {"event_name": "mouseover", "timestamp": "1694035154359", "position": {"x": 76, "y": 0}}, {"event_name": "mousemove", "timestamp": "1694035154359", "position": {"x": 76, "y": 0}}, {"event_name": "mousemove", "timestamp": "1694035154376", "position": {"x": 83, "y": 0}}, {"event_name": "mouseout", "timestamp": "1694035154394", "position": {"x": 90, "y": 0}}, {"event_name": "mouseover", "timestamp": "1694035154394", "position": {"x": 90, "y": 0}}, {"event_name": "mousemove", "timestamp": "1694035154394", "position": {"x": 90, "y": 0}}, {"event_name": "mousemove", "timestamp": "1694035154412", "position": {"x": 145, "y": 0}}, {"event_name": "mousemove", "timestamp": "1694035154429", "position": {"x": 197, "y": 0}}, {"event_name": "mousemove", "timestamp": "1694035154446", "position": {"x": 243, "y": 1}}, {"event_name": "mousemove", "timestamp": "1694035154464", "position": {"x": 251, "y": 2}}, {"event_name": "mousemove", "timestamp": "1694035154482", "position": {"x": 260, "y": 3}}, {"event_name": "mousemove", "timestamp": "1694035154499", "position": {"x": 268, "y": 5}}, {"event_name": "mousemove", "timestamp": "1694035154517", "position": {"x": 277, "y": 6}}, {"event_name": "mouseout", "timestamp": "1694035154534", "position": {"x": 287, "y": 8}}, {"event_name": "mouseover", "timestamp": "1694035154534", "position": {"x": 287, "y": 8}}, {"event_name": "mousemove", "timestamp": "1694035154534", "position": {"x": 287, "y": 8}}, {"event_name": "mousemove", "timestamp": "1694035154551", "position": {"x": 296, "y": 10}}, {"event_name": "mousemove", "timestamp": "1694035154569", "position": {"x": 303, "y": 10}}, {"event_name": "mousemove", "timestamp": "1694035154588", "position": {"x": 310, "y": 10}}, {"event_name": "mousemove", "timestamp": "1694035154605", "position": {"x": 318, "y": 10}}, {"event_name": "mousemove", "timestamp": "1694035154625", "position": {"x": 326, "y": 9}}, {"event_name": "mousemove", "timestamp": "1694035154643", "position": {"x": 336, "y": 9}}, {"event_name": "mousemove", "timestamp": "1694035154660", "position": {"x": 344, "y": 9}}, {"event_name": "mousemove", "timestamp": "1694035154679", "position": {"x": 353, "y": 11}}, {"event_name": "mousemove", "timestamp": "1694035154696", "position": {"x": 362, "y": 13}}, {"event_name": "mouseout", "timestamp": "1694035154714", "position": {"x": 371, "y": 15}}, {"event_name": "mouseover", "timestamp": "1694035154714", "position": {"x": 371, "y": 15}}, {"event_name": "mousemove", "timestamp": "1694035154715", "position": {"x": 371, "y": 15}}, {"event_name": "mousemove", "timestamp": "1694035154732", "position": {"x": 379, "y": 15}}, {"event_name": "mousemove", "timestamp": "1694035154750", "position": {"x": 389, "y": 15}}, {"event_name": "mousemove", "timestamp": "1694035154767", "position": {"x": 397, "y": 15}}, {"event_name": "mousemove", "timestamp": "1694035154785", "position": {"x": 406, "y": 14}}, {"event_name": "mousemove", "timestamp": "1694035154803", "position": {"x": 417, "y": 14}}, {"event_name": "mousemove", "timestamp": "1694035154820", "position": {"x": 426, "y": 14}}, {"event_name": "mousemove", "timestamp": "1694035154839", "position": {"x": 436, "y": 12}}, {"event_name": "mousemove", "timestamp": "1694035154857", "position": {"x": 447, "y": 11}}, {"event_name": "mouseout", "timestamp": "1694035154875", "position": {"x": 456, "y": 11}}, {"event_name": "mouseover", "timestamp": "1694035154875", "position": {"x": 456, "y": 11}}, {"event_name": "mousemove", "timestamp": "1694035154876", "position": {"x": 456, "y": 11}}, {"event_name": "mousemove", "timestamp": "1694035154895", "position": {"x": 469, "y": 10}}, {"event_name": "mousemove", "timestamp": "1694035154913", "position": {"x": 482, "y": 9}}, {"event_name": "mousemove", "timestamp": "1694035154931", "position": {"x": 493, "y": 9}}, {"event_name": "mousemove", "timestamp": "1694035154947", "position": {"x": 503, "y": 8}}, {"event_name": "mousemove", "timestamp": "1694035154966", "position": {"x": 514, "y": 8}}, {"event_name": "mousemove", "timestamp": "1694035154983", "position": {"x": 524, "y": 8}}, {"event_name": "mousemove", "timestamp": "1694035155001", "position": {"x": 534, "y": 10}}, {"event_name": "mousemove", "timestamp": "1694035155018", "position": {"x": 544, "y": 12}}, {"event_name": "mousemove", "timestamp": "1694035155036", "position": {"x": 554, "y": 14}}, {"event_name": "mousemove", "timestamp": "1694035155054", "position": {"x": 563, "y": 16}}, {"event_name": "mousemove", "timestamp": "1694035155071", "position": {"x": 574, "y": 18}}, {"event_name": "mousemove", "timestamp": "1694035155090", "position": {"x": 583, "y": 21}}, {"event_name": "mousemove", "timestamp": "1694035155108", "position": {"x": 594, "y": 20}}, {"event_name": "mousemove", "timestamp": "1694035155125", "position": {"x": 606, "y": 20}}, {"event_name": "mousemove", "timestamp": "1694035155142", "position": {"x": 616, "y": 20}}, {"event_name": "mousemove", "timestamp": "1694035155161", "position": {"x": 627, "y": 21}}, {"event_name": "mousemove", "timestamp": "1694035155179", "position": {"x": 639, "y": 22}}, {"event_name": "mousemove", "timestamp": "1694035155196", "position": {"x": 649, "y": 23}}, {"event_name": "mousemove", "timestamp": "1694035155213", "position": {"x": 660, "y": 21}}, {"event_name": "mousemove", "timestamp": "1694035155231", "position": {"x": 672, "y": 20}}, {"event_name": "mousemove", "timestamp": "1694035155248", "position": {"x": 683, "y": 20}}, {"event_name": "mousemove", "timestamp": "1694035155266", "position": {"x": 692, "y": 19}}, {"event_name": "mousemove", "timestamp": "1694035155284", "position": {"x": 701, "y": 19}}, {"event_name": "mousemove", "timestamp": "1694035155302", "position": {"x": 710, "y": 19}}, {"event_name": "mousemove", "timestamp": "1694035155319", "position": {"x": 720, "y": 19}}, {"event_name": "mouseout", "timestamp": "1694035155336", "position": {"x": 731, "y": 19}}, {"event_name": "mouseover", "timestamp": "1694035155336", "position": {"x": 731, "y": 19}}, {"event_name": "mousemove", "timestamp": "1694035155336", "position": {"x": 731, "y": 19}}, {"event_name": "mousemove", "timestamp": "1694035155354", "position": {"x": 742, "y": 19}}, {"event_name": "mousemove", "timestamp": "1694035155372", "position": {"x": 751, "y": 19}}, {"event_name": "mousemove", "timestamp": "1694035155390", "position": {"x": 760, "y": 19}}, {"event_name": "mousemove", "timestamp": "1694035155407", "position": {"x": 769, "y": 19}}, {"event_name": "mousemove", "timestamp": "1694035155425", "position": {"x": 775, "y": 19}}, {"event_name": "mousemove", "timestamp": "1694035155442", "position": {"x": 781, "y": 19}}, {"event_name": "mousemove", "timestamp": "1694035155460", "position": {"x": 788, "y": 19}}, {"event_name": "mouseout", "timestamp": "1694035155477", "position": {"x": 794, "y": 19}}, {"event_name": "mouseover", "timestamp": "1694035155477", "position": {"x": 794, "y": 19}}, {"event_name": "mousemove", "timestamp": "1694035155478", "position": {"x": 794, "y": 19}}, {"event_name": "mousemove", "timestamp": "1694035155495", "position": {"x": 801, "y": 19}}, {"event_name": "mousemove", "timestamp": "1694035155513", "position": {"x": 807, "y": 19}}, {"event_name": "mousemove", "timestamp": "1694035155530", "position": {"x": 812, "y": 18}}, {"event_name": "mousemove", "timestamp": "1694035155549", "position": {"x": 817, "y": 18}}, {"event_name": "mousemove", "timestamp": "1694035155566", "position": {"x": 823, "y": 18}}, {"event_name": "mousemove", "timestamp": "1694035155584", "position": {"x": 828, "y": 18}}, {"event_name": "mousemove", "timestamp": "1694035155601", "position": {"x": 833, "y": 18}}, {"event_name": "mousemove", "timestamp": "1694035155619", "position": {"x": 838, "y": 18}}, {"event_name": "mousemove", "timestamp": "1694035155638", "position": {"x": 842, "y": 19}}, {"event_name": "mousemove", "timestamp": "1694035155655", "position": {"x": 846, "y": 20}}, {"event_name": "mousemove", "timestamp": "1694035155672", "position": {"x": 850, "y": 21}}, {"event_name": "mousemove", "timestamp": "1694035155690", "position": {"x": 853, "y": 22}}, {"event_name": "mouseout", "timestamp": "1694035155708", "position": {"x": 857, "y": 23}}, {"event_name": "mouseover", "timestamp": "1694035155708", "position": {"x": 857, "y": 23}}, {"event_name": "mousemove", "timestamp": "1694035155708", "position": {"x": 857, "y": 23}}, {"event_name": "mousemove", "timestamp": "1694035155726", "position": {"x": 860, "y": 25}}, {"event_name": "mousemove", "timestamp": "1694035155743", "position": {"x": 863, "y": 25}}, {"event_name": "mousemove", "timestamp": "1694035155761", "position": {"x": 867, "y": 25}}, {"event_name": "mousemove", "timestamp": "1694035155778", "position": {"x": 870, "y": 26}}, {"event_name": "mousemove", "timestamp": "1694035155795", "position": {"x": 871, "y": 26}}, {"event_name": "mousemove", "timestamp": "1694035155813", "position": {"x": 873, "y": 27}}, {"event_name": "mousemove", "timestamp": "1694035155830", "position": {"x": 875, "y": 28}}, {"event_name": "mousemove", "timestamp": "1694035155849", "position": {"x": 877, "y": 27}}, {"event_name": "mousemove", "timestamp": "1694035155865", "position": {"x": 879, "y": 27}}, {"event_name": "mousemove", "timestamp": "1694035155884", "position": {"x": 881, "y": 27}}, {"event_name": "mousemove", "timestamp": "1694035155901", "position": {"x": 883, "y": 27}}, {"event_name": "mousemove", "timestamp": "1694035155919", "position": {"x": 885, "y": 27}}, {"event_name": "mousemove", "timestamp": "1694035155936", "position": {"x": 887, "y": 28}}, {"event_name": "mousemove", "timestamp": "1694035155953", "position": {"x": 888, "y": 28}}, {"event_name": "mousemove", "timestamp": "1694035155971", "position": {"x": 889, "y": 28}}, {"event_name": "mousemove", "timestamp": "1694035155989", "position": {"x": 891, "y": 28}}, {"event_name": "mousedown", "timestamp": "1694035156407", "position": {"x": 891, "y": 28}}, {"event_name": "mouseup", "timestamp": "1694035156503", "position": {"x": 891, "y": 28}}, {"event_name": "click", "timestamp": "1694035156503", "position": {"x": 891, "y": 28}}, {"event_name": "beforeunload", "timestamp": "1694035156519", "position": {"x": 0, "y": 0}}, {"event_name": "focus", "timestamp": "1694035159325", "position": {"x": 0, "y": 0}}, {"event_name": "load", "timestamp": "1694035159327", "position": {"x": 0, "y": 0}}, {"event_name": "pageshow", "timestamp": "1694035159327", "position": {"x": 0, "y": 0}}, {"event_name": "mouseover", "timestamp": "1694035159630", "position": {"x": 6, "y": 0}}, {"event_name": "mousemove", "timestamp": "1694035159630", "position": {"x": 6, "y": 0}}, {"event_name": "mousemove", "timestamp": "1694035159648", "position": {"x": 14, "y": 0}}, {"event_name": "mousemove", "timestamp": "1694035159665", "position": {"x": 18, "y": 1}}, {"event_name": "mousemove", "timestamp": "1694035159685", "position": {"x": 22, "y": 0}}, {"event_name": "mousemove", "timestamp": "1694035159702", "position": {"x": 27, "y": 0}}, {"event_name": "mousemove", "timestamp": "1694035159720", "position": {"x": 31, "y": 0}}, {"event_name": "mousemove", "timestamp": "1694035159737", "position": {"x": 51, "y": 0}}, {"event_name": "mouseout", "timestamp": "1694035159756", "position": {"x": 72, "y": 0}}, {"event_name": "mouseover", "timestamp": "1694035159756", "position": {"x": 72, "y": 0}}, {"event_name": "mousemove", "timestamp": "1694035159756", "position": {"x": 72, "y": 0}}, {"event_name": "mouseout", "timestamp": "1694035159773", "position": {"x": 90, "y": 0}}, {"event_name": "mouseover", "timestamp": "1694035159773", "position": {"x": 90, "y": 0}}, {"event_name": "mousemove", "timestamp": "1694035159773", "position": {"x": 90, "y": 0}}, {"event_name": "mousemove", "timestamp": "1694035159791", "position": {"x": 97, "y": 1}}, {"event_name": "mousemove", "timestamp": "1694035159809", "position": {"x": 106, "y": 3}}, {"event_name": "mousemove", "timestamp": "1694035159826", "position": {"x": 113, "y": 5}}, {"event_name": "mousemove", "timestamp": "1694035159844", "position": {"x": 119, "y": 5}}, {"event_name": "mousemove", "timestamp": "1694035159861", "position": {"x": 125, "y": 6}}, {"event_name": "mousemove", "timestamp": "1694035159879", "position": {"x": 132, "y": 7}}, {"event_name": "mousemove", "timestamp": "1694035159897", "position": {"x": 140, "y": 7}}, {"event_name": "mousemove", "timestamp": "1694035159914", "position": {"x": 148, "y": 7}}, {"event_name": "mouseout", "timestamp": "1694035159932", "position": {"x": 156, "y": 8}}, {"event_name": "mouseover", "timestamp": "1694035159932", "position": {"x": 156, "y": 8}}, {"event_name": "mousemove", "timestamp": "1694035159932", "position": {"x": 156, "y": 8}}, {"event_name": "mousemove", "timestamp": "1694035159949", "position": {"x": 164, "y": 8}}, {"event_name": "mousemove", "timestamp": "1694035159967", "position": {"x": 173, "y": 9}}, {"event_name": "mousemove", "timestamp": "1694035159985", "position": {"x": 182, "y": 10}}, {"event_name": "mousemove", "timestamp": "1694035160002", "position": {"x": 190, "y": 10}}, {"event_name": "mousemove", "timestamp": "1694035160019", "position": {"x": 198, "y": 10}}, {"event_name": "mousemove", "timestamp": "1694035160037", "position": {"x": 206, "y": 10}}, {"event_name": "mousemove", "timestamp": "1694035160055", "position": {"x": 213, "y": 12}}, {"event_name": "mousemove", "timestamp": "1694035160074", "position": {"x": 221, "y": 14}}, {"event_name": "mousemove", "timestamp": "1694035160091", "position": {"x": 228, "y": 16}}, {"event_name": "mousemove", "timestamp": "1694035160109", "position": {"x": 237, "y": 16}}, {"event_name": "mousemove", "timestamp": "1694035160126", "position": {"x": 247, "y": 16}}, {"event_name": "mousemove", "timestamp": "1694035160143", "position": {"x": 256, "y": 17}}, {"event_name": "mousemove", "timestamp": "1694035160161", "position": {"x": 265, "y": 17}}, {"event_name": "mousemove", "timestamp": "1694035160178", "position": {"x": 276, "y": 18}}, {"event_name": "mousemove", "timestamp": "1694035160196", "position": {"x": 285, "y": 19}}, {"event_name": "mousemove", "timestamp": "1694035160213", "position": {"x": 293, "y": 20}}, {"event_name": "mousemove", "timestamp": "1694035160232", "position": {"x": 302, "y": 22}}, {"event_name": "mousemove", "timestamp": "1694035160249", "position": {"x": 310, "y": 24}}, {"event_name": "mousemove", "timestamp": "1694035160267", "position": {"x": 318, "y": 23}}, {"event_name": "mousemove", "timestamp": "1694035160284", "position": {"x": 326, "y": 23}}, {"event_name": "mousemove", "timestamp": "1694035160302", "position": {"x": 334, "y": 23}}, {"event_name": "mousemove", "timestamp": "1694035160321", "position": {"x": 343, "y": 23}}, {"event_name": "mousemove", "timestamp": "1694035160339", "position": {"x": 352, "y": 23}}, {"event_name": "mousemove", "timestamp": "1694035160357", "position": {"x": 360, "y": 24}}, {"event_name": "mouseout", "timestamp": "1694035160375", "position": {"x": 369, "y": 21}}, {"event_name": "mouseover", "timestamp": "1694035160375", "position": {"x": 369, "y": 21}}, {"event_name": "mousemove", "timestamp": "1694035160375", "position": {"x": 369, "y": 21}}, {"event_name": "mousemove", "timestamp": "1694035160392", "position": {"x": 378, "y": 19}}, {"event_name": "mousemove", "timestamp": "1694035160410", "position": {"x": 386, "y": 18}}, {"event_name": "mousemove", "timestamp": "1694035160428", "position": {"x": 395, "y": 18}}, {"event_name": "mousemove", "timestamp": "1694035160446", "position": {"x": 405, "y": 18}}, {"event_name": "mousemove", "timestamp": "1694035160465", "position": {"x": 414, "y": 18}}, {"event_name": "mousemove", "timestamp": "1694035160483", "position": {"x": 424, "y": 16}}, {"event_name": "mousemove", "timestamp": "1694035160501", "position": {"x": 435, "y": 15}}, {"event_name": "mousemove", "timestamp": "1694035160519", "position": {"x": 444, "y": 15}}, {"event_name": "mousemove", "timestamp": "1694035160538", "position": {"x": 453, "y": 14}}, {"event_name": "mouseout", "timestamp": "1694035160557", "position": {"x": 464, "y": 14}}, {"event_name": "mouseover", "timestamp": "1694035160557", "position": {"x": 464, "y": 14}}, {"event_name": "mousemove", "timestamp": "1694035160558", "position": {"x": 464, "y": 14}}, {"event_name": "mousemove", "timestamp": "1694035160576", "position": {"x": 473, "y": 14}}, {"event_name": "mousemove", "timestamp": "1694035160595", "position": {"x": 482, "y": 12}}, {"event_name": "mousemove", "timestamp": "1694035160613", "position": {"x": 493, "y": 11}}, {"event_name": "mousemove", "timestamp": "1694035160631", "position": {"x": 501, "y": 10}}, {"event_name": "mousemove", "timestamp": "1694035160649", "position": {"x": 511, "y": 10}}, {"event_name": "mousemove", "timestamp": "1694035160666", "position": {"x": 522, "y": 10}}, {"event_name": "mousemove", "timestamp": "1694035160684", "position": {"x": 531, "y": 10}}, {"event_name": "mousemove", "timestamp": "1694035160701", "position": {"x": 543, "y": 10}}, {"event_name": "mousemove", "timestamp": "1694035160719", "position": {"x": 554, "y": 11}}, {"event_name": "mousemove", "timestamp": "1694035160736", "position": {"x": 565, "y": 12}}, {"event_name": "mousemove", "timestamp": "1694035160754", "position": {"x": 576, "y": 10}}, {"event_name": "mousemove", "timestamp": "1694035160772", "position": {"x": 589, "y": 8}}, {"event_name": "mouseout", "timestamp": "1694035160790", "position": {"x": 600, "y": 7}}, {"event_name": "mouseover", "timestamp": "1694035160790", "position": {"x": 600, "y": 7}}, {"event_name": "mousemove", "timestamp": "1694035160790", "position": {"x": 600, "y": 7}}, {"event_name": "mousemove", "timestamp": "1694035160809", "position": {"x": 611, "y": 7}}, {"event_name": "mouseout", "timestamp": "1694035160827", "position": {"x": 624, "y": 8}}, {"event_name": "mouseover", "timestamp": "1694035160828", "position": {"x": 624, "y": 8}}, {"event_name": "mousemove", "timestamp": "1694035160828", "position": {"x": 624, "y": 8}}, {"event_name": "mousemove", "timestamp": "1694035160846", "position": {"x": 634, "y": 9}}, {"event_name": "mousemove", "timestamp": "1694035160865", "position": {"x": 646, "y": 10}}, {"event_name": "mousemove", "timestamp": "1694035160883", "position": {"x": 658, "y": 12}}, {"event_name": "mousemove", "timestamp": "1694035160902", "position": {"x": 668, "y": 14}}, {"event_name": "mousemove", "timestamp": "1694035160920", "position": {"x": 679, "y": 14}}, {"event_name": "mousemove", "timestamp": "1694035160939", "position": {"x": 692, "y": 14}}, {"event_name": "mousemove", "timestamp": "1694035160956", "position": {"x": 703, "y": 15}}, {"event_name": "mousemove", "timestamp": "1694035160974", "position": {"x": 713, "y": 17}}, {"event_name": "mousemove", "timestamp": "1694035160991", "position": {"x": 724, "y": 20}}, {"event_name": "mouseout", "timestamp": "1694035161009", "position": {"x": 733, "y": 23}}, {"event_name": "mouseover", "timestamp": "1694035161009", "position": {"x": 733, "y": 23}}, {"event_name": "mousemove", "timestamp": "1694035161009", "position": {"x": 733, "y": 23}}, {"event_name": "mousemove", "timestamp": "1694035161027", "position": {"x": 744, "y": 25}}, {"event_name": "mousemove", "timestamp": "1694035161045", "position": {"x": 756, "y": 27}}, {"event_name": "mousemove", "timestamp": "1694035161063", "position": {"x": 767, "y": 29}}, {"event_name": "mousemove", "timestamp": "1694035161080", "position": {"x": 778, "y": 27}}, {"event_name": "mouseout", "timestamp": "1694035161098", "position": {"x": 791, "y": 25}}, {"event_name": "mouseover", "timestamp": "1694035161098", "position": {"x": 791, "y": 25}}, {"event_name": "mousemove", "timestamp": "1694035161098", "position": {"x": 791, "y": 25}}, {"event_name": "mousemove", "timestamp": "1694035161116", "position": {"x": 802, "y": 24}}, {"event_name": "mousemove", "timestamp": "1694035161134", "position": {"x": 816, "y": 25}}, {"event_name": "mousemove", "timestamp": "1694035161152", "position": {"x": 832, "y": 27}}, {"event_name": "mousemove", "timestamp": "1694035161169", "position": {"x": 845, "y": 29}}, {"event_name": "mousemove", "timestamp": "1694035161187", "position": {"x": 852, "y": 28}}, {"event_name": "mouseout", "timestamp": "1694035161206", "position": {"x": 860, "y": 28}}, {"event_name": "mouseover", "timestamp": "1694035161207", "position": {"x": 860, "y": 28}}, {"event_name": "mousemove", "timestamp": "1694035161207", "position": {"x": 860, "y": 28}}, {"event_name": "mousemove", "timestamp": "1694035161225", "position": {"x": 866, "y": 28}}, {"event_name": "mousemove", "timestamp": "1694035161244", "position": {"x": 873, "y": 29}}, {"event_name": "mousemove", "timestamp": "1694035161262", "position": {"x": 880, "y": 30}}, {"event_name": "mousemove", "timestamp": "1694035161280", "position": {"x": 887, "y": 32}}, {"event_name": "mousemove", "timestamp": "1694035161298", "position": {"x": 893, "y": 32}}, {"event_name": "mousemove", "timestamp": "1694035161316", "position": {"x": 899, "y": 32}}, {"event_name": "mousemove", "timestamp": "1694035161336", "position": {"x": 905, "y": 33}}, {"event_name": "mousemove", "timestamp": "1694035161354", "position": {"x": 911, "y": 33}}, {"event_name": "mousemove", "timestamp": "1694035161371", "position": {"x": 917, "y": 33}}, {"event_name": "mousemove", "timestamp": "1694035161389", "position": {"x": 923, "y": 33}}, {"event_name": "mousemove", "timestamp": "1694035161407", "position": {"x": 929, "y": 32}}, {"event_name": "mousemove", "timestamp": "1694035161425", "position": {"x": 935, "y": 31}}, {"event_name": "mousemove", "timestamp": "1694035161442", "position": {"x": 941, "y": 31}}, {"event_name": "mousemove", "timestamp": "1694035161461", "position": {"x": 945, "y": 29}}, {"event_name": "mousemove", "timestamp": "1694035161479", "position": {"x": 950, "y": 28}}, {"event_name": "mousemove", "timestamp": "1694035161496", "position": {"x": 955, "y": 28}}, {"event_name": "mousemove", "timestamp": "1694035161515", "position": {"x": 959, "y": 29}}, {"event_name": "mouseout", "timestamp": "1694035161533", "position": {"x": 964, "y": 31}}, {"event_name": "mouseover", "timestamp": "1694035161534", "position": {"x": 964, "y": 31}}, {"event_name": "mousemove", "timestamp": "1694035161535", "position": {"x": 964, "y": 31}}, {"event_name": "mousemove", "timestamp": "1694035161553", "position": {"x": 968, "y": 33}}, {"event_name": "mousemove", "timestamp": "1694035161572", "position": {"x": 970, "y": 32}}, {"event_name": "mousemove", "timestamp": "1694035161590", "position": {"x": 973, "y": 32}}, {"event_name": "mousemove", "timestamp": "1694035161610", "position": {"x": 976, "y": 32}}, {"event_name": "mousemove", "timestamp": "1694035161628", "position": {"x": 978, "y": 32}}, {"event_name": "mousemove", "timestamp": "1694035161646", "position": {"x": 981, "y": 32}}, {"event_name": "mousemove", "timestamp": "1694035161664", "position": {"x": 984, "y": 32}}, {"event_name": "mousemove", "timestamp": "1694035161683", "position": {"x": 986, "y": 32}}, {"event_name": "mousemove", "timestamp": "1694035161702", "position": {"x": 989, "y": 32}}, {"event_name": "mousemove", "timestamp": "1694035161720", "position": {"x": 992, "y": 32}}, {"event_name": "mousemove", "timestamp": "1694035161739", "position": {"x": 993, "y": 32}}, {"event_name": "mousemove", "timestamp": "1694035161758", "position": {"x": 994, "y": 33}}, {"event_name": "mousemove", "timestamp": "1694035161776", "position": {"x": 995, "y": 34}}, {"event_name": "mousemove", "timestamp": "1694035161794", "position": {"x": 997, "y": 35}}, {"event_name": "mousemove", "timestamp": "1694035161812", "position": {"x": 999, "y": 36}}, {"event_name": "mousemove", "timestamp": "1694035161830", "position": {"x": 1001, "y": 37}}, {"event_name": "mousedown", "timestamp": "1694035162337", "position": {"x": 1001, "y": 37}}, {"event_name": "mouseup", "timestamp": "1694035162450", "position": {"x": 1001, "y": 37}}, {"event_name": "click", "timestamp": "1694035162450", "position": {"x": 1001, "y": 37}}, {"event_name": "beforeunload", "timestamp": "1694035162455", "position": {"x": 0, "y": 0}}, {"event_name": "load", "timestamp": "1694035162512", "position": {"x": 0, "y": 0}}, {"event_name": "pageshow", "timestamp": "1694035162512", "position": {"x": 0, "y": 0}}, {"event_name": "beforeunload", "timestamp": "1694035165206", "position": {"x": 0, "y": 0}}, {"event_name": "load", "timestamp": "1694035165298", "position": {"x": 0, "y": 0}}, {"event_name": "pageshow", "timestamp": "1694035165298", "position": {"x": 0, "y": 0}}, {"event_name": "mouseover", "timestamp": "1694035165611", "position": {"x": 22, "y": 0}}, {"event_name": "mousemove", "timestamp": "1694035165611", "position": {"x": 22, "y": 0}}, {"event_name": "mousemove", "timestamp": "1694035165628", "position": {"x": 46, "y": 0}}, {"event_name": "mousemove", "timestamp": "1694035165646", "position": {"x": 67, "y": 1}}, {"event_name": "mouseout", "timestamp": "1694035165664", "position": {"x": 72, "y": 1}}, {"event_name": "mouseover", "timestamp": "1694035165664", "position": {"x": 72, "y": 1}}, {"event_name": "mousemove", "timestamp": "1694035165664", "position": {"x": 72, "y": 1}}, {"event_name": "mousemove", "timestamp": "1694035165682", "position": {"x": 78, "y": 2}}, {"event_name": "mousemove", "timestamp": "1694035165698", "position": {"x": 84, "y": 3}}, {"event_name": "mouseout", "timestamp": "1694035165716", "position": {"x": 91, "y": 3}}, {"event_name": "mouseover", "timestamp": "1694035165716", "position": {"x": 91, "y": 3}}, {"event_name": "mousemove", "timestamp": "1694035165716", "position": {"x": 91, "y": 3}}, {"event_name": "mousemove", "timestamp": "1694035165734", "position": {"x": 99, "y": 3}}, {"event_name": "mousemove", "timestamp": "1694035165752", "position": {"x": 106, "y": 4}}, {"event_name": "mousemove", "timestamp": "1694035165770", "position": {"x": 112, "y": 4}}, {"event_name": "mousemove", "timestamp": "1694035165786", "position": {"x": 119, "y": 4}}, {"event_name": "mousemove", "timestamp": "1694035165804", "position": {"x": 125, "y": 4}}, {"event_name": "mousemove", "timestamp": "1694035165822", "position": {"x": 133, "y": 3}}, {"event_name": "mousemove", "timestamp": "1694035165840", "position": {"x": 143, "y": 2}}, {"event_name": "mousemove", "timestamp": "1694035165857", "position": {"x": 151, "y": 2}}, {"event_name": "mousemove", "timestamp": "1694035165875", "position": {"x": 171, "y": 1}}, {"event_name": "mousemove", "timestamp": "1694035165892", "position": {"x": 193, "y": 0}}, {"event_name": "mousemove", "timestamp": "1694035165910", "position": {"x": 212, "y": 0}}, {"event_name": "mousemove", "timestamp": "1694035165928", "position": {"x": 222, "y": 0}}, {"event_name": "mousemove", "timestamp": "1694035165947", "position": {"x": 233, "y": 0}}, {"event_name": "mousemove", "timestamp": "1694035165965", "position": {"x": 243, "y": 0}}, {"event_name": "mousemove", "timestamp": "1694035165984", "position": {"x": 272, "y": 2}}, {"event_name": "mousemove", "timestamp": "1694035166002", "position": {"x": 304, "y": 4}}, {"event_name": "mousemove", "timestamp": "1694035166019", "position": {"x": 331, "y": 6}}, {"event_name": "mousemove", "timestamp": "1694035166038", "position": {"x": 340, "y": 7}}, {"event_name": "mouseout", "timestamp": "1694035166055", "position": {"x": 350, "y": 8}}, {"event_name": "mouseover", "timestamp": "1694035166055", "position": {"x": 350, "y": 8}}, {"event_name": "mousemove", "timestamp": "1694035166055", "position": {"x": 350, "y": 8}}, {"event_name": "mousemove", "timestamp": "1694035166073", "position": {"x": 359, "y": 10}}, {"event_name": "mouseout", "timestamp": "1694035166091", "position": {"x": 369, "y": 9}}, {"event_name": "mouseover", "timestamp": "1694035166091", "position": {"x": 369, "y": 9}}, {"event_name": "mousemove", "timestamp": "1694035166091", "position": {"x": 369, "y": 9}}, {"event_name": "mousemove", "timestamp": "1694035166108", "position": {"x": 380, "y": 8}}, {"event_name": "mousemove", "timestamp": "1694035166126", "position": {"x": 390, "y": 8}}, {"event_name": "mousemove", "timestamp": "1694035166144", "position": {"x": 401, "y": 8}}, {"event_name": "mousemove", "timestamp": "1694035166162", "position": {"x": 413, "y": 9}}, {"event_name": "mousemove", "timestamp": "1694035166180", "position": {"x": 423, "y": 10}}, {"event_name": "mousemove", "timestamp": "1694035166198", "position": {"x": 433, "y": 10}}, {"event_name": "mousemove", "timestamp": "1694035166217", "position": {"x": 444, "y": 10}}, {"event_name": "mousemove", "timestamp": "1694035166235", "position": {"x": 453, "y": 11}}, {"event_name": "mouseout", "timestamp": "1694035166254", "position": {"x": 464, "y": 12}}, {"event_name": "mouseover", "timestamp": "1694035166254", "position": {"x": 464, "y": 12}}, {"event_name": "mousemove", "timestamp": "1694035166255", "position": {"x": 464, "y": 12}}, {"event_name": "mousemove", "timestamp": "1694035166273", "position": {"x": 477, "y": 13}}, {"event_name": "mousemove", "timestamp": "1694035166291", "position": {"x": 486, "y": 14}}, {"event_name": "mousemove", "timestamp": "1694035166311", "position": {"x": 496, "y": 13}}, {"event_name": "mousemove", "timestamp": "1694035166330", "position": {"x": 505, "y": 13}}, {"event_name": "mousemove", "timestamp": "1694035166347", "position": {"x": 513, "y": 13}}, {"event_name": "mousemove", "timestamp": "1694035166365", "position": {"x": 524, "y": 14}}, {"event_name": "mousemove", "timestamp": "1694035166382", "position": {"x": 537, "y": 15}}, {"event_name": "mousemove", "timestamp": "1694035166400", "position": {"x": 548, "y": 17}}, {"event_name": "mousemove", "timestamp": "1694035166418", "position": {"x": 559, "y": 18}}, {"event_name": "mousemove", "timestamp": "1694035166437", "position": {"x": 571, "y": 19}}, {"event_name": "mousemove", "timestamp": "1694035166455", "position": {"x": 581, "y": 21}}, {"event_name": "mousemove", "timestamp": "1694035166473", "position": {"x": 593, "y": 22}}, {"event_name": "mousemove", "timestamp": "1694035166492", "position": {"x": 606, "y": 23}}, {"event_name": "mousemove", "timestamp": "1694035166511", "position": {"x": 616, "y": 25}}, {"event_name": "mousemove", "timestamp": "1694035166530", "position": {"x": 627, "y": 26}}, {"event_name": "mousemove", "timestamp": "1694035166549", "position": {"x": 639, "y": 28}}, {"event_name": "mousemove", "timestamp": "1694035166567", "position": {"x": 649, "y": 30}}, {"event_name": "mousemove", "timestamp": "1694035166587", "position": {"x": 661, "y": 31}}, {"event_name": "mousemove", "timestamp": "1694035166604", "position": {"x": 674, "y": 32}}, {"event_name": "mousemove", "timestamp": "1694035166622", "position": {"x": 686, "y": 34}}, {"event_name": "mousemove", "timestamp": "1694035166639", "position": {"x": 701, "y": 32}}, {"event_name": "mousemove", "timestamp": "1694035166657", "position": {"x": 715, "y": 31}}, {"event_name": "mouseout", "timestamp": "1694035166674", "position": {"x": 728, "y": 30}}, {"event_name": "mouseover", "timestamp": "1694035166674", "position": {"x": 728, "y": 30}}, {"event_name": "mousemove", "timestamp": "1694035166674", "position": {"x": 728, "y": 30}}, {"event_name": "mousemove", "timestamp": "1694035166692", "position": {"x": 740, "y": 31}}, {"event_name": "mousemove", "timestamp": "1694035166710", "position": {"x": 751, "y": 32}}, {"event_name": "mousemove", "timestamp": "1694035166728", "position": {"x": 762, "y": 33}}, {"event_name": "mousemove", "timestamp": "1694035166745", "position": {"x": 777, "y": 32}}, {"event_name": "mouseout", "timestamp": "1694035166763", "position": {"x": 794, "y": 32}}, {"event_name": "mouseover", "timestamp": "1694035166764", "position": {"x": 794, "y": 32}}, {"event_name": "mousemove", "timestamp": "1694035166764", "position": {"x": 794, "y": 32}}, {"event_name": "mousemove", "timestamp": "1694035166781", "position": {"x": 808, "y": 32}}, {"event_name": "mousemove", "timestamp": "1694035166799", "position": {"x": 820, "y": 31}}, {"event_name": "mousemove", "timestamp": "1694035166817", "position": {"x": 833, "y": 31}}, {"event_name": "mousemove", "timestamp": "1694035166835", "position": {"x": 844, "y": 31}}, {"event_name": "mouseout", "timestamp": "1694035166853", "position": {"x": 859, "y": 30}}, {"event_name": "mouseover", "timestamp": "1694035166853", "position": {"x": 859, "y": 30}}, {"event_name": "mousemove", "timestamp": "1694035166855", "position": {"x": 859, "y": 30}}, {"event_name": "mousemove", "timestamp": "1694035166873", "position": {"x": 876, "y": 29}}, {"event_name": "mousemove", "timestamp": "1694035166893", "position": {"x": 887, "y": 29}}, {"event_name": "mousemove", "timestamp": "1694035166911", "position": {"x": 900, "y": 27}}, {"event_name": "mousemove", "timestamp": "1694035166930", "position": {"x": 914, "y": 25}}, {"event_name": "mousemove", "timestamp": "1694035166949", "position": {"x": 924, "y": 24}}, {"event_name": "mousemove", "timestamp": "1694035166967", "position": {"x": 937, "y": 27}}, {"event_name": "mousemove", "timestamp": "1694035166986", "position": {"x": 952, "y": 31}}, {"event_name": "mouseout", "timestamp": "1694035167005", "position": {"x": 964, "y": 35}}, {"event_name": "mouseover", "timestamp": "1694035167006", "position": {"x": 964, "y": 35}}, {"event_name": "mousemove", "timestamp": "1694035167007", "position": {"x": 964, "y": 35}}, {"event_name": "mousemove", "timestamp": "1694035167026", "position": {"x": 976, "y": 37}}, {"event_name": "mousemove", "timestamp": "1694035167044", "position": {"x": 990, "y": 39}}, {"event_name": "mousemove", "timestamp": "1694035167063", "position": {"x": 1001, "y": 41}}, {"event_name": "mousemove", "timestamp": "1694035167082", "position": {"x": 1013, "y": 41}}, {"event_name": "mousemove", "timestamp": "1694035167100", "position": {"x": 1026, "y": 42}}, {"event_name": "mousemove", "timestamp": "1694035167119", "position": {"x": 1036, "y": 43}}, {"event_name": "mousemove", "timestamp": "1694035167138", "position": {"x": 1044, "y": 41}}, {"event_name": "mousemove", "timestamp": "1694035167156", "position": {"x": 1054, "y": 39}}, {"event_name": "mouseout", "timestamp": "1694035167174", "position": {"x": 1061, "y": 38}}, {"event_name": "mouseover", "timestamp": "1694035167174", "position": {"x": 1061, "y": 38}}, {"event_name": "mousemove", "timestamp": "1694035167174", "position": {"x": 1061, "y": 38}}, {"event_name": "mousemove", "timestamp": "1694035167192", "position": {"x": 1067, "y": 35}}, {"event_name": "mousemove", "timestamp": "1694035167209", "position": {"x": 1073, "y": 32}}, {"event_name": "mousemove", "timestamp": "1694035167228", "position": {"x": 1079, "y": 30}}, {"event_name": "mousemove", "timestamp": "1694035167246", "position": {"x": 1084, "y": 27}}, {"event_name": "mousemove", "timestamp": "1694035167269", "position": {"x": 1091, "y": 24}}, {"event_name": "mousemove", "timestamp": "1694035167289", "position": {"x": 1096, "y": 22}}, {"event_name": "mousemove", "timestamp": "1694035167310", "position": {"x": 1101, "y": 23}}, {"event_name": "mousemove", "timestamp": "1694035167329", "position": {"x": 1106, "y": 25}}, {"event_name": "mousemove", "timestamp": "1694035167346", "position": {"x": 1110, "y": 27}}, {"event_name": "mousemove", "timestamp": "1694035167366", "position": {"x": 1113, "y": 25}}, {"event_name": "mousemove", "timestamp": "1694035167384", "position": {"x": 1116, "y": 24}}, {"event_name": "mousemove", "timestamp": "1694035167401", "position": {"x": 1119, "y": 23}}, {"event_name": "mousemove", "timestamp": "1694035167420", "position": {"x": 1123, "y": 22}}, {"event_name": "mousemove", "timestamp": "1694035167437", "position": {"x": 1127, "y": 21}}, {"event_name": "mousemove", "timestamp": "1694035167456", "position": {"x": 1131, "y": 21}}, {"event_name": "mousemove", "timestamp": "1694035167479", "position": {"x": 1135, "y": 22}}, {"event_name": "mousemove", "timestamp": "1694035167498", "position": {"x": 1139, "y": 23}}, {"event_name": "mousemove", "timestamp": "1694035167516", "position": {"x": 1142, "y": 24}}, {"event_name": "mousemove", "timestamp": "1694035167535", "position": {"x": 1144, "y": 24}}, {"event_name": "mousemove", "timestamp": "1694035167552", "position": {"x": 1147, "y": 24}}, {"event_name": "mousemove", "timestamp": "1694035167571", "position": {"x": 1149, "y": 25}}, {"event_name": "mousemove", "timestamp": "1694035167588", "position": {"x": 1151, "y": 25}}, {"event_name": "mousemove", "timestamp": "1694035167606", "position": {"x": 1154, "y": 25}}, {"event_name": "mousemove", "timestamp": "1694035167623", "position": {"x": 1157, "y": 26}}, {"event_name": "mousedown", "timestamp": "1694035167882", "position": {"x": 1157, "y": 26}}, {"event_name": "mouseup", "timestamp": "1694035167999", "position": {"x": 1157, "y": 26}}, {"event_name": "click", "timestamp": "1694035167999", "position": {"x": 1157, "y": 26}}, {"event_name": "beforeunload", "timestamp": "1694035168029", "position": {"x": 0, "y": 0}}, {"event_name": "load", "timestamp": "1694035171080", "position": {"x": 0, "y": 0}}, {"event_name": "pageshow", "timestamp": "1694035171081", "position": {"x": 0, "y": 0}}, {"event_name": "scroll", "timestamp": "1694035173278", "position": {"x": 0, "y": 0}}, {"event_name": "mouseover", "timestamp": "1694035173921", "position": {"x": 2, "y": 516}}, {"event_name": "mousemove", "timestamp": "1694035173921", "position": {"x": 2, "y": 516}}, {"event_name": "mousemove", "timestamp": "1694035173939", "position": {"x": 6, "y": 522}}, {"event_name": "mousemove", "timestamp": "1694035173957", "position": {"x": 8, "y": 524}}, {"event_name": "mousemove", "timestamp": "1694035173976", "position": {"x": 6, "y": 526}}, {"event_name": "mousemove", "timestamp": "1694035173994", "position": {"x": 5, "y": 529}}, {"event_name": "mousemove", "timestamp": "1694035174012", "position": {"x": 4, "y": 531}}, {"event_name": "mousemove", "timestamp": "1694035174030", "position": {"x": 5, "y": 534}}, {"event_name": "mousemove", "timestamp": "1694035174047", "position": {"x": 7, "y": 537}}, {"event_name": "mousemove", "timestamp": "1694035174065", "position": {"x": 9, "y": 540}}, {"event_name": "mousemove", "timestamp": "1694035174082", "position": {"x": 10, "y": 543}}, {"event_name": "mousemove", "timestamp": "1694035174100", "position": {"x": 12, "y": 547}}, {"event_name": "mousemove", "timestamp": "1694035174118", "position": {"x": 14, "y": 551}}, {"event_name": "mousemove", "timestamp": "1694035174136", "position": {"x": 15, "y": 554}}, {"event_name": "mousemove", "timestamp": "1694035174153", "position": {"x": 16, "y": 557}}, {"event_name": "mousemove", "timestamp": "1694035174171", "position": {"x": 18, "y": 560}}, {"event_name": "mousemove", "timestamp": "1694035174189", "position": {"x": 19, "y": 563}}, {"event_name": "mousemove", "timestamp": "1694035174206", "position": {"x": 21, "y": 567}}, {"event_name": "mouseout", "timestamp": "1694035174224", "position": {"x": 23, "y": 571}}, {"event_name": "mouseover", "timestamp": "1694035174224", "position": {"x": 23, "y": 571}}, {"event_name": "mousemove", "timestamp": "1694035174224", "position": {"x": 23, "y": 571}}, {"event_name": "mousemove", "timestamp": "1694035174242", "position": {"x": 24, "y": 574}}, {"event_name": "mousemove", "timestamp": "1694035174259", "position": {"x": 26, "y": 578}}, {"event_name": "mousemove", "timestamp": "1694035174277", "position": {"x": 28, "y": 582}}, {"event_name": "mousemove", "timestamp": "1694035174295", "position": {"x": 30, "y": 587}}, {"event_name": "mousemove", "timestamp": "1694035174312", "position": {"x": 33, "y": 593}}, {"event_name": "mousemove", "timestamp": "1694035174331", "position": {"x": 36, "y": 599}}, {"event_name": "mousemove", "timestamp": "1694035174348", "position": {"x": 38, "y": 603}}, {"event_name": "mousemove", "timestamp": "1694035174366", "position": {"x": 40, "y": 607}}, {"event_name": "mousemove", "timestamp": "1694035174383", "position": {"x": 42, "y": 611}}, {"event_name": "mousemove", "timestamp": "1694035174401", "position": {"x": 42, "y": 617}}, {"event_name": "mousemove", "timestamp": "1694035174419", "position": {"x": 42, "y": 624}}, {"event_name": "mousemove", "timestamp": "1694035174437", "position": {"x": 43, "y": 630}}, {"event_name": "mousemove", "timestamp": "1694035174454", "position": {"x": 45, "y": 635}}, {"event_name": "mousemove", "timestamp": "1694035174472", "position": {"x": 47, "y": 641}}, {"event_name": "mousemove", "timestamp": "1694035174489", "position": {"x": 49, "y": 647}}, {"event_name": "mousemove", "timestamp": "1694035174508", "position": {"x": 50, "y": 653}}, {"event_name": "mousemove", "timestamp": "1694035174526", "position": {"x": 51, "y": 659}}, {"event_name": "mousemove", "timestamp": "1694035174544", "position": {"x": 52, "y": 665}}, {"event_name": "mousemove", "timestamp": "1694035174561", "position": {"x": 54, "y": 673}}, {"event_name": "mousemove", "timestamp": "1694035174579", "position": {"x": 56, "y": 681}}, {"event_name": "mousemove", "timestamp": "1694035174596", "position": {"x": 58, "y": 688}}, {"event_name": "mousemove", "timestamp": "1694035174614", "position": {"x": 59, "y": 693}}, {"event_name": "mousemove", "timestamp": "1694035174631", "position": {"x": 61, "y": 699}}, {"event_name": "mousemove", "timestamp": "1694035174649", "position": {"x": 63, "y": 705}}, {"event_name": "mousemove", "timestamp": "1694035174667", "position": {"x": 65, "y": 712}}, {"event_name": "mousemove", "timestamp": "1694035174684", "position": {"x": 67, "y": 720}}, {"event_name": "mouseout", "timestamp": "1694035174702", "position": {"x": 70, "y": 727}}, {"event_name": "mouseover", "timestamp": "1694035174702", "position": {"x": 70, "y": 727}}, {"event_name": "mousemove", "timestamp": "1694035174702", "position": {"x": 70, "y": 727}}, {"event_name": "mousemove", "timestamp": "1694035174719", "position": {"x": 72, "y": 733}}, {"event_name": "mousemove", "timestamp": "1694035174737", "position": {"x": 75, "y": 739}}, {"event_name": "mousemove", "timestamp": "1694035174755", "position": {"x": 78, "y": 745}}, {"event_name": "mousemove", "timestamp": "1694035174773", "position": {"x": 80, "y": 752}}, {"event_name": "mousemove", "timestamp": "1694035174790", "position": {"x": 82, "y": 759}}, {"event_name": "mouseout", "timestamp": "1694035174808", "position": {"x": 85, "y": 767}}, {"event_name": "mouseover", "timestamp": "1694035174808", "position": {"x": 85, "y": 767}}, {"event_name": "mousemove", "timestamp": "1694035174808", "position": {"x": 85, "y": 767}}, {"event_name": "mousemove", "timestamp": "1694035174827", "position": {"x": 85, "y": 775}}, {"event_name": "mousemove", "timestamp": "1694035174844", "position": {"x": 86, "y": 783}}, {"event_name": "mousemove", "timestamp": "1694035174862", "position": {"x": 87, "y": 791}}, {"event_name": "mousemove", "timestamp": "1694035174879", "position": {"x": 89, "y": 798}}, {"event_name": "mousemove", "timestamp": "1694035174896", "position": {"x": 91, "y": 807}}, {"event_name": "mousemove", "timestamp": "1694035174914", "position": {"x": 93, "y": 814}}, {"event_name": "mousemove", "timestamp": "1694035174932", "position": {"x": 94, "y": 820}}, {"event_name": "mousemove", "timestamp": "1694035174949", "position": {"x": 95, "y": 828}}, {"event_name": "mousemove", "timestamp": "1694035174967", "position": {"x": 96, "y": 834}}, {"event_name": "mousemove", "timestamp": "1694035174985", "position": {"x": 96, "y": 840}}, {"event_name": "mousemove", "timestamp": "1694035175003", "position": {"x": 96, "y": 847}}, {"event_name": "mousemove", "timestamp": "1694035175019", "position": {"x": 97, "y": 854}}, {"event_name": "mousemove", "timestamp": "1694035175037", "position": {"x": 97, "y": 859}}, {"event_name": "mousemove", "timestamp": "1694035175055", "position": {"x": 97, "y": 865}}, {"event_name": "mousemove", "timestamp": "1694035175073", "position": {"x": 97, "y": 870}}, {"event_name": "mousemove", "timestamp": "1694035175091", "position": {"x": 96, "y": 875}}, {"event_name": "mousemove", "timestamp": "1694035175108", "position": {"x": 95, "y": 880}}, {"event_name": "mousemove", "timestamp": "1694035175126", "position": {"x": 95, "y": 885}}, {"event_name": "mousemove", "timestamp": "1694035175144", "position": {"x": 95, "y": 889}}, {"event_name": "mouseout", "timestamp": "1694035175161", "position": {"x": 96, "y": 893}}, {"event_name": "mouseover", "timestamp": "1694035175161", "position": {"x": 96, "y": 893}}, {"event_name": "mousemove", "timestamp": "1694035175161", "position": {"x": 96, "y": 893}}, {"event_name": "mousemove", "timestamp": "1694035175179", "position": {"x": 97, "y": 897}}, {"event_name": "mousemove", "timestamp": "1694035175197", "position": {"x": 97, "y": 902}}, {"event_name": "mousemove", "timestamp": "1694035175214", "position": {"x": 97, "y": 907}}, {"event_name": "mouseout", "timestamp": "1694035175233", "position": {"x": 97, "y": 912}}, {"event_name": "mouseover", "timestamp": "1694035175233", "position": {"x": 97, "y": 912}}, {"event_name": "mousemove", "timestamp": "1694035175233", "position": {"x": 97, "y": 912}}, {"event_name": "mousemove", "timestamp": "1694035175251", "position": {"x": 96, "y": 916}}, {"event_name": "mousemove", "timestamp": "1694035175268", "position": {"x": 96, "y": 920}}, {"event_name": "mousemove", "timestamp": "1694035175286", "position": {"x": 96, "y": 924}}, {"event_name": "mousedown", "timestamp": "1694035175645", "position": {"x": 96, "y": 924}}, {"event_name": "mouseup", "timestamp": "1694035175767", "position": {"x": 96, "y": 924}}, {"event_name": "click", "timestamp": "1694035175767", "position": {"x": 96, "y": 924}}, {"event_name": "beforeunload", "timestamp": "1694035175772", "position": {"x": 0, "y": 0}}, {"event_name": "pageshow", "timestamp": "1694035176207", "position": {"x": 0, "y": 0}}, {"event_name": "load", "timestamp": "1694035176207", "position": {"x": 0, "y": 0}}, {"event_name": "message", "timestamp": "1694035176462", "position": {"x": 0, "y": 0}}, {"event_name": "message", "timestamp": "1694035176482", "position": {"x": 0, "y": 0}}, {"event_name": "message", "timestamp": "1694035176502", "position": {"x": 0, "y": 0}}, {"event_name": "message", "timestamp": "1694035176522", "position": {"x": 0, "y": 0}}, {"event_name": "message", "timestamp": "1694035176526", "position": {"x": 0, "y": 0}}, {"event_name": "beforeunload", "timestamp": "1694035177867", "position": {"x": 0, "y": 0}}, {"event_name": "load", "timestamp": "1694035177974", "position": {"x": 0, "y": 0}}, {"event_name": "pageshow", "timestamp": "1694035177974", "position": {"x": 0, "y": 0}}, {"event_name": "scroll", "timestamp": "1694035179274", "position": {"x": 0, "y": 0}}, {"event_name": "scroll", "timestamp": "1694035179435", "position": {"x": 0, "y": 0}}, {"event_name": "scroll", "timestamp": "1694035181274", "position": {"x": 0, "y": 0}}, {"event_name": "scroll", "timestamp": "1694035181311", "position": {"x": 0, "y": 0}}, {"event_name": "mouseover", "timestamp": "1694035182825", "position": {"x": 0, "y": 1543}}, {"event_name": "mousemove", "timestamp": "1694035182826", "position": {"x": 0, "y": 1543}}, {"event_name": "mousemove", "timestamp": "1694035182843", "position": {"x": 0, "y": 1549}}, {"event_name": "mousemove", "timestamp": "1694035182862", "position": {"x": 1, "y": 1553}}, {"event_name": "mousemove", "timestamp": "1694035182879", "position": {"x": 3, "y": 1556}}, {"event_name": "mousemove", "timestamp": "1694035182896", "position": {"x": 5, "y": 1559}}, {"event_name": "mousemove", "timestamp": "1694035182914", "position": {"x": 7, "y": 1562}}, {"event_name": "mousemove", "timestamp": "1694035182933", "position": {"x": 9, "y": 1566}}, {"event_name": "mousemove", "timestamp": "1694035182950", "position": {"x": 11, "y": 1570}}, {"event_name": "mousemove", "timestamp": "1694035182969", "position": {"x": 13, "y": 1574}}, {"event_name": "mousemove", "timestamp": "1694035182987", "position": {"x": 14, "y": 1577}}, {"event_name": "mousemove", "timestamp": "1694035183006", "position": {"x": 15, "y": 1581}}, {"event_name": "mousemove", "timestamp": "1694035183025", "position": {"x": 17, "y": 1585}}, {"event_name": "mousemove", "timestamp": "1694035183044", "position": {"x": 18, "y": 1589}}, {"event_name": "mousemove", "timestamp": "1694035183062", "position": {"x": 19, "y": 1593}}, {"event_name": "mouseout", "timestamp": "1694035183081", "position": {"x": 20, "y": 1597}}, {"event_name": "mouseover", "timestamp": "1694035183081", "position": {"x": 20, "y": 1597}}, {"event_name": "mousemove", "timestamp": "1694035183081", "position": {"x": 20, "y": 1597}}, {"event_name": "mousemove", "timestamp": "1694035183100", "position": {"x": 20, "y": 1601}}, {"event_name": "mousemove", "timestamp": "1694035183117", "position": {"x": 20, "y": 1607}}, {"event_name": "mousemove", "timestamp": "1694035183137", "position": {"x": 20, "y": 1611}}, {"event_name": "mousemove", "timestamp": "1694035183155", "position": {"x": 21, "y": 1614}}, {"event_name": "mousemove", "timestamp": "1694035183173", "position": {"x": 23, "y": 1618}}, {"event_name": "mousemove", "timestamp": "1694035183190", "position": {"x": 25, "y": 1622}}, {"event_name": "mousemove", "timestamp": "1694035183208", "position": {"x": 27, "y": 1627}}, {"event_name": "mousemove", "timestamp": "1694035183226", "position": {"x": 30, "y": 1633}}, {"event_name": "mousemove", "timestamp": "1694035183243", "position": {"x": 33, "y": 1638}}, {"event_name": "mousemove", "timestamp": "1694035183261", "position": {"x": 33, "y": 1644}}, {"event_name": "mousemove", "timestamp": "1694035183279", "position": {"x": 34, "y": 1649}}, {"event_name": "mousemove", "timestamp": "1694035183297", "position": {"x": 35, "y": 1655}}, {"event_name": "mousemove", "timestamp": "1694035183326", "position": {"x": 38, "y": 1662}}, {"event_name": "mousemove", "timestamp": "1694035183344", "position": {"x": 41, "y": 1667}}, {"event_name": "mousemove", "timestamp": "1694035183361", "position": {"x": 42, "y": 1668}}, {"event_name": "mousemove", "timestamp": "1694035183379", "position": {"x": 44, "y": 1674}}, {"event_name": "mousemove", "timestamp": "1694035183397", "position": {"x": 46, "y": 1680}}, {"event_name": "mousemove", "timestamp": "1694035183415", "position": {"x": 48, "y": 1686}}, {"event_name": "mousemove", "timestamp": "1694035183434", "position": {"x": 47, "y": 1691}}, {"event_name": "mousemove", "timestamp": "1694035183452", "position": {"x": 47, "y": 1697}}, {"event_name": "mousemove", "timestamp": "1694035183470", "position": {"x": 47, "y": 1703}}, {"event_name": "mousemove", "timestamp": "1694035183488", "position": {"x": 49, "y": 1707}}, {"event_name": "mousemove", "timestamp": "1694035183507", "position": {"x": 51, "y": 1712}}, {"event_name": "mousemove", "timestamp": "1694035183525", "position": {"x": 53, "y": 1716}}, {"event_name": "mousemove", "timestamp": "1694035183544", "position": {"x": 56, "y": 1722}}, {"event_name": "mousemove", "timestamp": "1694035183562", "position": {"x": 59, "y": 1729}}, {"event_name": "mousemove", "timestamp": "1694035183580", "position": {"x": 62, "y": 1735}}, {"event_name": "mousemove", "timestamp": "1694035183599", "position": {"x": 62, "y": 1740}}, {"event_name": "mousemove", "timestamp": "1694035183617", "position": {"x": 62, "y": 1745}}, {"event_name": "mousemove", "timestamp": "1694035183636", "position": {"x": 63, "y": 1750}}, {"event_name": "mousemove", "timestamp": "1694035183653", "position": {"x": 65, "y": 1756}}, {"event_name": "mousemove", "timestamp": "1694035183672", "position": {"x": 67, "y": 1763}}, {"event_name": "mousemove", "timestamp": "1694035183690", "position": {"x": 69, "y": 1769}}, {"event_name": "mouseout", "timestamp": "1694035183708", "position": {"x": 71, "y": 1775}}, {"event_name": "mouseover", "timestamp": "1694035183708", "position": {"x": 71, "y": 1775}}, {"event_name": "mousemove", "timestamp": "1694035183708", "position": {"x": 71, "y": 1775}}, {"event_name": "mousemove", "timestamp": "1694035183727", "position": {"x": 74, "y": 1782}}, {"event_name": "mousemove", "timestamp": "1694035183744", "position": {"x": 76, "y": 1788}}, {"event_name": "mousemove", "timestamp": "1694035183762", "position": {"x": 78, "y": 1795}}, {"event_name": "mousemove", "timestamp": "1694035183779", "position": {"x": 80, "y": 1803}}, {"event_name": "mousemove", "timestamp": "1694035183797", "position": {"x": 82, "y": 1810}}, {"event_name": "mouseout", "timestamp": "1694035183814", "position": {"x": 85, "y": 1818}}, {"event_name": "mouseover", "timestamp": "1694035183815", "position": {"x": 85, "y": 1818}}, {"event_name": "mousemove", "timestamp": "1694035183815", "position": {"x": 85, "y": 1818}}, {"event_name": "mousemove", "timestamp": "1694035183833", "position": {"x": 88, "y": 1827}}, {"event_name": "mousemove", "timestamp": "1694035183851", "position": {"x": 91, "y": 1835}}, {"event_name": "mousemove", "timestamp": "1694035183870", "position": {"x": 89, "y": 1844}}, {"event_name": "mousemove", "timestamp": "1694035183888", "position": {"x": 88, "y": 1854}}, {"event_name": "mousemove", "timestamp": "1694035183906", "position": {"x": 88, "y": 1862}}, {"event_name": "mousemove", "timestamp": "1694035183925", "position": {"x": 89, "y": 1868}}, {"event_name": "mousemove", "timestamp": "1694035183943", "position": {"x": 90, "y": 1875}}, {"event_name": "mousemove", "timestamp": "1694035183961", "position": {"x": 92, "y": 1881}}, {"event_name": "mousemove", "timestamp": "1694035183978", "position": {"x": 90, "y": 1886}}, {"event_name": "mousemove", "timestamp": "1694035183996", "position": {"x": 89, "y": 1891}}, {"event_name": "mousemove", "timestamp": "1694035184013", "position": {"x": 88, "y": 1897}}, {"event_name": "mousemove", "timestamp": "1694035184030", "position": {"x": 88, "y": 1903}}, {"event_name": "mousemove", "timestamp": "1694035184048", "position": {"x": 88, "y": 1908}}, {"event_name": "mousemove", "timestamp": "1694035184066", "position": {"x": 89, "y": 1914}}, {"event_name": "mousemove", "timestamp": "1694035184084", "position": {"x": 88, "y": 1918}}, {"event_name": "mousemove", "timestamp": "1694035184101", "position": {"x": 88, "y": 1922}}, {"event_name": "mousemove", "timestamp": "1694035184119", "position": {"x": 88, "y": 1927}}, {"event_name": "mouseout", "timestamp": "1694035184137", "position": {"x": 88, "y": 1932}}, {"event_name": "mouseover", "timestamp": "1694035184137", "position": {"x": 88, "y": 1932}}, {"event_name": "mousemove", "timestamp": "1694035184137", "position": {"x": 88, "y": 1932}}, {"event_name": "mousemove", "timestamp": "1694035184154", "position": {"x": 89, "y": 1937}}, {"event_name": "mousemove", "timestamp": "1694035184172", "position": {"x": 90, "y": 1942}}, {"event_name": "mousemove", "timestamp": "1694035184191", "position": {"x": 90, "y": 1945}}, {"event_name": "mouseout", "timestamp": "1694035184209", "position": {"x": 90, "y": 1949}}, {"event_name": "mouseover", "timestamp": "1694035184209", "position": {"x": 90, "y": 1949}}, {"event_name": "mousemove", "timestamp": "1694035184210", "position": {"x": 90, "y": 1949}}, {"event_name": "mousemove", "timestamp": "1694035184228", "position": {"x": 90, "y": 1953}}, {"event_name": "scroll", "timestamp": "1694035184276", "position": {"x": 0, "y": 0}}, {"event_name": "mousedown", "timestamp": "1694035184379", "position": {"x": 90, "y": 1953}}, {"event_name": "mouseup", "timestamp": "1694035184489", "position": {"x": 90, "y": 1953}}, {"event_name": "click", "timestamp": "1694035184489", "position": {"x": 90, "y": 1953}}, {"event_name": "beforeunload", "timestamp": "1694035184492", "position": {"x": 0, "y": 0}}, {"event_name": "load", "timestamp": "1694035186706", "position": {"x": 0, "y": 0}}, {"event_name": "pageshow", "timestamp": "1694035186707", "position": {"x": 0, "y": 0}}, {"event_name": "scroll", "timestamp": "1694035189276", "position": {"x": 0, "y": 0}}, {"event_name": "scroll", "timestamp": "1694035189316", "position": {"x": 0, "y": 0}}, {"event_name": "scroll", "timestamp": "1694035192275", "position": {"x": 0, "y": 0}}, {"event_name": "mouseover", "timestamp": "1694035194744", "position": {"x": 0, "y": 2036}}, {"event_name": "mousemove", "timestamp": "1694035194744", "position": {"x": 0, "y": 2036}}, {"event_name": "mousemove", "timestamp": "1694035194762", "position": {"x": 1, "y": 2041}}, {"event_name": "mousemove", "timestamp": "1694035194780", "position": {"x": 2, "y": 2044}}, {"event_name": "mousemove", "timestamp": "1694035194799", "position": {"x": 3, "y": 2047}}, {"event_name": "mousemove", "timestamp": "1694035194817", "position": {"x": 4, "y": 2052}}, {"event_name": "mousemove", "timestamp": "1694035194836", "position": {"x": 5, "y": 2055}}, {"event_name": "mousemove", "timestamp": "1694035194855", "position": {"x": 5, "y": 2060}}, {"event_name": "mousemove", "timestamp": "1694035194874", "position": {"x": 6, "y": 2066}}, {"event_name": "mousemove", "timestamp": "1694035194892", "position": {"x": 7, "y": 2071}}, {"event_name": "mousemove", "timestamp": "1694035194912", "position": {"x": 7, "y": 2075}}, {"event_name": "mousemove", "timestamp": "1694035194930", "position": {"x": 7, "y": 2080}}, {"event_name": "mousemove", "timestamp": "1694035194949", "position": {"x": 8, "y": 2085}}, {"event_name": "mouseout", "timestamp": "1694035194968", "position": {"x": 8, "y": 2089}}, {"event_name": "mouseover", "timestamp": "1694035194969", "position": {"x": 8, "y": 2089}}, {"event_name": "mousemove", "timestamp": "1694035194969", "position": {"x": 8, "y": 2089}}, {"event_name": "mousemove", "timestamp": "1694035194987", "position": {"x": 8, "y": 2093}}, {"event_name": "mousemove", "timestamp": "1694035195006", "position": {"x": 8, "y": 2097}}, {"event_name": "mousemove", "timestamp": "1694035195025", "position": {"x": 9, "y": 2102}}, {"event_name": "mousemove", "timestamp": "1694035195044", "position": {"x": 11, "y": 2107}}, {"event_name": "mousemove", "timestamp": "1694035195062", "position": {"x": 13, "y": 2112}}, {"event_name": "mousemove", "timestamp": "1694035195080", "position": {"x": 13, "y": 2117}}, {"event_name": "mousemove", "timestamp": "1694035195098", "position": {"x": 13, "y": 2123}}, {"event_name": "mousemove", "timestamp": "1694035195115", "position": {"x": 14, "y": 2128}}, {"event_name": "mousemove", "timestamp": "1694035195133", "position": {"x": 16, "y": 2133}}, {"event_name": "mousemove", "timestamp": "1694035195150", "position": {"x": 18, "y": 2138}}, {"event_name": "mousemove", "timestamp": "1694035195168", "position": {"x": 20, "y": 2143}}, {"event_name": "mousemove", "timestamp": "1694035195186", "position": {"x": 19, "y": 2146}}, {"event_name": "mousemove", "timestamp": "1694035195205", "position": {"x": 19, "y": 2150}}, {"event_name": "mousemove", "timestamp": "1694035195224", "position": {"x": 19, "y": 2154}}, {"event_name": "mousemove", "timestamp": "1694035195243", "position": {"x": 20, "y": 2158}}, {"event_name": "mousemove", "timestamp": "1694035195261", "position": {"x": 21, "y": 2163}}, {"event_name": "mousemove", "timestamp": "1694035195280", "position": {"x": 23, "y": 2167}}, {"event_name": "mousemove", "timestamp": "1694035195298", "position": {"x": 24, "y": 2172}}, {"event_name": "mousemove", "timestamp": "1694035195316", "position": {"x": 25, "y": 2177}}, {"event_name": "mousemove", "timestamp": "1694035195334", "position": {"x": 27, "y": 2182}}, {"event_name": "mousemove", "timestamp": "1694035195352", "position": {"x": 29, "y": 2187}}, {"event_name": "mousemove", "timestamp": "1694035195369", "position": {"x": 32, "y": 2192}}, {"event_name": "mousemove", "timestamp": "1694035195387", "position": {"x": 35, "y": 2197}}, {"event_name": "mousemove", "timestamp": "1694035195406", "position": {"x": 36, "y": 2201}}, {"event_name": "mousemove", "timestamp": "1694035195424", "position": {"x": 38, "y": 2205}}, {"event_name": "mousemove", "timestamp": "1694035195443", "position": {"x": 40, "y": 2209}}, {"event_name": "mousemove", "timestamp": "1694035195461", "position": {"x": 41, "y": 2216}}, {"event_name": "mousemove", "timestamp": "1694035195480", "position": {"x": 42, "y": 2225}}, {"event_name": "mousemove", "timestamp": "1694035195499", "position": {"x": 43, "y": 2232}}, {"event_name": "mousemove", "timestamp": "1694035195517", "position": {"x": 44, "y": 2239}}, {"event_name": "mousemove", "timestamp": "1694035195536", "position": {"x": 45, "y": 2246}}, {"event_name": "mousemove", "timestamp": "1694035195554", "position": {"x": 46, "y": 2253}}, {"event_name": "mousemove", "timestamp": "1694035195573", "position": {"x": 46, "y": 2258}}, {"event_name": "mousemove", "timestamp": "1694035195591", "position": {"x": 46, "y": 2265}}, {"event_name": "mousemove", "timestamp": "1694035195610", "position": {"x": 47, "y": 2270}}, {"event_name": "mousemove", "timestamp": "1694035195628", "position": {"x": 49, "y": 2277}}, {"event_name": "mousemove", "timestamp": "1694035195647", "position": {"x": 52, "y": 2285}}, {"event_name": "mousemove", "timestamp": "1694035195666", "position": {"x": 55, "y": 2291}}, {"event_name": "mousemove", "timestamp": "1694035195684", "position": {"x": 55, "y": 2299}}, {"event_name": "mousemove", "timestamp": "1694035195703", "position": {"x": 56, "y": 2307}}, {"event_name": "mousemove", "timestamp": "1694035195721", "position": {"x": 57, "y": 2314}}, {"event_name": "mousemove", "timestamp": "1694035195740", "position": {"x": 58, "y": 2323}}, {"event_name": "mousemove", "timestamp": "1694035195759", "position": {"x": 60, "y": 2333}}, {"event_name": "mousemove", "timestamp": "1694035195777", "position": {"x": 62, "y": 2341}}, {"event_name": "mousemove", "timestamp": "1694035195796", "position": {"x": 63, "y": 2349}}, {"event_name": "mousemove", "timestamp": "1694035195816", "position": {"x": 64, "y": 2358}}, {"event_name": "mousemove", "timestamp": "1694035195834", "position": {"x": 65, "y": 2365}}, {"event_name": "mousemove", "timestamp": "1694035195852", "position": {"x": 68, "y": 2373}}, {"event_name": "mouseout", "timestamp": "1694035195873", "position": {"x": 72, "y": 2384}}, {"event_name": "mouseover", "timestamp": "1694035195874", "position": {"x": 72, "y": 2384}}, {"event_name": "mousemove", "timestamp": "1694035195874", "position": {"x": 72, "y": 2384}}, {"event_name": "mousemove", "timestamp": "1694035195892", "position": {"x": 75, "y": 2391}}, {"event_name": "mousemove", "timestamp": "1694035195910", "position": {"x": 76, "y": 2399}}, {"event_name": "mousemove", "timestamp": "1694035195928", "position": {"x": 77, "y": 2409}}, {"event_name": "mousemove", "timestamp": "1694035195945", "position": {"x": 79, "y": 2417}}, {"event_name": "mousemove", "timestamp": "1694035195963", "position": {"x": 79, "y": 2426}}, {"event_name": "mousemove", "timestamp": "1694035195980", "position": {"x": 79, "y": 2436}}, {"event_name": "mousemove", "timestamp": "1694035195998", "position": {"x": 80, "y": 2446}}, {"event_name": "mousemove", "timestamp": "1694035196015", "position": {"x": 82, "y": 2455}}, {"event_name": "mousemove", "timestamp": "1694035196032", "position": {"x": 84, "y": 2466}}, {"event_name": "mouseout", "timestamp": "1694035196050", "position": {"x": 87, "y": 2475}}, {"event_name": "mouseover", "timestamp": "1694035196050", "position": {"x": 87, "y": 2475}}, {"event_name": "mousemove", "timestamp": "1694035196050", "position": {"x": 87, "y": 2475}}, {"event_name": "mousemove", "timestamp": "1694035196068", "position": {"x": 88, "y": 2484}}, {"event_name": "mouseout", "timestamp": "1694035196086", "position": {"x": 89, "y": 2493}}, {"event_name": "mouseover", "timestamp": "1694035196086", "position": {"x": 89, "y": 2493}}, {"event_name": "mousemove", "timestamp": "1694035196086", "position": {"x": 89, "y": 2493}}, {"event_name": "mousemove", "timestamp": "1694035196103", "position": {"x": 91, "y": 2502}}, {"event_name": "mousemove", "timestamp": "1694035196121", "position": {"x": 94, "y": 2511}}, {"event_name": "mousemove", "timestamp": "1694035196139", "position": {"x": 97, "y": 2520}}, {"event_name": "mousemove", "timestamp": "1694035196156", "position": {"x": 100, "y": 2529}}, {"event_name": "mousemove", "timestamp": "1694035196174", "position": {"x": 101, "y": 2538}}, {"event_name": "mousemove", "timestamp": "1694035196191", "position": {"x": 102, "y": 2548}}, {"event_name": "mousemove", "timestamp": "1694035196209", "position": {"x": 103, "y": 2558}}, {"event_name": "mousemove", "timestamp": "1694035196226", "position": {"x": 104, "y": 2565}}, {"event_name": "mousemove", "timestamp": "1694035196243", "position": {"x": 105, "y": 2573}}, {"event_name": "mousemove", "timestamp": "1694035196262", "position": {"x": 106, "y": 2580}}, {"event_name": "mousemove", "timestamp": "1694035196279", "position": {"x": 106, "y": 2586}}, {"event_name": "mousemove", "timestamp": "1694035196296", "position": {"x": 107, "y": 2592}}, {"event_name": "mousemove", "timestamp": "1694035196315", "position": {"x": 108, "y": 2598}}, {"event_name": "mousemove", "timestamp": "1694035196333", "position": {"x": 108, "y": 2606}}, {"event_name": "mousemove", "timestamp": "1694035196352", "position": {"x": 108, "y": 2615}}, {"event_name": "mousemove", "timestamp": "1694035196370", "position": {"x": 109, "y": 2622}}, {"event_name": "mousemove", "timestamp": "1694035196389", "position": {"x": 109, "y": 2628}}, {"event_name": "mouseout", "timestamp": "1694035196407", "position": {"x": 110, "y": 2635}}, {"event_name": "mouseover", "timestamp": "1694035196407", "position": {"x": 110, "y": 2635}}, {"event_name": "mousemove", "timestamp": "1694035196408", "position": {"x": 110, "y": 2635}}, {"event_name": "mousemove", "timestamp": "1694035196425", "position": {"x": 111, "y": 2641}}, {"event_name": "mousemove", "timestamp": "1694035196442", "position": {"x": 111, "y": 2646}}, {"event_name": "mousemove", "timestamp": "1694035196460", "position": {"x": 112, "y": 2652}}, {"event_name": "mousemove", "timestamp": "1694035196478", "position": {"x": 113, "y": 2658}}, {"event_name": "mouseout", "timestamp": "1694035196496", "position": {"x": 113, "y": 2663}}, {"event_name": "mouseover", "timestamp": "1694035196496", "position": {"x": 113, "y": 2663}}, {"event_name": "mousemove", "timestamp": "1694035196497", "position": {"x": 113, "y": 2663}}, {"event_name": "mousemove", "timestamp": "1694035196515", "position": {"x": 114, "y": 2668}}, {"event_name": "mousemove", "timestamp": "1694035196533", "position": {"x": 115, "y": 2673}}, {"event_name": "mousemove", "timestamp": "1694035196552", "position": {"x": 115, "y": 2675}}, {"event_name": "mousemove", "timestamp": "1694035196571", "position": {"x": 115, "y": 2677}}, {"event_name": "mouseout", "timestamp": "1694035196589", "position": {"x": 116, "y": 2679}}, {"event_name": "mouseover", "timestamp": "1694035196590", "position": {"x": 116, "y": 2679}}, {"event_name": "mousemove", "timestamp": "1694035196591", "position": {"x": 116, "y": 2679}}, {"event_name": "mousedown", "timestamp": "1694035196908", "position": {"x": 116, "y": 2679}}, {"event_name": "mouseup", "timestamp": "1694035197000", "position": {"x": 116, "y": 2679}}, {"event_name": "click", "timestamp": "1694035197000", "position": {"x": 116, "y": 2679}}, {"event_name": "beforeunload", "timestamp": "1694035197003", "position": {"x": 0, "y": 0}}]}