{"user_id": "0e3c1849-3d36-4e32-a696-41165dc3ddc4", "device": "desktop", "trace": [{"event_name": "load", "timestamp": "1694038098584", "position": {"x": 0, "y": 0}}, {"event_name": "pageshow", "timestamp": "1694038098584", "position": {"x": 0, "y": 0}}, {"event_name": "mouseover", "timestamp": "1694038098823", "position": {"x": 4, "y": 1}}, {"event_name": "mousemove", "timestamp": "1694038098823", "position": {"x": 4, "y": 1}}, {"event_name": "mousemove", "timestamp": "1694038098841", "position": {"x": 9, "y": 4}}, {"event_name": "mousemove", "timestamp": "1694038098859", "position": {"x": 12, "y": 5}}, {"event_name": "mousemove", "timestamp": "1694038098877", "position": {"x": 16, "y": 6}}, {"event_name": "mousemove", "timestamp": "1694038098894", "position": {"x": 20, "y": 7}}, {"event_name": "mousemove", "timestamp": "1694038098912", "position": {"x": 24, "y": 8}}, {"event_name": "mousemove", "timestamp": "1694038098930", "position": {"x": 29, "y": 7}}, {"event_name": "mousemove", "timestamp": "1694038098947", "position": {"x": 35, "y": 7}}, {"event_name": "mousemove", "timestamp": "1694038098964", "position": {"x": 41, "y": 7}}, {"event_name": "mousemove", "timestamp": "1694038098983", "position": {"x": 46, "y": 9}}, {"event_name": "mousemove", "timestamp": "1694038099000", "position": {"x": 51, "y": 11}}, {"event_name": "mousemove", "timestamp": "1694038099017", "position": {"x": 56, "y": 13}}, {"event_name": "mousemove", "timestamp": "1694038099036", "position": {"x": 60, "y": 13}}, {"event_name": "mousemove", "timestamp": "1694038099052", "position": {"x": 64, "y": 14}}, {"event_name": "mousemove", "timestamp": "1694038099070", "position": {"x": 68, "y": 15}}, {"event_name": "mouseout", "timestamp": "1694038099088", "position": {"x": 72, "y": 15}}, {"event_name": "mouseover", "timestamp": "1694038099089", "position": {"x": 72, "y": 15}}, {"event_name": "mousemove", "timestamp": "1694038099089", "position": {"x": 72, "y": 15}}, {"event_name": "mousemove", "timestamp": "1694038099106", "position": {"x": 76, "y": 16}}, {"event_name": "mousemove", "timestamp": "1694038099124", "position": {"x": 80, "y": 17}}, {"event_name": "mousemove", "timestamp": "1694038099141", "position": {"x": 83, "y": 16}}, {"event_name": "mouseout", "timestamp": "1694038099159", "position": {"x": 87, "y": 15}}, {"event_name": "mouseover", "timestamp": "1694038099159", "position": {"x": 87, "y": 15}}, {"event_name": "mousemove", "timestamp": "1694038099159", "position": {"x": 87, "y": 15}}, {"event_name": "mousemove", "timestamp": "1694038099177", "position": {"x": 91, "y": 15}}, {"event_name": "mouseout", "timestamp": "1694038099195", "position": {"x": 94, "y": 16}}, {"event_name": "mouseover", "timestamp": "1694038099195", "position": {"x": 94, "y": 16}}, {"event_name": "mousemove", "timestamp": "1694038099195", "position": {"x": 94, "y": 16}}, {"event_name": "mousemove", "timestamp": "1694038099213", "position": {"x": 97, "y": 17}}, {"event_name": "mousemove", "timestamp": "1694038099232", "position": {"x": 100, "y": 18}}, {"event_name": "mousemove", "timestamp": "1694038099251", "position": {"x": 101, "y": 20}}, {"event_name": "mousemove", "timestamp": "1694038099270", "position": {"x": 102, "y": 22}}, {"event_name": "mousemove", "timestamp": "1694038099288", "position": {"x": 104, "y": 24}}, {"event_name": "mousemove", "timestamp": "1694038099323", "position": {"x": 105, "y": 24}}, {"event_name": "mousemove", "timestamp": "1694038099341", "position": {"x": 106, "y": 25}}, {"event_name": "mousedown", "timestamp": "1694038099709", "position": {"x": 106, "y": 25}}, {"event_name": "mouseup", "timestamp": "1694038099814", "position": {"x": 106, "y": 25}}, {"event_name": "click", "timestamp": "1694038099814", "position": {"x": 106, "y": 25}}, {"event_name": "beforeunload", "timestamp": "1694038099818", "position": {"x": 0, "y": 0}}, {"event_name": "load", "timestamp": "1694038103108", "position": {"x": 0, "y": 0}}, {"event_name": "pageshow", "timestamp": "1694038103108", "position": {"x": 0, "y": 0}}, {"event_name": "mouseover", "timestamp": "1694038103362", "position": {"x": 34, "y": 0}}, {"event_name": "mousemove", "timestamp": "1694038103362", "position": {"x": 34, "y": 0}}, {"event_name": "mouseout", "timestamp": "1694038103379", "position": {"x": 74, "y": 1}}, {"event_name": "mouseover", "timestamp": "1694038103380", "position": {"x": 74, "y": 1}}, {"event_name": "mousemove", "timestamp": "1694038103380", "position": {"x": 74, "y": 1}}, {"event_name": "mouseout", "timestamp": "1694038103397", "position": {"x": 96, "y": 2}}, {"event_name": "mouseover", "timestamp": "1694038103398", "position": {"x": 96, "y": 2}}, {"event_name": "mousemove", "timestamp": "1694038103398", "position": {"x": 96, "y": 2}}, {"event_name": "mousemove", "timestamp": "1694038103417", "position": {"x": 110, "y": 1}}, {"event_name": "mousemove", "timestamp": "1694038103435", "position": {"x": 126, "y": 1}}, {"event_name": "mousemove", "timestamp": "1694038103454", "position": {"x": 139, "y": 1}}, {"event_name": "mousemove", "timestamp": "1694038103473", "position": {"x": 170, "y": 1}}, {"event_name": "mousemove", "timestamp": "1694038103492", "position": {"x": 205, "y": 1}}, {"event_name": "mousemove", "timestamp": "1694038103511", "position": {"x": 231, "y": 2}}, {"event_name": "mousemove", "timestamp": "1694038103530", "position": {"x": 239, "y": 2}}, {"event_name": "mousemove", "timestamp": "1694038103547", "position": {"x": 248, "y": 2}}, {"event_name": "mousemove", "timestamp": "1694038103565", "position": {"x": 255, "y": 3}}, {"event_name": "mousemove", "timestamp": "1694038103582", "position": {"x": 264, "y": 2}}, {"event_name": "mousemove", "timestamp": "1694038103600", "position": {"x": 274, "y": 2}}, {"event_name": "mousemove", "timestamp": "1694038103618", "position": {"x": 283, "y": 2}}, {"event_name": "mousemove", "timestamp": "1694038103635", "position": {"x": 290, "y": 3}}, {"event_name": "mousemove", "timestamp": "1694038103653", "position": {"x": 297, "y": 4}}, {"event_name": "mousemove", "timestamp": "1694038103670", "position": {"x": 304, "y": 5}}, {"event_name": "mousemove", "timestamp": "1694038103688", "position": {"x": 311, "y": 4}}, {"event_name": "mousemove", "timestamp": "1694038103706", "position": {"x": 320, "y": 4}}, {"event_name": "mousemove", "timestamp": "1694038103724", "position": {"x": 327, "y": 4}}, {"event_name": "mousemove", "timestamp": "1694038103741", "position": {"x": 338, "y": 4}}, {"event_name": "mousemove", "timestamp": "1694038103759", "position": {"x": 350, "y": 4}}, {"event_name": "mousemove", "timestamp": "1694038103778", "position": {"x": 360, "y": 4}}, {"event_name": "mousemove", "timestamp": "1694038103795", "position": {"x": 378, "y": 2}}, {"event_name": "mousemove", "timestamp": "1694038103813", "position": {"x": 398, "y": 1}}, {"event_name": "mousemove", "timestamp": "1694038103830", "position": {"x": 415, "y": 0}}, {"event_name": "mousemove", "timestamp": "1694038103848", "position": {"x": 458, "y": 0}}, {"event_name": "mousemove", "timestamp": "1694038103865", "position": {"x": 504, "y": 1}}, {"event_name": "mousemove", "timestamp": "1694038103884", "position": {"x": 543, "y": 2}}, {"event_name": "mousemove", "timestamp": "1694038103901", "position": {"x": 551, "y": 3}}, {"event_name": "mousemove", "timestamp": "1694038103918", "position": {"x": 561, "y": 4}}, {"event_name": "mousemove", "timestamp": "1694038103940", "position": {"x": 569, "y": 6}}, {"event_name": "mousemove", "timestamp": "1694038103958", "position": {"x": 577, "y": 5}}, {"event_name": "mousemove", "timestamp": "1694038103975", "position": {"x": 586, "y": 5}}, {"event_name": "mousemove", "timestamp": "1694038103993", "position": {"x": 594, "y": 5}}, {"event_name": "mousemove", "timestamp": "1694038104010", "position": {"x": 603, "y": 5}}, {"event_name": "mousemove", "timestamp": "1694038104028", "position": {"x": 612, "y": 6}}, {"event_name": "mousemove", "timestamp": "1694038104046", "position": {"x": 621, "y": 7}}, {"event_name": "mousemove", "timestamp": "1694038104064", "position": {"x": 627, "y": 5}}, {"event_name": "mousemove", "timestamp": "1694038104081", "position": {"x": 634, "y": 4}}, {"event_name": "mousemove", "timestamp": "1694038104098", "position": {"x": 640, "y": 4}}, {"event_name": "mousemove", "timestamp": "1694038104117", "position": {"x": 650, "y": 6}}, {"event_name": "mouseout", "timestamp": "1694038104134", "position": {"x": 659, "y": 8}}, {"event_name": "mouseover", "timestamp": "1694038104134", "position": {"x": 659, "y": 8}}, {"event_name": "mousemove", "timestamp": "1694038104134", "position": {"x": 659, "y": 8}}, {"event_name": "mousemove", "timestamp": "1694038104151", "position": {"x": 668, "y": 10}}, {"event_name": "mousemove", "timestamp": "1694038104169", "position": {"x": 674, "y": 10}}, {"event_name": "mousemove", "timestamp": "1694038104187", "position": {"x": 679, "y": 11}}, {"event_name": "mousemove", "timestamp": "1694038104204", "position": {"x": 685, "y": 12}}, {"event_name": "mousemove", "timestamp": "1694038104221", "position": {"x": 689, "y": 14}}, {"event_name": "mousemove", "timestamp": "1694038104239", "position": {"x": 694, "y": 16}}, {"event_name": "mousemove", "timestamp": "1694038104257", "position": {"x": 699, "y": 19}}, {"event_name": "mousemove", "timestamp": "1694038104274", "position": {"x": 704, "y": 19}}, {"event_name": "mousemove", "timestamp": "1694038104292", "position": {"x": 709, "y": 19}}, {"event_name": "mousemove", "timestamp": "1694038104310", "position": {"x": 714, "y": 19}}, {"event_name": "mousemove", "timestamp": "1694038104327", "position": {"x": 717, "y": 20}}, {"event_name": "mousemove", "timestamp": "1694038104345", "position": {"x": 721, "y": 21}}, {"event_name": "mousemove", "timestamp": "1694038104362", "position": {"x": 725, "y": 22}}, {"event_name": "mouseout", "timestamp": "1694038104381", "position": {"x": 728, "y": 22}}, {"event_name": "mouseover", "timestamp": "1694038104381", "position": {"x": 728, "y": 22}}, {"event_name": "mousemove", "timestamp": "1694038104382", "position": {"x": 728, "y": 22}}, {"event_name": "mousemove", "timestamp": "1694038104400", "position": {"x": 733, "y": 22}}, {"event_name": "mousemove", "timestamp": "1694038104418", "position": {"x": 736, "y": 22}}, {"event_name": "mousemove", "timestamp": "1694038104437", "position": {"x": 738, "y": 20}}, {"event_name": "mousemove", "timestamp": "1694038104456", "position": {"x": 741, "y": 19}}, {"event_name": "mousemove", "timestamp": "1694038104474", "position": {"x": 743, "y": 19}}, {"event_name": "mousemove", "timestamp": "1694038104494", "position": {"x": 744, "y": 20}}, {"event_name": "mousemove", "timestamp": "1694038104513", "position": {"x": 745, "y": 21}}, {"event_name": "mousemove", "timestamp": "1694038104531", "position": {"x": 747, "y": 23}}, {"event_name": "mousemove", "timestamp": "1694038104549", "position": {"x": 749, "y": 23}}, {"event_name": "mousemove", "timestamp": "1694038104567", "position": {"x": 751, "y": 23}}, {"event_name": "mousemove", "timestamp": "1694038104585", "position": {"x": 753, "y": 23}}, {"event_name": "mousemove", "timestamp": "1694038104603", "position": {"x": 754, "y": 22}}, {"event_name": "mousemove", "timestamp": "1694038104621", "position": {"x": 756, "y": 21}}, {"event_name": "mousemove", "timestamp": "1694038104640", "position": {"x": 758, "y": 21}}, {"event_name": "mousemove", "timestamp": "1694038104659", "position": {"x": 759, "y": 22}}, {"event_name": "mousemove", "timestamp": "1694038104676", "position": {"x": 760, "y": 23}}, {"event_name": "mousemove", "timestamp": "1694038104694", "position": {"x": 762, "y": 24}}, {"event_name": "mousedown", "timestamp": "1694038105010", "position": {"x": 762, "y": 24}}, {"event_name": "mouseup", "timestamp": "1694038105091", "position": {"x": 762, "y": 24}}, {"event_name": "click", "timestamp": "1694038105092", "position": {"x": 762, "y": 24}}, {"event_name": "beforeunload", "timestamp": "1694038105095", "position": {"x": 0, "y": 0}}, {"event_name": "load", "timestamp": "1694038107800", "position": {"x": 0, "y": 0}}, {"event_name": "pageshow", "timestamp": "1694038107800", "position": {"x": 0, "y": 0}}, {"event_name": "mouseover", "timestamp": "1694038108072", "position": {"x": 6, "y": 0}}, {"event_name": "mousemove", "timestamp": "1694038108072", "position": {"x": 6, "y": 0}}, {"event_name": "mousemove", "timestamp": "1694038108089", "position": {"x": 13, "y": 0}}, {"event_name": "mousemove", "timestamp": "1694038108107", "position": {"x": 17, "y": 1}}, {"event_name": "mousemove", "timestamp": "1694038108126", "position": {"x": 22, "y": 0}}, {"event_name": "mousemove", "timestamp": "1694038108143", "position": {"x": 28, "y": 0}}, {"event_name": "mousemove", "timestamp": "1694038108161", "position": {"x": 34, "y": 0}}, {"event_name": "mousemove", "timestamp": "1694038108179", "position": {"x": 39, "y": 1}}, {"event_name": "mousemove", "timestamp": "1694038108196", "position": {"x": 45, "y": 2}}, {"event_name": "mousemove", "timestamp": "1694038108214", "position": {"x": 51, "y": 3}}, {"event_name": "mousemove", "timestamp": "1694038108234", "position": {"x": 58, "y": 2}}, {"event_name": "mousemove", "timestamp": "1694038108252", "position": {"x": 67, "y": 1}}, {"event_name": "mouseout", "timestamp": "1694038108271", "position": {"x": 73, "y": 1}}, {"event_name": "mouseover", "timestamp": "1694038108271", "position": {"x": 73, "y": 1}}, {"event_name": "mousemove", "timestamp": "1694038108272", "position": {"x": 73, "y": 1}}, {"event_name": "mousemove", "timestamp": "1694038108290", "position": {"x": 80, "y": 1}}, {"event_name": "mouseout", "timestamp": "1694038108308", "position": {"x": 89, "y": 2}}, {"event_name": "mouseover", "timestamp": "1694038108308", "position": {"x": 89, "y": 2}}, {"event_name": "mousemove", "timestamp": "1694038108309", "position": {"x": 89, "y": 2}}, {"event_name": "mousemove", "timestamp": "1694038108325", "position": {"x": 96, "y": 3}}, {"event_name": "mousemove", "timestamp": "1694038108343", "position": {"x": 102, "y": 2}}, {"event_name": "mousemove", "timestamp": "1694038108361", "position": {"x": 107, "y": 1}}, {"event_name": "mousemove", "timestamp": "1694038108378", "position": {"x": 113, "y": 1}}, {"event_name": "mousemove", "timestamp": "1694038108396", "position": {"x": 126, "y": 1}}, {"event_name": "mousemove", "timestamp": "1694038108414", "position": {"x": 141, "y": 1}}, {"event_name": "mousemove", "timestamp": "1694038108431", "position": {"x": 153, "y": 1}}, {"event_name": "mousemove", "timestamp": "1694038108448", "position": {"x": 160, "y": 1}}, {"event_name": "mousemove", "timestamp": "1694038108467", "position": {"x": 167, "y": 2}}, {"event_name": "mousemove", "timestamp": "1694038108485", "position": {"x": 174, "y": 3}}, {"event_name": "mousemove", "timestamp": "1694038108503", "position": {"x": 182, "y": 3}}, {"event_name": "mousemove", "timestamp": "1694038108520", "position": {"x": 191, "y": 4}}, {"event_name": "mousemove", "timestamp": "1694038108538", "position": {"x": 199, "y": 5}}, {"event_name": "mousemove", "timestamp": "1694038108555", "position": {"x": 207, "y": 6}}, {"event_name": "mousemove", "timestamp": "1694038108574", "position": {"x": 216, "y": 7}}, {"event_name": "mouseout", "timestamp": "1694038108591", "position": {"x": 224, "y": 8}}, {"event_name": "mouseover", "timestamp": "1694038108591", "position": {"x": 224, "y": 8}}, {"event_name": "mousemove", "timestamp": "1694038108591", "position": {"x": 224, "y": 8}}, {"event_name": "mousemove", "timestamp": "1694038108609", "position": {"x": 233, "y": 9}}, {"event_name": "mousemove", "timestamp": "1694038108626", "position": {"x": 243, "y": 10}}, {"event_name": "mousemove", "timestamp": "1694038108644", "position": {"x": 252, "y": 12}}, {"event_name": "mousemove", "timestamp": "1694038108661", "position": {"x": 261, "y": 12}}, {"event_name": "mousemove", "timestamp": "1694038108679", "position": {"x": 270, "y": 13}}, {"event_name": "mousemove", "timestamp": "1694038108696", "position": {"x": 278, "y": 14}}, {"event_name": "mousemove", "timestamp": "1694038108715", "position": {"x": 286, "y": 14}}, {"event_name": "mousemove", "timestamp": "1694038108732", "position": {"x": 295, "y": 14}}, {"event_name": "mousemove", "timestamp": "1694038108749", "position": {"x": 304, "y": 14}}, {"event_name": "mousemove", "timestamp": "1694038108767", "position": {"x": 311, "y": 15}}, {"event_name": "mousemove", "timestamp": "1694038108785", "position": {"x": 318, "y": 16}}, {"event_name": "mousemove", "timestamp": "1694038108802", "position": {"x": 325, "y": 18}}, {"event_name": "mousemove", "timestamp": "1694038108820", "position": {"x": 334, "y": 16}}, {"event_name": "mousemove", "timestamp": "1694038108838", "position": {"x": 345, "y": 14}}, {"event_name": "mousemove", "timestamp": "1694038108855", "position": {"x": 354, "y": 13}}, {"event_name": "mouseout", "timestamp": "1694038108873", "position": {"x": 363, "y": 15}}, {"event_name": "mouseover", "timestamp": "1694038108873", "position": {"x": 363, "y": 15}}, {"event_name": "mousemove", "timestamp": "1694038108874", "position": {"x": 363, "y": 15}}, {"event_name": "mousemove", "timestamp": "1694038108890", "position": {"x": 374, "y": 17}}, {"event_name": "mousemove", "timestamp": "1694038108908", "position": {"x": 383, "y": 19}}, {"event_name": "mousemove", "timestamp": "1694038108926", "position": {"x": 392, "y": 19}}, {"event_name": "mousemove", "timestamp": "1694038108943", "position": {"x": 401, "y": 19}}, {"event_name": "mousemove", "timestamp": "1694038108961", "position": {"x": 410, "y": 19}}, {"event_name": "mousemove", "timestamp": "1694038108979", "position": {"x": 419, "y": 17}}, {"event_name": "mousemove", "timestamp": "1694038108996", "position": {"x": 429, "y": 16}}, {"event_name": "mousemove", "timestamp": "1694038109013", "position": {"x": 438, "y": 16}}, {"event_name": "mousemove", "timestamp": "1694038109031", "position": {"x": 448, "y": 16}}, {"event_name": "mouseout", "timestamp": "1694038109049", "position": {"x": 459, "y": 16}}, {"event_name": "mouseover", "timestamp": "1694038109049", "position": {"x": 459, "y": 16}}, {"event_name": "mousemove", "timestamp": "1694038109049", "position": {"x": 459, "y": 16}}, {"event_name": "mousemove", "timestamp": "1694038109066", "position": {"x": 469, "y": 17}}, {"event_name": "mousemove", "timestamp": "1694038109084", "position": {"x": 480, "y": 17}}, {"event_name": "mousemove", "timestamp": "1694038109101", "position": {"x": 492, "y": 17}}, {"event_name": "mousemove", "timestamp": "1694038109119", "position": {"x": 503, "y": 17}}, {"event_name": "mousemove", "timestamp": "1694038109136", "position": {"x": 512, "y": 16}}, {"event_name": "mousemove", "timestamp": "1694038109154", "position": {"x": 521, "y": 16}}, {"event_name": "mousemove", "timestamp": "1694038109173", "position": {"x": 529, "y": 16}}, {"event_name": "mousemove", "timestamp": "1694038109190", "position": {"x": 536, "y": 18}}, {"event_name": "mousemove", "timestamp": "1694038109209", "position": {"x": 544, "y": 21}}, {"event_name": "mousemove", "timestamp": "1694038109227", "position": {"x": 551, "y": 23}}, {"event_name": "mousemove", "timestamp": "1694038109246", "position": {"x": 561, "y": 21}}, {"event_name": "mousemove", "timestamp": "1694038109264", "position": {"x": 573, "y": 20}}, {"event_name": "mousemove", "timestamp": "1694038109282", "position": {"x": 582, "y": 19}}, {"event_name": "mousemove", "timestamp": "1694038109301", "position": {"x": 592, "y": 20}}, {"event_name": "mousemove", "timestamp": "1694038109320", "position": {"x": 603, "y": 21}}, {"event_name": "mousemove", "timestamp": "1694038109339", "position": {"x": 612, "y": 22}}, {"event_name": "mousemove", "timestamp": "1694038109357", "position": {"x": 621, "y": 23}}, {"event_name": "mousemove", "timestamp": "1694038109375", "position": {"x": 632, "y": 24}}, {"event_name": "mousemove", "timestamp": "1694038109394", "position": {"x": 641, "y": 26}}, {"event_name": "mousemove", "timestamp": "1694038109413", "position": {"x": 651, "y": 27}}, {"event_name": "mousemove", "timestamp": "1694038109431", "position": {"x": 663, "y": 29}}, {"event_name": "mousemove", "timestamp": "1694038109449", "position": {"x": 672, "y": 31}}, {"event_name": "mousemove", "timestamp": "1694038109467", "position": {"x": 682, "y": 31}}, {"event_name": "mousemove", "timestamp": "1694038109485", "position": {"x": 693, "y": 31}}, {"event_name": "mousemove", "timestamp": "1694038109503", "position": {"x": 702, "y": 32}}, {"event_name": "mousemove", "timestamp": "1694038109521", "position": {"x": 710, "y": 33}}, {"event_name": "mousemove", "timestamp": "1694038109540", "position": {"x": 720, "y": 34}}, {"event_name": "mouseout", "timestamp": "1694038109559", "position": {"x": 727, "y": 35}}, {"event_name": "mouseover", "timestamp": "1694038109559", "position": {"x": 727, "y": 35}}, {"event_name": "mousemove", "timestamp": "1694038109560", "position": {"x": 727, "y": 35}}, {"event_name": "mousemove", "timestamp": "1694038109580", "position": {"x": 734, "y": 33}}, {"event_name": "mousemove", "timestamp": "1694038109597", "position": {"x": 742, "y": 31}}, {"event_name": "mousemove", "timestamp": "1694038109615", "position": {"x": 748, "y": 30}}, {"event_name": "mousemove", "timestamp": "1694038109633", "position": {"x": 754, "y": 31}}, {"event_name": "mousemove", "timestamp": "1694038109650", "position": {"x": 760, "y": 33}}, {"event_name": "mousemove", "timestamp": "1694038109668", "position": {"x": 767, "y": 35}}, {"event_name": "mousemove", "timestamp": "1694038109685", "position": {"x": 771, "y": 34}}, {"event_name": "mousemove", "timestamp": "1694038109703", "position": {"x": 775, "y": 33}}, {"event_name": "mousemove", "timestamp": "1694038109721", "position": {"x": 780, "y": 33}}, {"event_name": "mousemove", "timestamp": "1694038109738", "position": {"x": 783, "y": 32}}, {"event_name": "mousemove", "timestamp": "1694038109756", "position": {"x": 787, "y": 32}}, {"event_name": "mousemove", "timestamp": "1694038109774", "position": {"x": 790, "y": 32}}, {"event_name": "mouseout", "timestamp": "1694038109791", "position": {"x": 792, "y": 32}}, {"event_name": "mouseover", "timestamp": "1694038109791", "position": {"x": 792, "y": 32}}, {"event_name": "mousemove", "timestamp": "1694038109792", "position": {"x": 792, "y": 32}}, {"event_name": "mousemove", "timestamp": "1694038109809", "position": {"x": 794, "y": 33}}, {"event_name": "mousemove", "timestamp": "1694038109827", "position": {"x": 797, "y": 34}}, {"event_name": "mousemove", "timestamp": "1694038109845", "position": {"x": 798, "y": 33}}, {"event_name": "mousemove", "timestamp": "1694038109862", "position": {"x": 800, "y": 32}}, {"event_name": "mousemove", "timestamp": "1694038109880", "position": {"x": 802, "y": 32}}, {"event_name": "mousemove", "timestamp": "1694038109898", "position": {"x": 802, "y": 30}}, {"event_name": "mousemove", "timestamp": "1694038109915", "position": {"x": 803, "y": 29}}, {"event_name": "mousemove", "timestamp": "1694038109932", "position": {"x": 804, "y": 29}}, {"event_name": "mousemove", "timestamp": "1694038109950", "position": {"x": 806, "y": 29}}, {"event_name": "mousemove", "timestamp": "1694038109968", "position": {"x": 808, "y": 29}}, {"event_name": "mousemove", "timestamp": "1694038109986", "position": {"x": 810, "y": 29}}, {"event_name": "mousemove", "timestamp": "1694038110003", "position": {"x": 811, "y": 27}}, {"event_name": "mousemove", "timestamp": "1694038110020", "position": {"x": 813, "y": 26}}, {"event_name": "mousemove", "timestamp": "1694038110038", "position": {"x": 815, "y": 26}}, {"event_name": "mousemove", "timestamp": "1694038110091", "position": {"x": 816, "y": 27}}, {"event_name": "mousedown", "timestamp": "1694038110195", "position": {"x": 816, "y": 27}}, {"event_name": "mouseup", "timestamp": "1694038110321", "position": {"x": 816, "y": 27}}, {"event_name": "click", "timestamp": "1694038110321", "position": {"x": 816, "y": 27}}, {"event_name": "beforeunload", "timestamp": "1694038110324", "position": {"x": 0, "y": 0}}, {"event_name": "load", "timestamp": "1694038110511", "position": {"x": 0, "y": 0}}, {"event_name": "pageshow", "timestamp": "1694038110511", "position": {"x": 0, "y": 0}}, {"event_name": "mouseover", "timestamp": "1694038110829", "position": {"x": 5, "y": 1}}, {"event_name": "mousemove", "timestamp": "1694038110829", "position": {"x": 5, "y": 1}}, {"event_name": "mousemove", "timestamp": "1694038110847", "position": {"x": 12, "y": 3}}, {"event_name": "mousemove", "timestamp": "1694038110864", "position": {"x": 16, "y": 4}}, {"event_name": "mousemove", "timestamp": "1694038110882", "position": {"x": 22, "y": 4}}, {"event_name": "mousemove", "timestamp": "1694038110899", "position": {"x": 29, "y": 4}}, {"event_name": "mousemove", "timestamp": "1694038110918", "position": {"x": 35, "y": 4}}, {"event_name": "mousemove", "timestamp": "1694038110935", "position": {"x": 41, "y": 4}}, {"event_name": "mousemove", "timestamp": "1694038110953", "position": {"x": 47, "y": 4}}, {"event_name": "mousemove", "timestamp": "1694038110970", "position": {"x": 53, "y": 5}}, {"event_name": "mousemove", "timestamp": "1694038110988", "position": {"x": 59, "y": 5}}, {"event_name": "mousemove", "timestamp": "1694038111005", "position": {"x": 65, "y": 6}}, {"event_name": "mouseout", "timestamp": "1694038111024", "position": {"x": 71, "y": 7}}, {"event_name": "mouseover", "timestamp": "1694038111024", "position": {"x": 71, "y": 7}}, {"event_name": "mousemove", "timestamp": "1694038111024", "position": {"x": 71, "y": 7}}, {"event_name": "mousemove", "timestamp": "1694038111041", "position": {"x": 78, "y": 7}}, {"event_name": "mouseout", "timestamp": "1694038111059", "position": {"x": 86, "y": 7}}, {"event_name": "mouseover", "timestamp": "1694038111059", "position": {"x": 86, "y": 7}}, {"event_name": "mousemove", "timestamp": "1694038111059", "position": {"x": 86, "y": 7}}, {"event_name": "mouseout", "timestamp": "1694038111077", "position": {"x": 93, "y": 8}}, {"event_name": "mouseover", "timestamp": "1694038111077", "position": {"x": 93, "y": 8}}, {"event_name": "mousemove", "timestamp": "1694038111077", "position": {"x": 93, "y": 8}}, {"event_name": "mouseout", "timestamp": "1694038111095", "position": {"x": 99, "y": 7}}, {"event_name": "mouseover", "timestamp": "1694038111095", "position": {"x": 99, "y": 7}}, {"event_name": "mousemove", "timestamp": "1694038111095", "position": {"x": 99, "y": 7}}, {"event_name": "mousemove", "timestamp": "1694038111112", "position": {"x": 106, "y": 7}}, {"event_name": "mousemove", "timestamp": "1694038111130", "position": {"x": 112, "y": 7}}, {"event_name": "mouseout", "timestamp": "1694038111147", "position": {"x": 120, "y": 8}}, {"event_name": "mouseover", "timestamp": "1694038111147", "position": {"x": 120, "y": 8}}, {"event_name": "mousemove", "timestamp": "1694038111147", "position": {"x": 120, "y": 8}}, {"event_name": "mousemove", "timestamp": "1694038111165", "position": {"x": 128, "y": 9}}, {"event_name": "mousemove", "timestamp": "1694038111183", "position": {"x": 136, "y": 10}}, {"event_name": "mousemove", "timestamp": "1694038111201", "position": {"x": 143, "y": 10}}, {"event_name": "mousemove", "timestamp": "1694038111218", "position": {"x": 150, "y": 10}}, {"event_name": "mousemove", "timestamp": "1694038111235", "position": {"x": 157, "y": 11}}, {"event_name": "mousemove", "timestamp": "1694038111253", "position": {"x": 163, "y": 11}}, {"event_name": "mousemove", "timestamp": "1694038111271", "position": {"x": 171, "y": 11}}, {"event_name": "mousemove", "timestamp": "1694038111288", "position": {"x": 177, "y": 12}}, {"event_name": "mousemove", "timestamp": "1694038111306", "position": {"x": 184, "y": 12}}, {"event_name": "mousemove", "timestamp": "1694038111323", "position": {"x": 192, "y": 12}}, {"event_name": "mousemove", "timestamp": "1694038111342", "position": {"x": 199, "y": 12}}, {"event_name": "mousemove", "timestamp": "1694038111359", "position": {"x": 207, "y": 12}}, {"event_name": "mousemove", "timestamp": "1694038111377", "position": {"x": 216, "y": 12}}, {"event_name": "mousemove", "timestamp": "1694038111395", "position": {"x": 224, "y": 12}}, {"event_name": "mousemove", "timestamp": "1694038111412", "position": {"x": 232, "y": 13}}, {"event_name": "mousemove", "timestamp": "1694038111430", "position": {"x": 240, "y": 14}}, {"event_name": "mousemove", "timestamp": "1694038111447", "position": {"x": 248, "y": 15}}, {"event_name": "mousemove", "timestamp": "1694038111465", "position": {"x": 255, "y": 15}}, {"event_name": "mousemove", "timestamp": "1694038111482", "position": {"x": 262, "y": 16}}, {"event_name": "mousemove", "timestamp": "1694038111500", "position": {"x": 270, "y": 17}}, {"event_name": "mousemove", "timestamp": "1694038111517", "position": {"x": 276, "y": 17}}, {"event_name": "mousemove", "timestamp": "1694038111535", "position": {"x": 283, "y": 17}}, {"event_name": "mousemove", "timestamp": "1694038111553", "position": {"x": 290, "y": 18}}, {"event_name": "mousemove", "timestamp": "1694038111570", "position": {"x": 299, "y": 18}}, {"event_name": "mousemove", "timestamp": "1694038111588", "position": {"x": 308, "y": 18}}, {"event_name": "mousemove", "timestamp": "1694038111606", "position": {"x": 316, "y": 19}}, {"event_name": "mousemove", "timestamp": "1694038111623", "position": {"x": 325, "y": 18}}, {"event_name": "mousemove", "timestamp": "1694038111640", "position": {"x": 336, "y": 18}}, {"event_name": "mousemove", "timestamp": "1694038111658", "position": {"x": 345, "y": 18}}, {"event_name": "mousemove", "timestamp": "1694038111676", "position": {"x": 355, "y": 17}}, {"event_name": "mouseout", "timestamp": "1694038111693", "position": {"x": 366, "y": 17}}, {"event_name": "mouseover", "timestamp": "1694038111694", "position": {"x": 366, "y": 17}}, {"event_name": "mousemove", "timestamp": "1694038111694", "position": {"x": 366, "y": 17}}, {"event_name": "mousemove", "timestamp": "1694038111711", "position": {"x": 376, "y": 17}}, {"event_name": "mousemove", "timestamp": "1694038111728", "position": {"x": 386, "y": 15}}, {"event_name": "mousemove", "timestamp": "1694038111745", "position": {"x": 397, "y": 14}}, {"event_name": "mousemove", "timestamp": "1694038111764", "position": {"x": 406, "y": 14}}, {"event_name": "mousemove", "timestamp": "1694038111781", "position": {"x": 416, "y": 11}}, {"event_name": "mousemove", "timestamp": "1694038111799", "position": {"x": 427, "y": 9}}, {"event_name": "mousemove", "timestamp": "1694038111816", "position": {"x": 436, "y": 8}}, {"event_name": "mousemove", "timestamp": "1694038111833", "position": {"x": 446, "y": 8}}, {"event_name": "mouseout", "timestamp": "1694038111851", "position": {"x": 457, "y": 9}}, {"event_name": "mouseover", "timestamp": "1694038111851", "position": {"x": 457, "y": 9}}, {"event_name": "mousemove", "timestamp": "1694038111851", "position": {"x": 457, "y": 9}}, {"event_name": "mousemove", "timestamp": "1694038111869", "position": {"x": 468, "y": 10}}, {"event_name": "mousemove", "timestamp": "1694038111886", "position": {"x": 478, "y": 11}}, {"event_name": "mousemove", "timestamp": "1694038111904", "position": {"x": 489, "y": 12}}, {"event_name": "mousemove", "timestamp": "1694038111922", "position": {"x": 498, "y": 14}}, {"event_name": "mousemove", "timestamp": "1694038111941", "position": {"x": 508, "y": 13}}, {"event_name": "mousemove", "timestamp": "1694038111959", "position": {"x": 520, "y": 13}}, {"event_name": "mousemove", "timestamp": "1694038111978", "position": {"x": 529, "y": 13}}, {"event_name": "mousemove", "timestamp": "1694038111997", "position": {"x": 539, "y": 14}}, {"event_name": "mousemove", "timestamp": "1694038112013", "position": {"x": 550, "y": 15}}, {"event_name": "mousemove", "timestamp": "1694038112031", "position": {"x": 559, "y": 17}}, {"event_name": "mousemove", "timestamp": "1694038112049", "position": {"x": 569, "y": 15}}, {"event_name": "mousemove", "timestamp": "1694038112067", "position": {"x": 581, "y": 14}}, {"event_name": "mousemove", "timestamp": "1694038112084", "position": {"x": 591, "y": 13}}, {"event_name": "mousemove", "timestamp": "1694038112101", "position": {"x": 603, "y": 12}}, {"event_name": "mousemove", "timestamp": "1694038112120", "position": {"x": 616, "y": 12}}, {"event_name": "mousemove", "timestamp": "1694038112139", "position": {"x": 628, "y": 12}}, {"event_name": "mousemove", "timestamp": "1694038112157", "position": {"x": 638, "y": 12}}, {"event_name": "mousemove", "timestamp": "1694038112174", "position": {"x": 649, "y": 12}}, {"event_name": "mousemove", "timestamp": "1694038112192", "position": {"x": 659, "y": 13}}, {"event_name": "mousemove", "timestamp": "1694038112209", "position": {"x": 669, "y": 12}}, {"event_name": "mousemove", "timestamp": "1694038112228", "position": {"x": 680, "y": 12}}, {"event_name": "mousemove", "timestamp": "1694038112245", "position": {"x": 690, "y": 12}}, {"event_name": "mousemove", "timestamp": "1694038112262", "position": {"x": 703, "y": 12}}, {"event_name": "mousemove", "timestamp": "1694038112280", "position": {"x": 716, "y": 12}}, {"event_name": "mouseout", "timestamp": "1694038112297", "position": {"x": 728, "y": 12}}, {"event_name": "mouseover", "timestamp": "1694038112297", "position": {"x": 728, "y": 12}}, {"event_name": "mousemove", "timestamp": "1694038112298", "position": {"x": 728, "y": 12}}, {"event_name": "mousemove", "timestamp": "1694038112316", "position": {"x": 736, "y": 13}}, {"event_name": "mousemove", "timestamp": "1694038112333", "position": {"x": 744, "y": 14}}, {"event_name": "mousemove", "timestamp": "1694038112350", "position": {"x": 752, "y": 16}}, {"event_name": "mousemove", "timestamp": "1694038112369", "position": {"x": 765, "y": 17}}, {"event_name": "mousemove", "timestamp": "1694038112387", "position": {"x": 779, "y": 18}}, {"event_name": "mousemove", "timestamp": "1694038112405", "position": {"x": 790, "y": 20}}, {"event_name": "mouseout", "timestamp": "1694038112422", "position": {"x": 799, "y": 20}}, {"event_name": "mouseover", "timestamp": "1694038112423", "position": {"x": 799, "y": 20}}, {"event_name": "mousemove", "timestamp": "1694038112423", "position": {"x": 799, "y": 20}}, {"event_name": "mousemove", "timestamp": "1694038112440", "position": {"x": 808, "y": 20}}, {"event_name": "mousemove", "timestamp": "1694038112457", "position": {"x": 817, "y": 21}}, {"event_name": "mousemove", "timestamp": "1694038112475", "position": {"x": 823, "y": 22}}, {"event_name": "mousemove", "timestamp": "1694038112493", "position": {"x": 831, "y": 23}}, {"event_name": "mousemove", "timestamp": "1694038112510", "position": {"x": 837, "y": 25}}, {"event_name": "mousemove", "timestamp": "1694038112528", "position": {"x": 843, "y": 24}}, {"event_name": "mousemove", "timestamp": "1694038112546", "position": {"x": 849, "y": 23}}, {"event_name": "mouseout", "timestamp": "1694038112563", "position": {"x": 855, "y": 23}}, {"event_name": "mouseover", "timestamp": "1694038112564", "position": {"x": 855, "y": 23}}, {"event_name": "mousemove", "timestamp": "1694038112564", "position": {"x": 855, "y": 23}}, {"event_name": "mousemove", "timestamp": "1694038112583", "position": {"x": 859, "y": 24}}, {"event_name": "mousemove", "timestamp": "1694038112601", "position": {"x": 863, "y": 25}}, {"event_name": "mousemove", "timestamp": "1694038112619", "position": {"x": 867, "y": 27}}, {"event_name": "mousemove", "timestamp": "1694038112637", "position": {"x": 871, "y": 28}}, {"event_name": "mousemove", "timestamp": "1694038112655", "position": {"x": 876, "y": 29}}, {"event_name": "mousemove", "timestamp": "1694038112672", "position": {"x": 880, "y": 30}}, {"event_name": "mousemove", "timestamp": "1694038112690", "position": {"x": 884, "y": 31}}, {"event_name": "mousemove", "timestamp": "1694038112707", "position": {"x": 889, "y": 33}}, {"event_name": "mousemove", "timestamp": "1694038112725", "position": {"x": 894, "y": 35}}, {"event_name": "mousemove", "timestamp": "1694038112777", "position": {"x": 894, "y": 36}}, {"event_name": "mousemove", "timestamp": "1694038112795", "position": {"x": 896, "y": 36}}, {"event_name": "mousemove", "timestamp": "1694038112813", "position": {"x": 898, "y": 36}}, {"event_name": "mousemove", "timestamp": "1694038112831", "position": {"x": 901, "y": 36}}, {"event_name": "mousemove", "timestamp": "1694038112849", "position": {"x": 902, "y": 36}}, {"event_name": "mousemove", "timestamp": "1694038112865", "position": {"x": 903, "y": 36}}, {"event_name": "mousemove", "timestamp": "1694038112883", "position": {"x": 905, "y": 36}}, {"event_name": "mousemove", "timestamp": "1694038112901", "position": {"x": 906, "y": 36}}, {"event_name": "mousemove", "timestamp": "1694038112918", "position": {"x": 907, "y": 36}}, {"event_name": "mousemove", "timestamp": "1694038112936", "position": {"x": 908, "y": 36}}, {"event_name": "mousedown", "timestamp": "1694038113430", "position": {"x": 908, "y": 36}}, {"event_name": "mouseup", "timestamp": "1694038113551", "position": {"x": 908, "y": 36}}, {"event_name": "click", "timestamp": "1694038113552", "position": {"x": 908, "y": 36}}, {"event_name": "beforeunload", "timestamp": "1694038113565", "position": {"x": 0, "y": 0}}, {"event_name": "pageshow", "timestamp": "1694038113828", "position": {"x": 0, "y": 0}}, {"event_name": "load", "timestamp": "1694038113828", "position": {"x": 0, "y": 0}}, {"event_name": "mouseover", "timestamp": "1694038114202", "position": {"x": 81, "y": 0}}, {"event_name": "mousemove", "timestamp": "1694038114202", "position": {"x": 81, "y": 0}}, {"event_name": "mouseout", "timestamp": "1694038114220", "position": {"x": 187, "y": 1}}, {"event_name": "mouseover", "timestamp": "1694038114220", "position": {"x": 187, "y": 1}}, {"event_name": "mousemove", "timestamp": "1694038114220", "position": {"x": 187, "y": 1}}, {"event_name": "mousemove", "timestamp": "1694038114237", "position": {"x": 240, "y": 2}}, {"event_name": "mousemove", "timestamp": "1694038114255", "position": {"x": 250, "y": 2}}, {"event_name": "mousemove", "timestamp": "1694038114273", "position": {"x": 261, "y": 2}}, {"event_name": "mousemove", "timestamp": "1694038114291", "position": {"x": 270, "y": 3}}, {"event_name": "mousemove", "timestamp": "1694038114309", "position": {"x": 278, "y": 3}}, {"event_name": "mousemove", "timestamp": "1694038114327", "position": {"x": 286, "y": 3}}, {"event_name": "mousemove", "timestamp": "1694038114346", "position": {"x": 294, "y": 4}}, {"event_name": "mousemove", "timestamp": "1694038114365", "position": {"x": 304, "y": 4}}, {"event_name": "mousemove", "timestamp": "1694038114385", "position": {"x": 315, "y": 4}}, {"event_name": "mousemove", "timestamp": "1694038114403", "position": {"x": 324, "y": 4}}, {"event_name": "mousemove", "timestamp": "1694038114422", "position": {"x": 333, "y": 4}}, {"event_name": "mousemove", "timestamp": "1694038114439", "position": {"x": 342, "y": 4}}, {"event_name": "mousemove", "timestamp": "1694038114457", "position": {"x": 351, "y": 5}}, {"event_name": "mousemove", "timestamp": "1694038114476", "position": {"x": 360, "y": 6}}, {"event_name": "mousemove", "timestamp": "1694038114495", "position": {"x": 369, "y": 8}}, {"event_name": "mousemove", "timestamp": "1694038114512", "position": {"x": 377, "y": 10}}, {"event_name": "mousemove", "timestamp": "1694038114531", "position": {"x": 386, "y": 9}}, {"event_name": "mousemove", "timestamp": "1694038114549", "position": {"x": 396, "y": 9}}, {"event_name": "mousemove", "timestamp": "1694038114566", "position": {"x": 406, "y": 9}}, {"event_name": "mousemove", "timestamp": "1694038114583", "position": {"x": 416, "y": 10}}, {"event_name": "mousemove", "timestamp": "1694038114601", "position": {"x": 426, "y": 11}}, {"event_name": "mousemove", "timestamp": "1694038114618", "position": {"x": 436, "y": 13}}, {"event_name": "mousemove", "timestamp": "1694038114637", "position": {"x": 445, "y": 12}}, {"event_name": "mouseout", "timestamp": "1694038114654", "position": {"x": 456, "y": 12}}, {"event_name": "mouseover", "timestamp": "1694038114654", "position": {"x": 456, "y": 12}}, {"event_name": "mousemove", "timestamp": "1694038114654", "position": {"x": 456, "y": 12}}, {"event_name": "mousemove", "timestamp": "1694038114671", "position": {"x": 465, "y": 12}}, {"event_name": "mousemove", "timestamp": "1694038114689", "position": {"x": 475, "y": 12}}, {"event_name": "mousemove", "timestamp": "1694038114707", "position": {"x": 486, "y": 12}}, {"event_name": "mousemove", "timestamp": "1694038114724", "position": {"x": 496, "y": 13}}, {"event_name": "mousemove", "timestamp": "1694038114742", "position": {"x": 504, "y": 14}}, {"event_name": "mousemove", "timestamp": "1694038114760", "position": {"x": 514, "y": 16}}, {"event_name": "mousemove", "timestamp": "1694038114778", "position": {"x": 522, "y": 18}}, {"event_name": "mousemove", "timestamp": "1694038114795", "position": {"x": 532, "y": 19}}, {"event_name": "mousemove", "timestamp": "1694038114813", "position": {"x": 544, "y": 20}}, {"event_name": "mousemove", "timestamp": "1694038114830", "position": {"x": 554, "y": 21}}, {"event_name": "mousemove", "timestamp": "1694038114847", "position": {"x": 562, "y": 21}}, {"event_name": "mousemove", "timestamp": "1694038114865", "position": {"x": 572, "y": 21}}, {"event_name": "mousemove", "timestamp": "1694038114883", "position": {"x": 580, "y": 21}}, {"event_name": "mousemove", "timestamp": "1694038114901", "position": {"x": 590, "y": 19}}, {"event_name": "mousemove", "timestamp": "1694038114918", "position": {"x": 600, "y": 18}}, {"event_name": "mousemove", "timestamp": "1694038114935", "position": {"x": 610, "y": 18}}, {"event_name": "mousemove", "timestamp": "1694038114953", "position": {"x": 624, "y": 19}}, {"event_name": "mousemove", "timestamp": "1694038114971", "position": {"x": 637, "y": 20}}, {"event_name": "mousemove", "timestamp": "1694038114989", "position": {"x": 649, "y": 21}}, {"event_name": "mousemove", "timestamp": "1694038115006", "position": {"x": 657, "y": 21}}, {"event_name": "mousemove", "timestamp": "1694038115023", "position": {"x": 666, "y": 21}}, {"event_name": "mousemove", "timestamp": "1694038115041", "position": {"x": 674, "y": 22}}, {"event_name": "mousemove", "timestamp": "1694038115058", "position": {"x": 684, "y": 22}}, {"event_name": "mousemove", "timestamp": "1694038115077", "position": {"x": 694, "y": 22}}, {"event_name": "mousemove", "timestamp": "1694038115094", "position": {"x": 704, "y": 22}}, {"event_name": "mousemove", "timestamp": "1694038115111", "position": {"x": 717, "y": 22}}, {"event_name": "mouseout", "timestamp": "1694038115128", "position": {"x": 729, "y": 22}}, {"event_name": "mouseover", "timestamp": "1694038115128", "position": {"x": 729, "y": 22}}, {"event_name": "mousemove", "timestamp": "1694038115129", "position": {"x": 729, "y": 22}}, {"event_name": "mousemove", "timestamp": "1694038115147", "position": {"x": 741, "y": 23}}, {"event_name": "mousemove", "timestamp": "1694038115165", "position": {"x": 753, "y": 21}}, {"event_name": "mousemove", "timestamp": "1694038115182", "position": {"x": 765, "y": 20}}, {"event_name": "mousemove", "timestamp": "1694038115200", "position": {"x": 776, "y": 20}}, {"event_name": "mousemove", "timestamp": "1694038115217", "position": {"x": 788, "y": 20}}, {"event_name": "mouseout", "timestamp": "1694038115236", "position": {"x": 801, "y": 20}}, {"event_name": "mouseover", "timestamp": "1694038115236", "position": {"x": 801, "y": 20}}, {"event_name": "mousemove", "timestamp": "1694038115237", "position": {"x": 801, "y": 20}}, {"event_name": "mousemove", "timestamp": "1694038115255", "position": {"x": 812, "y": 20}}, {"event_name": "mousemove", "timestamp": "1694038115274", "position": {"x": 822, "y": 20}}, {"event_name": "mousemove", "timestamp": "1694038115293", "position": {"x": 832, "y": 20}}, {"event_name": "mousemove", "timestamp": "1694038115311", "position": {"x": 840, "y": 20}}, {"event_name": "mousemove", "timestamp": "1694038115331", "position": {"x": 850, "y": 20}}, {"event_name": "mouseout", "timestamp": "1694038115349", "position": {"x": 860, "y": 21}}, {"event_name": "mouseover", "timestamp": "1694038115350", "position": {"x": 860, "y": 21}}, {"event_name": "mousemove", "timestamp": "1694038115351", "position": {"x": 860, "y": 21}}, {"event_name": "mousemove", "timestamp": "1694038115369", "position": {"x": 868, "y": 22}}, {"event_name": "mousemove", "timestamp": "1694038115388", "position": {"x": 875, "y": 20}}, {"event_name": "mousemove", "timestamp": "1694038115406", "position": {"x": 883, "y": 19}}, {"event_name": "mousemove", "timestamp": "1694038115425", "position": {"x": 890, "y": 19}}, {"event_name": "mousemove", "timestamp": "1694038115443", "position": {"x": 897, "y": 19}}, {"event_name": "mousemove", "timestamp": "1694038115462", "position": {"x": 906, "y": 20}}, {"event_name": "mousemove", "timestamp": "1694038115480", "position": {"x": 913, "y": 21}}, {"event_name": "mousemove", "timestamp": "1694038115499", "position": {"x": 918, "y": 22}}, {"event_name": "mousemove", "timestamp": "1694038115518", "position": {"x": 923, "y": 24}}, {"event_name": "mousemove", "timestamp": "1694038115537", "position": {"x": 927, "y": 26}}, {"event_name": "mousemove", "timestamp": "1694038115555", "position": {"x": 931, "y": 25}}, {"event_name": "mousemove", "timestamp": "1694038115573", "position": {"x": 936, "y": 24}}, {"event_name": "mousemove", "timestamp": "1694038115592", "position": {"x": 940, "y": 24}}, {"event_name": "mousemove", "timestamp": "1694038115612", "position": {"x": 943, "y": 24}}, {"event_name": "mousemove", "timestamp": "1694038115629", "position": {"x": 947, "y": 25}}, {"event_name": "mousemove", "timestamp": "1694038115648", "position": {"x": 951, "y": 26}}, {"event_name": "mousemove", "timestamp": "1694038115666", "position": {"x": 955, "y": 25}}, {"event_name": "mousemove", "timestamp": "1694038115685", "position": {"x": 959, "y": 24}}, {"event_name": "mouseout", "timestamp": "1694038115704", "position": {"x": 963, "y": 24}}, {"event_name": "mouseover", "timestamp": "1694038115704", "position": {"x": 963, "y": 24}}, {"event_name": "mousemove", "timestamp": "1694038115705", "position": {"x": 963, "y": 24}}, {"event_name": "mousemove", "timestamp": "1694038115723", "position": {"x": 964, "y": 24}}, {"event_name": "mousemove", "timestamp": "1694038115741", "position": {"x": 966, "y": 25}}, {"event_name": "mousemove", "timestamp": "1694038115758", "position": {"x": 968, "y": 26}}, {"event_name": "mousemove", "timestamp": "1694038115776", "position": {"x": 971, "y": 26}}, {"event_name": "mousemove", "timestamp": "1694038115793", "position": {"x": 975, "y": 26}}, {"event_name": "mousemove", "timestamp": "1694038115812", "position": {"x": 978, "y": 26}}, {"event_name": "mousemove", "timestamp": "1694038115830", "position": {"x": 979, "y": 26}}, {"event_name": "mousemove", "timestamp": "1694038115847", "position": {"x": 980, "y": 26}}, {"event_name": "mousemove", "timestamp": "1694038115864", "position": {"x": 981, "y": 27}}, {"event_name": "mousedown", "timestamp": "1694038115987", "position": {"x": 981, "y": 27}}, {"event_name": "mouseup", "timestamp": "1694038116064", "position": {"x": 981, "y": 27}}, {"event_name": "click", "timestamp": "1694038116064", "position": {"x": 981, "y": 27}}, {"event_name": "beforeunload", "timestamp": "1694038116074", "position": {"x": 0, "y": 0}}, {"event_name": "load", "timestamp": "1694038116148", "position": {"x": 0, "y": 0}}, {"event_name": "pageshow", "timestamp": "1694038116149", "position": {"x": 0, "y": 0}}, {"event_name": "beforeunload", "timestamp": "1694038118627", "position": {"x": 0, "y": 0}}, {"event_name": "load", "timestamp": "1694038118726", "position": {"x": 0, "y": 0}}, {"event_name": "pageshow", "timestamp": "1694038118726", "position": {"x": 0, "y": 0}}, {"event_name": "mouseover", "timestamp": "1694038118999", "position": {"x": 15, "y": 0}}, {"event_name": "mousemove", "timestamp": "1694038118999", "position": {"x": 15, "y": 0}}, {"event_name": "mousemove", "timestamp": "1694038119017", "position": {"x": 31, "y": 0}}, {"event_name": "mousemove", "timestamp": "1694038119035", "position": {"x": 45, "y": 1}}, {"event_name": "mousemove", "timestamp": "1694038119052", "position": {"x": 51, "y": 1}}, {"event_name": "mousemove", "timestamp": "1694038119071", "position": {"x": 56, "y": 1}}, {"event_name": "mousemove", "timestamp": "1694038119090", "position": {"x": 62, "y": 2}}, {"event_name": "mousemove", "timestamp": "1694038119108", "position": {"x": 68, "y": 2}}, {"event_name": "mouseout", "timestamp": "1694038119126", "position": {"x": 76, "y": 2}}, {"event_name": "mouseover", "timestamp": "1694038119126", "position": {"x": 76, "y": 2}}, {"event_name": "mousemove", "timestamp": "1694038119127", "position": {"x": 76, "y": 2}}, {"event_name": "mousemove", "timestamp": "1694038119144", "position": {"x": 82, "y": 3}}, {"event_name": "mouseout", "timestamp": "1694038119162", "position": {"x": 87, "y": 3}}, {"event_name": "mouseover", "timestamp": "1694038119162", "position": {"x": 87, "y": 3}}, {"event_name": "mousemove", "timestamp": "1694038119162", "position": {"x": 87, "y": 3}}, {"event_name": "mousemove", "timestamp": "1694038119180", "position": {"x": 93, "y": 3}}, {"event_name": "mousemove", "timestamp": "1694038119197", "position": {"x": 99, "y": 3}}, {"event_name": "mousemove", "timestamp": "1694038119214", "position": {"x": 105, "y": 3}}, {"event_name": "mousemove", "timestamp": "1694038119232", "position": {"x": 112, "y": 4}}, {"event_name": "mousemove", "timestamp": "1694038119250", "position": {"x": 118, "y": 5}}, {"event_name": "mousemove", "timestamp": "1694038119267", "position": {"x": 127, "y": 4}}, {"event_name": "mousemove", "timestamp": "1694038119284", "position": {"x": 136, "y": 4}}, {"event_name": "mousemove", "timestamp": "1694038119302", "position": {"x": 144, "y": 4}}, {"event_name": "mousemove", "timestamp": "1694038119320", "position": {"x": 150, "y": 4}}, {"event_name": "mousemove", "timestamp": "1694038119338", "position": {"x": 157, "y": 4}}, {"event_name": "mousemove", "timestamp": "1694038119355", "position": {"x": 163, "y": 5}}, {"event_name": "mousemove", "timestamp": "1694038119372", "position": {"x": 170, "y": 6}}, {"event_name": "mousemove", "timestamp": "1694038119390", "position": {"x": 178, "y": 7}}, {"event_name": "mouseout", "timestamp": "1694038119408", "position": {"x": 186, "y": 9}}, {"event_name": "mouseover", "timestamp": "1694038119408", "position": {"x": 186, "y": 9}}, {"event_name": "mousemove", "timestamp": "1694038119408", "position": {"x": 186, "y": 9}}, {"event_name": "mousemove", "timestamp": "1694038119426", "position": {"x": 195, "y": 12}}, {"event_name": "mousemove", "timestamp": "1694038119443", "position": {"x": 204, "y": 15}}, {"event_name": "mousemove", "timestamp": "1694038119460", "position": {"x": 212, "y": 18}}, {"event_name": "mousemove", "timestamp": "1694038119477", "position": {"x": 220, "y": 17}}, {"event_name": "mousemove", "timestamp": "1694038119496", "position": {"x": 228, "y": 17}}, {"event_name": "mousemove", "timestamp": "1694038119513", "position": {"x": 236, "y": 17}}, {"event_name": "mousemove", "timestamp": "1694038119530", "position": {"x": 244, "y": 17}}, {"event_name": "mousemove", "timestamp": "1694038119548", "position": {"x": 252, "y": 17}}, {"event_name": "mousemove", "timestamp": "1694038119565", "position": {"x": 260, "y": 18}}, {"event_name": "mousemove", "timestamp": "1694038119583", "position": {"x": 269, "y": 18}}, {"event_name": "mousemove", "timestamp": "1694038119602", "position": {"x": 279, "y": 18}}, {"event_name": "mousemove", "timestamp": "1694038119621", "position": {"x": 287, "y": 19}}, {"event_name": "mousemove", "timestamp": "1694038119639", "position": {"x": 296, "y": 18}}, {"event_name": "mousemove", "timestamp": "1694038119657", "position": {"x": 305, "y": 17}}, {"event_name": "mousemove", "timestamp": "1694038119674", "position": {"x": 314, "y": 17}}, {"event_name": "mousemove", "timestamp": "1694038119692", "position": {"x": 324, "y": 17}}, {"event_name": "mousemove", "timestamp": "1694038119710", "position": {"x": 335, "y": 17}}, {"event_name": "mousemove", "timestamp": "1694038119728", "position": {"x": 345, "y": 18}}, {"event_name": "mousemove", "timestamp": "1694038119745", "position": {"x": 356, "y": 18}}, {"event_name": "mouseout", "timestamp": "1694038119762", "position": {"x": 368, "y": 18}}, {"event_name": "mouseover", "timestamp": "1694038119762", "position": {"x": 368, "y": 18}}, {"event_name": "mousemove", "timestamp": "1694038119762", "position": {"x": 368, "y": 18}}, {"event_name": "mousemove", "timestamp": "1694038119780", "position": {"x": 378, "y": 18}}, {"event_name": "mousemove", "timestamp": "1694038119797", "position": {"x": 387, "y": 17}}, {"event_name": "mousemove", "timestamp": "1694038119815", "position": {"x": 397, "y": 17}}, {"event_name": "mousemove", "timestamp": "1694038119832", "position": {"x": 406, "y": 17}}, {"event_name": "mousemove", "timestamp": "1694038119850", "position": {"x": 415, "y": 18}}, {"event_name": "mousemove", "timestamp": "1694038119867", "position": {"x": 425, "y": 19}}, {"event_name": "mousemove", "timestamp": "1694038119885", "position": {"x": 434, "y": 20}}, {"event_name": "mousemove", "timestamp": "1694038119902", "position": {"x": 444, "y": 18}}, {"event_name": "mousemove", "timestamp": "1694038119920", "position": {"x": 453, "y": 16}}, {"event_name": "mouseout", "timestamp": "1694038119937", "position": {"x": 462, "y": 15}}, {"event_name": "mouseover", "timestamp": "1694038119937", "position": {"x": 462, "y": 15}}, {"event_name": "mousemove", "timestamp": "1694038119937", "position": {"x": 462, "y": 15}}, {"event_name": "mousemove", "timestamp": "1694038119955", "position": {"x": 473, "y": 13}}, {"event_name": "mousemove", "timestamp": "1694038119973", "position": {"x": 486, "y": 11}}, {"event_name": "mousemove", "timestamp": "1694038119990", "position": {"x": 497, "y": 10}}, {"event_name": "mousemove", "timestamp": "1694038120007", "position": {"x": 508, "y": 11}}, {"event_name": "mousemove", "timestamp": "1694038120025", "position": {"x": 520, "y": 12}}, {"event_name": "mousemove", "timestamp": "1694038120043", "position": {"x": 530, "y": 13}}, {"event_name": "mousemove", "timestamp": "1694038120062", "position": {"x": 541, "y": 10}}, {"event_name": "mousemove", "timestamp": "1694038120081", "position": {"x": 554, "y": 8}}, {"event_name": "mouseout", "timestamp": "1694038120099", "position": {"x": 564, "y": 7}}, {"event_name": "mouseover", "timestamp": "1694038120100", "position": {"x": 564, "y": 7}}, {"event_name": "mousemove", "timestamp": "1694038120100", "position": {"x": 564, "y": 7}}, {"event_name": "mousemove", "timestamp": "1694038120118", "position": {"x": 576, "y": 7}}, {"event_name": "mouseout", "timestamp": "1694038120137", "position": {"x": 589, "y": 8}}, {"event_name": "mouseover", "timestamp": "1694038120137", "position": {"x": 589, "y": 8}}, {"event_name": "mousemove", "timestamp": "1694038120138", "position": {"x": 589, "y": 8}}, {"event_name": "mousemove", "timestamp": "1694038120155", "position": {"x": 601, "y": 9}}, {"event_name": "mousemove", "timestamp": "1694038120173", "position": {"x": 615, "y": 9}}, {"event_name": "mousemove", "timestamp": "1694038120191", "position": {"x": 631, "y": 10}}, {"event_name": "mousemove", "timestamp": "1694038120208", "position": {"x": 644, "y": 11}}, {"event_name": "mousemove", "timestamp": "1694038120226", "position": {"x": 655, "y": 8}}, {"event_name": "mouseout", "timestamp": "1694038120243", "position": {"x": 667, "y": 6}}, {"event_name": "mouseover", "timestamp": "1694038120243", "position": {"x": 667, "y": 6}}, {"event_name": "mousemove", "timestamp": "1694038120243", "position": {"x": 667, "y": 6}}, {"event_name": "mousemove", "timestamp": "1694038120261", "position": {"x": 678, "y": 5}}, {"event_name": "mousemove", "timestamp": "1694038120278", "position": {"x": 692, "y": 4}}, {"event_name": "mousemove", "timestamp": "1694038120295", "position": {"x": 705, "y": 3}}, {"event_name": "mousemove", "timestamp": "1694038120314", "position": {"x": 717, "y": 3}}, {"event_name": "mousemove", "timestamp": "1694038120331", "position": {"x": 729, "y": 2}}, {"event_name": "mousemove", "timestamp": "1694038120350", "position": {"x": 743, "y": 2}}, {"event_name": "mousemove", "timestamp": "1694038120368", "position": {"x": 755, "y": 2}}, {"event_name": "mousemove", "timestamp": "1694038120386", "position": {"x": 778, "y": 3}}, {"event_name": "mousemove", "timestamp": "1694038120404", "position": {"x": 803, "y": 4}}, {"event_name": "mousemove", "timestamp": "1694038120421", "position": {"x": 824, "y": 6}}, {"event_name": "mousemove", "timestamp": "1694038120439", "position": {"x": 834, "y": 7}}, {"event_name": "mouseout", "timestamp": "1694038120456", "position": {"x": 846, "y": 9}}, {"event_name": "mouseover", "timestamp": "1694038120456", "position": {"x": 846, "y": 9}}, {"event_name": "mousemove", "timestamp": "1694038120457", "position": {"x": 846, "y": 9}}, {"event_name": "mouseout", "timestamp": "1694038120474", "position": {"x": 856, "y": 11}}, {"event_name": "mouseover", "timestamp": "1694038120474", "position": {"x": 856, "y": 11}}, {"event_name": "mousemove", "timestamp": "1694038120475", "position": {"x": 856, "y": 11}}, {"event_name": "mousemove", "timestamp": "1694038120492", "position": {"x": 869, "y": 13}}, {"event_name": "mousemove", "timestamp": "1694038120509", "position": {"x": 883, "y": 15}}, {"event_name": "mousemove", "timestamp": "1694038120528", "position": {"x": 895, "y": 18}}, {"event_name": "mousemove", "timestamp": "1694038120546", "position": {"x": 909, "y": 18}}, {"event_name": "mousemove", "timestamp": "1694038120565", "position": {"x": 925, "y": 19}}, {"event_name": "mousemove", "timestamp": "1694038120583", "position": {"x": 939, "y": 20}}, {"event_name": "mousemove", "timestamp": "1694038120601", "position": {"x": 947, "y": 19}}, {"event_name": "mousemove", "timestamp": "1694038120619", "position": {"x": 956, "y": 19}}, {"event_name": "mouseout", "timestamp": "1694038120637", "position": {"x": 964, "y": 19}}, {"event_name": "mouseover", "timestamp": "1694038120637", "position": {"x": 964, "y": 19}}, {"event_name": "mousemove", "timestamp": "1694038120638", "position": {"x": 964, "y": 19}}, {"event_name": "mousemove", "timestamp": "1694038120658", "position": {"x": 974, "y": 23}}, {"event_name": "mousemove", "timestamp": "1694038120675", "position": {"x": 984, "y": 26}}, {"event_name": "mousemove", "timestamp": "1694038120692", "position": {"x": 992, "y": 30}}, {"event_name": "mousemove", "timestamp": "1694038120710", "position": {"x": 1000, "y": 28}}, {"event_name": "mousemove", "timestamp": "1694038120730", "position": {"x": 1010, "y": 27}}, {"event_name": "mousemove", "timestamp": "1694038120749", "position": {"x": 1017, "y": 27}}, {"event_name": "mousemove", "timestamp": "1694038120767", "position": {"x": 1026, "y": 27}}, {"event_name": "mousemove", "timestamp": "1694038120785", "position": {"x": 1035, "y": 27}}, {"event_name": "mousemove", "timestamp": "1694038120803", "position": {"x": 1043, "y": 28}}, {"event_name": "mousemove", "timestamp": "1694038120821", "position": {"x": 1050, "y": 29}}, {"event_name": "mousemove", "timestamp": "1694038120838", "position": {"x": 1057, "y": 31}}, {"event_name": "mouseout", "timestamp": "1694038120855", "position": {"x": 1064, "y": 33}}, {"event_name": "mouseover", "timestamp": "1694038120856", "position": {"x": 1064, "y": 33}}, {"event_name": "mousemove", "timestamp": "1694038120856", "position": {"x": 1064, "y": 33}}, {"event_name": "mousemove", "timestamp": "1694038120874", "position": {"x": 1068, "y": 31}}, {"event_name": "mousemove", "timestamp": "1694038120892", "position": {"x": 1072, "y": 29}}, {"event_name": "mousemove", "timestamp": "1694038120911", "position": {"x": 1076, "y": 28}}, {"event_name": "mousemove", "timestamp": "1694038120931", "position": {"x": 1082, "y": 30}}, {"event_name": "mousemove", "timestamp": "1694038120950", "position": {"x": 1088, "y": 32}}, {"event_name": "mousemove", "timestamp": "1694038120968", "position": {"x": 1093, "y": 34}}, {"event_name": "mousemove", "timestamp": "1694038120986", "position": {"x": 1096, "y": 32}}, {"event_name": "mousemove", "timestamp": "1694038121005", "position": {"x": 1100, "y": 31}}, {"event_name": "mousemove", "timestamp": "1694038121024", "position": {"x": 1104, "y": 30}}, {"event_name": "mousemove", "timestamp": "1694038121042", "position": {"x": 1106, "y": 29}}, {"event_name": "mousemove", "timestamp": "1694038121062", "position": {"x": 1109, "y": 29}}, {"event_name": "mousemove", "timestamp": "1694038121080", "position": {"x": 1111, "y": 29}}, {"event_name": "mousemove", "timestamp": "1694038121099", "position": {"x": 1113, "y": 28}}, {"event_name": "mousemove", "timestamp": "1694038121117", "position": {"x": 1116, "y": 27}}, {"event_name": "mousemove", "timestamp": "1694038121135", "position": {"x": 1119, "y": 27}}, {"event_name": "mousemove", "timestamp": "1694038121154", "position": {"x": 1120, "y": 25}}, {"event_name": "mousemove", "timestamp": "1694038121173", "position": {"x": 1122, "y": 24}}, {"event_name": "mousemove", "timestamp": "1694038121192", "position": {"x": 1124, "y": 24}}, {"event_name": "mousemove", "timestamp": "1694038121211", "position": {"x": 1126, "y": 24}}, {"event_name": "mousemove", "timestamp": "1694038121229", "position": {"x": 1128, "y": 24}}, {"event_name": "mousemove", "timestamp": "1694038121247", "position": {"x": 1130, "y": 24}}, {"event_name": "mousemove", "timestamp": "1694038121281", "position": {"x": 1131, "y": 25}}, {"event_name": "mousemove", "timestamp": "1694038121298", "position": {"x": 1132, "y": 26}}, {"event_name": "mousedown", "timestamp": "1694038121583", "position": {"x": 1132, "y": 26}}, {"event_name": "mouseup", "timestamp": "1694038121693", "position": {"x": 1132, "y": 26}}, {"event_name": "click", "timestamp": "1694038121693", "position": {"x": 1132, "y": 26}}, {"event_name": "beforeunload", "timestamp": "1694038121695", "position": {"x": 0, "y": 0}}, {"event_name": "load", "timestamp": "1694038125058", "position": {"x": 0, "y": 0}}, {"event_name": "pageshow", "timestamp": "1694038125058", "position": {"x": 0, "y": 0}}, {"event_name": "scroll", "timestamp": "1694038127853", "position": {"x": 0, "y": 0}}, {"event_name": "mouseover", "timestamp": "1694038128533", "position": {"x": 1, "y": 517}}, {"event_name": "mousemove", "timestamp": "1694038128533", "position": {"x": 1, "y": 517}}, {"event_name": "mousemove", "timestamp": "1694038128554", "position": {"x": 3, "y": 523}}, {"event_name": "mousemove", "timestamp": "1694038128572", "position": {"x": 4, "y": 526}}, {"event_name": "mousemove", "timestamp": "1694038128590", "position": {"x": 5, "y": 528}}, {"event_name": "mousemove", "timestamp": "1694038128608", "position": {"x": 6, "y": 530}}, {"event_name": "mousemove", "timestamp": "1694038128625", "position": {"x": 7, "y": 532}}, {"event_name": "mousemove", "timestamp": "1694038128643", "position": {"x": 8, "y": 536}}, {"event_name": "mousemove", "timestamp": "1694038128661", "position": {"x": 9, "y": 540}}, {"event_name": "mousemove", "timestamp": "1694038128678", "position": {"x": 11, "y": 544}}, {"event_name": "mousemove", "timestamp": "1694038128697", "position": {"x": 12, "y": 548}}, {"event_name": "mousemove", "timestamp": "1694038128714", "position": {"x": 13, "y": 552}}, {"event_name": "mousemove", "timestamp": "1694038128732", "position": {"x": 15, "y": 556}}, {"event_name": "mousemove", "timestamp": "1694038128749", "position": {"x": 17, "y": 560}}, {"event_name": "mousemove", "timestamp": "1694038128767", "position": {"x": 20, "y": 565}}, {"event_name": "mousemove", "timestamp": "1694038128784", "position": {"x": 23, "y": 569}}, {"event_name": "mouseout", "timestamp": "1694038128802", "position": {"x": 25, "y": 574}}, {"event_name": "mouseover", "timestamp": "1694038128803", "position": {"x": 25, "y": 574}}, {"event_name": "mousemove", "timestamp": "1694038128803", "position": {"x": 25, "y": 574}}, {"event_name": "mousemove", "timestamp": "1694038128821", "position": {"x": 27, "y": 579}}, {"event_name": "mousemove", "timestamp": "1694038128838", "position": {"x": 29, "y": 584}}, {"event_name": "mousemove", "timestamp": "1694038128855", "position": {"x": 29, "y": 589}}, {"event_name": "mousemove", "timestamp": "1694038128873", "position": {"x": 29, "y": 594}}, {"event_name": "mousemove", "timestamp": "1694038128890", "position": {"x": 29, "y": 599}}, {"event_name": "mousemove", "timestamp": "1694038128908", "position": {"x": 29, "y": 605}}, {"event_name": "mousemove", "timestamp": "1694038128926", "position": {"x": 29, "y": 610}}, {"event_name": "mousemove", "timestamp": "1694038128944", "position": {"x": 30, "y": 616}}, {"event_name": "mousemove", "timestamp": "1694038128962", "position": {"x": 32, "y": 621}}, {"event_name": "mousemove", "timestamp": "1694038128979", "position": {"x": 34, "y": 626}}, {"event_name": "mousemove", "timestamp": "1694038128997", "position": {"x": 37, "y": 631}}, {"event_name": "mousemove", "timestamp": "1694038129015", "position": {"x": 38, "y": 635}}, {"event_name": "mousemove", "timestamp": "1694038129032", "position": {"x": 39, "y": 639}}, {"event_name": "mousemove", "timestamp": "1694038129049", "position": {"x": 41, "y": 644}}, {"event_name": "mousemove", "timestamp": "1694038129068", "position": {"x": 41, "y": 648}}, {"event_name": "mousemove", "timestamp": "1694038129086", "position": {"x": 42, "y": 652}}, {"event_name": "mousemove", "timestamp": "1694038129103", "position": {"x": 43, "y": 656}}, {"event_name": "mousemove", "timestamp": "1694038129121", "position": {"x": 44, "y": 661}}, {"event_name": "mousemove", "timestamp": "1694038129139", "position": {"x": 45, "y": 666}}, {"event_name": "mousemove", "timestamp": "1694038129156", "position": {"x": 47, "y": 671}}, {"event_name": "mousemove", "timestamp": "1694038129174", "position": {"x": 49, "y": 675}}, {"event_name": "mousemove", "timestamp": "1694038129192", "position": {"x": 51, "y": 680}}, {"event_name": "mousemove", "timestamp": "1694038129210", "position": {"x": 53, "y": 684}}, {"event_name": "mousemove", "timestamp": "1694038129228", "position": {"x": 54, "y": 690}}, {"event_name": "mousemove", "timestamp": "1694038129245", "position": {"x": 55, "y": 696}}, {"event_name": "mousemove", "timestamp": "1694038129263", "position": {"x": 56, "y": 702}}, {"event_name": "mousemove", "timestamp": "1694038129281", "position": {"x": 57, "y": 708}}, {"event_name": "mousemove", "timestamp": "1694038129299", "position": {"x": 59, "y": 715}}, {"event_name": "mousemove", "timestamp": "1694038129316", "position": {"x": 61, "y": 721}}, {"event_name": "mousemove", "timestamp": "1694038129334", "position": {"x": 63, "y": 727}}, {"event_name": "mousemove", "timestamp": "1694038129361", "position": {"x": 67, "y": 737}}, {"event_name": "mousemove", "timestamp": "1694038129379", "position": {"x": 68, "y": 740}}, {"event_name": "mouseout", "timestamp": "1694038129397", "position": {"x": 70, "y": 746}}, {"event_name": "mouseover", "timestamp": "1694038129397", "position": {"x": 70, "y": 746}}, {"event_name": "mousemove", "timestamp": "1694038129397", "position": {"x": 70, "y": 746}}, {"event_name": "mousemove", "timestamp": "1694038129414", "position": {"x": 72, "y": 754}}, {"event_name": "mousemove", "timestamp": "1694038129432", "position": {"x": 75, "y": 760}}, {"event_name": "mousemove", "timestamp": "1694038129449", "position": {"x": 76, "y": 770}}, {"event_name": "mousemove", "timestamp": "1694038129467", "position": {"x": 78, "y": 779}}, {"event_name": "mousemove", "timestamp": "1694038129484", "position": {"x": 80, "y": 788}}, {"event_name": "mousemove", "timestamp": "1694038129502", "position": {"x": 81, "y": 795}}, {"event_name": "mousemove", "timestamp": "1694038129520", "position": {"x": 82, "y": 802}}, {"event_name": "mousemove", "timestamp": "1694038129537", "position": {"x": 84, "y": 809}}, {"event_name": "mouseout", "timestamp": "1694038129556", "position": {"x": 85, "y": 816}}, {"event_name": "mouseover", "timestamp": "1694038129556", "position": {"x": 85, "y": 816}}, {"event_name": "mousemove", "timestamp": "1694038129557", "position": {"x": 85, "y": 816}}, {"event_name": "mousemove", "timestamp": "1694038129575", "position": {"x": 86, "y": 823}}, {"event_name": "mousemove", "timestamp": "1694038129592", "position": {"x": 87, "y": 829}}, {"event_name": "mousemove", "timestamp": "1694038129610", "position": {"x": 89, "y": 836}}, {"event_name": "mousemove", "timestamp": "1694038129628", "position": {"x": 91, "y": 843}}, {"event_name": "mousemove", "timestamp": "1694038129645", "position": {"x": 93, "y": 850}}, {"event_name": "mousemove", "timestamp": "1694038129662", "position": {"x": 94, "y": 855}}, {"event_name": "mousemove", "timestamp": "1694038129681", "position": {"x": 95, "y": 860}}, {"event_name": "mousemove", "timestamp": "1694038129698", "position": {"x": 96, "y": 866}}, {"event_name": "mousemove", "timestamp": "1694038129716", "position": {"x": 96, "y": 872}}, {"event_name": "mousemove", "timestamp": "1694038129733", "position": {"x": 97, "y": 878}}, {"event_name": "mousemove", "timestamp": "1694038129751", "position": {"x": 98, "y": 884}}, {"event_name": "mousemove", "timestamp": "1694038129768", "position": {"x": 99, "y": 889}}, {"event_name": "mouseout", "timestamp": "1694038129786", "position": {"x": 100, "y": 893}}, {"event_name": "mouseover", "timestamp": "1694038129786", "position": {"x": 100, "y": 893}}, {"event_name": "mousemove", "timestamp": "1694038129786", "position": {"x": 100, "y": 893}}, {"event_name": "mousemove", "timestamp": "1694038129803", "position": {"x": 102, "y": 898}}, {"event_name": "mousemove", "timestamp": "1694038129821", "position": {"x": 101, "y": 903}}, {"event_name": "mousemove", "timestamp": "1694038129838", "position": {"x": 100, "y": 908}}, {"event_name": "mouseout", "timestamp": "1694038129856", "position": {"x": 100, "y": 913}}, {"event_name": "mouseover", "timestamp": "1694038129856", "position": {"x": 100, "y": 913}}, {"event_name": "mousemove", "timestamp": "1694038129858", "position": {"x": 100, "y": 913}}, {"event_name": "mousemove", "timestamp": "1694038129875", "position": {"x": 100, "y": 915}}, {"event_name": "mousemove", "timestamp": "1694038129892", "position": {"x": 101, "y": 917}}, {"event_name": "mousemove", "timestamp": "1694038129910", "position": {"x": 102, "y": 920}}, {"event_name": "mousedown", "timestamp": "1694038130345", "position": {"x": 102, "y": 920}}, {"event_name": "mouseup", "timestamp": "1694038130473", "position": {"x": 102, "y": 920}}, {"event_name": "click", "timestamp": "1694038130473", "position": {"x": 102, "y": 920}}, {"event_name": "beforeunload", "timestamp": "1694038130478", "position": {"x": 0, "y": 0}}, {"event_name": "load", "timestamp": "1694038130870", "position": {"x": 0, "y": 0}}, {"event_name": "pageshow", "timestamp": "1694038130870", "position": {"x": 0, "y": 0}}, {"event_name": "beforeunload", "timestamp": "1694038132547", "position": {"x": 0, "y": 0}}, {"event_name": "load", "timestamp": "1694038132671", "position": {"x": 0, "y": 0}}, {"event_name": "pageshow", "timestamp": "1694038132672", "position": {"x": 0, "y": 0}}, {"event_name": "scroll", "timestamp": "1694038133854", "position": {"x": 0, "y": 0}}, {"event_name": "scroll", "timestamp": "1694038134299", "position": {"x": 0, "y": 0}}, {"event_name": "scroll", "timestamp": "1694038136853", "position": {"x": 0, "y": 0}}, {"event_name": "mouseover", "timestamp": "1694038137568", "position": {"x": 1, "y": 1541}}, {"event_name": "mousemove", "timestamp": "1694038137568", "position": {"x": 1, "y": 1541}}, {"event_name": "mousemove", "timestamp": "1694038137586", "position": {"x": 3, "y": 1544}}, {"event_name": "mousemove", "timestamp": "1694038137604", "position": {"x": 5, "y": 1547}}, {"event_name": "mousemove", "timestamp": "1694038137623", "position": {"x": 6, "y": 1550}}, {"event_name": "mousemove", "timestamp": "1694038137642", "position": {"x": 7, "y": 1554}}, {"event_name": "mousemove", "timestamp": "1694038137661", "position": {"x": 9, "y": 1558}}, {"event_name": "mousemove", "timestamp": "1694038137680", "position": {"x": 10, "y": 1561}}, {"event_name": "mousemove", "timestamp": "1694038137698", "position": {"x": 12, "y": 1564}}, {"event_name": "mousemove", "timestamp": "1694038137719", "position": {"x": 14, "y": 1567}}, {"event_name": "mousemove", "timestamp": "1694038137739", "position": {"x": 16, "y": 1569}}, {"event_name": "mousemove", "timestamp": "1694038137758", "position": {"x": 18, "y": 1572}}, {"event_name": "mousemove", "timestamp": "1694038137776", "position": {"x": 20, "y": 1575}}, {"event_name": "mousemove", "timestamp": "1694038137795", "position": {"x": 20, "y": 1578}}, {"event_name": "mousemove", "timestamp": "1694038137813", "position": {"x": 21, "y": 1581}}, {"event_name": "mousemove", "timestamp": "1694038137830", "position": {"x": 22, "y": 1584}}, {"event_name": "mousemove", "timestamp": "1694038137849", "position": {"x": 23, "y": 1588}}, {"event_name": "mousemove", "timestamp": "1694038137868", "position": {"x": 25, "y": 1593}}, {"event_name": "mouseout", "timestamp": "1694038137886", "position": {"x": 27, "y": 1597}}, {"event_name": "mouseover", "timestamp": "1694038137886", "position": {"x": 27, "y": 1597}}, {"event_name": "mousemove", "timestamp": "1694038137886", "position": {"x": 27, "y": 1597}}, {"event_name": "mousemove", "timestamp": "1694038137905", "position": {"x": 26, "y": 1601}}, {"event_name": "mousemove", "timestamp": "1694038137924", "position": {"x": 26, "y": 1605}}, {"event_name": "mousemove", "timestamp": "1694038137942", "position": {"x": 26, "y": 1609}}, {"event_name": "mousemove", "timestamp": "1694038137961", "position": {"x": 27, "y": 1614}}, {"event_name": "mousemove", "timestamp": "1694038137979", "position": {"x": 29, "y": 1620}}, {"event_name": "mousemove", "timestamp": "1694038137998", "position": {"x": 31, "y": 1625}}, {"event_name": "mousemove", "timestamp": "1694038138016", "position": {"x": 33, "y": 1630}}, {"event_name": "mousemove", "timestamp": "1694038138034", "position": {"x": 36, "y": 1635}}, {"event_name": "mousemove", "timestamp": "1694038138053", "position": {"x": 38, "y": 1640}}, {"event_name": "mousemove", "timestamp": "1694038138071", "position": {"x": 40, "y": 1645}}, {"event_name": "mousemove", "timestamp": "1694038138088", "position": {"x": 43, "y": 1650}}, {"event_name": "mousemove", "timestamp": "1694038138107", "position": {"x": 46, "y": 1655}}, {"event_name": "mousemove", "timestamp": "1694038138126", "position": {"x": 48, "y": 1659}}, {"event_name": "mousemove", "timestamp": "1694038138143", "position": {"x": 50, "y": 1664}}, {"event_name": "mousemove", "timestamp": "1694038138161", "position": {"x": 53, "y": 1669}}, {"event_name": "mousemove", "timestamp": "1694038138179", "position": {"x": 54, "y": 1674}}, {"event_name": "mousemove", "timestamp": "1694038138196", "position": {"x": 55, "y": 1680}}, {"event_name": "mousemove", "timestamp": "1694038138214", "position": {"x": 56, "y": 1686}}, {"event_name": "mousemove", "timestamp": "1694038138231", "position": {"x": 58, "y": 1691}}, {"event_name": "mousemove", "timestamp": "1694038138249", "position": {"x": 60, "y": 1696}}, {"event_name": "mousemove", "timestamp": "1694038138268", "position": {"x": 62, "y": 1701}}, {"event_name": "mousemove", "timestamp": "1694038138286", "position": {"x": 64, "y": 1706}}, {"event_name": "mousemove", "timestamp": "1694038138305", "position": {"x": 67, "y": 1711}}, {"event_name": "mousemove", "timestamp": "1694038138323", "position": {"x": 69, "y": 1716}}, {"event_name": "mouseout", "timestamp": "1694038138342", "position": {"x": 70, "y": 1722}}, {"event_name": "mouseover", "timestamp": "1694038138342", "position": {"x": 70, "y": 1722}}, {"event_name": "mousemove", "timestamp": "1694038138342", "position": {"x": 70, "y": 1722}}, {"event_name": "mousemove", "timestamp": "1694038138360", "position": {"x": 71, "y": 1729}}, {"event_name": "mousemove", "timestamp": "1694038138379", "position": {"x": 73, "y": 1734}}, {"event_name": "mousemove", "timestamp": "1694038138398", "position": {"x": 74, "y": 1741}}, {"event_name": "mousemove", "timestamp": "1694038138416", "position": {"x": 75, "y": 1748}}, {"event_name": "mousemove", "timestamp": "1694038138434", "position": {"x": 76, "y": 1754}}, {"event_name": "mousemove", "timestamp": "1694038138451", "position": {"x": 78, "y": 1760}}, {"event_name": "mousemove", "timestamp": "1694038138470", "position": {"x": 80, "y": 1766}}, {"event_name": "mousemove", "timestamp": "1694038138487", "position": {"x": 82, "y": 1772}}, {"event_name": "mousemove", "timestamp": "1694038138505", "position": {"x": 83, "y": 1780}}, {"event_name": "mousemove", "timestamp": "1694038138522", "position": {"x": 84, "y": 1788}}, {"event_name": "mouseout", "timestamp": "1694038138540", "position": {"x": 86, "y": 1796}}, {"event_name": "mouseover", "timestamp": "1694038138541", "position": {"x": 86, "y": 1796}}, {"event_name": "mousemove", "timestamp": "1694038138541", "position": {"x": 86, "y": 1796}}, {"event_name": "mousemove", "timestamp": "1694038138559", "position": {"x": 89, "y": 1806}}, {"event_name": "mousemove", "timestamp": "1694038138577", "position": {"x": 92, "y": 1817}}, {"event_name": "mousemove", "timestamp": "1694038138594", "position": {"x": 95, "y": 1826}}, {"event_name": "mousemove", "timestamp": "1694038138612", "position": {"x": 97, "y": 1834}}, {"event_name": "mousemove", "timestamp": "1694038138630", "position": {"x": 100, "y": 1844}}, {"event_name": "mousemove", "timestamp": "1694038138648", "position": {"x": 103, "y": 1852}}, {"event_name": "mousemove", "timestamp": "1694038138666", "position": {"x": 103, "y": 1861}}, {"event_name": "mousemove", "timestamp": "1694038138685", "position": {"x": 104, "y": 1872}}, {"event_name": "mousemove", "timestamp": "1694038138702", "position": {"x": 105, "y": 1881}}, {"event_name": "mousemove", "timestamp": "1694038138721", "position": {"x": 105, "y": 1887}}, {"event_name": "mousemove", "timestamp": "1694038138739", "position": {"x": 105, "y": 1892}}, {"event_name": "mousemove", "timestamp": "1694038138756", "position": {"x": 106, "y": 1898}}, {"event_name": "mousemove", "timestamp": "1694038138774", "position": {"x": 106, "y": 1902}}, {"event_name": "mousemove", "timestamp": "1694038138791", "position": {"x": 106, "y": 1906}}, {"event_name": "mousemove", "timestamp": "1694038138809", "position": {"x": 106, "y": 1910}}, {"event_name": "mousemove", "timestamp": "1694038138826", "position": {"x": 108, "y": 1915}}, {"event_name": "mouseout", "timestamp": "1694038138844", "position": {"x": 110, "y": 1920}}, {"event_name": "mouseover", "timestamp": "1694038138844", "position": {"x": 110, "y": 1920}}, {"event_name": "mousemove", "timestamp": "1694038138844", "position": {"x": 110, "y": 1920}}, {"event_name": "mousemove", "timestamp": "1694038138862", "position": {"x": 112, "y": 1925}}, {"event_name": "mousemove", "timestamp": "1694038138880", "position": {"x": 112, "y": 1928}}, {"event_name": "mouseout", "timestamp": "1694038138899", "position": {"x": 112, "y": 1932}}, {"event_name": "mouseover", "timestamp": "1694038138899", "position": {"x": 112, "y": 1932}}, {"event_name": "mousemove", "timestamp": "1694038138899", "position": {"x": 112, "y": 1932}}, {"event_name": "mousemove", "timestamp": "1694038138918", "position": {"x": 113, "y": 1935}}, {"event_name": "mousemove", "timestamp": "1694038138936", "position": {"x": 113, "y": 1939}}, {"event_name": "mousemove", "timestamp": "1694038138954", "position": {"x": 113, "y": 1943}}, {"event_name": "mousemove", "timestamp": "1694038138973", "position": {"x": 114, "y": 1947}}, {"event_name": "mouseout", "timestamp": "1694038138992", "position": {"x": 114, "y": 1949}}, {"event_name": "mouseover", "timestamp": "1694038138993", "position": {"x": 114, "y": 1949}}, {"event_name": "mousemove", "timestamp": "1694038138994", "position": {"x": 114, "y": 1949}}, {"event_name": "mousemove", "timestamp": "1694038139013", "position": {"x": 114, "y": 1952}}, {"event_name": "mousemove", "timestamp": "1694038139031", "position": {"x": 115, "y": 1955}}, {"event_name": "mousedown", "timestamp": "1694038139268", "position": {"x": 115, "y": 1955}}, {"event_name": "mouseup", "timestamp": "1694038139387", "position": {"x": 115, "y": 1955}}, {"event_name": "click", "timestamp": "1694038139387", "position": {"x": 115, "y": 1955}}, {"event_name": "beforeunload", "timestamp": "1694038139390", "position": {"x": 0, "y": 0}}, {"event_name": "focus", "timestamp": "1694038141599", "position": {"x": 0, "y": 0}}, {"event_name": "load", "timestamp": "1694038141601", "position": {"x": 0, "y": 0}}, {"event_name": "pageshow", "timestamp": "1694038141601", "position": {"x": 0, "y": 0}}, {"event_name": "scroll", "timestamp": "1694038142852", "position": {"x": 0, "y": 0}}, {"event_name": "scroll", "timestamp": "1694038142921", "position": {"x": 0, "y": 0}}, {"event_name": "scroll", "timestamp": "1694038145853", "position": {"x": 0, "y": 0}}, {"event_name": "mouseover", "timestamp": "1694038148876", "position": {"x": 1, "y": 2036}}, {"event_name": "mousemove", "timestamp": "1694038148876", "position": {"x": 1, "y": 2036}}, {"event_name": "mousemove", "timestamp": "1694038148894", "position": {"x": 3, "y": 2041}}, {"event_name": "mousemove", "timestamp": "1694038148911", "position": {"x": 4, "y": 2044}}, {"event_name": "mousemove", "timestamp": "1694038148929", "position": {"x": 5, "y": 2048}}, {"event_name": "mousemove", "timestamp": "1694038148947", "position": {"x": 6, "y": 2052}}, {"event_name": "mousemove", "timestamp": "1694038148966", "position": {"x": 8, "y": 2056}}, {"event_name": "mousemove", "timestamp": "1694038148985", "position": {"x": 8, "y": 2060}}, {"event_name": "mousemove", "timestamp": "1694038149002", "position": {"x": 8, "y": 2065}}, {"event_name": "mousemove", "timestamp": "1694038149020", "position": {"x": 9, "y": 2069}}, {"event_name": "mousemove", "timestamp": "1694038149037", "position": {"x": 9, "y": 2073}}, {"event_name": "mousemove", "timestamp": "1694038149055", "position": {"x": 9, "y": 2077}}, {"event_name": "mousemove", "timestamp": "1694038149072", "position": {"x": 9, "y": 2082}}, {"event_name": "mousemove", "timestamp": "1694038149090", "position": {"x": 9, "y": 2084}}, {"event_name": "mousemove", "timestamp": "1694038149107", "position": {"x": 9, "y": 2087}}, {"event_name": "mouseout", "timestamp": "1694038149125", "position": {"x": 10, "y": 2090}}, {"event_name": "mouseover", "timestamp": "1694038149125", "position": {"x": 10, "y": 2090}}, {"event_name": "mousemove", "timestamp": "1694038149125", "position": {"x": 10, "y": 2090}}, {"event_name": "mousemove", "timestamp": "1694038149143", "position": {"x": 10, "y": 2095}}, {"event_name": "mousemove", "timestamp": "1694038149160", "position": {"x": 10, "y": 2101}}, {"event_name": "mousemove", "timestamp": "1694038149179", "position": {"x": 11, "y": 2106}}, {"event_name": "mousemove", "timestamp": "1694038149197", "position": {"x": 10, "y": 2110}}, {"event_name": "mousemove", "timestamp": "1694038149215", "position": {"x": 10, "y": 2116}}, {"event_name": "mousemove", "timestamp": "1694038149234", "position": {"x": 10, "y": 2120}}, {"event_name": "mousemove", "timestamp": "1694038149252", "position": {"x": 11, "y": 2124}}, {"event_name": "mousemove", "timestamp": "1694038149270", "position": {"x": 12, "y": 2129}}, {"event_name": "mousemove", "timestamp": "1694038149289", "position": {"x": 14, "y": 2133}}, {"event_name": "mousemove", "timestamp": "1694038149308", "position": {"x": 15, "y": 2137}}, {"event_name": "mousemove", "timestamp": "1694038149327", "position": {"x": 17, "y": 2143}}, {"event_name": "mousemove", "timestamp": "1694038149346", "position": {"x": 19, "y": 2147}}, {"event_name": "mousemove", "timestamp": "1694038149364", "position": {"x": 21, "y": 2152}}, {"event_name": "mousemove", "timestamp": "1694038149383", "position": {"x": 24, "y": 2158}}, {"event_name": "mousemove", "timestamp": "1694038149402", "position": {"x": 26, "y": 2163}}, {"event_name": "mousemove", "timestamp": "1694038149421", "position": {"x": 28, "y": 2168}}, {"event_name": "mousemove", "timestamp": "1694038149439", "position": {"x": 31, "y": 2173}}, {"event_name": "mousemove", "timestamp": "1694038149458", "position": {"x": 34, "y": 2178}}, {"event_name": "mousemove", "timestamp": "1694038149477", "position": {"x": 35, "y": 2182}}, {"event_name": "mousemove", "timestamp": "1694038149495", "position": {"x": 36, "y": 2188}}, {"event_name": "mousemove", "timestamp": "1694038149514", "position": {"x": 37, "y": 2192}}, {"event_name": "mousemove", "timestamp": "1694038149532", "position": {"x": 38, "y": 2197}}, {"event_name": "mousemove", "timestamp": "1694038149551", "position": {"x": 39, "y": 2204}}, {"event_name": "mousemove", "timestamp": "1694038149570", "position": {"x": 41, "y": 2209}}, {"event_name": "mousemove", "timestamp": "1694038149588", "position": {"x": 42, "y": 2214}}, {"event_name": "mousemove", "timestamp": "1694038149606", "position": {"x": 43, "y": 2220}}, {"event_name": "mousemove", "timestamp": "1694038149625", "position": {"x": 45, "y": 2226}}, {"event_name": "mousemove", "timestamp": "1694038149644", "position": {"x": 46, "y": 2231}}, {"event_name": "mousemove", "timestamp": "1694038149663", "position": {"x": 48, "y": 2237}}, {"event_name": "mousemove", "timestamp": "1694038149681", "position": {"x": 50, "y": 2242}}, {"event_name": "mousemove", "timestamp": "1694038149700", "position": {"x": 51, "y": 2246}}, {"event_name": "mousemove", "timestamp": "1694038149718", "position": {"x": 52, "y": 2252}}, {"event_name": "mousemove", "timestamp": "1694038149736", "position": {"x": 53, "y": 2256}}, {"event_name": "mousemove", "timestamp": "1694038149755", "position": {"x": 55, "y": 2264}}, {"event_name": "mousemove", "timestamp": "1694038149772", "position": {"x": 57, "y": 2274}}, {"event_name": "mousemove", "timestamp": "1694038149790", "position": {"x": 59, "y": 2281}}, {"event_name": "mousemove", "timestamp": "1694038149808", "position": {"x": 59, "y": 2288}}, {"event_name": "mousemove", "timestamp": "1694038149827", "position": {"x": 60, "y": 2296}}, {"event_name": "mousemove", "timestamp": "1694038149844", "position": {"x": 61, "y": 2302}}, {"event_name": "mousemove", "timestamp": "1694038149864", "position": {"x": 60, "y": 2311}}, {"event_name": "mousemove", "timestamp": "1694038149882", "position": {"x": 59, "y": 2320}}, {"event_name": "mousemove", "timestamp": "1694038149899", "position": {"x": 59, "y": 2328}}, {"event_name": "mousemove", "timestamp": "1694038149917", "position": {"x": 61, "y": 2336}}, {"event_name": "mousemove", "timestamp": "1694038149934", "position": {"x": 63, "y": 2344}}, {"event_name": "mousemove", "timestamp": "1694038149952", "position": {"x": 66, "y": 2352}}, {"event_name": "mousemove", "timestamp": "1694038149969", "position": {"x": 68, "y": 2360}}, {"event_name": "mouseout", "timestamp": "1694038149987", "position": {"x": 70, "y": 2368}}, {"event_name": "mouseover", "timestamp": "1694038149987", "position": {"x": 70, "y": 2368}}, {"event_name": "mousemove", "timestamp": "1694038149987", "position": {"x": 70, "y": 2368}}, {"event_name": "mousemove", "timestamp": "1694038150004", "position": {"x": 72, "y": 2376}}, {"event_name": "mousemove", "timestamp": "1694038150022", "position": {"x": 73, "y": 2385}}, {"event_name": "mousemove", "timestamp": "1694038150040", "position": {"x": 74, "y": 2395}}, {"event_name": "mousemove", "timestamp": "1694038150058", "position": {"x": 76, "y": 2404}}, {"event_name": "mousemove", "timestamp": "1694038150076", "position": {"x": 79, "y": 2413}}, {"event_name": "mousemove", "timestamp": "1694038150094", "position": {"x": 82, "y": 2422}}, {"event_name": "mouseout", "timestamp": "1694038150118", "position": {"x": 85, "y": 2429}}, {"event_name": "mouseover", "timestamp": "1694038150119", "position": {"x": 85, "y": 2429}}, {"event_name": "mousemove", "timestamp": "1694038150120", "position": {"x": 85, "y": 2429}}, {"event_name": "mouseout", "timestamp": "1694038150139", "position": {"x": 86, "y": 2439}}, {"event_name": "mouseover", "timestamp": "1694038150140", "position": {"x": 86, "y": 2439}}, {"event_name": "mousemove", "timestamp": "1694038150140", "position": {"x": 86, "y": 2439}}, {"event_name": "mouseout", "timestamp": "1694038150158", "position": {"x": 88, "y": 2449}}, {"event_name": "mouseover", "timestamp": "1694038150160", "position": {"x": 88, "y": 2449}}, {"event_name": "mousemove", "timestamp": "1694038150160", "position": {"x": 88, "y": 2449}}, {"event_name": "mousemove", "timestamp": "1694038150179", "position": {"x": 90, "y": 2457}}, {"event_name": "mousemove", "timestamp": "1694038150198", "position": {"x": 91, "y": 2468}}, {"event_name": "mouseout", "timestamp": "1694038150217", "position": {"x": 93, "y": 2481}}, {"event_name": "mouseover", "timestamp": "1694038150218", "position": {"x": 93, "y": 2481}}, {"event_name": "mousemove", "timestamp": "1694038150218", "position": {"x": 93, "y": 2481}}, {"event_name": "mouseout", "timestamp": "1694038150237", "position": {"x": 95, "y": 2491}}, {"event_name": "mouseover", "timestamp": "1694038150237", "position": {"x": 95, "y": 2491}}, {"event_name": "mousemove", "timestamp": "1694038150238", "position": {"x": 95, "y": 2491}}, {"event_name": "mousemove", "timestamp": "1694038150257", "position": {"x": 96, "y": 2500}}, {"event_name": "mousemove", "timestamp": "1694038150276", "position": {"x": 97, "y": 2512}}, {"event_name": "mousemove", "timestamp": "1694038150297", "position": {"x": 98, "y": 2520}}, {"event_name": "mousemove", "timestamp": "1694038150318", "position": {"x": 98, "y": 2529}}, {"event_name": "mousemove", "timestamp": "1694038150337", "position": {"x": 98, "y": 2540}}, {"event_name": "mousemove", "timestamp": "1694038150357", "position": {"x": 99, "y": 2548}}, {"event_name": "mousemove", "timestamp": "1694038150376", "position": {"x": 98, "y": 2558}}, {"event_name": "mousemove", "timestamp": "1694038150395", "position": {"x": 97, "y": 2569}}, {"event_name": "mousemove", "timestamp": "1694038150414", "position": {"x": 97, "y": 2578}}, {"event_name": "mousemove", "timestamp": "1694038150433", "position": {"x": 97, "y": 2585}}, {"event_name": "mousemove", "timestamp": "1694038150452", "position": {"x": 98, "y": 2593}}, {"event_name": "mousemove", "timestamp": "1694038150469", "position": {"x": 99, "y": 2599}}, {"event_name": "mousemove", "timestamp": "1694038150487", "position": {"x": 100, "y": 2606}}, {"event_name": "mousemove", "timestamp": "1694038150505", "position": {"x": 101, "y": 2615}}, {"event_name": "mousemove", "timestamp": "1694038150523", "position": {"x": 102, "y": 2622}}, {"event_name": "mousemove", "timestamp": "1694038150541", "position": {"x": 103, "y": 2629}}, {"event_name": "mousemove", "timestamp": "1694038150558", "position": {"x": 104, "y": 2636}}, {"event_name": "mousemove", "timestamp": "1694038150577", "position": {"x": 105, "y": 2642}}, {"event_name": "mousemove", "timestamp": "1694038150595", "position": {"x": 104, "y": 2648}}, {"event_name": "mousemove", "timestamp": "1694038150612", "position": {"x": 104, "y": 2654}}, {"event_name": "mouseout", "timestamp": "1694038150630", "position": {"x": 104, "y": 2660}}, {"event_name": "mouseover", "timestamp": "1694038150630", "position": {"x": 104, "y": 2660}}, {"event_name": "mousemove", "timestamp": "1694038150630", "position": {"x": 104, "y": 2660}}, {"event_name": "mousemove", "timestamp": "1694038150648", "position": {"x": 104, "y": 2664}}, {"event_name": "mousemove", "timestamp": "1694038150665", "position": {"x": 105, "y": 2669}}, {"event_name": "mousemove", "timestamp": "1694038150683", "position": {"x": 106, "y": 2674}}, {"event_name": "mouseout", "timestamp": "1694038150701", "position": {"x": 106, "y": 2678}}, {"event_name": "mouseover", "timestamp": "1694038150701", "position": {"x": 106, "y": 2678}}, {"event_name": "mousemove", "timestamp": "1694038150701", "position": {"x": 106, "y": 2678}}, {"event_name": "mousemove", "timestamp": "1694038150719", "position": {"x": 106, "y": 2683}}, {"event_name": "mousemove", "timestamp": "1694038150738", "position": {"x": 107, "y": 2687}}, {"event_name": "mousedown", "timestamp": "1694038150948", "position": {"x": 107, "y": 2687}}, {"event_name": "mouseup", "timestamp": "1694038151045", "position": {"x": 107, "y": 2687}}, {"event_name": "click", "timestamp": "1694038151045", "position": {"x": 107, "y": 2687}}, {"event_name": "beforeunload", "timestamp": "1694038151046", "position": {"x": 0, "y": 0}}]}