{"user_id": "0e4c3fbd-859b-4e0a-adda-4d138ec5cfb6", "device": "desktop", "trace": [{"event_name": "load", "timestamp": "1694037503187", "position": {"x": 0, "y": 0}}, {"event_name": "pageshow", "timestamp": "1694037503187", "position": {"x": 0, "y": 0}}, {"event_name": "mouseover", "timestamp": "1694037503468", "position": {"x": 5, "y": 1}}, {"event_name": "mousemove", "timestamp": "1694037503468", "position": {"x": 5, "y": 1}}, {"event_name": "mousemove", "timestamp": "1694037503486", "position": {"x": 13, "y": 4}}, {"event_name": "mousemove", "timestamp": "1694037503504", "position": {"x": 16, "y": 5}}, {"event_name": "mousemove", "timestamp": "1694037503522", "position": {"x": 21, "y": 6}}, {"event_name": "mousemove", "timestamp": "1694037503539", "position": {"x": 27, "y": 7}}, {"event_name": "mousemove", "timestamp": "1694037503557", "position": {"x": 33, "y": 9}}, {"event_name": "mousemove", "timestamp": "1694037503575", "position": {"x": 38, "y": 10}}, {"event_name": "mousemove", "timestamp": "1694037503593", "position": {"x": 43, "y": 11}}, {"event_name": "mousemove", "timestamp": "1694037503610", "position": {"x": 48, "y": 12}}, {"event_name": "mousemove", "timestamp": "1694037503628", "position": {"x": 51, "y": 13}}, {"event_name": "mousemove", "timestamp": "1694037503645", "position": {"x": 55, "y": 14}}, {"event_name": "mousemove", "timestamp": "1694037503663", "position": {"x": 59, "y": 15}}, {"event_name": "mousemove", "timestamp": "1694037503681", "position": {"x": 61, "y": 15}}, {"event_name": "mousemove", "timestamp": "1694037503699", "position": {"x": 63, "y": 16}}, {"event_name": "mousemove", "timestamp": "1694037503717", "position": {"x": 66, "y": 17}}, {"event_name": "mouseout", "timestamp": "1694037503735", "position": {"x": 70, "y": 18}}, {"event_name": "mouseover", "timestamp": "1694037503735", "position": {"x": 70, "y": 18}}, {"event_name": "mousemove", "timestamp": "1694037503735", "position": {"x": 70, "y": 18}}, {"event_name": "mousemove", "timestamp": "1694037503752", "position": {"x": 75, "y": 19}}, {"event_name": "mousemove", "timestamp": "1694037503769", "position": {"x": 80, "y": 21}}, {"event_name": "mousemove", "timestamp": "1694037503787", "position": {"x": 82, "y": 21}}, {"event_name": "mousemove", "timestamp": "1694037503804", "position": {"x": 84, "y": 21}}, {"event_name": "mouseout", "timestamp": "1694037503822", "position": {"x": 86, "y": 22}}, {"event_name": "mouseover", "timestamp": "1694037503822", "position": {"x": 86, "y": 22}}, {"event_name": "mousemove", "timestamp": "1694037503823", "position": {"x": 86, "y": 22}}, {"event_name": "mousemove", "timestamp": "1694037503841", "position": {"x": 88, "y": 23}}, {"event_name": "mousemove", "timestamp": "1694037503859", "position": {"x": 90, "y": 24}}, {"event_name": "mousemove", "timestamp": "1694037503877", "position": {"x": 93, "y": 26}}, {"event_name": "mousemove", "timestamp": "1694037503911", "position": {"x": 94, "y": 27}}, {"event_name": "mousemove", "timestamp": "1694037503929", "position": {"x": 95, "y": 28}}, {"event_name": "mousedown", "timestamp": "1694037504289", "position": {"x": 95, "y": 28}}, {"event_name": "mouseup", "timestamp": "1694037504385", "position": {"x": 95, "y": 28}}, {"event_name": "click", "timestamp": "1694037504385", "position": {"x": 95, "y": 28}}, {"event_name": "beforeunload", "timestamp": "1694037504393", "position": {"x": 0, "y": 0}}, {"event_name": "load", "timestamp": "1694037508680", "position": {"x": 0, "y": 0}}, {"event_name": "pageshow", "timestamp": "1694037508680", "position": {"x": 0, "y": 0}}, {"event_name": "mouseover", "timestamp": "1694037508993", "position": {"x": 51, "y": 0}}, {"event_name": "mousemove", "timestamp": "1694037508994", "position": {"x": 51, "y": 0}}, {"event_name": "mouseout", "timestamp": "1694037509011", "position": {"x": 120, "y": 0}}, {"event_name": "mouseover", "timestamp": "1694037509011", "position": {"x": 120, "y": 0}}, {"event_name": "mousemove", "timestamp": "1694037509011", "position": {"x": 120, "y": 0}}, {"event_name": "mousemove", "timestamp": "1694037509029", "position": {"x": 151, "y": 0}}, {"event_name": "mousemove", "timestamp": "1694037509047", "position": {"x": 158, "y": 1}}, {"event_name": "mousemove", "timestamp": "1694037509064", "position": {"x": 165, "y": 2}}, {"event_name": "mousemove", "timestamp": "1694037509082", "position": {"x": 172, "y": 3}}, {"event_name": "mousemove", "timestamp": "1694037509100", "position": {"x": 180, "y": 4}}, {"event_name": "mousemove", "timestamp": "1694037509117", "position": {"x": 188, "y": 5}}, {"event_name": "mousemove", "timestamp": "1694037509134", "position": {"x": 196, "y": 6}}, {"event_name": "mousemove", "timestamp": "1694037509153", "position": {"x": 203, "y": 5}}, {"event_name": "mousemove", "timestamp": "1694037509170", "position": {"x": 211, "y": 4}}, {"event_name": "mousemove", "timestamp": "1694037509187", "position": {"x": 219, "y": 4}}, {"event_name": "mousemove", "timestamp": "1694037509205", "position": {"x": 228, "y": 3}}, {"event_name": "mousemove", "timestamp": "1694037509223", "position": {"x": 237, "y": 3}}, {"event_name": "mousemove", "timestamp": "1694037509240", "position": {"x": 245, "y": 3}}, {"event_name": "mousemove", "timestamp": "1694037509258", "position": {"x": 253, "y": 4}}, {"event_name": "mousemove", "timestamp": "1694037509275", "position": {"x": 262, "y": 5}}, {"event_name": "mousemove", "timestamp": "1694037509293", "position": {"x": 270, "y": 7}}, {"event_name": "mousemove", "timestamp": "1694037509311", "position": {"x": 279, "y": 7}}, {"event_name": "mouseout", "timestamp": "1694037509328", "position": {"x": 289, "y": 8}}, {"event_name": "mouseover", "timestamp": "1694037509328", "position": {"x": 289, "y": 8}}, {"event_name": "mousemove", "timestamp": "1694037509328", "position": {"x": 289, "y": 8}}, {"event_name": "mousemove", "timestamp": "1694037509346", "position": {"x": 299, "y": 9}}, {"event_name": "mousemove", "timestamp": "1694037509364", "position": {"x": 309, "y": 10}}, {"event_name": "mousemove", "timestamp": "1694037509380", "position": {"x": 318, "y": 11}}, {"event_name": "mousemove", "timestamp": "1694037509399", "position": {"x": 327, "y": 13}}, {"event_name": "mousemove", "timestamp": "1694037509416", "position": {"x": 336, "y": 14}}, {"event_name": "mousemove", "timestamp": "1694037509434", "position": {"x": 347, "y": 15}}, {"event_name": "mousemove", "timestamp": "1694037509451", "position": {"x": 356, "y": 17}}, {"event_name": "mousemove", "timestamp": "1694037509468", "position": {"x": 362, "y": 17}}, {"event_name": "mouseout", "timestamp": "1694037509486", "position": {"x": 369, "y": 18}}, {"event_name": "mouseover", "timestamp": "1694037509486", "position": {"x": 369, "y": 18}}, {"event_name": "mousemove", "timestamp": "1694037509486", "position": {"x": 369, "y": 18}}, {"event_name": "mousemove", "timestamp": "1694037509504", "position": {"x": 375, "y": 19}}, {"event_name": "mousemove", "timestamp": "1694037509522", "position": {"x": 384, "y": 18}}, {"event_name": "mousemove", "timestamp": "1694037509540", "position": {"x": 395, "y": 18}}, {"event_name": "mousemove", "timestamp": "1694037509557", "position": {"x": 404, "y": 18}}, {"event_name": "mousemove", "timestamp": "1694037509574", "position": {"x": 414, "y": 19}}, {"event_name": "mousemove", "timestamp": "1694037509592", "position": {"x": 426, "y": 21}}, {"event_name": "mousemove", "timestamp": "1694037509610", "position": {"x": 436, "y": 23}}, {"event_name": "mousemove", "timestamp": "1694037509628", "position": {"x": 447, "y": 23}}, {"event_name": "mouseout", "timestamp": "1694037509645", "position": {"x": 457, "y": 23}}, {"event_name": "mouseover", "timestamp": "1694037509645", "position": {"x": 457, "y": 23}}, {"event_name": "mousemove", "timestamp": "1694037509645", "position": {"x": 457, "y": 23}}, {"event_name": "mousemove", "timestamp": "1694037509663", "position": {"x": 467, "y": 23}}, {"event_name": "mousemove", "timestamp": "1694037509682", "position": {"x": 478, "y": 23}}, {"event_name": "mousemove", "timestamp": "1694037509700", "position": {"x": 490, "y": 24}}, {"event_name": "mousemove", "timestamp": "1694037509717", "position": {"x": 499, "y": 25}}, {"event_name": "mousemove", "timestamp": "1694037509736", "position": {"x": 510, "y": 24}}, {"event_name": "mousemove", "timestamp": "1694037509753", "position": {"x": 520, "y": 24}}, {"event_name": "mousemove", "timestamp": "1694037509770", "position": {"x": 530, "y": 24}}, {"event_name": "mousemove", "timestamp": "1694037509788", "position": {"x": 539, "y": 25}}, {"event_name": "mousemove", "timestamp": "1694037509805", "position": {"x": 550, "y": 26}}, {"event_name": "mousemove", "timestamp": "1694037509823", "position": {"x": 559, "y": 28}}, {"event_name": "mousemove", "timestamp": "1694037509841", "position": {"x": 568, "y": 25}}, {"event_name": "mousemove", "timestamp": "1694037509858", "position": {"x": 578, "y": 22}}, {"event_name": "mousemove", "timestamp": "1694037509876", "position": {"x": 587, "y": 20}}, {"event_name": "mousemove", "timestamp": "1694037509893", "position": {"x": 596, "y": 20}}, {"event_name": "mousemove", "timestamp": "1694037509911", "position": {"x": 605, "y": 20}}, {"event_name": "mousemove", "timestamp": "1694037509928", "position": {"x": 614, "y": 20}}, {"event_name": "mousemove", "timestamp": "1694037509946", "position": {"x": 625, "y": 20}}, {"event_name": "mousemove", "timestamp": "1694037509964", "position": {"x": 637, "y": 20}}, {"event_name": "mousemove", "timestamp": "1694037509981", "position": {"x": 648, "y": 21}}, {"event_name": "mousemove", "timestamp": "1694037510000", "position": {"x": 657, "y": 22}}, {"event_name": "mousemove", "timestamp": "1694037510018", "position": {"x": 667, "y": 23}}, {"event_name": "mousemove", "timestamp": "1694037510036", "position": {"x": 676, "y": 25}}, {"event_name": "mousemove", "timestamp": "1694037510055", "position": {"x": 681, "y": 25}}, {"event_name": "mousemove", "timestamp": "1694037510073", "position": {"x": 687, "y": 25}}, {"event_name": "mousemove", "timestamp": "1694037510092", "position": {"x": 693, "y": 26}}, {"event_name": "mousemove", "timestamp": "1694037510110", "position": {"x": 698, "y": 24}}, {"event_name": "mousemove", "timestamp": "1694037510128", "position": {"x": 704, "y": 23}}, {"event_name": "mousemove", "timestamp": "1694037510146", "position": {"x": 709, "y": 23}}, {"event_name": "mousemove", "timestamp": "1694037510163", "position": {"x": 714, "y": 23}}, {"event_name": "mousemove", "timestamp": "1694037510181", "position": {"x": 720, "y": 24}}, {"event_name": "mousemove", "timestamp": "1694037510198", "position": {"x": 725, "y": 25}}, {"event_name": "mouseout", "timestamp": "1694037510216", "position": {"x": 728, "y": 24}}, {"event_name": "mouseover", "timestamp": "1694037510216", "position": {"x": 728, "y": 24}}, {"event_name": "mousemove", "timestamp": "1694037510216", "position": {"x": 728, "y": 24}}, {"event_name": "mousemove", "timestamp": "1694037510234", "position": {"x": 732, "y": 23}}, {"event_name": "mousemove", "timestamp": "1694037510252", "position": {"x": 736, "y": 23}}, {"event_name": "mousemove", "timestamp": "1694037510269", "position": {"x": 739, "y": 22}}, {"event_name": "mousemove", "timestamp": "1694037510287", "position": {"x": 743, "y": 21}}, {"event_name": "mousemove", "timestamp": "1694037510306", "position": {"x": 746, "y": 21}}, {"event_name": "mousemove", "timestamp": "1694037510323", "position": {"x": 747, "y": 20}}, {"event_name": "mousemove", "timestamp": "1694037510340", "position": {"x": 748, "y": 20}}, {"event_name": "mousemove", "timestamp": "1694037510358", "position": {"x": 750, "y": 20}}, {"event_name": "mousemove", "timestamp": "1694037510375", "position": {"x": 753, "y": 20}}, {"event_name": "mousemove", "timestamp": "1694037510393", "position": {"x": 756, "y": 20}}, {"event_name": "mousemove", "timestamp": "1694037510411", "position": {"x": 759, "y": 21}}, {"event_name": "mousemove", "timestamp": "1694037510428", "position": {"x": 761, "y": 20}}, {"event_name": "mousemove", "timestamp": "1694037510446", "position": {"x": 763, "y": 19}}, {"event_name": "mousemove", "timestamp": "1694037510464", "position": {"x": 765, "y": 19}}, {"event_name": "mousemove", "timestamp": "1694037510482", "position": {"x": 766, "y": 19}}, {"event_name": "mousemove", "timestamp": "1694037510500", "position": {"x": 767, "y": 20}}, {"event_name": "mousemove", "timestamp": "1694037510518", "position": {"x": 768, "y": 21}}, {"event_name": "mousemove", "timestamp": "1694037510536", "position": {"x": 770, "y": 21}}, {"event_name": "mousemove", "timestamp": "1694037510553", "position": {"x": 772, "y": 22}}, {"event_name": "mousemove", "timestamp": "1694037510571", "position": {"x": 775, "y": 23}}, {"event_name": "mousemove", "timestamp": "1694037510589", "position": {"x": 776, "y": 23}}, {"event_name": "mousemove", "timestamp": "1694037510607", "position": {"x": 777, "y": 24}}, {"event_name": "mousemove", "timestamp": "1694037510624", "position": {"x": 779, "y": 25}}, {"event_name": "mousedown", "timestamp": "1694037511134", "position": {"x": 779, "y": 25}}, {"event_name": "mouseup", "timestamp": "1694037511241", "position": {"x": 779, "y": 25}}, {"event_name": "click", "timestamp": "1694037511241", "position": {"x": 779, "y": 25}}, {"event_name": "beforeunload", "timestamp": "1694037511248", "position": {"x": 0, "y": 0}}, {"event_name": "focus", "timestamp": "1694037513999", "position": {"x": 0, "y": 0}}, {"event_name": "load", "timestamp": "1694037514000", "position": {"x": 0, "y": 0}}, {"event_name": "pageshow", "timestamp": "1694037514000", "position": {"x": 0, "y": 0}}, {"event_name": "mouseover", "timestamp": "1694037514275", "position": {"x": 30, "y": 0}}, {"event_name": "mousemove", "timestamp": "1694037514275", "position": {"x": 30, "y": 0}}, {"event_name": "mousemove", "timestamp": "1694037514293", "position": {"x": 69, "y": 0}}, {"event_name": "mouseout", "timestamp": "1694037514311", "position": {"x": 89, "y": 1}}, {"event_name": "mouseover", "timestamp": "1694037514311", "position": {"x": 89, "y": 1}}, {"event_name": "mousemove", "timestamp": "1694037514312", "position": {"x": 89, "y": 1}}, {"event_name": "mousemove", "timestamp": "1694037514331", "position": {"x": 95, "y": 0}}, {"event_name": "mousemove", "timestamp": "1694037514350", "position": {"x": 101, "y": 0}}, {"event_name": "mousemove", "timestamp": "1694037514369", "position": {"x": 107, "y": 0}}, {"event_name": "mousemove", "timestamp": "1694037514388", "position": {"x": 113, "y": 1}}, {"event_name": "mousemove", "timestamp": "1694037514406", "position": {"x": 121, "y": 2}}, {"event_name": "mousemove", "timestamp": "1694037514424", "position": {"x": 127, "y": 3}}, {"event_name": "mousemove", "timestamp": "1694037514441", "position": {"x": 134, "y": 2}}, {"event_name": "mousemove", "timestamp": "1694037514459", "position": {"x": 141, "y": 1}}, {"event_name": "mousemove", "timestamp": "1694037514476", "position": {"x": 148, "y": 1}}, {"event_name": "mousemove", "timestamp": "1694037514494", "position": {"x": 162, "y": 1}}, {"event_name": "mousemove", "timestamp": "1694037514511", "position": {"x": 178, "y": 1}}, {"event_name": "mousemove", "timestamp": "1694037514530", "position": {"x": 192, "y": 2}}, {"event_name": "mousemove", "timestamp": "1694037514547", "position": {"x": 200, "y": 1}}, {"event_name": "mousemove", "timestamp": "1694037514564", "position": {"x": 208, "y": 1}}, {"event_name": "mousemove", "timestamp": "1694037514582", "position": {"x": 216, "y": 1}}, {"event_name": "mousemove", "timestamp": "1694037514599", "position": {"x": 224, "y": 2}}, {"event_name": "mousemove", "timestamp": "1694037514617", "position": {"x": 232, "y": 3}}, {"event_name": "mousemove", "timestamp": "1694037514635", "position": {"x": 240, "y": 5}}, {"event_name": "mousemove", "timestamp": "1694037514652", "position": {"x": 250, "y": 7}}, {"event_name": "mouseout", "timestamp": "1694037514669", "position": {"x": 261, "y": 9}}, {"event_name": "mouseover", "timestamp": "1694037514670", "position": {"x": 261, "y": 9}}, {"event_name": "mousemove", "timestamp": "1694037514670", "position": {"x": 261, "y": 9}}, {"event_name": "mousemove", "timestamp": "1694037514687", "position": {"x": 271, "y": 11}}, {"event_name": "mousemove", "timestamp": "1694037514705", "position": {"x": 281, "y": 11}}, {"event_name": "mousemove", "timestamp": "1694037514722", "position": {"x": 292, "y": 11}}, {"event_name": "mousemove", "timestamp": "1694037514740", "position": {"x": 302, "y": 12}}, {"event_name": "mousemove", "timestamp": "1694037514758", "position": {"x": 310, "y": 14}}, {"event_name": "mousemove", "timestamp": "1694037514776", "position": {"x": 318, "y": 17}}, {"event_name": "mousemove", "timestamp": "1694037514793", "position": {"x": 326, "y": 20}}, {"event_name": "mousemove", "timestamp": "1694037514810", "position": {"x": 336, "y": 17}}, {"event_name": "mousemove", "timestamp": "1694037514828", "position": {"x": 346, "y": 15}}, {"event_name": "mousemove", "timestamp": "1694037514845", "position": {"x": 355, "y": 14}}, {"event_name": "mousemove", "timestamp": "1694037514863", "position": {"x": 361, "y": 15}}, {"event_name": "mouseout", "timestamp": "1694037514881", "position": {"x": 369, "y": 16}}, {"event_name": "mouseover", "timestamp": "1694037514881", "position": {"x": 369, "y": 16}}, {"event_name": "mousemove", "timestamp": "1694037514881", "position": {"x": 369, "y": 16}}, {"event_name": "mousemove", "timestamp": "1694037514898", "position": {"x": 375, "y": 18}}, {"event_name": "mousemove", "timestamp": "1694037514916", "position": {"x": 383, "y": 18}}, {"event_name": "mousemove", "timestamp": "1694037514934", "position": {"x": 393, "y": 18}}, {"event_name": "mousemove", "timestamp": "1694037514952", "position": {"x": 401, "y": 19}}, {"event_name": "mousemove", "timestamp": "1694037514970", "position": {"x": 413, "y": 18}}, {"event_name": "mousemove", "timestamp": "1694037514987", "position": {"x": 425, "y": 18}}, {"event_name": "mousemove", "timestamp": "1694037515004", "position": {"x": 436, "y": 18}}, {"event_name": "mousemove", "timestamp": "1694037515023", "position": {"x": 446, "y": 17}}, {"event_name": "mouseout", "timestamp": "1694037515040", "position": {"x": 457, "y": 17}}, {"event_name": "mouseover", "timestamp": "1694037515040", "position": {"x": 457, "y": 17}}, {"event_name": "mousemove", "timestamp": "1694037515040", "position": {"x": 457, "y": 17}}, {"event_name": "mousemove", "timestamp": "1694037515057", "position": {"x": 467, "y": 17}}, {"event_name": "mousemove", "timestamp": "1694037515075", "position": {"x": 476, "y": 16}}, {"event_name": "mousemove", "timestamp": "1694037515093", "position": {"x": 487, "y": 16}}, {"event_name": "mousemove", "timestamp": "1694037515110", "position": {"x": 496, "y": 16}}, {"event_name": "mousemove", "timestamp": "1694037515127", "position": {"x": 505, "y": 17}}, {"event_name": "mousemove", "timestamp": "1694037515145", "position": {"x": 515, "y": 18}}, {"event_name": "mousemove", "timestamp": "1694037515163", "position": {"x": 524, "y": 20}}, {"event_name": "mousemove", "timestamp": "1694037515182", "position": {"x": 534, "y": 20}}, {"event_name": "mousemove", "timestamp": "1694037515200", "position": {"x": 545, "y": 20}}, {"event_name": "mousemove", "timestamp": "1694037515217", "position": {"x": 554, "y": 21}}, {"event_name": "mousemove", "timestamp": "1694037515236", "position": {"x": 564, "y": 19}}, {"event_name": "mousemove", "timestamp": "1694037515253", "position": {"x": 574, "y": 18}}, {"event_name": "mousemove", "timestamp": "1694037515270", "position": {"x": 584, "y": 17}}, {"event_name": "mousemove", "timestamp": "1694037515289", "position": {"x": 593, "y": 17}}, {"event_name": "mousemove", "timestamp": "1694037515306", "position": {"x": 603, "y": 17}}, {"event_name": "mousemove", "timestamp": "1694037515324", "position": {"x": 611, "y": 17}}, {"event_name": "mousemove", "timestamp": "1694037515341", "position": {"x": 620, "y": 17}}, {"event_name": "mousemove", "timestamp": "1694037515359", "position": {"x": 630, "y": 17}}, {"event_name": "mousemove", "timestamp": "1694037515376", "position": {"x": 639, "y": 17}}, {"event_name": "mousemove", "timestamp": "1694037515394", "position": {"x": 647, "y": 17}}, {"event_name": "mousemove", "timestamp": "1694037515411", "position": {"x": 656, "y": 17}}, {"event_name": "mousemove", "timestamp": "1694037515430", "position": {"x": 665, "y": 18}}, {"event_name": "mousemove", "timestamp": "1694037515447", "position": {"x": 675, "y": 17}}, {"event_name": "mousemove", "timestamp": "1694037515465", "position": {"x": 686, "y": 16}}, {"event_name": "mousemove", "timestamp": "1694037515482", "position": {"x": 695, "y": 16}}, {"event_name": "mousemove", "timestamp": "1694037515500", "position": {"x": 701, "y": 14}}, {"event_name": "mousemove", "timestamp": "1694037515518", "position": {"x": 709, "y": 13}}, {"event_name": "mousemove", "timestamp": "1694037515535", "position": {"x": 715, "y": 13}}, {"event_name": "mousemove", "timestamp": "1694037515552", "position": {"x": 722, "y": 14}}, {"event_name": "mouseout", "timestamp": "1694037515571", "position": {"x": 731, "y": 16}}, {"event_name": "mouseover", "timestamp": "1694037515571", "position": {"x": 731, "y": 16}}, {"event_name": "mousemove", "timestamp": "1694037515571", "position": {"x": 731, "y": 16}}, {"event_name": "mousemove", "timestamp": "1694037515589", "position": {"x": 738, "y": 18}}, {"event_name": "mousemove", "timestamp": "1694037515606", "position": {"x": 745, "y": 17}}, {"event_name": "mousemove", "timestamp": "1694037515624", "position": {"x": 752, "y": 16}}, {"event_name": "mousemove", "timestamp": "1694037515642", "position": {"x": 758, "y": 16}}, {"event_name": "mousemove", "timestamp": "1694037515659", "position": {"x": 764, "y": 14}}, {"event_name": "mousemove", "timestamp": "1694037515676", "position": {"x": 770, "y": 13}}, {"event_name": "mousemove", "timestamp": "1694037515694", "position": {"x": 776, "y": 13}}, {"event_name": "mousemove", "timestamp": "1694037515711", "position": {"x": 778, "y": 12}}, {"event_name": "mousemove", "timestamp": "1694037515729", "position": {"x": 781, "y": 12}}, {"event_name": "mousemove", "timestamp": "1694037515747", "position": {"x": 784, "y": 12}}, {"event_name": "mousemove", "timestamp": "1694037515764", "position": {"x": 787, "y": 13}}, {"event_name": "mousemove", "timestamp": "1694037515782", "position": {"x": 790, "y": 14}}, {"event_name": "mouseout", "timestamp": "1694037515799", "position": {"x": 793, "y": 15}}, {"event_name": "mouseover", "timestamp": "1694037515799", "position": {"x": 793, "y": 15}}, {"event_name": "mousemove", "timestamp": "1694037515800", "position": {"x": 793, "y": 15}}, {"event_name": "mousemove", "timestamp": "1694037515818", "position": {"x": 796, "y": 14}}, {"event_name": "mousemove", "timestamp": "1694037515835", "position": {"x": 799, "y": 14}}, {"event_name": "mousemove", "timestamp": "1694037515853", "position": {"x": 803, "y": 14}}, {"event_name": "mousemove", "timestamp": "1694037515871", "position": {"x": 805, "y": 14}}, {"event_name": "mousemove", "timestamp": "1694037515889", "position": {"x": 808, "y": 14}}, {"event_name": "mousemove", "timestamp": "1694037515907", "position": {"x": 810, "y": 15}}, {"event_name": "mousemove", "timestamp": "1694037515924", "position": {"x": 812, "y": 15}}, {"event_name": "mousemove", "timestamp": "1694037515942", "position": {"x": 815, "y": 15}}, {"event_name": "mousemove", "timestamp": "1694037515960", "position": {"x": 818, "y": 16}}, {"event_name": "mousemove", "timestamp": "1694037515977", "position": {"x": 818, "y": 15}}, {"event_name": "mousemove", "timestamp": "1694037515994", "position": {"x": 819, "y": 15}}, {"event_name": "mousemove", "timestamp": "1694037516012", "position": {"x": 820, "y": 15}}, {"event_name": "mousemove", "timestamp": "1694037516030", "position": {"x": 821, "y": 15}}, {"event_name": "mousemove", "timestamp": "1694037516048", "position": {"x": 823, "y": 16}}, {"event_name": "mousemove", "timestamp": "1694037516065", "position": {"x": 825, "y": 17}}, {"event_name": "mousedown", "timestamp": "1694037516385", "position": {"x": 825, "y": 17}}, {"event_name": "mouseup", "timestamp": "1694037516471", "position": {"x": 825, "y": 17}}, {"event_name": "click", "timestamp": "1694037516471", "position": {"x": 825, "y": 17}}, {"event_name": "beforeunload", "timestamp": "1694037516475", "position": {"x": 0, "y": 0}}, {"event_name": "load", "timestamp": "1694037516705", "position": {"x": 0, "y": 0}}, {"event_name": "pageshow", "timestamp": "1694037516705", "position": {"x": 0, "y": 0}}, {"event_name": "mousemove", "timestamp": "1694037516985", "position": {"x": 5, "y": 0}}, {"event_name": "mouseover", "timestamp": "1694037516985", "position": {"x": 5, "y": 0}}, {"event_name": "mousemove", "timestamp": "1694037517003", "position": {"x": 13, "y": 0}}, {"event_name": "mousemove", "timestamp": "1694037517021", "position": {"x": 17, "y": 1}}, {"event_name": "mousemove", "timestamp": "1694037517039", "position": {"x": 21, "y": 0}}, {"event_name": "mousemove", "timestamp": "1694037517057", "position": {"x": 26, "y": 0}}, {"event_name": "mousemove", "timestamp": "1694037517075", "position": {"x": 31, "y": 0}}, {"event_name": "mousemove", "timestamp": "1694037517093", "position": {"x": 37, "y": 1}}, {"event_name": "mousemove", "timestamp": "1694037517111", "position": {"x": 43, "y": 3}}, {"event_name": "mousemove", "timestamp": "1694037517129", "position": {"x": 49, "y": 5}}, {"event_name": "mousemove", "timestamp": "1694037517147", "position": {"x": 56, "y": 4}}, {"event_name": "mousemove", "timestamp": "1694037517165", "position": {"x": 64, "y": 3}}, {"event_name": "mouseout", "timestamp": "1694037517182", "position": {"x": 71, "y": 3}}, {"event_name": "mouseover", "timestamp": "1694037517182", "position": {"x": 71, "y": 3}}, {"event_name": "mousemove", "timestamp": "1694037517182", "position": {"x": 71, "y": 3}}, {"event_name": "mousemove", "timestamp": "1694037517200", "position": {"x": 78, "y": 4}}, {"event_name": "mouseout", "timestamp": "1694037517218", "position": {"x": 85, "y": 5}}, {"event_name": "mouseover", "timestamp": "1694037517218", "position": {"x": 85, "y": 5}}, {"event_name": "mousemove", "timestamp": "1694037517218", "position": {"x": 85, "y": 5}}, {"event_name": "mousemove", "timestamp": "1694037517235", "position": {"x": 92, "y": 6}}, {"event_name": "mousemove", "timestamp": "1694037517253", "position": {"x": 98, "y": 5}}, {"event_name": "mousemove", "timestamp": "1694037517271", "position": {"x": 105, "y": 5}}, {"event_name": "mousemove", "timestamp": "1694037517289", "position": {"x": 112, "y": 5}}, {"event_name": "mousemove", "timestamp": "1694037517307", "position": {"x": 119, "y": 4}}, {"event_name": "mousemove", "timestamp": "1694037517324", "position": {"x": 127, "y": 4}}, {"event_name": "mousemove", "timestamp": "1694037517342", "position": {"x": 135, "y": 4}}, {"event_name": "mousemove", "timestamp": "1694037517359", "position": {"x": 148, "y": 3}}, {"event_name": "mousemove", "timestamp": "1694037517377", "position": {"x": 163, "y": 2}}, {"event_name": "mousemove", "timestamp": "1694037517395", "position": {"x": 175, "y": 2}}, {"event_name": "mousemove", "timestamp": "1694037517412", "position": {"x": 182, "y": 4}}, {"event_name": "mousemove", "timestamp": "1694037517430", "position": {"x": 189, "y": 6}}, {"event_name": "mouseout", "timestamp": "1694037517448", "position": {"x": 196, "y": 8}}, {"event_name": "mouseover", "timestamp": "1694037517448", "position": {"x": 196, "y": 8}}, {"event_name": "mousemove", "timestamp": "1694037517448", "position": {"x": 196, "y": 8}}, {"event_name": "mousemove", "timestamp": "1694037517466", "position": {"x": 202, "y": 8}}, {"event_name": "mousemove", "timestamp": "1694037517483", "position": {"x": 208, "y": 8}}, {"event_name": "mousemove", "timestamp": "1694037517501", "position": {"x": 215, "y": 8}}, {"event_name": "mousemove", "timestamp": "1694037517518", "position": {"x": 222, "y": 8}}, {"event_name": "mousemove", "timestamp": "1694037517536", "position": {"x": 229, "y": 8}}, {"event_name": "mousemove", "timestamp": "1694037517553", "position": {"x": 236, "y": 8}}, {"event_name": "mousemove", "timestamp": "1694037517572", "position": {"x": 245, "y": 8}}, {"event_name": "mousemove", "timestamp": "1694037517590", "position": {"x": 254, "y": 9}}, {"event_name": "mousemove", "timestamp": "1694037517607", "position": {"x": 263, "y": 10}}, {"event_name": "mousemove", "timestamp": "1694037517624", "position": {"x": 273, "y": 10}}, {"event_name": "mousemove", "timestamp": "1694037517643", "position": {"x": 284, "y": 10}}, {"event_name": "mousemove", "timestamp": "1694037517660", "position": {"x": 293, "y": 11}}, {"event_name": "mousemove", "timestamp": "1694037517677", "position": {"x": 302, "y": 11}}, {"event_name": "mousemove", "timestamp": "1694037517695", "position": {"x": 312, "y": 12}}, {"event_name": "mousemove", "timestamp": "1694037517713", "position": {"x": 321, "y": 13}}, {"event_name": "mousemove", "timestamp": "1694037517730", "position": {"x": 332, "y": 14}}, {"event_name": "mousemove", "timestamp": "1694037517747", "position": {"x": 344, "y": 15}}, {"event_name": "mousemove", "timestamp": "1694037517765", "position": {"x": 354, "y": 17}}, {"event_name": "mousemove", "timestamp": "1694037517783", "position": {"x": 361, "y": 17}}, {"event_name": "mouseout", "timestamp": "1694037517800", "position": {"x": 369, "y": 17}}, {"event_name": "mouseover", "timestamp": "1694037517800", "position": {"x": 369, "y": 17}}, {"event_name": "mousemove", "timestamp": "1694037517800", "position": {"x": 369, "y": 17}}, {"event_name": "mousemove", "timestamp": "1694037517818", "position": {"x": 377, "y": 18}}, {"event_name": "mousemove", "timestamp": "1694037517835", "position": {"x": 387, "y": 18}}, {"event_name": "mousemove", "timestamp": "1694037517853", "position": {"x": 397, "y": 18}}, {"event_name": "mousemove", "timestamp": "1694037517871", "position": {"x": 406, "y": 19}}, {"event_name": "mousemove", "timestamp": "1694037517888", "position": {"x": 416, "y": 19}}, {"event_name": "mousemove", "timestamp": "1694037517906", "position": {"x": 427, "y": 19}}, {"event_name": "mousemove", "timestamp": "1694037517923", "position": {"x": 436, "y": 19}}, {"event_name": "mousemove", "timestamp": "1694037517940", "position": {"x": 443, "y": 20}}, {"event_name": "mousemove", "timestamp": "1694037517958", "position": {"x": 450, "y": 21}}, {"event_name": "mouseout", "timestamp": "1694037517975", "position": {"x": 457, "y": 22}}, {"event_name": "mouseover", "timestamp": "1694037517975", "position": {"x": 457, "y": 22}}, {"event_name": "mousemove", "timestamp": "1694037517975", "position": {"x": 457, "y": 22}}, {"event_name": "mousemove", "timestamp": "1694037517993", "position": {"x": 467, "y": 22}}, {"event_name": "mousemove", "timestamp": "1694037518011", "position": {"x": 479, "y": 22}}, {"event_name": "mousemove", "timestamp": "1694037518028", "position": {"x": 489, "y": 23}}, {"event_name": "mousemove", "timestamp": "1694037518045", "position": {"x": 498, "y": 23}}, {"event_name": "mousemove", "timestamp": "1694037518063", "position": {"x": 508, "y": 23}}, {"event_name": "mousemove", "timestamp": "1694037518081", "position": {"x": 517, "y": 24}}, {"event_name": "mousemove", "timestamp": "1694037518098", "position": {"x": 529, "y": 25}}, {"event_name": "mousemove", "timestamp": "1694037518115", "position": {"x": 541, "y": 26}}, {"event_name": "mousemove", "timestamp": "1694037518133", "position": {"x": 553, "y": 28}}, {"event_name": "mousemove", "timestamp": "1694037518150", "position": {"x": 564, "y": 26}}, {"event_name": "mousemove", "timestamp": "1694037518168", "position": {"x": 577, "y": 25}}, {"event_name": "mousemove", "timestamp": "1694037518185", "position": {"x": 588, "y": 24}}, {"event_name": "mousemove", "timestamp": "1694037518204", "position": {"x": 597, "y": 23}}, {"event_name": "mousemove", "timestamp": "1694037518222", "position": {"x": 608, "y": 22}}, {"event_name": "mousemove", "timestamp": "1694037518240", "position": {"x": 617, "y": 22}}, {"event_name": "mousemove", "timestamp": "1694037518260", "position": {"x": 629, "y": 22}}, {"event_name": "mousemove", "timestamp": "1694037518278", "position": {"x": 642, "y": 22}}, {"event_name": "mousemove", "timestamp": "1694037518297", "position": {"x": 654, "y": 23}}, {"event_name": "mousemove", "timestamp": "1694037518315", "position": {"x": 664, "y": 22}}, {"event_name": "mousemove", "timestamp": "1694037518334", "position": {"x": 676, "y": 21}}, {"event_name": "mousemove", "timestamp": "1694037518351", "position": {"x": 685, "y": 21}}, {"event_name": "mousemove", "timestamp": "1694037518368", "position": {"x": 694, "y": 22}}, {"event_name": "mousemove", "timestamp": "1694037518386", "position": {"x": 704, "y": 23}}, {"event_name": "mousemove", "timestamp": "1694037518404", "position": {"x": 713, "y": 24}}, {"event_name": "mousemove", "timestamp": "1694037518422", "position": {"x": 724, "y": 24}}, {"event_name": "mouseout", "timestamp": "1694037518439", "position": {"x": 735, "y": 25}}, {"event_name": "mouseover", "timestamp": "1694037518439", "position": {"x": 735, "y": 25}}, {"event_name": "mousemove", "timestamp": "1694037518439", "position": {"x": 735, "y": 25}}, {"event_name": "mousemove", "timestamp": "1694037518457", "position": {"x": 746, "y": 26}}, {"event_name": "mousemove", "timestamp": "1694037518475", "position": {"x": 756, "y": 26}}, {"event_name": "mousemove", "timestamp": "1694037518493", "position": {"x": 766, "y": 26}}, {"event_name": "mousemove", "timestamp": "1694037518510", "position": {"x": 776, "y": 26}}, {"event_name": "mousemove", "timestamp": "1694037518529", "position": {"x": 785, "y": 27}}, {"event_name": "mouseout", "timestamp": "1694037518548", "position": {"x": 794, "y": 28}}, {"event_name": "mouseover", "timestamp": "1694037518548", "position": {"x": 794, "y": 28}}, {"event_name": "mousemove", "timestamp": "1694037518549", "position": {"x": 794, "y": 28}}, {"event_name": "mousemove", "timestamp": "1694037518567", "position": {"x": 802, "y": 30}}, {"event_name": "mousemove", "timestamp": "1694037518585", "position": {"x": 812, "y": 29}}, {"event_name": "mousemove", "timestamp": "1694037518602", "position": {"x": 821, "y": 28}}, {"event_name": "mousemove", "timestamp": "1694037518620", "position": {"x": 830, "y": 28}}, {"event_name": "mousemove", "timestamp": "1694037518637", "position": {"x": 835, "y": 29}}, {"event_name": "mousemove", "timestamp": "1694037518655", "position": {"x": 841, "y": 30}}, {"event_name": "mousemove", "timestamp": "1694037518673", "position": {"x": 847, "y": 32}}, {"event_name": "mousemove", "timestamp": "1694037518690", "position": {"x": 850, "y": 32}}, {"event_name": "mousemove", "timestamp": "1694037518708", "position": {"x": 854, "y": 32}}, {"event_name": "mouseout", "timestamp": "1694037518726", "position": {"x": 858, "y": 32}}, {"event_name": "mouseover", "timestamp": "1694037518726", "position": {"x": 858, "y": 32}}, {"event_name": "mousemove", "timestamp": "1694037518726", "position": {"x": 858, "y": 32}}, {"event_name": "mousemove", "timestamp": "1694037518743", "position": {"x": 863, "y": 32}}, {"event_name": "mousemove", "timestamp": "1694037518761", "position": {"x": 868, "y": 33}}, {"event_name": "mousemove", "timestamp": "1694037518778", "position": {"x": 873, "y": 34}}, {"event_name": "mousemove", "timestamp": "1694037518795", "position": {"x": 877, "y": 33}}, {"event_name": "mousemove", "timestamp": "1694037518813", "position": {"x": 881, "y": 33}}, {"event_name": "mousemove", "timestamp": "1694037518831", "position": {"x": 886, "y": 33}}, {"event_name": "mousemove", "timestamp": "1694037518848", "position": {"x": 888, "y": 32}}, {"event_name": "mousemove", "timestamp": "1694037518865", "position": {"x": 891, "y": 32}}, {"event_name": "mousemove", "timestamp": "1694037518883", "position": {"x": 894, "y": 32}}, {"event_name": "mousemove", "timestamp": "1694037518901", "position": {"x": 896, "y": 33}}, {"event_name": "mousemove", "timestamp": "1694037518918", "position": {"x": 899, "y": 34}}, {"event_name": "mousemove", "timestamp": "1694037518936", "position": {"x": 902, "y": 36}}, {"event_name": "mousemove", "timestamp": "1694037518954", "position": {"x": 903, "y": 36}}, {"event_name": "mousemove", "timestamp": "1694037518973", "position": {"x": 905, "y": 36}}, {"event_name": "mousemove", "timestamp": "1694037518991", "position": {"x": 907, "y": 36}}, {"event_name": "mousemove", "timestamp": "1694037519009", "position": {"x": 908, "y": 36}}, {"event_name": "mousemove", "timestamp": "1694037519027", "position": {"x": 910, "y": 36}}, {"event_name": "mousemove", "timestamp": "1694037519045", "position": {"x": 912, "y": 36}}, {"event_name": "mousedown", "timestamp": "1694037519454", "position": {"x": 912, "y": 36}}, {"event_name": "mouseup", "timestamp": "1694037519542", "position": {"x": 912, "y": 36}}, {"event_name": "click", "timestamp": "1694037519542", "position": {"x": 912, "y": 36}}, {"event_name": "beforeunload", "timestamp": "1694037519547", "position": {"x": 0, "y": 0}}, {"event_name": "load", "timestamp": "1694037522303", "position": {"x": 0, "y": 0}}, {"event_name": "pageshow", "timestamp": "1694037522304", "position": {"x": 0, "y": 0}}, {"event_name": "mouseover", "timestamp": "1694037522584", "position": {"x": 5, "y": 1}}, {"event_name": "mousemove", "timestamp": "1694037522584", "position": {"x": 5, "y": 1}}, {"event_name": "mousemove", "timestamp": "1694037522602", "position": {"x": 13, "y": 3}}, {"event_name": "mousemove", "timestamp": "1694037522621", "position": {"x": 17, "y": 4}}, {"event_name": "mousemove", "timestamp": "1694037522640", "position": {"x": 22, "y": 5}}, {"event_name": "mousemove", "timestamp": "1694037522660", "position": {"x": 28, "y": 6}}, {"event_name": "mousemove", "timestamp": "1694037522678", "position": {"x": 32, "y": 8}}, {"event_name": "mousemove", "timestamp": "1694037522697", "position": {"x": 38, "y": 7}}, {"event_name": "mousemove", "timestamp": "1694037522717", "position": {"x": 46, "y": 6}}, {"event_name": "mousemove", "timestamp": "1694037522735", "position": {"x": 51, "y": 6}}, {"event_name": "mousemove", "timestamp": "1694037522754", "position": {"x": 57, "y": 7}}, {"event_name": "mousemove", "timestamp": "1694037522774", "position": {"x": 63, "y": 8}}, {"event_name": "mousemove", "timestamp": "1694037522792", "position": {"x": 68, "y": 9}}, {"event_name": "mouseout", "timestamp": "1694037522811", "position": {"x": 73, "y": 9}}, {"event_name": "mouseover", "timestamp": "1694037522812", "position": {"x": 73, "y": 9}}, {"event_name": "mousemove", "timestamp": "1694037522812", "position": {"x": 73, "y": 9}}, {"event_name": "mousemove", "timestamp": "1694037522831", "position": {"x": 79, "y": 10}}, {"event_name": "mousemove", "timestamp": "1694037522849", "position": {"x": 84, "y": 11}}, {"event_name": "mouseout", "timestamp": "1694037522869", "position": {"x": 90, "y": 10}}, {"event_name": "mouseover", "timestamp": "1694037522870", "position": {"x": 90, "y": 10}}, {"event_name": "mousemove", "timestamp": "1694037522871", "position": {"x": 90, "y": 10}}, {"event_name": "mousemove", "timestamp": "1694037522889", "position": {"x": 98, "y": 10}}, {"event_name": "mousemove", "timestamp": "1694037522908", "position": {"x": 103, "y": 10}}, {"event_name": "mousemove", "timestamp": "1694037522927", "position": {"x": 110, "y": 11}}, {"event_name": "mouseout", "timestamp": "1694037522946", "position": {"x": 118, "y": 12}}, {"event_name": "mouseover", "timestamp": "1694037522946", "position": {"x": 118, "y": 12}}, {"event_name": "mousemove", "timestamp": "1694037522947", "position": {"x": 118, "y": 12}}, {"event_name": "mousemove", "timestamp": "1694037522967", "position": {"x": 124, "y": 13}}, {"event_name": "mousemove", "timestamp": "1694037522985", "position": {"x": 130, "y": 10}}, {"event_name": "mouseout", "timestamp": "1694037523002", "position": {"x": 137, "y": 7}}, {"event_name": "mouseover", "timestamp": "1694037523002", "position": {"x": 137, "y": 7}}, {"event_name": "mousemove", "timestamp": "1694037523002", "position": {"x": 137, "y": 7}}, {"event_name": "mousemove", "timestamp": "1694037523020", "position": {"x": 143, "y": 5}}, {"event_name": "mousemove", "timestamp": "1694037523038", "position": {"x": 151, "y": 7}}, {"event_name": "mouseout", "timestamp": "1694037523056", "position": {"x": 161, "y": 9}}, {"event_name": "mouseover", "timestamp": "1694037523056", "position": {"x": 161, "y": 9}}, {"event_name": "mousemove", "timestamp": "1694037523056", "position": {"x": 161, "y": 9}}, {"event_name": "mousemove", "timestamp": "1694037523073", "position": {"x": 169, "y": 12}}, {"event_name": "mousemove", "timestamp": "1694037523091", "position": {"x": 178, "y": 12}}, {"event_name": "mousemove", "timestamp": "1694037523108", "position": {"x": 188, "y": 13}}, {"event_name": "mousemove", "timestamp": "1694037523125", "position": {"x": 197, "y": 14}}, {"event_name": "mousemove", "timestamp": "1694037523144", "position": {"x": 205, "y": 14}}, {"event_name": "mousemove", "timestamp": "1694037523161", "position": {"x": 213, "y": 15}}, {"event_name": "mousemove", "timestamp": "1694037523179", "position": {"x": 221, "y": 16}}, {"event_name": "mousemove", "timestamp": "1694037523197", "position": {"x": 228, "y": 15}}, {"event_name": "mousemove", "timestamp": "1694037523214", "position": {"x": 235, "y": 14}}, {"event_name": "mousemove", "timestamp": "1694037523231", "position": {"x": 242, "y": 14}}, {"event_name": "mousemove", "timestamp": "1694037523249", "position": {"x": 251, "y": 14}}, {"event_name": "mousemove", "timestamp": "1694037523266", "position": {"x": 260, "y": 14}}, {"event_name": "mousemove", "timestamp": "1694037523284", "position": {"x": 269, "y": 15}}, {"event_name": "mousemove", "timestamp": "1694037523304", "position": {"x": 278, "y": 15}}, {"event_name": "mousemove", "timestamp": "1694037523321", "position": {"x": 287, "y": 15}}, {"event_name": "mousemove", "timestamp": "1694037523339", "position": {"x": 294, "y": 16}}, {"event_name": "mousemove", "timestamp": "1694037523356", "position": {"x": 304, "y": 16}}, {"event_name": "mousemove", "timestamp": "1694037523374", "position": {"x": 315, "y": 16}}, {"event_name": "mousemove", "timestamp": "1694037523391", "position": {"x": 324, "y": 16}}, {"event_name": "mousemove", "timestamp": "1694037523408", "position": {"x": 332, "y": 14}}, {"event_name": "mousemove", "timestamp": "1694037523426", "position": {"x": 341, "y": 13}}, {"event_name": "mousemove", "timestamp": "1694037523444", "position": {"x": 349, "y": 12}}, {"event_name": "mousemove", "timestamp": "1694037523462", "position": {"x": 359, "y": 12}}, {"event_name": "mouseout", "timestamp": "1694037523479", "position": {"x": 370, "y": 12}}, {"event_name": "mouseover", "timestamp": "1694037523479", "position": {"x": 370, "y": 12}}, {"event_name": "mousemove", "timestamp": "1694037523479", "position": {"x": 370, "y": 12}}, {"event_name": "mousemove", "timestamp": "1694037523496", "position": {"x": 379, "y": 13}}, {"event_name": "mousemove", "timestamp": "1694037523514", "position": {"x": 388, "y": 14}}, {"event_name": "mousemove", "timestamp": "1694037523531", "position": {"x": 399, "y": 15}}, {"event_name": "mousemove", "timestamp": "1694037523548", "position": {"x": 408, "y": 17}}, {"event_name": "mousemove", "timestamp": "1694037523567", "position": {"x": 419, "y": 18}}, {"event_name": "mousemove", "timestamp": "1694037523583", "position": {"x": 429, "y": 19}}, {"event_name": "mousemove", "timestamp": "1694037523601", "position": {"x": 439, "y": 20}}, {"event_name": "mousemove", "timestamp": "1694037523619", "position": {"x": 449, "y": 18}}, {"event_name": "mouseout", "timestamp": "1694037523637", "position": {"x": 460, "y": 17}}, {"event_name": "mouseover", "timestamp": "1694037523637", "position": {"x": 460, "y": 17}}, {"event_name": "mousemove", "timestamp": "1694037523637", "position": {"x": 460, "y": 17}}, {"event_name": "mousemove", "timestamp": "1694037523654", "position": {"x": 469, "y": 17}}, {"event_name": "mousemove", "timestamp": "1694037523672", "position": {"x": 480, "y": 18}}, {"event_name": "mousemove", "timestamp": "1694037523689", "position": {"x": 492, "y": 19}}, {"event_name": "mousemove", "timestamp": "1694037523707", "position": {"x": 503, "y": 21}}, {"event_name": "mousemove", "timestamp": "1694037523725", "position": {"x": 513, "y": 19}}, {"event_name": "mousemove", "timestamp": "1694037523743", "position": {"x": 524, "y": 17}}, {"event_name": "mousemove", "timestamp": "1694037523761", "position": {"x": 533, "y": 16}}, {"event_name": "mousemove", "timestamp": "1694037523780", "position": {"x": 545, "y": 14}}, {"event_name": "mousemove", "timestamp": "1694037523798", "position": {"x": 558, "y": 12}}, {"event_name": "mousemove", "timestamp": "1694037523817", "position": {"x": 568, "y": 11}}, {"event_name": "mousemove", "timestamp": "1694037523836", "position": {"x": 580, "y": 11}}, {"event_name": "mousemove", "timestamp": "1694037523854", "position": {"x": 594, "y": 12}}, {"event_name": "mousemove", "timestamp": "1694037523872", "position": {"x": 605, "y": 13}}, {"event_name": "mousemove", "timestamp": "1694037523892", "position": {"x": 618, "y": 10}}, {"event_name": "mousemove", "timestamp": "1694037523910", "position": {"x": 632, "y": 8}}, {"event_name": "mouseout", "timestamp": "1694037523929", "position": {"x": 644, "y": 6}}, {"event_name": "mouseover", "timestamp": "1694037523929", "position": {"x": 644, "y": 6}}, {"event_name": "mousemove", "timestamp": "1694037523929", "position": {"x": 644, "y": 6}}, {"event_name": "mousemove", "timestamp": "1694037523948", "position": {"x": 656, "y": 5}}, {"event_name": "mousemove", "timestamp": "1694037523967", "position": {"x": 668, "y": 4}}, {"event_name": "mousemove", "timestamp": "1694037523985", "position": {"x": 678, "y": 4}}, {"event_name": "mousemove", "timestamp": "1694037524004", "position": {"x": 689, "y": 4}}, {"event_name": "mousemove", "timestamp": "1694037524023", "position": {"x": 701, "y": 4}}, {"event_name": "mousemove", "timestamp": "1694037524042", "position": {"x": 711, "y": 5}}, {"event_name": "mousemove", "timestamp": "1694037524060", "position": {"x": 721, "y": 5}}, {"event_name": "mousemove", "timestamp": "1694037524079", "position": {"x": 732, "y": 5}}, {"event_name": "mousemove", "timestamp": "1694037524098", "position": {"x": 742, "y": 5}}, {"event_name": "mousemove", "timestamp": "1694037524116", "position": {"x": 754, "y": 5}}, {"event_name": "mousemove", "timestamp": "1694037524134", "position": {"x": 767, "y": 5}}, {"event_name": "mousemove", "timestamp": "1694037524151", "position": {"x": 778, "y": 5}}, {"event_name": "mousemove", "timestamp": "1694037524169", "position": {"x": 790, "y": 4}}, {"event_name": "mousemove", "timestamp": "1694037524187", "position": {"x": 803, "y": 3}}, {"event_name": "mousemove", "timestamp": "1694037524204", "position": {"x": 814, "y": 3}}, {"event_name": "mousemove", "timestamp": "1694037524224", "position": {"x": 826, "y": 4}}, {"event_name": "mousemove", "timestamp": "1694037524242", "position": {"x": 839, "y": 6}}, {"event_name": "mouseout", "timestamp": "1694037524259", "position": {"x": 851, "y": 8}}, {"event_name": "mouseover", "timestamp": "1694037524259", "position": {"x": 851, "y": 8}}, {"event_name": "mousemove", "timestamp": "1694037524260", "position": {"x": 851, "y": 8}}, {"event_name": "mouseout", "timestamp": "1694037524277", "position": {"x": 860, "y": 8}}, {"event_name": "mouseover", "timestamp": "1694037524278", "position": {"x": 860, "y": 8}}, {"event_name": "mousemove", "timestamp": "1694037524278", "position": {"x": 860, "y": 8}}, {"event_name": "mousemove", "timestamp": "1694037524296", "position": {"x": 870, "y": 8}}, {"event_name": "mousemove", "timestamp": "1694037524314", "position": {"x": 879, "y": 8}}, {"event_name": "mousemove", "timestamp": "1694037524331", "position": {"x": 886, "y": 9}}, {"event_name": "mousemove", "timestamp": "1694037524349", "position": {"x": 893, "y": 10}}, {"event_name": "mousemove", "timestamp": "1694037524366", "position": {"x": 899, "y": 11}}, {"event_name": "mousemove", "timestamp": "1694037524384", "position": {"x": 905, "y": 12}}, {"event_name": "mousemove", "timestamp": "1694037524402", "position": {"x": 912, "y": 14}}, {"event_name": "mousemove", "timestamp": "1694037524419", "position": {"x": 918, "y": 16}}, {"event_name": "mousemove", "timestamp": "1694037524437", "position": {"x": 923, "y": 15}}, {"event_name": "mousemove", "timestamp": "1694037524455", "position": {"x": 928, "y": 14}}, {"event_name": "mousemove", "timestamp": "1694037524473", "position": {"x": 933, "y": 14}}, {"event_name": "mousemove", "timestamp": "1694037524490", "position": {"x": 939, "y": 14}}, {"event_name": "mousemove", "timestamp": "1694037524508", "position": {"x": 945, "y": 14}}, {"event_name": "mousemove", "timestamp": "1694037524527", "position": {"x": 951, "y": 14}}, {"event_name": "mousemove", "timestamp": "1694037524545", "position": {"x": 954, "y": 11}}, {"event_name": "mousemove", "timestamp": "1694037524563", "position": {"x": 958, "y": 9}}, {"event_name": "mouseout", "timestamp": "1694037524583", "position": {"x": 962, "y": 8}}, {"event_name": "mouseover", "timestamp": "1694037524583", "position": {"x": 962, "y": 8}}, {"event_name": "mousemove", "timestamp": "1694037524585", "position": {"x": 962, "y": 8}}, {"event_name": "mousemove", "timestamp": "1694037524603", "position": {"x": 965, "y": 8}}, {"event_name": "mousemove", "timestamp": "1694037524621", "position": {"x": 968, "y": 9}}, {"event_name": "mousemove", "timestamp": "1694037524638", "position": {"x": 971, "y": 10}}, {"event_name": "mousemove", "timestamp": "1694037524656", "position": {"x": 973, "y": 10}}, {"event_name": "mousemove", "timestamp": "1694037524674", "position": {"x": 975, "y": 10}}, {"event_name": "mousemove", "timestamp": "1694037524691", "position": {"x": 978, "y": 11}}, {"event_name": "mousemove", "timestamp": "1694037524709", "position": {"x": 979, "y": 11}}, {"event_name": "mousemove", "timestamp": "1694037524728", "position": {"x": 981, "y": 11}}, {"event_name": "mousemove", "timestamp": "1694037524745", "position": {"x": 983, "y": 11}}, {"event_name": "mousemove", "timestamp": "1694037524764", "position": {"x": 986, "y": 11}}, {"event_name": "mousemove", "timestamp": "1694037524783", "position": {"x": 989, "y": 11}}, {"event_name": "mousemove", "timestamp": "1694037524801", "position": {"x": 992, "y": 12}}, {"event_name": "mousemove", "timestamp": "1694037524819", "position": {"x": 994, "y": 12}}, {"event_name": "mousemove", "timestamp": "1694037524838", "position": {"x": 997, "y": 12}}, {"event_name": "mousemove", "timestamp": "1694037524857", "position": {"x": 999, "y": 12}}, {"event_name": "mousemove", "timestamp": "1694037524876", "position": {"x": 1001, "y": 12}}, {"event_name": "mousemove", "timestamp": "1694037524894", "position": {"x": 1003, "y": 12}}, {"event_name": "mousemove", "timestamp": "1694037524913", "position": {"x": 1005, "y": 13}}, {"event_name": "mousemove", "timestamp": "1694037524949", "position": {"x": 1006, "y": 13}}, {"event_name": "mousemove", "timestamp": "1694037524968", "position": {"x": 1007, "y": 13}}, {"event_name": "mousedown", "timestamp": "1694037525117", "position": {"x": 1007, "y": 13}}, {"event_name": "mouseup", "timestamp": "1694037525205", "position": {"x": 1007, "y": 13}}, {"event_name": "click", "timestamp": "1694037525205", "position": {"x": 1007, "y": 13}}, {"event_name": "beforeunload", "timestamp": "1694037525211", "position": {"x": 0, "y": 0}}, {"event_name": "load", "timestamp": "1694037525302", "position": {"x": 0, "y": 0}}, {"event_name": "pageshow", "timestamp": "1694037525303", "position": {"x": 0, "y": 0}}, {"event_name": "beforeunload", "timestamp": "1694037527798", "position": {"x": 0, "y": 0}}, {"event_name": "focus", "timestamp": "1694037527934", "position": {"x": 0, "y": 0}}, {"event_name": "load", "timestamp": "1694037527936", "position": {"x": 0, "y": 0}}, {"event_name": "pageshow", "timestamp": "1694037527936", "position": {"x": 0, "y": 0}}, {"event_name": "mouseover", "timestamp": "1694037528509", "position": {"x": 46, "y": 0}}, {"event_name": "mousemove", "timestamp": "1694037528510", "position": {"x": 46, "y": 0}}, {"event_name": "mouseout", "timestamp": "1694037528528", "position": {"x": 92, "y": 0}}, {"event_name": "mouseover", "timestamp": "1694037528528", "position": {"x": 92, "y": 0}}, {"event_name": "mousemove", "timestamp": "1694037528528", "position": {"x": 92, "y": 0}}, {"event_name": "mousemove", "timestamp": "1694037528545", "position": {"x": 129, "y": 1}}, {"event_name": "mousemove", "timestamp": "1694037528563", "position": {"x": 156, "y": 1}}, {"event_name": "mousemove", "timestamp": "1694037528580", "position": {"x": 185, "y": 1}}, {"event_name": "mousemove", "timestamp": "1694037528598", "position": {"x": 209, "y": 2}}, {"event_name": "mousemove", "timestamp": "1694037528616", "position": {"x": 219, "y": 1}}, {"event_name": "mousemove", "timestamp": "1694037528633", "position": {"x": 230, "y": 1}}, {"event_name": "mousemove", "timestamp": "1694037528650", "position": {"x": 239, "y": 1}}, {"event_name": "mousemove", "timestamp": "1694037528667", "position": {"x": 256, "y": 1}}, {"event_name": "mousemove", "timestamp": "1694037528685", "position": {"x": 274, "y": 2}}, {"event_name": "mousemove", "timestamp": "1694037528703", "position": {"x": 290, "y": 3}}, {"event_name": "mousemove", "timestamp": "1694037528720", "position": {"x": 299, "y": 4}}, {"event_name": "mousemove", "timestamp": "1694037528738", "position": {"x": 308, "y": 5}}, {"event_name": "mousemove", "timestamp": "1694037528756", "position": {"x": 317, "y": 6}}, {"event_name": "mousemove", "timestamp": "1694037528774", "position": {"x": 326, "y": 4}}, {"event_name": "mousemove", "timestamp": "1694037528791", "position": {"x": 334, "y": 2}}, {"event_name": "mousemove", "timestamp": "1694037528809", "position": {"x": 342, "y": 1}}, {"event_name": "mousemove", "timestamp": "1694037528827", "position": {"x": 353, "y": 1}}, {"event_name": "mousemove", "timestamp": "1694037528844", "position": {"x": 364, "y": 1}}, {"event_name": "mousemove", "timestamp": "1694037528862", "position": {"x": 375, "y": 2}}, {"event_name": "mousemove", "timestamp": "1694037528880", "position": {"x": 388, "y": 1}}, {"event_name": "mousemove", "timestamp": "1694037528898", "position": {"x": 403, "y": 1}}, {"event_name": "mousemove", "timestamp": "1694037528916", "position": {"x": 416, "y": 1}}, {"event_name": "mousemove", "timestamp": "1694037528937", "position": {"x": 427, "y": 1}}, {"event_name": "mousemove", "timestamp": "1694037528955", "position": {"x": 438, "y": 2}}, {"event_name": "mousemove", "timestamp": "1694037528974", "position": {"x": 445, "y": 3}}, {"event_name": "mousemove", "timestamp": "1694037528992", "position": {"x": 455, "y": 3}}, {"event_name": "mousemove", "timestamp": "1694037529010", "position": {"x": 467, "y": 3}}, {"event_name": "mousemove", "timestamp": "1694037529028", "position": {"x": 477, "y": 3}}, {"event_name": "mousemove", "timestamp": "1694037529047", "position": {"x": 489, "y": 2}}, {"event_name": "mousemove", "timestamp": "1694037529065", "position": {"x": 504, "y": 2}}, {"event_name": "mousemove", "timestamp": "1694037529084", "position": {"x": 515, "y": 2}}, {"event_name": "mousemove", "timestamp": "1694037529102", "position": {"x": 527, "y": 1}}, {"event_name": "mousemove", "timestamp": "1694037529121", "position": {"x": 540, "y": 1}}, {"event_name": "mousemove", "timestamp": "1694037529140", "position": {"x": 551, "y": 1}}, {"event_name": "mousemove", "timestamp": "1694037529158", "position": {"x": 574, "y": 0}}, {"event_name": "mousemove", "timestamp": "1694037529176", "position": {"x": 601, "y": 0}}, {"event_name": "mousemove", "timestamp": "1694037529195", "position": {"x": 621, "y": 0}}, {"event_name": "mousemove", "timestamp": "1694037529214", "position": {"x": 635, "y": 2}}, {"event_name": "mousemove", "timestamp": "1694037529233", "position": {"x": 649, "y": 5}}, {"event_name": "mousemove", "timestamp": "1694037529252", "position": {"x": 660, "y": 7}}, {"event_name": "mousemove", "timestamp": "1694037529270", "position": {"x": 672, "y": 7}}, {"event_name": "mouseout", "timestamp": "1694037529289", "position": {"x": 685, "y": 8}}, {"event_name": "mouseover", "timestamp": "1694037529289", "position": {"x": 685, "y": 8}}, {"event_name": "mousemove", "timestamp": "1694037529289", "position": {"x": 685, "y": 8}}, {"event_name": "mousemove", "timestamp": "1694037529308", "position": {"x": 696, "y": 9}}, {"event_name": "mousemove", "timestamp": "1694037529327", "position": {"x": 710, "y": 8}}, {"event_name": "mouseout", "timestamp": "1694037529346", "position": {"x": 726, "y": 7}}, {"event_name": "mouseover", "timestamp": "1694037529346", "position": {"x": 726, "y": 7}}, {"event_name": "mousemove", "timestamp": "1694037529347", "position": {"x": 726, "y": 7}}, {"event_name": "mousemove", "timestamp": "1694037529364", "position": {"x": 738, "y": 7}}, {"event_name": "mousemove", "timestamp": "1694037529382", "position": {"x": 750, "y": 5}}, {"event_name": "mousemove", "timestamp": "1694037529401", "position": {"x": 763, "y": 3}}, {"event_name": "mousemove", "timestamp": "1694037529418", "position": {"x": 775, "y": 2}}, {"event_name": "mousemove", "timestamp": "1694037529435", "position": {"x": 825, "y": 2}}, {"event_name": "mousemove", "timestamp": "1694037529453", "position": {"x": 876, "y": 2}}, {"event_name": "mousemove", "timestamp": "1694037529471", "position": {"x": 924, "y": 3}}, {"event_name": "mousemove", "timestamp": "1694037529489", "position": {"x": 935, "y": 5}}, {"event_name": "mousemove", "timestamp": "1694037529506", "position": {"x": 947, "y": 7}}, {"event_name": "mouseout", "timestamp": "1694037529525", "position": {"x": 958, "y": 10}}, {"event_name": "mouseover", "timestamp": "1694037529525", "position": {"x": 958, "y": 10}}, {"event_name": "mousemove", "timestamp": "1694037529527", "position": {"x": 958, "y": 10}}, {"event_name": "mouseout", "timestamp": "1694037529546", "position": {"x": 969, "y": 12}}, {"event_name": "mouseover", "timestamp": "1694037529547", "position": {"x": 969, "y": 12}}, {"event_name": "mousemove", "timestamp": "1694037529547", "position": {"x": 969, "y": 12}}, {"event_name": "mousemove", "timestamp": "1694037529565", "position": {"x": 980, "y": 14}}, {"event_name": "mousemove", "timestamp": "1694037529583", "position": {"x": 989, "y": 16}}, {"event_name": "mousemove", "timestamp": "1694037529601", "position": {"x": 997, "y": 16}}, {"event_name": "mousemove", "timestamp": "1694037529618", "position": {"x": 1006, "y": 16}}, {"event_name": "mousemove", "timestamp": "1694037529636", "position": {"x": 1015, "y": 16}}, {"event_name": "mousemove", "timestamp": "1694037529654", "position": {"x": 1021, "y": 17}}, {"event_name": "mousemove", "timestamp": "1694037529671", "position": {"x": 1027, "y": 18}}, {"event_name": "mousemove", "timestamp": "1694037529689", "position": {"x": 1034, "y": 20}}, {"event_name": "mousemove", "timestamp": "1694037529706", "position": {"x": 1040, "y": 20}}, {"event_name": "mousemove", "timestamp": "1694037529724", "position": {"x": 1046, "y": 20}}, {"event_name": "mousemove", "timestamp": "1694037529742", "position": {"x": 1052, "y": 21}}, {"event_name": "mousemove", "timestamp": "1694037529760", "position": {"x": 1057, "y": 20}}, {"event_name": "mouseout", "timestamp": "1694037529780", "position": {"x": 1062, "y": 19}}, {"event_name": "mouseover", "timestamp": "1694037529780", "position": {"x": 1062, "y": 19}}, {"event_name": "mousemove", "timestamp": "1694037529780", "position": {"x": 1062, "y": 19}}, {"event_name": "mousemove", "timestamp": "1694037529797", "position": {"x": 1066, "y": 19}}, {"event_name": "mousemove", "timestamp": "1694037529815", "position": {"x": 1072, "y": 20}}, {"event_name": "mousemove", "timestamp": "1694037529833", "position": {"x": 1078, "y": 22}}, {"event_name": "mousemove", "timestamp": "1694037529850", "position": {"x": 1084, "y": 24}}, {"event_name": "mousemove", "timestamp": "1694037529868", "position": {"x": 1089, "y": 24}}, {"event_name": "mousemove", "timestamp": "1694037529886", "position": {"x": 1094, "y": 24}}, {"event_name": "mousemove", "timestamp": "1694037529903", "position": {"x": 1099, "y": 25}}, {"event_name": "mousemove", "timestamp": "1694037529921", "position": {"x": 1102, "y": 26}}, {"event_name": "mousemove", "timestamp": "1694037529938", "position": {"x": 1106, "y": 27}}, {"event_name": "mousemove", "timestamp": "1694037529956", "position": {"x": 1109, "y": 29}}, {"event_name": "mousemove", "timestamp": "1694037529973", "position": {"x": 1111, "y": 27}}, {"event_name": "mousemove", "timestamp": "1694037529991", "position": {"x": 1113, "y": 26}}, {"event_name": "mousemove", "timestamp": "1694037530009", "position": {"x": 1115, "y": 25}}, {"event_name": "mousemove", "timestamp": "1694037530027", "position": {"x": 1116, "y": 23}}, {"event_name": "mousemove", "timestamp": "1694037530045", "position": {"x": 1117, "y": 22}}, {"event_name": "mousemove", "timestamp": "1694037530062", "position": {"x": 1118, "y": 22}}, {"event_name": "mousemove", "timestamp": "1694037530079", "position": {"x": 1120, "y": 23}}, {"event_name": "mousemove", "timestamp": "1694037530098", "position": {"x": 1122, "y": 24}}, {"event_name": "mousemove", "timestamp": "1694037530114", "position": {"x": 1124, "y": 25}}, {"event_name": "mousemove", "timestamp": "1694037530132", "position": {"x": 1126, "y": 25}}, {"event_name": "mousemove", "timestamp": "1694037530150", "position": {"x": 1128, "y": 25}}, {"event_name": "mousemove", "timestamp": "1694037530168", "position": {"x": 1130, "y": 26}}, {"event_name": "mousemove", "timestamp": "1694037530202", "position": {"x": 1131, "y": 27}}, {"event_name": "mousemove", "timestamp": "1694037530224", "position": {"x": 1132, "y": 28}}, {"event_name": "mousedown", "timestamp": "1694037530413", "position": {"x": 1132, "y": 28}}, {"event_name": "mouseup", "timestamp": "1694037530491", "position": {"x": 1132, "y": 28}}, {"event_name": "click", "timestamp": "1694037530491", "position": {"x": 1132, "y": 28}}, {"event_name": "beforeunload", "timestamp": "1694037530492", "position": {"x": 0, "y": 0}}, {"event_name": "load", "timestamp": "1694037533361", "position": {"x": 0, "y": 0}}, {"event_name": "pageshow", "timestamp": "1694037533361", "position": {"x": 0, "y": 0}}, {"event_name": "scroll", "timestamp": "1694037535732", "position": {"x": 0, "y": 0}}, {"event_name": "mouseover", "timestamp": "1694037536136", "position": {"x": 0, "y": 516}}, {"event_name": "mousemove", "timestamp": "1694037536136", "position": {"x": 0, "y": 516}}, {"event_name": "mousemove", "timestamp": "1694037536154", "position": {"x": 1, "y": 520}}, {"event_name": "mousemove", "timestamp": "1694037536172", "position": {"x": 2, "y": 522}}, {"event_name": "mousemove", "timestamp": "1694037536189", "position": {"x": 3, "y": 525}}, {"event_name": "mousemove", "timestamp": "1694037536207", "position": {"x": 5, "y": 529}}, {"event_name": "mousemove", "timestamp": "1694037536224", "position": {"x": 7, "y": 532}}, {"event_name": "mousemove", "timestamp": "1694037536243", "position": {"x": 7, "y": 535}}, {"event_name": "mousemove", "timestamp": "1694037536260", "position": {"x": 7, "y": 538}}, {"event_name": "mousemove", "timestamp": "1694037536278", "position": {"x": 7, "y": 541}}, {"event_name": "mousemove", "timestamp": "1694037536297", "position": {"x": 9, "y": 544}}, {"event_name": "mousemove", "timestamp": "1694037536315", "position": {"x": 12, "y": 546}}, {"event_name": "mousemove", "timestamp": "1694037536333", "position": {"x": 14, "y": 549}}, {"event_name": "mousemove", "timestamp": "1694037536351", "position": {"x": 15, "y": 553}}, {"event_name": "mousemove", "timestamp": "1694037536369", "position": {"x": 17, "y": 557}}, {"event_name": "mousemove", "timestamp": "1694037536387", "position": {"x": 19, "y": 561}}, {"event_name": "mousemove", "timestamp": "1694037536405", "position": {"x": 20, "y": 566}}, {"event_name": "mouseout", "timestamp": "1694037536422", "position": {"x": 21, "y": 572}}, {"event_name": "mouseover", "timestamp": "1694037536422", "position": {"x": 21, "y": 572}}, {"event_name": "mousemove", "timestamp": "1694037536423", "position": {"x": 21, "y": 572}}, {"event_name": "mousemove", "timestamp": "1694037536441", "position": {"x": 22, "y": 577}}, {"event_name": "mousemove", "timestamp": "1694037536461", "position": {"x": 25, "y": 580}}, {"event_name": "mousemove", "timestamp": "1694037536479", "position": {"x": 29, "y": 583}}, {"event_name": "mousemove", "timestamp": "1694037536497", "position": {"x": 32, "y": 586}}, {"event_name": "mousemove", "timestamp": "1694037536515", "position": {"x": 33, "y": 590}}, {"event_name": "mousemove", "timestamp": "1694037536533", "position": {"x": 34, "y": 594}}, {"event_name": "mousemove", "timestamp": "1694037536551", "position": {"x": 35, "y": 598}}, {"event_name": "mousemove", "timestamp": "1694037536569", "position": {"x": 36, "y": 604}}, {"event_name": "mousemove", "timestamp": "1694037536586", "position": {"x": 38, "y": 611}}, {"event_name": "mousemove", "timestamp": "1694037536604", "position": {"x": 40, "y": 618}}, {"event_name": "mousemove", "timestamp": "1694037536623", "position": {"x": 41, "y": 622}}, {"event_name": "mousemove", "timestamp": "1694037536640", "position": {"x": 43, "y": 628}}, {"event_name": "mousemove", "timestamp": "1694037536659", "position": {"x": 45, "y": 632}}, {"event_name": "mousemove", "timestamp": "1694037536677", "position": {"x": 46, "y": 636}}, {"event_name": "mousemove", "timestamp": "1694037536695", "position": {"x": 47, "y": 641}}, {"event_name": "mousemove", "timestamp": "1694037536714", "position": {"x": 48, "y": 646}}, {"event_name": "mousemove", "timestamp": "1694037536732", "position": {"x": 48, "y": 651}}, {"event_name": "mousemove", "timestamp": "1694037536751", "position": {"x": 48, "y": 658}}, {"event_name": "mousemove", "timestamp": "1694037536769", "position": {"x": 49, "y": 663}}, {"event_name": "mousemove", "timestamp": "1694037536787", "position": {"x": 50, "y": 669}}, {"event_name": "mousemove", "timestamp": "1694037536806", "position": {"x": 51, "y": 675}}, {"event_name": "mousemove", "timestamp": "1694037536825", "position": {"x": 53, "y": 681}}, {"event_name": "mousemove", "timestamp": "1694037536843", "position": {"x": 54, "y": 685}}, {"event_name": "mousemove", "timestamp": "1694037536861", "position": {"x": 55, "y": 690}}, {"event_name": "mousemove", "timestamp": "1694037536879", "position": {"x": 56, "y": 694}}, {"event_name": "mousemove", "timestamp": "1694037536896", "position": {"x": 57, "y": 702}}, {"event_name": "mousemove", "timestamp": "1694037536914", "position": {"x": 58, "y": 711}}, {"event_name": "mousemove", "timestamp": "1694037536931", "position": {"x": 60, "y": 719}}, {"event_name": "mousemove", "timestamp": "1694037536948", "position": {"x": 60, "y": 725}}, {"event_name": "mousemove", "timestamp": "1694037536966", "position": {"x": 60, "y": 733}}, {"event_name": "mousemove", "timestamp": "1694037536983", "position": {"x": 61, "y": 739}}, {"event_name": "mousemove", "timestamp": "1694037537001", "position": {"x": 61, "y": 746}}, {"event_name": "mousemove", "timestamp": "1694037537019", "position": {"x": 62, "y": 754}}, {"event_name": "mousemove", "timestamp": "1694037537036", "position": {"x": 63, "y": 761}}, {"event_name": "mousemove", "timestamp": "1694037537054", "position": {"x": 66, "y": 768}}, {"event_name": "mouseout", "timestamp": "1694037537072", "position": {"x": 70, "y": 777}}, {"event_name": "mouseover", "timestamp": "1694037537072", "position": {"x": 70, "y": 777}}, {"event_name": "mousemove", "timestamp": "1694037537073", "position": {"x": 70, "y": 777}}, {"event_name": "mousemove", "timestamp": "1694037537090", "position": {"x": 74, "y": 784}}, {"event_name": "mousemove", "timestamp": "1694037537111", "position": {"x": 76, "y": 792}}, {"event_name": "mousemove", "timestamp": "1694037537129", "position": {"x": 78, "y": 800}}, {"event_name": "mousemove", "timestamp": "1694037537147", "position": {"x": 80, "y": 806}}, {"event_name": "mousemove", "timestamp": "1694037537166", "position": {"x": 82, "y": 814}}, {"event_name": "mousemove", "timestamp": "1694037537184", "position": {"x": 84, "y": 824}}, {"event_name": "mouseout", "timestamp": "1694037537203", "position": {"x": 86, "y": 831}}, {"event_name": "mouseover", "timestamp": "1694037537203", "position": {"x": 86, "y": 831}}, {"event_name": "mousemove", "timestamp": "1694037537203", "position": {"x": 86, "y": 831}}, {"event_name": "mousemove", "timestamp": "1694037537221", "position": {"x": 86, "y": 838}}, {"event_name": "mousemove", "timestamp": "1694037537240", "position": {"x": 87, "y": 845}}, {"event_name": "mousemove", "timestamp": "1694037537258", "position": {"x": 88, "y": 851}}, {"event_name": "mousemove", "timestamp": "1694037537277", "position": {"x": 88, "y": 860}}, {"event_name": "mousemove", "timestamp": "1694037537296", "position": {"x": 88, "y": 869}}, {"event_name": "mousemove", "timestamp": "1694037537314", "position": {"x": 89, "y": 876}}, {"event_name": "mousemove", "timestamp": "1694037537333", "position": {"x": 89, "y": 880}}, {"event_name": "mousemove", "timestamp": "1694037537351", "position": {"x": 90, "y": 886}}, {"event_name": "mousemove", "timestamp": "1694037537369", "position": {"x": 91, "y": 890}}, {"event_name": "mouseout", "timestamp": "1694037537389", "position": {"x": 91, "y": 894}}, {"event_name": "mouseover", "timestamp": "1694037537389", "position": {"x": 91, "y": 894}}, {"event_name": "mousemove", "timestamp": "1694037537390", "position": {"x": 91, "y": 894}}, {"event_name": "mousemove", "timestamp": "1694037537408", "position": {"x": 92, "y": 899}}, {"event_name": "mousemove", "timestamp": "1694037537426", "position": {"x": 93, "y": 903}}, {"event_name": "mousemove", "timestamp": "1694037537445", "position": {"x": 93, "y": 907}}, {"event_name": "mousemove", "timestamp": "1694037537462", "position": {"x": 93, "y": 911}}, {"event_name": "mouseout", "timestamp": "1694037537480", "position": {"x": 94, "y": 915}}, {"event_name": "mouseover", "timestamp": "1694037537480", "position": {"x": 94, "y": 915}}, {"event_name": "mousemove", "timestamp": "1694037537481", "position": {"x": 94, "y": 915}}, {"event_name": "mousemove", "timestamp": "1694037537498", "position": {"x": 94, "y": 916}}, {"event_name": "mousemove", "timestamp": "1694037537515", "position": {"x": 94, "y": 917}}, {"event_name": "mousemove", "timestamp": "1694037537533", "position": {"x": 95, "y": 918}}, {"event_name": "mousedown", "timestamp": "1694037537688", "position": {"x": 95, "y": 918}}, {"event_name": "mouseup", "timestamp": "1694037537802", "position": {"x": 95, "y": 918}}, {"event_name": "click", "timestamp": "1694037537802", "position": {"x": 95, "y": 918}}, {"event_name": "beforeunload", "timestamp": "1694037537805", "position": {"x": 0, "y": 0}}, {"event_name": "load", "timestamp": "1694037538006", "position": {"x": 0, "y": 0}}, {"event_name": "pageshow", "timestamp": "1694037538007", "position": {"x": 0, "y": 0}}, {"event_name": "beforeunload", "timestamp": "1694037539854", "position": {"x": 0, "y": 0}}, {"event_name": "focus", "timestamp": "1694037539949", "position": {"x": 0, "y": 0}}, {"event_name": "load", "timestamp": "1694037539950", "position": {"x": 0, "y": 0}}, {"event_name": "pageshow", "timestamp": "1694037539950", "position": {"x": 0, "y": 0}}, {"event_name": "scroll", "timestamp": "1694037541732", "position": {"x": 0, "y": 0}}, {"event_name": "scroll", "timestamp": "1694037541743", "position": {"x": 0, "y": 0}}, {"event_name": "scroll", "timestamp": "1694037542732", "position": {"x": 0, "y": 0}}, {"event_name": "scroll", "timestamp": "1694037543732", "position": {"x": 0, "y": 0}}, {"event_name": "scroll", "timestamp": "1694037545732", "position": {"x": 0, "y": 0}}, {"event_name": "mouseover", "timestamp": "1694037546425", "position": {"x": 1, "y": 1542}}, {"event_name": "mousemove", "timestamp": "1694037546425", "position": {"x": 1, "y": 1542}}, {"event_name": "mousemove", "timestamp": "1694037546443", "position": {"x": 2, "y": 1546}}, {"event_name": "mousemove", "timestamp": "1694037546461", "position": {"x": 3, "y": 1549}}, {"event_name": "mousemove", "timestamp": "1694037546479", "position": {"x": 4, "y": 1552}}, {"event_name": "mousemove", "timestamp": "1694037546497", "position": {"x": 5, "y": 1556}}, {"event_name": "mousemove", "timestamp": "1694037546514", "position": {"x": 7, "y": 1559}}, {"event_name": "mousemove", "timestamp": "1694037546533", "position": {"x": 8, "y": 1562}}, {"event_name": "mousemove", "timestamp": "1694037546552", "position": {"x": 9, "y": 1565}}, {"event_name": "mousemove", "timestamp": "1694037546570", "position": {"x": 10, "y": 1568}}, {"event_name": "mousemove", "timestamp": "1694037546589", "position": {"x": 12, "y": 1572}}, {"event_name": "mousemove", "timestamp": "1694037546608", "position": {"x": 14, "y": 1577}}, {"event_name": "mousemove", "timestamp": "1694037546627", "position": {"x": 16, "y": 1581}}, {"event_name": "mousemove", "timestamp": "1694037546645", "position": {"x": 17, "y": 1585}}, {"event_name": "mousemove", "timestamp": "1694037546664", "position": {"x": 18, "y": 1589}}, {"event_name": "mousemove", "timestamp": "1694037546683", "position": {"x": 19, "y": 1593}}, {"event_name": "mouseout", "timestamp": "1694037546702", "position": {"x": 18, "y": 1598}}, {"event_name": "mouseover", "timestamp": "1694037546703", "position": {"x": 18, "y": 1598}}, {"event_name": "mousemove", "timestamp": "1694037546703", "position": {"x": 18, "y": 1598}}, {"event_name": "mousemove", "timestamp": "1694037546722", "position": {"x": 18, "y": 1604}}, {"event_name": "mousemove", "timestamp": "1694037546740", "position": {"x": 18, "y": 1608}}, {"event_name": "mousemove", "timestamp": "1694037546759", "position": {"x": 20, "y": 1610}}, {"event_name": "mousemove", "timestamp": "1694037546777", "position": {"x": 22, "y": 1612}}, {"event_name": "mousemove", "timestamp": "1694037546796", "position": {"x": 24, "y": 1614}}, {"event_name": "mousemove", "timestamp": "1694037546815", "position": {"x": 24, "y": 1618}}, {"event_name": "mousemove", "timestamp": "1694037546834", "position": {"x": 24, "y": 1623}}, {"event_name": "mousemove", "timestamp": "1694037546852", "position": {"x": 24, "y": 1627}}, {"event_name": "mousemove", "timestamp": "1694037546871", "position": {"x": 27, "y": 1631}}, {"event_name": "mousemove", "timestamp": "1694037546890", "position": {"x": 31, "y": 1636}}, {"event_name": "mousemove", "timestamp": "1694037546908", "position": {"x": 34, "y": 1640}}, {"event_name": "mousemove", "timestamp": "1694037546927", "position": {"x": 35, "y": 1645}}, {"event_name": "mousemove", "timestamp": "1694037546945", "position": {"x": 36, "y": 1651}}, {"event_name": "mousemove", "timestamp": "1694037546963", "position": {"x": 38, "y": 1656}}, {"event_name": "mousemove", "timestamp": "1694037546981", "position": {"x": 40, "y": 1661}}, {"event_name": "mousemove", "timestamp": "1694037546998", "position": {"x": 42, "y": 1665}}, {"event_name": "mousemove", "timestamp": "1694037547016", "position": {"x": 45, "y": 1670}}, {"event_name": "mousemove", "timestamp": "1694037547035", "position": {"x": 46, "y": 1677}}, {"event_name": "mousemove", "timestamp": "1694037547053", "position": {"x": 48, "y": 1685}}, {"event_name": "mousemove", "timestamp": "1694037547073", "position": {"x": 50, "y": 1691}}, {"event_name": "mousemove", "timestamp": "1694037547092", "position": {"x": 52, "y": 1695}}, {"event_name": "mousemove", "timestamp": "1694037547110", "position": {"x": 54, "y": 1700}}, {"event_name": "mousemove", "timestamp": "1694037547128", "position": {"x": 57, "y": 1704}}, {"event_name": "mousemove", "timestamp": "1694037547146", "position": {"x": 58, "y": 1711}}, {"event_name": "mousemove", "timestamp": "1694037547164", "position": {"x": 59, "y": 1719}}, {"event_name": "mousemove", "timestamp": "1694037547182", "position": {"x": 60, "y": 1725}}, {"event_name": "mousemove", "timestamp": "1694037547201", "position": {"x": 60, "y": 1732}}, {"event_name": "mousemove", "timestamp": "1694037547218", "position": {"x": 60, "y": 1740}}, {"event_name": "mousemove", "timestamp": "1694037547237", "position": {"x": 61, "y": 1746}}, {"event_name": "mousemove", "timestamp": "1694037547254", "position": {"x": 61, "y": 1752}}, {"event_name": "mousemove", "timestamp": "1694037547272", "position": {"x": 62, "y": 1758}}, {"event_name": "mousemove", "timestamp": "1694037547289", "position": {"x": 63, "y": 1764}}, {"event_name": "mousemove", "timestamp": "1694037547306", "position": {"x": 65, "y": 1770}}, {"event_name": "mousemove", "timestamp": "1694037547324", "position": {"x": 67, "y": 1776}}, {"event_name": "mousemove", "timestamp": "1694037547342", "position": {"x": 69, "y": 1783}}, {"event_name": "mouseout", "timestamp": "1694037547359", "position": {"x": 70, "y": 1790}}, {"event_name": "mouseover", "timestamp": "1694037547359", "position": {"x": 70, "y": 1790}}, {"event_name": "mousemove", "timestamp": "1694037547359", "position": {"x": 70, "y": 1790}}, {"event_name": "mousemove", "timestamp": "1694037547376", "position": {"x": 72, "y": 1797}}, {"event_name": "mousemove", "timestamp": "1694037547394", "position": {"x": 74, "y": 1804}}, {"event_name": "mousemove", "timestamp": "1694037547413", "position": {"x": 75, "y": 1812}}, {"event_name": "mousemove", "timestamp": "1694037547430", "position": {"x": 77, "y": 1822}}, {"event_name": "mousemove", "timestamp": "1694037547449", "position": {"x": 79, "y": 1830}}, {"event_name": "mousemove", "timestamp": "1694037547468", "position": {"x": 80, "y": 1838}}, {"event_name": "mousemove", "timestamp": "1694037547486", "position": {"x": 82, "y": 1847}}, {"event_name": "mousemove", "timestamp": "1694037547505", "position": {"x": 84, "y": 1854}}, {"event_name": "mouseout", "timestamp": "1694037547523", "position": {"x": 87, "y": 1860}}, {"event_name": "mouseover", "timestamp": "1694037547523", "position": {"x": 87, "y": 1860}}, {"event_name": "mousemove", "timestamp": "1694037547524", "position": {"x": 87, "y": 1860}}, {"event_name": "mousemove", "timestamp": "1694037547542", "position": {"x": 90, "y": 1868}}, {"event_name": "mousemove", "timestamp": "1694037547560", "position": {"x": 93, "y": 1874}}, {"event_name": "mousemove", "timestamp": "1694037547577", "position": {"x": 94, "y": 1879}}, {"event_name": "mousemove", "timestamp": "1694037547596", "position": {"x": 95, "y": 1884}}, {"event_name": "mousemove", "timestamp": "1694037547614", "position": {"x": 96, "y": 1889}}, {"event_name": "mousemove", "timestamp": "1694037547633", "position": {"x": 97, "y": 1893}}, {"event_name": "mousemove", "timestamp": "1694037547651", "position": {"x": 98, "y": 1898}}, {"event_name": "mousemove", "timestamp": "1694037547670", "position": {"x": 99, "y": 1902}}, {"event_name": "mousemove", "timestamp": "1694037547689", "position": {"x": 101, "y": 1908}}, {"event_name": "mousemove", "timestamp": "1694037547707", "position": {"x": 103, "y": 1914}}, {"event_name": "mousemove", "timestamp": "1694037547726", "position": {"x": 105, "y": 1920}}, {"event_name": "mousemove", "timestamp": "1694037547744", "position": {"x": 105, "y": 1925}}, {"event_name": "mouseout", "timestamp": "1694037547763", "position": {"x": 105, "y": 1930}}, {"event_name": "mouseover", "timestamp": "1694037547763", "position": {"x": 105, "y": 1930}}, {"event_name": "mousemove", "timestamp": "1694037547763", "position": {"x": 105, "y": 1930}}, {"event_name": "mousemove", "timestamp": "1694037547781", "position": {"x": 106, "y": 1935}}, {"event_name": "mousemove", "timestamp": "1694037547801", "position": {"x": 106, "y": 1939}}, {"event_name": "mousemove", "timestamp": "1694037547819", "position": {"x": 107, "y": 1944}}, {"event_name": "mouseout", "timestamp": "1694037547837", "position": {"x": 108, "y": 1948}}, {"event_name": "mouseover", "timestamp": "1694037547838", "position": {"x": 108, "y": 1948}}, {"event_name": "mousemove", "timestamp": "1694037547839", "position": {"x": 108, "y": 1948}}, {"event_name": "mousemove", "timestamp": "1694037547858", "position": {"x": 108, "y": 1950}}, {"event_name": "mousemove", "timestamp": "1694037547876", "position": {"x": 108, "y": 1953}}, {"event_name": "mousemove", "timestamp": "1694037547894", "position": {"x": 109, "y": 1955}}, {"event_name": "mousedown", "timestamp": "1694037548125", "position": {"x": 109, "y": 1955}}, {"event_name": "mouseup", "timestamp": "1694037548242", "position": {"x": 109, "y": 1955}}, {"event_name": "click", "timestamp": "1694037548243", "position": {"x": 109, "y": 1955}}, {"event_name": "beforeunload", "timestamp": "1694037548246", "position": {"x": 0, "y": 0}}, {"event_name": "load", "timestamp": "1694037550455", "position": {"x": 0, "y": 0}}, {"event_name": "pageshow", "timestamp": "1694037550455", "position": {"x": 0, "y": 0}}, {"event_name": "scroll", "timestamp": "1694037552733", "position": {"x": 0, "y": 0}}, {"event_name": "scroll", "timestamp": "1694037553024", "position": {"x": 0, "y": 0}}, {"event_name": "scroll", "timestamp": "1694037555732", "position": {"x": 0, "y": 0}}, {"event_name": "mouseover", "timestamp": "1694037557971", "position": {"x": 1, "y": 2034}}, {"event_name": "mousemove", "timestamp": "1694037557971", "position": {"x": 1, "y": 2034}}, {"event_name": "mousemove", "timestamp": "1694037557989", "position": {"x": 2, "y": 2038}}, {"event_name": "mousemove", "timestamp": "1694037558007", "position": {"x": 3, "y": 2040}}, {"event_name": "mousemove", "timestamp": "1694037558024", "position": {"x": 3, "y": 2044}}, {"event_name": "mousemove", "timestamp": "1694037558041", "position": {"x": 3, "y": 2048}}, {"event_name": "mousemove", "timestamp": "1694037558060", "position": {"x": 4, "y": 2052}}, {"event_name": "mousemove", "timestamp": "1694037558077", "position": {"x": 4, "y": 2056}}, {"event_name": "mousemove", "timestamp": "1694037558094", "position": {"x": 4, "y": 2060}}, {"event_name": "mousemove", "timestamp": "1694037558112", "position": {"x": 5, "y": 2064}}, {"event_name": "mousemove", "timestamp": "1694037558129", "position": {"x": 5, "y": 2068}}, {"event_name": "mousemove", "timestamp": "1694037558147", "position": {"x": 5, "y": 2072}}, {"event_name": "mousemove", "timestamp": "1694037558165", "position": {"x": 5, "y": 2077}}, {"event_name": "mousemove", "timestamp": "1694037558183", "position": {"x": 6, "y": 2081}}, {"event_name": "mousemove", "timestamp": "1694037558200", "position": {"x": 7, "y": 2085}}, {"event_name": "mouseout", "timestamp": "1694037558220", "position": {"x": 8, "y": 2089}}, {"event_name": "mouseover", "timestamp": "1694037558220", "position": {"x": 8, "y": 2089}}, {"event_name": "mousemove", "timestamp": "1694037558221", "position": {"x": 8, "y": 2089}}, {"event_name": "mousemove", "timestamp": "1694037558239", "position": {"x": 9, "y": 2092}}, {"event_name": "mousemove", "timestamp": "1694037558257", "position": {"x": 10, "y": 2096}}, {"event_name": "mousemove", "timestamp": "1694037558277", "position": {"x": 11, "y": 2100}}, {"event_name": "mousemove", "timestamp": "1694037558295", "position": {"x": 12, "y": 2104}}, {"event_name": "mousemove", "timestamp": "1694037558313", "position": {"x": 13, "y": 2109}}, {"event_name": "mousemove", "timestamp": "1694037558331", "position": {"x": 14, "y": 2113}}, {"event_name": "mousemove", "timestamp": "1694037558348", "position": {"x": 15, "y": 2118}}, {"event_name": "mousemove", "timestamp": "1694037558366", "position": {"x": 16, "y": 2124}}, {"event_name": "mousemove", "timestamp": "1694037558384", "position": {"x": 17, "y": 2129}}, {"event_name": "mousemove", "timestamp": "1694037558401", "position": {"x": 17, "y": 2135}}, {"event_name": "mousemove", "timestamp": "1694037558419", "position": {"x": 18, "y": 2141}}, {"event_name": "mousemove", "timestamp": "1694037558439", "position": {"x": 19, "y": 2147}}, {"event_name": "mousemove", "timestamp": "1694037558458", "position": {"x": 19, "y": 2152}}, {"event_name": "mousemove", "timestamp": "1694037558476", "position": {"x": 19, "y": 2159}}, {"event_name": "mousemove", "timestamp": "1694037558494", "position": {"x": 20, "y": 2164}}, {"event_name": "mousemove", "timestamp": "1694037558519", "position": {"x": 25, "y": 2171}}, {"event_name": "mousemove", "timestamp": "1694037558540", "position": {"x": 32, "y": 2180}}, {"event_name": "mousemove", "timestamp": "1694037558559", "position": {"x": 34, "y": 2183}}, {"event_name": "mousemove", "timestamp": "1694037558577", "position": {"x": 34, "y": 2189}}, {"event_name": "mousemove", "timestamp": "1694037558595", "position": {"x": 35, "y": 2195}}, {"event_name": "mousemove", "timestamp": "1694037558612", "position": {"x": 36, "y": 2200}}, {"event_name": "mousemove", "timestamp": "1694037558631", "position": {"x": 38, "y": 2205}}, {"event_name": "mousemove", "timestamp": "1694037558650", "position": {"x": 40, "y": 2211}}, {"event_name": "mousemove", "timestamp": "1694037558669", "position": {"x": 42, "y": 2216}}, {"event_name": "mousemove", "timestamp": "1694037558688", "position": {"x": 42, "y": 2221}}, {"event_name": "mousemove", "timestamp": "1694037558706", "position": {"x": 43, "y": 2227}}, {"event_name": "mousemove", "timestamp": "1694037558726", "position": {"x": 44, "y": 2232}}, {"event_name": "mousemove", "timestamp": "1694037558745", "position": {"x": 47, "y": 2238}}, {"event_name": "mousemove", "timestamp": "1694037558764", "position": {"x": 50, "y": 2244}}, {"event_name": "mousemove", "timestamp": "1694037558782", "position": {"x": 53, "y": 2250}}, {"event_name": "mousemove", "timestamp": "1694037558800", "position": {"x": 54, "y": 2257}}, {"event_name": "mousemove", "timestamp": "1694037558819", "position": {"x": 56, "y": 2265}}, {"event_name": "mousemove", "timestamp": "1694037558836", "position": {"x": 58, "y": 2272}}, {"event_name": "mousemove", "timestamp": "1694037558853", "position": {"x": 59, "y": 2277}}, {"event_name": "mousemove", "timestamp": "1694037558871", "position": {"x": 60, "y": 2283}}, {"event_name": "mousemove", "timestamp": "1694037558890", "position": {"x": 62, "y": 2288}}, {"event_name": "mousemove", "timestamp": "1694037558912", "position": {"x": 62, "y": 2297}}, {"event_name": "mousemove", "timestamp": "1694037558930", "position": {"x": 62, "y": 2305}}, {"event_name": "mousemove", "timestamp": "1694037558948", "position": {"x": 62, "y": 2310}}, {"event_name": "mousemove", "timestamp": "1694037558967", "position": {"x": 63, "y": 2317}}, {"event_name": "mousemove", "timestamp": "1694037558987", "position": {"x": 65, "y": 2325}}, {"event_name": "mousemove", "timestamp": "1694037559005", "position": {"x": 67, "y": 2331}}, {"event_name": "mousemove", "timestamp": "1694037559025", "position": {"x": 69, "y": 2339}}, {"event_name": "mouseout", "timestamp": "1694037559044", "position": {"x": 71, "y": 2348}}, {"event_name": "mouseover", "timestamp": "1694037559044", "position": {"x": 71, "y": 2348}}, {"event_name": "mousemove", "timestamp": "1694037559045", "position": {"x": 71, "y": 2348}}, {"event_name": "mousemove", "timestamp": "1694037559063", "position": {"x": 73, "y": 2354}}, {"event_name": "mousemove", "timestamp": "1694037559081", "position": {"x": 74, "y": 2363}}, {"event_name": "mousemove", "timestamp": "1694037559101", "position": {"x": 75, "y": 2372}}, {"event_name": "mousemove", "timestamp": "1694037559120", "position": {"x": 76, "y": 2380}}, {"event_name": "mousemove", "timestamp": "1694037559139", "position": {"x": 77, "y": 2387}}, {"event_name": "mousemove", "timestamp": "1694037559157", "position": {"x": 78, "y": 2396}}, {"event_name": "mousemove", "timestamp": "1694037559175", "position": {"x": 79, "y": 2403}}, {"event_name": "mousemove", "timestamp": "1694037559192", "position": {"x": 78, "y": 2414}}, {"event_name": "mousemove", "timestamp": "1694037559209", "position": {"x": 78, "y": 2426}}, {"event_name": "mousemove", "timestamp": "1694037559227", "position": {"x": 78, "y": 2437}}, {"event_name": "mousemove", "timestamp": "1694037559244", "position": {"x": 79, "y": 2447}}, {"event_name": "mousemove", "timestamp": "1694037559262", "position": {"x": 81, "y": 2458}}, {"event_name": "mousemove", "timestamp": "1694037559280", "position": {"x": 83, "y": 2469}}, {"event_name": "mousemove", "timestamp": "1694037559298", "position": {"x": 82, "y": 2478}}, {"event_name": "mousemove", "timestamp": "1694037559315", "position": {"x": 81, "y": 2488}}, {"event_name": "mousemove", "timestamp": "1694037559332", "position": {"x": 81, "y": 2498}}, {"event_name": "mousemove", "timestamp": "1694037559351", "position": {"x": 81, "y": 2509}}, {"event_name": "mousemove", "timestamp": "1694037559368", "position": {"x": 82, "y": 2522}}, {"event_name": "mousemove", "timestamp": "1694037559385", "position": {"x": 83, "y": 2533}}, {"event_name": "mousemove", "timestamp": "1694037559403", "position": {"x": 82, "y": 2541}}, {"event_name": "mousemove", "timestamp": "1694037559420", "position": {"x": 82, "y": 2549}}, {"event_name": "mousemove", "timestamp": "1694037559437", "position": {"x": 82, "y": 2557}}, {"event_name": "mousemove", "timestamp": "1694037559455", "position": {"x": 84, "y": 2565}}, {"event_name": "mouseout", "timestamp": "1694037559472", "position": {"x": 86, "y": 2573}}, {"event_name": "mouseover", "timestamp": "1694037559472", "position": {"x": 86, "y": 2573}}, {"event_name": "mousemove", "timestamp": "1694037559473", "position": {"x": 86, "y": 2573}}, {"event_name": "mousemove", "timestamp": "1694037559490", "position": {"x": 88, "y": 2581}}, {"event_name": "mousemove", "timestamp": "1694037559508", "position": {"x": 91, "y": 2588}}, {"event_name": "mousemove", "timestamp": "1694037559526", "position": {"x": 95, "y": 2596}}, {"event_name": "mousemove", "timestamp": "1694037559543", "position": {"x": 98, "y": 2603}}, {"event_name": "mousemove", "timestamp": "1694037559561", "position": {"x": 100, "y": 2609}}, {"event_name": "mousemove", "timestamp": "1694037559578", "position": {"x": 102, "y": 2615}}, {"event_name": "mousemove", "timestamp": "1694037559596", "position": {"x": 104, "y": 2621}}, {"event_name": "mousemove", "timestamp": "1694037559614", "position": {"x": 105, "y": 2627}}, {"event_name": "mousemove", "timestamp": "1694037559633", "position": {"x": 106, "y": 2633}}, {"event_name": "mousemove", "timestamp": "1694037559652", "position": {"x": 107, "y": 2639}}, {"event_name": "mousemove", "timestamp": "1694037559670", "position": {"x": 107, "y": 2645}}, {"event_name": "mousemove", "timestamp": "1694037559688", "position": {"x": 107, "y": 2652}}, {"event_name": "mousemove", "timestamp": "1694037559706", "position": {"x": 108, "y": 2658}}, {"event_name": "mouseout", "timestamp": "1694037559723", "position": {"x": 108, "y": 2663}}, {"event_name": "mouseover", "timestamp": "1694037559724", "position": {"x": 108, "y": 2663}}, {"event_name": "mousemove", "timestamp": "1694037559724", "position": {"x": 108, "y": 2663}}, {"event_name": "mousemove", "timestamp": "1694037559743", "position": {"x": 109, "y": 2669}}, {"event_name": "mousemove", "timestamp": "1694037559762", "position": {"x": 110, "y": 2674}}, {"event_name": "mousemove", "timestamp": "1694037559780", "position": {"x": 110, "y": 2676}}, {"event_name": "mouseout", "timestamp": "1694037559799", "position": {"x": 111, "y": 2679}}, {"event_name": "mouseover", "timestamp": "1694037559800", "position": {"x": 111, "y": 2679}}, {"event_name": "mousemove", "timestamp": "1694037559801", "position": {"x": 111, "y": 2679}}, {"event_name": "mousemove", "timestamp": "1694037559819", "position": {"x": 112, "y": 2682}}, {"event_name": "mousedown", "timestamp": "1694037560327", "position": {"x": 112, "y": 2682}}, {"event_name": "mouseup", "timestamp": "1694037560447", "position": {"x": 112, "y": 2682}}, {"event_name": "click", "timestamp": "1694037560447", "position": {"x": 112, "y": 2682}}, {"event_name": "beforeunload", "timestamp": "1694037560449", "position": {"x": 0, "y": 0}}]}