{"user_id": "0e591659-515e-430f-af97-0922ad0030ed", "device": "desktop", "trace": [{"event_name": "focus", "timestamp": "1694040742321", "position": {"x": 0, "y": 0}}, {"event_name": "load", "timestamp": "1694040742322", "position": {"x": 0, "y": 0}}, {"event_name": "pageshow", "timestamp": "1694040742322", "position": {"x": 0, "y": 0}}, {"event_name": "mouseover", "timestamp": "1694040742474", "position": {"x": 16, "y": 0}}, {"event_name": "mousemove", "timestamp": "1694040742474", "position": {"x": 16, "y": 0}}, {"event_name": "mousemove", "timestamp": "1694040742493", "position": {"x": 36, "y": 0}}, {"event_name": "mousemove", "timestamp": "1694040742511", "position": {"x": 46, "y": 1}}, {"event_name": "mousemove", "timestamp": "1694040742529", "position": {"x": 51, "y": 1}}, {"event_name": "mousemove", "timestamp": "1694040742547", "position": {"x": 56, "y": 1}}, {"event_name": "mousemove", "timestamp": "1694040742565", "position": {"x": 61, "y": 2}}, {"event_name": "mousemove", "timestamp": "1694040742584", "position": {"x": 63, "y": 2}}, {"event_name": "mousemove", "timestamp": "1694040742601", "position": {"x": 65, "y": 2}}, {"event_name": "mousemove", "timestamp": "1694040742619", "position": {"x": 68, "y": 3}}, {"event_name": "mouseout", "timestamp": "1694040742637", "position": {"x": 72, "y": 3}}, {"event_name": "mouseover", "timestamp": "1694040742637", "position": {"x": 72, "y": 3}}, {"event_name": "mousemove", "timestamp": "1694040742637", "position": {"x": 72, "y": 3}}, {"event_name": "mousemove", "timestamp": "1694040742655", "position": {"x": 77, "y": 3}}, {"event_name": "mousemove", "timestamp": "1694040742673", "position": {"x": 82, "y": 4}}, {"event_name": "mouseout", "timestamp": "1694040742690", "position": {"x": 85, "y": 4}}, {"event_name": "mouseover", "timestamp": "1694040742690", "position": {"x": 85, "y": 4}}, {"event_name": "mousemove", "timestamp": "1694040742690", "position": {"x": 85, "y": 4}}, {"event_name": "mousemove", "timestamp": "1694040742708", "position": {"x": 88, "y": 5}}, {"event_name": "mousemove", "timestamp": "1694040742726", "position": {"x": 91, "y": 6}}, {"event_name": "mousemove", "timestamp": "1694040742746", "position": {"x": 92, "y": 7}}, {"event_name": "mouseout", "timestamp": "1694040742764", "position": {"x": 93, "y": 8}}, {"event_name": "mouseover", "timestamp": "1694040742765", "position": {"x": 93, "y": 8}}, {"event_name": "mousemove", "timestamp": "1694040742765", "position": {"x": 93, "y": 8}}, {"event_name": "mousemove", "timestamp": "1694040742784", "position": {"x": 95, "y": 10}}, {"event_name": "mousemove", "timestamp": "1694040742819", "position": {"x": 95, "y": 11}}, {"event_name": "mousemove", "timestamp": "1694040742836", "position": {"x": 96, "y": 12}}, {"event_name": "mousedown", "timestamp": "1694040743145", "position": {"x": 96, "y": 12}}, {"event_name": "mouseup", "timestamp": "1694040743206", "position": {"x": 96, "y": 12}}, {"event_name": "click", "timestamp": "1694040743206", "position": {"x": 96, "y": 12}}, {"event_name": "beforeunload", "timestamp": "1694040743210", "position": {"x": 0, "y": 0}}, {"event_name": "load", "timestamp": "1694040745986", "position": {"x": 0, "y": 0}}, {"event_name": "pageshow", "timestamp": "1694040745986", "position": {"x": 0, "y": 0}}, {"event_name": "mouseover", "timestamp": "1694040746330", "position": {"x": 47, "y": 0}}, {"event_name": "mousemove", "timestamp": "1694040746330", "position": {"x": 47, "y": 0}}, {"event_name": "mouseout", "timestamp": "1694040746348", "position": {"x": 105, "y": 0}}, {"event_name": "mouseover", "timestamp": "1694040746348", "position": {"x": 105, "y": 0}}, {"event_name": "mousemove", "timestamp": "1694040746348", "position": {"x": 105, "y": 0}}, {"event_name": "mousemove", "timestamp": "1694040746366", "position": {"x": 132, "y": 1}}, {"event_name": "mousemove", "timestamp": "1694040746383", "position": {"x": 140, "y": 1}}, {"event_name": "mousemove", "timestamp": "1694040746401", "position": {"x": 148, "y": 2}}, {"event_name": "mousemove", "timestamp": "1694040746419", "position": {"x": 156, "y": 3}}, {"event_name": "mousemove", "timestamp": "1694040746437", "position": {"x": 212, "y": 2}}, {"event_name": "mousemove", "timestamp": "1694040746454", "position": {"x": 268, "y": 1}}, {"event_name": "mousemove", "timestamp": "1694040746472", "position": {"x": 322, "y": 1}}, {"event_name": "mousemove", "timestamp": "1694040746490", "position": {"x": 329, "y": 2}}, {"event_name": "mousemove", "timestamp": "1694040746508", "position": {"x": 336, "y": 4}}, {"event_name": "mousemove", "timestamp": "1694040746525", "position": {"x": 343, "y": 6}}, {"event_name": "mousemove", "timestamp": "1694040746543", "position": {"x": 352, "y": 7}}, {"event_name": "mouseout", "timestamp": "1694040746561", "position": {"x": 362, "y": 8}}, {"event_name": "mouseover", "timestamp": "1694040746562", "position": {"x": 362, "y": 8}}, {"event_name": "mousemove", "timestamp": "1694040746562", "position": {"x": 362, "y": 8}}, {"event_name": "mouseout", "timestamp": "1694040746580", "position": {"x": 371, "y": 9}}, {"event_name": "mouseover", "timestamp": "1694040746581", "position": {"x": 371, "y": 9}}, {"event_name": "mousemove", "timestamp": "1694040746581", "position": {"x": 371, "y": 9}}, {"event_name": "mousemove", "timestamp": "1694040746600", "position": {"x": 378, "y": 9}}, {"event_name": "mousemove", "timestamp": "1694040746618", "position": {"x": 387, "y": 9}}, {"event_name": "mousemove", "timestamp": "1694040746637", "position": {"x": 394, "y": 9}}, {"event_name": "mousemove", "timestamp": "1694040746656", "position": {"x": 404, "y": 8}}, {"event_name": "mousemove", "timestamp": "1694040746674", "position": {"x": 414, "y": 7}}, {"event_name": "mousemove", "timestamp": "1694040746693", "position": {"x": 422, "y": 7}}, {"event_name": "mousemove", "timestamp": "1694040746713", "position": {"x": 431, "y": 7}}, {"event_name": "mousemove", "timestamp": "1694040746731", "position": {"x": 442, "y": 7}}, {"event_name": "mousemove", "timestamp": "1694040746749", "position": {"x": 451, "y": 8}}, {"event_name": "mouseout", "timestamp": "1694040746767", "position": {"x": 461, "y": 8}}, {"event_name": "mouseover", "timestamp": "1694040746767", "position": {"x": 461, "y": 8}}, {"event_name": "mousemove", "timestamp": "1694040746768", "position": {"x": 461, "y": 8}}, {"event_name": "mousemove", "timestamp": "1694040746785", "position": {"x": 471, "y": 9}}, {"event_name": "mousemove", "timestamp": "1694040746803", "position": {"x": 479, "y": 10}}, {"event_name": "mousemove", "timestamp": "1694040746820", "position": {"x": 487, "y": 12}}, {"event_name": "mousemove", "timestamp": "1694040746838", "position": {"x": 495, "y": 14}}, {"event_name": "mousemove", "timestamp": "1694040746855", "position": {"x": 503, "y": 16}}, {"event_name": "mousemove", "timestamp": "1694040746873", "position": {"x": 514, "y": 16}}, {"event_name": "mousemove", "timestamp": "1694040746890", "position": {"x": 524, "y": 16}}, {"event_name": "mousemove", "timestamp": "1694040746908", "position": {"x": 534, "y": 16}}, {"event_name": "mousemove", "timestamp": "1694040746926", "position": {"x": 544, "y": 15}}, {"event_name": "mousemove", "timestamp": "1694040746944", "position": {"x": 555, "y": 15}}, {"event_name": "mousemove", "timestamp": "1694040746963", "position": {"x": 564, "y": 15}}, {"event_name": "mousemove", "timestamp": "1694040746983", "position": {"x": 574, "y": 17}}, {"event_name": "mousemove", "timestamp": "1694040747000", "position": {"x": 586, "y": 19}}, {"event_name": "mousemove", "timestamp": "1694040747018", "position": {"x": 593, "y": 21}}, {"event_name": "mousemove", "timestamp": "1694040747037", "position": {"x": 601, "y": 22}}, {"event_name": "mousemove", "timestamp": "1694040747055", "position": {"x": 608, "y": 23}}, {"event_name": "mousemove", "timestamp": "1694040747072", "position": {"x": 615, "y": 25}}, {"event_name": "mousemove", "timestamp": "1694040747090", "position": {"x": 624, "y": 26}}, {"event_name": "mousemove", "timestamp": "1694040747109", "position": {"x": 635, "y": 27}}, {"event_name": "mousemove", "timestamp": "1694040747128", "position": {"x": 644, "y": 28}}, {"event_name": "mousemove", "timestamp": "1694040747146", "position": {"x": 652, "y": 28}}, {"event_name": "mousemove", "timestamp": "1694040747164", "position": {"x": 660, "y": 28}}, {"event_name": "mousemove", "timestamp": "1694040747182", "position": {"x": 667, "y": 29}}, {"event_name": "mousemove", "timestamp": "1694040747200", "position": {"x": 673, "y": 29}}, {"event_name": "mousemove", "timestamp": "1694040747217", "position": {"x": 679, "y": 30}}, {"event_name": "mousemove", "timestamp": "1694040747235", "position": {"x": 686, "y": 31}}, {"event_name": "mousemove", "timestamp": "1694040747253", "position": {"x": 692, "y": 31}}, {"event_name": "mousemove", "timestamp": "1694040747270", "position": {"x": 698, "y": 31}}, {"event_name": "mousemove", "timestamp": "1694040747288", "position": {"x": 705, "y": 32}}, {"event_name": "mousemove", "timestamp": "1694040747305", "position": {"x": 710, "y": 32}}, {"event_name": "mousemove", "timestamp": "1694040747323", "position": {"x": 715, "y": 33}}, {"event_name": "mousemove", "timestamp": "1694040747341", "position": {"x": 720, "y": 34}}, {"event_name": "mousemove", "timestamp": "1694040747359", "position": {"x": 724, "y": 34}}, {"event_name": "mouseout", "timestamp": "1694040747378", "position": {"x": 728, "y": 34}}, {"event_name": "mouseover", "timestamp": "1694040747379", "position": {"x": 728, "y": 34}}, {"event_name": "mousemove", "timestamp": "1694040747380", "position": {"x": 728, "y": 34}}, {"event_name": "mousemove", "timestamp": "1694040747398", "position": {"x": 732, "y": 34}}, {"event_name": "mousemove", "timestamp": "1694040747417", "position": {"x": 734, "y": 34}}, {"event_name": "mousemove", "timestamp": "1694040747435", "position": {"x": 737, "y": 34}}, {"event_name": "mousemove", "timestamp": "1694040747454", "position": {"x": 740, "y": 34}}, {"event_name": "mousemove", "timestamp": "1694040747473", "position": {"x": 741, "y": 33}}, {"event_name": "mousemove", "timestamp": "1694040747491", "position": {"x": 743, "y": 33}}, {"event_name": "mousemove", "timestamp": "1694040747510", "position": {"x": 745, "y": 33}}, {"event_name": "mousemove", "timestamp": "1694040747529", "position": {"x": 747, "y": 32}}, {"event_name": "mousemove", "timestamp": "1694040747547", "position": {"x": 750, "y": 32}}, {"event_name": "mousemove", "timestamp": "1694040747565", "position": {"x": 753, "y": 32}}, {"event_name": "mousemove", "timestamp": "1694040747583", "position": {"x": 755, "y": 32}}, {"event_name": "mousemove", "timestamp": "1694040747600", "position": {"x": 757, "y": 32}}, {"event_name": "mousemove", "timestamp": "1694040747618", "position": {"x": 760, "y": 32}}, {"event_name": "mousemove", "timestamp": "1694040747636", "position": {"x": 761, "y": 31}}, {"event_name": "mousemove", "timestamp": "1694040747653", "position": {"x": 763, "y": 31}}, {"event_name": "mousemove", "timestamp": "1694040747671", "position": {"x": 765, "y": 31}}, {"event_name": "mousedown", "timestamp": "1694040747952", "position": {"x": 765, "y": 31}}, {"event_name": "mouseup", "timestamp": "1694040748071", "position": {"x": 765, "y": 31}}, {"event_name": "click", "timestamp": "1694040748071", "position": {"x": 765, "y": 31}}, {"event_name": "beforeunload", "timestamp": "1694040748075", "position": {"x": 0, "y": 0}}, {"event_name": "load", "timestamp": "1694040750807", "position": {"x": 0, "y": 0}}, {"event_name": "pageshow", "timestamp": "1694040750807", "position": {"x": 0, "y": 0}}, {"event_name": "mouseover", "timestamp": "1694040751125", "position": {"x": 15, "y": 0}}, {"event_name": "mousemove", "timestamp": "1694040751125", "position": {"x": 15, "y": 0}}, {"event_name": "mousemove", "timestamp": "1694040751143", "position": {"x": 45, "y": 0}}, {"event_name": "mousemove", "timestamp": "1694040751162", "position": {"x": 52, "y": 0}}, {"event_name": "mousemove", "timestamp": "1694040751180", "position": {"x": 59, "y": 1}}, {"event_name": "mousemove", "timestamp": "1694040751199", "position": {"x": 65, "y": 2}}, {"event_name": "mouseout", "timestamp": "1694040751219", "position": {"x": 70, "y": 2}}, {"event_name": "mouseover", "timestamp": "1694040751219", "position": {"x": 70, "y": 2}}, {"event_name": "mousemove", "timestamp": "1694040751219", "position": {"x": 70, "y": 2}}, {"event_name": "mousemove", "timestamp": "1694040751237", "position": {"x": 77, "y": 2}}, {"event_name": "mousemove", "timestamp": "1694040751256", "position": {"x": 82, "y": 3}}, {"event_name": "mouseout", "timestamp": "1694040751274", "position": {"x": 88, "y": 3}}, {"event_name": "mouseover", "timestamp": "1694040751274", "position": {"x": 88, "y": 3}}, {"event_name": "mousemove", "timestamp": "1694040751274", "position": {"x": 88, "y": 3}}, {"event_name": "mousemove", "timestamp": "1694040751292", "position": {"x": 95, "y": 3}}, {"event_name": "mousemove", "timestamp": "1694040751310", "position": {"x": 101, "y": 3}}, {"event_name": "mousemove", "timestamp": "1694040751328", "position": {"x": 108, "y": 2}}, {"event_name": "mousemove", "timestamp": "1694040751346", "position": {"x": 117, "y": 2}}, {"event_name": "mousemove", "timestamp": "1694040751364", "position": {"x": 124, "y": 2}}, {"event_name": "mousemove", "timestamp": "1694040751383", "position": {"x": 132, "y": 3}}, {"event_name": "mousemove", "timestamp": "1694040751401", "position": {"x": 140, "y": 4}}, {"event_name": "mousemove", "timestamp": "1694040751420", "position": {"x": 147, "y": 5}}, {"event_name": "mousemove", "timestamp": "1694040751438", "position": {"x": 155, "y": 5}}, {"event_name": "mousemove", "timestamp": "1694040751458", "position": {"x": 164, "y": 5}}, {"event_name": "mousemove", "timestamp": "1694040751476", "position": {"x": 171, "y": 5}}, {"event_name": "mousemove", "timestamp": "1694040751495", "position": {"x": 178, "y": 3}}, {"event_name": "mousemove", "timestamp": "1694040751512", "position": {"x": 186, "y": 2}}, {"event_name": "mousemove", "timestamp": "1694040751530", "position": {"x": 193, "y": 2}}, {"event_name": "mousemove", "timestamp": "1694040751547", "position": {"x": 200, "y": 1}}, {"event_name": "mousemove", "timestamp": "1694040751565", "position": {"x": 207, "y": 1}}, {"event_name": "mousemove", "timestamp": "1694040751582", "position": {"x": 214, "y": 1}}, {"event_name": "mousemove", "timestamp": "1694040751601", "position": {"x": 222, "y": 3}}, {"event_name": "mousemove", "timestamp": "1694040751618", "position": {"x": 231, "y": 5}}, {"event_name": "mouseout", "timestamp": "1694040751636", "position": {"x": 239, "y": 8}}, {"event_name": "mouseover", "timestamp": "1694040751637", "position": {"x": 239, "y": 8}}, {"event_name": "mousemove", "timestamp": "1694040751637", "position": {"x": 239, "y": 8}}, {"event_name": "mousemove", "timestamp": "1694040751656", "position": {"x": 248, "y": 8}}, {"event_name": "mousemove", "timestamp": "1694040751674", "position": {"x": 257, "y": 8}}, {"event_name": "mousemove", "timestamp": "1694040751692", "position": {"x": 266, "y": 8}}, {"event_name": "mousemove", "timestamp": "1694040751711", "position": {"x": 273, "y": 8}}, {"event_name": "mousemove", "timestamp": "1694040751729", "position": {"x": 281, "y": 8}}, {"event_name": "mousemove", "timestamp": "1694040751747", "position": {"x": 287, "y": 9}}, {"event_name": "mousemove", "timestamp": "1694040751765", "position": {"x": 296, "y": 9}}, {"event_name": "mousemove", "timestamp": "1694040751783", "position": {"x": 305, "y": 9}}, {"event_name": "mousemove", "timestamp": "1694040751800", "position": {"x": 314, "y": 9}}, {"event_name": "mousemove", "timestamp": "1694040751818", "position": {"x": 323, "y": 11}}, {"event_name": "mousemove", "timestamp": "1694040751837", "position": {"x": 334, "y": 13}}, {"event_name": "mousemove", "timestamp": "1694040751854", "position": {"x": 343, "y": 15}}, {"event_name": "mousemove", "timestamp": "1694040751871", "position": {"x": 350, "y": 14}}, {"event_name": "mousemove", "timestamp": "1694040751889", "position": {"x": 358, "y": 13}}, {"event_name": "mouseout", "timestamp": "1694040751907", "position": {"x": 366, "y": 13}}, {"event_name": "mouseover", "timestamp": "1694040751907", "position": {"x": 366, "y": 13}}, {"event_name": "mousemove", "timestamp": "1694040751907", "position": {"x": 366, "y": 13}}, {"event_name": "mousemove", "timestamp": "1694040751924", "position": {"x": 377, "y": 13}}, {"event_name": "mousemove", "timestamp": "1694040751942", "position": {"x": 387, "y": 13}}, {"event_name": "mousemove", "timestamp": "1694040751960", "position": {"x": 397, "y": 14}}, {"event_name": "mousemove", "timestamp": "1694040751977", "position": {"x": 404, "y": 15}}, {"event_name": "mousemove", "timestamp": "1694040751994", "position": {"x": 412, "y": 16}}, {"event_name": "mousemove", "timestamp": "1694040752012", "position": {"x": 419, "y": 18}}, {"event_name": "mousemove", "timestamp": "1694040752030", "position": {"x": 428, "y": 18}}, {"event_name": "mousemove", "timestamp": "1694040752048", "position": {"x": 438, "y": 19}}, {"event_name": "mousemove", "timestamp": "1694040752066", "position": {"x": 447, "y": 20}}, {"event_name": "mouseout", "timestamp": "1694040752084", "position": {"x": 457, "y": 20}}, {"event_name": "mouseover", "timestamp": "1694040752085", "position": {"x": 457, "y": 20}}, {"event_name": "mousemove", "timestamp": "1694040752085", "position": {"x": 457, "y": 20}}, {"event_name": "mousemove", "timestamp": "1694040752102", "position": {"x": 469, "y": 20}}, {"event_name": "mousemove", "timestamp": "1694040752120", "position": {"x": 479, "y": 21}}, {"event_name": "mousemove", "timestamp": "1694040752137", "position": {"x": 489, "y": 21}}, {"event_name": "mousemove", "timestamp": "1694040752155", "position": {"x": 500, "y": 21}}, {"event_name": "mousemove", "timestamp": "1694040752172", "position": {"x": 510, "y": 22}}, {"event_name": "mousemove", "timestamp": "1694040752190", "position": {"x": 518, "y": 21}}, {"event_name": "mousemove", "timestamp": "1694040752207", "position": {"x": 528, "y": 21}}, {"event_name": "mousemove", "timestamp": "1694040752225", "position": {"x": 536, "y": 21}}, {"event_name": "mousemove", "timestamp": "1694040752242", "position": {"x": 545, "y": 19}}, {"event_name": "mousemove", "timestamp": "1694040752260", "position": {"x": 555, "y": 17}}, {"event_name": "mousemove", "timestamp": "1694040752278", "position": {"x": 565, "y": 16}}, {"event_name": "mousemove", "timestamp": "1694040752295", "position": {"x": 575, "y": 16}}, {"event_name": "mousemove", "timestamp": "1694040752313", "position": {"x": 584, "y": 17}}, {"event_name": "mousemove", "timestamp": "1694040752330", "position": {"x": 593, "y": 18}}, {"event_name": "mousemove", "timestamp": "1694040752348", "position": {"x": 603, "y": 19}}, {"event_name": "mousemove", "timestamp": "1694040752367", "position": {"x": 613, "y": 21}}, {"event_name": "mousemove", "timestamp": "1694040752385", "position": {"x": 622, "y": 23}}, {"event_name": "mousemove", "timestamp": "1694040752403", "position": {"x": 631, "y": 22}}, {"event_name": "mousemove", "timestamp": "1694040752422", "position": {"x": 641, "y": 21}}, {"event_name": "mousemove", "timestamp": "1694040752440", "position": {"x": 650, "y": 21}}, {"event_name": "mousemove", "timestamp": "1694040752459", "position": {"x": 660, "y": 19}}, {"event_name": "mousemove", "timestamp": "1694040752478", "position": {"x": 672, "y": 18}}, {"event_name": "mousemove", "timestamp": "1694040752496", "position": {"x": 680, "y": 17}}, {"event_name": "mousemove", "timestamp": "1694040752515", "position": {"x": 687, "y": 17}}, {"event_name": "mousemove", "timestamp": "1694040752533", "position": {"x": 695, "y": 17}}, {"event_name": "mousemove", "timestamp": "1694040752552", "position": {"x": 702, "y": 18}}, {"event_name": "mousemove", "timestamp": "1694040752571", "position": {"x": 709, "y": 19}}, {"event_name": "mousemove", "timestamp": "1694040752590", "position": {"x": 717, "y": 20}}, {"event_name": "mousemove", "timestamp": "1694040752608", "position": {"x": 723, "y": 21}}, {"event_name": "mouseout", "timestamp": "1694040752627", "position": {"x": 728, "y": 22}}, {"event_name": "mouseover", "timestamp": "1694040752628", "position": {"x": 728, "y": 22}}, {"event_name": "mousemove", "timestamp": "1694040752629", "position": {"x": 728, "y": 22}}, {"event_name": "mousemove", "timestamp": "1694040752647", "position": {"x": 735, "y": 24}}, {"event_name": "mousemove", "timestamp": "1694040752667", "position": {"x": 739, "y": 25}}, {"event_name": "mousemove", "timestamp": "1694040752685", "position": {"x": 744, "y": 25}}, {"event_name": "mousemove", "timestamp": "1694040752704", "position": {"x": 749, "y": 25}}, {"event_name": "mousemove", "timestamp": "1694040752723", "position": {"x": 754, "y": 25}}, {"event_name": "mousemove", "timestamp": "1694040752741", "position": {"x": 759, "y": 24}}, {"event_name": "mousemove", "timestamp": "1694040752760", "position": {"x": 764, "y": 24}}, {"event_name": "mousemove", "timestamp": "1694040752778", "position": {"x": 768, "y": 24}}, {"event_name": "mousemove", "timestamp": "1694040752795", "position": {"x": 771, "y": 24}}, {"event_name": "mousemove", "timestamp": "1694040752813", "position": {"x": 775, "y": 25}}, {"event_name": "mousemove", "timestamp": "1694040752831", "position": {"x": 778, "y": 26}}, {"event_name": "mousemove", "timestamp": "1694040752849", "position": {"x": 781, "y": 26}}, {"event_name": "mousemove", "timestamp": "1694040752865", "position": {"x": 785, "y": 27}}, {"event_name": "mousemove", "timestamp": "1694040752883", "position": {"x": 789, "y": 28}}, {"event_name": "mouseout", "timestamp": "1694040752902", "position": {"x": 791, "y": 28}}, {"event_name": "mouseover", "timestamp": "1694040752902", "position": {"x": 791, "y": 28}}, {"event_name": "mousemove", "timestamp": "1694040752902", "position": {"x": 791, "y": 28}}, {"event_name": "mousemove", "timestamp": "1694040752922", "position": {"x": 794, "y": 29}}, {"event_name": "mousemove", "timestamp": "1694040752939", "position": {"x": 796, "y": 30}}, {"event_name": "mousemove", "timestamp": "1694040752959", "position": {"x": 798, "y": 30}}, {"event_name": "mousemove", "timestamp": "1694040752977", "position": {"x": 801, "y": 30}}, {"event_name": "mousemove", "timestamp": "1694040752996", "position": {"x": 803, "y": 30}}, {"event_name": "mousemove", "timestamp": "1694040753032", "position": {"x": 804, "y": 30}}, {"event_name": "mousemove", "timestamp": "1694040753049", "position": {"x": 805, "y": 31}}, {"event_name": "mousedown", "timestamp": "1694040753375", "position": {"x": 805, "y": 31}}, {"event_name": "mouseup", "timestamp": "1694040753481", "position": {"x": 805, "y": 31}}, {"event_name": "click", "timestamp": "1694040753482", "position": {"x": 805, "y": 31}}, {"event_name": "beforeunload", "timestamp": "1694040753486", "position": {"x": 0, "y": 0}}, {"event_name": "focus", "timestamp": "1694040755705", "position": {"x": 0, "y": 0}}, {"event_name": "load", "timestamp": "1694040755706", "position": {"x": 0, "y": 0}}, {"event_name": "pageshow", "timestamp": "1694040755706", "position": {"x": 0, "y": 0}}, {"event_name": "mouseover", "timestamp": "1694040756035", "position": {"x": 22, "y": 1}}, {"event_name": "mousemove", "timestamp": "1694040756036", "position": {"x": 22, "y": 1}}, {"event_name": "mousemove", "timestamp": "1694040756053", "position": {"x": 50, "y": 3}}, {"event_name": "mousemove", "timestamp": "1694040756071", "position": {"x": 65, "y": 5}}, {"event_name": "mouseout", "timestamp": "1694040756089", "position": {"x": 71, "y": 5}}, {"event_name": "mouseover", "timestamp": "1694040756089", "position": {"x": 71, "y": 5}}, {"event_name": "mousemove", "timestamp": "1694040756089", "position": {"x": 71, "y": 5}}, {"event_name": "mousemove", "timestamp": "1694040756107", "position": {"x": 78, "y": 5}}, {"event_name": "mousemove", "timestamp": "1694040756125", "position": {"x": 84, "y": 6}}, {"event_name": "mouseout", "timestamp": "1694040756144", "position": {"x": 90, "y": 7}}, {"event_name": "mouseover", "timestamp": "1694040756145", "position": {"x": 90, "y": 7}}, {"event_name": "mousemove", "timestamp": "1694040756146", "position": {"x": 90, "y": 7}}, {"event_name": "mouseout", "timestamp": "1694040756164", "position": {"x": 98, "y": 9}}, {"event_name": "mouseover", "timestamp": "1694040756165", "position": {"x": 98, "y": 9}}, {"event_name": "mousemove", "timestamp": "1694040756165", "position": {"x": 98, "y": 9}}, {"event_name": "mousemove", "timestamp": "1694040756185", "position": {"x": 103, "y": 11}}, {"event_name": "mousemove", "timestamp": "1694040756203", "position": {"x": 110, "y": 11}}, {"event_name": "mouseout", "timestamp": "1694040756222", "position": {"x": 117, "y": 12}}, {"event_name": "mouseover", "timestamp": "1694040756223", "position": {"x": 117, "y": 12}}, {"event_name": "mousemove", "timestamp": "1694040756223", "position": {"x": 117, "y": 12}}, {"event_name": "mousemove", "timestamp": "1694040756242", "position": {"x": 123, "y": 13}}, {"event_name": "mousemove", "timestamp": "1694040756261", "position": {"x": 130, "y": 13}}, {"event_name": "mousemove", "timestamp": "1694040756280", "position": {"x": 138, "y": 13}}, {"event_name": "mousemove", "timestamp": "1694040756298", "position": {"x": 145, "y": 13}}, {"event_name": "mousemove", "timestamp": "1694040756317", "position": {"x": 153, "y": 11}}, {"event_name": "mousemove", "timestamp": "1694040756336", "position": {"x": 162, "y": 10}}, {"event_name": "mousemove", "timestamp": "1694040756354", "position": {"x": 168, "y": 9}}, {"event_name": "mousemove", "timestamp": "1694040756374", "position": {"x": 175, "y": 9}}, {"event_name": "mousemove", "timestamp": "1694040756392", "position": {"x": 183, "y": 10}}, {"event_name": "mousemove", "timestamp": "1694040756411", "position": {"x": 190, "y": 11}}, {"event_name": "mousemove", "timestamp": "1694040756430", "position": {"x": 197, "y": 11}}, {"event_name": "mousemove", "timestamp": "1694040756448", "position": {"x": 205, "y": 11}}, {"event_name": "mousemove", "timestamp": "1694040756467", "position": {"x": 212, "y": 11}}, {"event_name": "mousemove", "timestamp": "1694040756485", "position": {"x": 219, "y": 11}}, {"event_name": "mousemove", "timestamp": "1694040756503", "position": {"x": 228, "y": 12}}, {"event_name": "mousemove", "timestamp": "1694040756521", "position": {"x": 235, "y": 13}}, {"event_name": "mousemove", "timestamp": "1694040756538", "position": {"x": 243, "y": 15}}, {"event_name": "mousemove", "timestamp": "1694040756556", "position": {"x": 251, "y": 17}}, {"event_name": "mousemove", "timestamp": "1694040756575", "position": {"x": 259, "y": 19}}, {"event_name": "mousemove", "timestamp": "1694040756594", "position": {"x": 269, "y": 18}}, {"event_name": "mousemove", "timestamp": "1694040756613", "position": {"x": 281, "y": 18}}, {"event_name": "mousemove", "timestamp": "1694040756631", "position": {"x": 290, "y": 18}}, {"event_name": "mousemove", "timestamp": "1694040756651", "position": {"x": 299, "y": 17}}, {"event_name": "mousemove", "timestamp": "1694040756669", "position": {"x": 309, "y": 16}}, {"event_name": "mousemove", "timestamp": "1694040756687", "position": {"x": 317, "y": 16}}, {"event_name": "mousemove", "timestamp": "1694040756706", "position": {"x": 327, "y": 16}}, {"event_name": "mousemove", "timestamp": "1694040756723", "position": {"x": 338, "y": 17}}, {"event_name": "mousemove", "timestamp": "1694040756741", "position": {"x": 347, "y": 18}}, {"event_name": "mousemove", "timestamp": "1694040756758", "position": {"x": 357, "y": 17}}, {"event_name": "mouseout", "timestamp": "1694040756776", "position": {"x": 367, "y": 17}}, {"event_name": "mouseover", "timestamp": "1694040756777", "position": {"x": 367, "y": 17}}, {"event_name": "mousemove", "timestamp": "1694040756777", "position": {"x": 367, "y": 17}}, {"event_name": "mousemove", "timestamp": "1694040756793", "position": {"x": 377, "y": 17}}, {"event_name": "mousemove", "timestamp": "1694040756812", "position": {"x": 385, "y": 17}}, {"event_name": "mousemove", "timestamp": "1694040756829", "position": {"x": 395, "y": 17}}, {"event_name": "mousemove", "timestamp": "1694040756848", "position": {"x": 403, "y": 17}}, {"event_name": "mousemove", "timestamp": "1694040756865", "position": {"x": 414, "y": 16}}, {"event_name": "mousemove", "timestamp": "1694040756883", "position": {"x": 426, "y": 15}}, {"event_name": "mousemove", "timestamp": "1694040756901", "position": {"x": 436, "y": 15}}, {"event_name": "mousemove", "timestamp": "1694040756919", "position": {"x": 446, "y": 16}}, {"event_name": "mouseout", "timestamp": "1694040756938", "position": {"x": 457, "y": 18}}, {"event_name": "mouseover", "timestamp": "1694040756938", "position": {"x": 457, "y": 18}}, {"event_name": "mousemove", "timestamp": "1694040756939", "position": {"x": 457, "y": 18}}, {"event_name": "mousemove", "timestamp": "1694040756957", "position": {"x": 467, "y": 20}}, {"event_name": "mousemove", "timestamp": "1694040756976", "position": {"x": 476, "y": 20}}, {"event_name": "mousemove", "timestamp": "1694040756995", "position": {"x": 486, "y": 20}}, {"event_name": "mousemove", "timestamp": "1694040757012", "position": {"x": 493, "y": 21}}, {"event_name": "mousemove", "timestamp": "1694040757030", "position": {"x": 503, "y": 21}}, {"event_name": "mousemove", "timestamp": "1694040757047", "position": {"x": 514, "y": 21}}, {"event_name": "mousemove", "timestamp": "1694040757065", "position": {"x": 523, "y": 22}}, {"event_name": "mousemove", "timestamp": "1694040757083", "position": {"x": 534, "y": 22}}, {"event_name": "mousemove", "timestamp": "1694040757101", "position": {"x": 546, "y": 22}}, {"event_name": "mousemove", "timestamp": "1694040757119", "position": {"x": 556, "y": 23}}, {"event_name": "mousemove", "timestamp": "1694040757135", "position": {"x": 566, "y": 23}}, {"event_name": "mousemove", "timestamp": "1694040757153", "position": {"x": 577, "y": 23}}, {"event_name": "mousemove", "timestamp": "1694040757171", "position": {"x": 587, "y": 24}}, {"event_name": "mousemove", "timestamp": "1694040757188", "position": {"x": 599, "y": 26}}, {"event_name": "mousemove", "timestamp": "1694040757205", "position": {"x": 611, "y": 28}}, {"event_name": "mousemove", "timestamp": "1694040757223", "position": {"x": 623, "y": 30}}, {"event_name": "mousemove", "timestamp": "1694040757241", "position": {"x": 634, "y": 30}}, {"event_name": "mousemove", "timestamp": "1694040757258", "position": {"x": 646, "y": 31}}, {"event_name": "mousemove", "timestamp": "1694040757276", "position": {"x": 656, "y": 32}}, {"event_name": "mousemove", "timestamp": "1694040757295", "position": {"x": 666, "y": 33}}, {"event_name": "mousemove", "timestamp": "1694040757312", "position": {"x": 677, "y": 34}}, {"event_name": "mousemove", "timestamp": "1694040757329", "position": {"x": 687, "y": 36}}, {"event_name": "mousemove", "timestamp": "1694040757347", "position": {"x": 696, "y": 33}}, {"event_name": "mousemove", "timestamp": "1694040757365", "position": {"x": 707, "y": 30}}, {"event_name": "mousemove", "timestamp": "1694040757381", "position": {"x": 716, "y": 28}}, {"event_name": "mouseout", "timestamp": "1694040757400", "position": {"x": 727, "y": 26}}, {"event_name": "mouseover", "timestamp": "1694040757400", "position": {"x": 727, "y": 26}}, {"event_name": "mousemove", "timestamp": "1694040757400", "position": {"x": 727, "y": 26}}, {"event_name": "mousemove", "timestamp": "1694040757417", "position": {"x": 740, "y": 25}}, {"event_name": "mousemove", "timestamp": "1694040757435", "position": {"x": 751, "y": 25}}, {"event_name": "mousemove", "timestamp": "1694040757453", "position": {"x": 758, "y": 25}}, {"event_name": "mousemove", "timestamp": "1694040757470", "position": {"x": 765, "y": 26}}, {"event_name": "mousemove", "timestamp": "1694040757488", "position": {"x": 772, "y": 27}}, {"event_name": "mousemove", "timestamp": "1694040757505", "position": {"x": 781, "y": 25}}, {"event_name": "mousemove", "timestamp": "1694040757523", "position": {"x": 789, "y": 24}}, {"event_name": "mouseout", "timestamp": "1694040757541", "position": {"x": 797, "y": 23}}, {"event_name": "mouseover", "timestamp": "1694040757541", "position": {"x": 797, "y": 23}}, {"event_name": "mousemove", "timestamp": "1694040757541", "position": {"x": 797, "y": 23}}, {"event_name": "mousemove", "timestamp": "1694040757559", "position": {"x": 802, "y": 20}}, {"event_name": "mousemove", "timestamp": "1694040757577", "position": {"x": 808, "y": 18}}, {"event_name": "mousemove", "timestamp": "1694040757594", "position": {"x": 814, "y": 17}}, {"event_name": "mousemove", "timestamp": "1694040757611", "position": {"x": 820, "y": 18}}, {"event_name": "mousemove", "timestamp": "1694040757629", "position": {"x": 826, "y": 19}}, {"event_name": "mousemove", "timestamp": "1694040757647", "position": {"x": 832, "y": 20}}, {"event_name": "mousemove", "timestamp": "1694040757664", "position": {"x": 834, "y": 21}}, {"event_name": "mousemove", "timestamp": "1694040757682", "position": {"x": 837, "y": 22}}, {"event_name": "mousemove", "timestamp": "1694040757700", "position": {"x": 840, "y": 23}}, {"event_name": "mousemove", "timestamp": "1694040757718", "position": {"x": 843, "y": 22}}, {"event_name": "mousemove", "timestamp": "1694040757735", "position": {"x": 847, "y": 21}}, {"event_name": "mousemove", "timestamp": "1694040757753", "position": {"x": 851, "y": 21}}, {"event_name": "mousemove", "timestamp": "1694040757771", "position": {"x": 852, "y": 21}}, {"event_name": "mousemove", "timestamp": "1694040757788", "position": {"x": 853, "y": 21}}, {"event_name": "mouseout", "timestamp": "1694040757806", "position": {"x": 855, "y": 21}}, {"event_name": "mouseover", "timestamp": "1694040757806", "position": {"x": 855, "y": 21}}, {"event_name": "mousemove", "timestamp": "1694040757806", "position": {"x": 855, "y": 21}}, {"event_name": "mousemove", "timestamp": "1694040757825", "position": {"x": 858, "y": 19}}, {"event_name": "mousemove", "timestamp": "1694040757842", "position": {"x": 861, "y": 17}}, {"event_name": "mousemove", "timestamp": "1694040757859", "position": {"x": 864, "y": 16}}, {"event_name": "mousemove", "timestamp": "1694040757877", "position": {"x": 865, "y": 17}}, {"event_name": "mousemove", "timestamp": "1694040757894", "position": {"x": 867, "y": 18}}, {"event_name": "mousemove", "timestamp": "1694040757912", "position": {"x": 869, "y": 19}}, {"event_name": "mousemove", "timestamp": "1694040757929", "position": {"x": 872, "y": 19}}, {"event_name": "mousemove", "timestamp": "1694040757947", "position": {"x": 875, "y": 19}}, {"event_name": "mousemove", "timestamp": "1694040757964", "position": {"x": 878, "y": 19}}, {"event_name": "mousemove", "timestamp": "1694040757982", "position": {"x": 879, "y": 19}}, {"event_name": "mousemove", "timestamp": "1694040758000", "position": {"x": 880, "y": 20}}, {"event_name": "mousemove", "timestamp": "1694040758017", "position": {"x": 881, "y": 21}}, {"event_name": "mousemove", "timestamp": "1694040758051", "position": {"x": 882, "y": 21}}, {"event_name": "mousemove", "timestamp": "1694040758070", "position": {"x": 883, "y": 21}}, {"event_name": "mousedown", "timestamp": "1694040758456", "position": {"x": 883, "y": 21}}, {"event_name": "mouseup", "timestamp": "1694040758560", "position": {"x": 883, "y": 21}}, {"event_name": "click", "timestamp": "1694040758560", "position": {"x": 883, "y": 21}}, {"event_name": "beforeunload", "timestamp": "1694040758569", "position": {"x": 0, "y": 0}}, {"event_name": "focus", "timestamp": "1694040761385", "position": {"x": 0, "y": 0}}, {"event_name": "load", "timestamp": "1694040761385", "position": {"x": 0, "y": 0}}, {"event_name": "pageshow", "timestamp": "1694040761385", "position": {"x": 0, "y": 0}}, {"event_name": "mouseover", "timestamp": "1694040761673", "position": {"x": 7, "y": 0}}, {"event_name": "mousemove", "timestamp": "1694040761674", "position": {"x": 7, "y": 0}}, {"event_name": "mousemove", "timestamp": "1694040761692", "position": {"x": 16, "y": 0}}, {"event_name": "mousemove", "timestamp": "1694040761709", "position": {"x": 21, "y": 0}}, {"event_name": "mousemove", "timestamp": "1694040761728", "position": {"x": 26, "y": 0}}, {"event_name": "mousemove", "timestamp": "1694040761745", "position": {"x": 32, "y": 0}}, {"event_name": "mousemove", "timestamp": "1694040761763", "position": {"x": 37, "y": 1}}, {"event_name": "mousemove", "timestamp": "1694040761781", "position": {"x": 44, "y": 2}}, {"event_name": "mousemove", "timestamp": "1694040761801", "position": {"x": 52, "y": 4}}, {"event_name": "mousemove", "timestamp": "1694040761820", "position": {"x": 59, "y": 6}}, {"event_name": "mousemove", "timestamp": "1694040761838", "position": {"x": 65, "y": 6}}, {"event_name": "mouseout", "timestamp": "1694040761856", "position": {"x": 73, "y": 7}}, {"event_name": "mouseover", "timestamp": "1694040761856", "position": {"x": 73, "y": 7}}, {"event_name": "mousemove", "timestamp": "1694040761856", "position": {"x": 73, "y": 7}}, {"event_name": "mousemove", "timestamp": "1694040761875", "position": {"x": 79, "y": 8}}, {"event_name": "mouseout", "timestamp": "1694040761893", "position": {"x": 87, "y": 8}}, {"event_name": "mouseover", "timestamp": "1694040761894", "position": {"x": 87, "y": 8}}, {"event_name": "mousemove", "timestamp": "1694040761895", "position": {"x": 87, "y": 8}}, {"event_name": "mousemove", "timestamp": "1694040761914", "position": {"x": 97, "y": 9}}, {"event_name": "mousemove", "timestamp": "1694040761932", "position": {"x": 104, "y": 10}}, {"event_name": "mousemove", "timestamp": "1694040761951", "position": {"x": 112, "y": 10}}, {"event_name": "mouseout", "timestamp": "1694040761969", "position": {"x": 120, "y": 11}}, {"event_name": "mouseover", "timestamp": "1694040761969", "position": {"x": 120, "y": 11}}, {"event_name": "mousemove", "timestamp": "1694040761969", "position": {"x": 120, "y": 11}}, {"event_name": "mousemove", "timestamp": "1694040761987", "position": {"x": 127, "y": 12}}, {"event_name": "mousemove", "timestamp": "1694040762005", "position": {"x": 133, "y": 12}}, {"event_name": "mousemove", "timestamp": "1694040762023", "position": {"x": 139, "y": 13}}, {"event_name": "mousemove", "timestamp": "1694040762040", "position": {"x": 145, "y": 14}}, {"event_name": "mousemove", "timestamp": "1694040762058", "position": {"x": 151, "y": 14}}, {"event_name": "mousemove", "timestamp": "1694040762076", "position": {"x": 158, "y": 14}}, {"event_name": "mousemove", "timestamp": "1694040762093", "position": {"x": 164, "y": 15}}, {"event_name": "mousemove", "timestamp": "1694040762111", "position": {"x": 171, "y": 15}}, {"event_name": "mousemove", "timestamp": "1694040762128", "position": {"x": 178, "y": 15}}, {"event_name": "mousemove", "timestamp": "1694040762146", "position": {"x": 186, "y": 16}}, {"event_name": "mousemove", "timestamp": "1694040762163", "position": {"x": 193, "y": 17}}, {"event_name": "mousemove", "timestamp": "1694040762182", "position": {"x": 201, "y": 18}}, {"event_name": "mousemove", "timestamp": "1694040762200", "position": {"x": 209, "y": 20}}, {"event_name": "mousemove", "timestamp": "1694040762218", "position": {"x": 216, "y": 19}}, {"event_name": "mousemove", "timestamp": "1694040762237", "position": {"x": 224, "y": 18}}, {"event_name": "mousemove", "timestamp": "1694040762255", "position": {"x": 230, "y": 18}}, {"event_name": "mousemove", "timestamp": "1694040762273", "position": {"x": 238, "y": 15}}, {"event_name": "mousemove", "timestamp": "1694040762290", "position": {"x": 247, "y": 13}}, {"event_name": "mousemove", "timestamp": "1694040762308", "position": {"x": 255, "y": 12}}, {"event_name": "mousemove", "timestamp": "1694040762326", "position": {"x": 261, "y": 13}}, {"event_name": "mousemove", "timestamp": "1694040762343", "position": {"x": 267, "y": 14}}, {"event_name": "mousemove", "timestamp": "1694040762360", "position": {"x": 273, "y": 15}}, {"event_name": "mousemove", "timestamp": "1694040762378", "position": {"x": 280, "y": 14}}, {"event_name": "mousemove", "timestamp": "1694040762396", "position": {"x": 288, "y": 13}}, {"event_name": "mousemove", "timestamp": "1694040762414", "position": {"x": 295, "y": 13}}, {"event_name": "mousemove", "timestamp": "1694040762431", "position": {"x": 306, "y": 14}}, {"event_name": "mousemove", "timestamp": "1694040762448", "position": {"x": 318, "y": 16}}, {"event_name": "mousemove", "timestamp": "1694040762465", "position": {"x": 330, "y": 18}}, {"event_name": "mousemove", "timestamp": "1694040762483", "position": {"x": 339, "y": 19}}, {"event_name": "mousemove", "timestamp": "1694040762501", "position": {"x": 347, "y": 20}}, {"event_name": "mousemove", "timestamp": "1694040762518", "position": {"x": 355, "y": 21}}, {"event_name": "mouseout", "timestamp": "1694040762536", "position": {"x": 365, "y": 22}}, {"event_name": "mouseover", "timestamp": "1694040762536", "position": {"x": 365, "y": 22}}, {"event_name": "mousemove", "timestamp": "1694040762536", "position": {"x": 365, "y": 22}}, {"event_name": "mousemove", "timestamp": "1694040762554", "position": {"x": 376, "y": 23}}, {"event_name": "mousemove", "timestamp": "1694040762571", "position": {"x": 386, "y": 24}}, {"event_name": "mousemove", "timestamp": "1694040762589", "position": {"x": 396, "y": 25}}, {"event_name": "mousemove", "timestamp": "1694040762606", "position": {"x": 406, "y": 26}}, {"event_name": "mousemove", "timestamp": "1694040762624", "position": {"x": 416, "y": 27}}, {"event_name": "mousemove", "timestamp": "1694040762642", "position": {"x": 426, "y": 28}}, {"event_name": "mousemove", "timestamp": "1694040762659", "position": {"x": 436, "y": 29}}, {"event_name": "mousemove", "timestamp": "1694040762676", "position": {"x": 445, "y": 31}}, {"event_name": "mousemove", "timestamp": "1694040762694", "position": {"x": 452, "y": 29}}, {"event_name": "mouseout", "timestamp": "1694040762713", "position": {"x": 461, "y": 28}}, {"event_name": "mouseover", "timestamp": "1694040762714", "position": {"x": 461, "y": 28}}, {"event_name": "mousemove", "timestamp": "1694040762714", "position": {"x": 461, "y": 28}}, {"event_name": "mousemove", "timestamp": "1694040762733", "position": {"x": 468, "y": 28}}, {"event_name": "mousemove", "timestamp": "1694040762750", "position": {"x": 480, "y": 29}}, {"event_name": "mousemove", "timestamp": "1694040762768", "position": {"x": 493, "y": 30}}, {"event_name": "mousemove", "timestamp": "1694040762786", "position": {"x": 504, "y": 32}}, {"event_name": "mousemove", "timestamp": "1694040762805", "position": {"x": 513, "y": 29}}, {"event_name": "mousemove", "timestamp": "1694040762823", "position": {"x": 524, "y": 27}}, {"event_name": "mousemove", "timestamp": "1694040762842", "position": {"x": 533, "y": 26}}, {"event_name": "mousemove", "timestamp": "1694040762861", "position": {"x": 543, "y": 24}}, {"event_name": "mousemove", "timestamp": "1694040762879", "position": {"x": 554, "y": 23}}, {"event_name": "mousemove", "timestamp": "1694040762897", "position": {"x": 563, "y": 23}}, {"event_name": "mousemove", "timestamp": "1694040762914", "position": {"x": 575, "y": 22}}, {"event_name": "mousemove", "timestamp": "1694040762931", "position": {"x": 588, "y": 21}}, {"event_name": "mousemove", "timestamp": "1694040762950", "position": {"x": 600, "y": 21}}, {"event_name": "mousemove", "timestamp": "1694040762967", "position": {"x": 612, "y": 20}}, {"event_name": "mousemove", "timestamp": "1694040762984", "position": {"x": 625, "y": 19}}, {"event_name": "mousemove", "timestamp": "1694040763002", "position": {"x": 637, "y": 19}}, {"event_name": "mousemove", "timestamp": "1694040763020", "position": {"x": 649, "y": 18}}, {"event_name": "mousemove", "timestamp": "1694040763037", "position": {"x": 661, "y": 18}}, {"event_name": "mousemove", "timestamp": "1694040763054", "position": {"x": 673, "y": 18}}, {"event_name": "mousemove", "timestamp": "1694040763072", "position": {"x": 684, "y": 20}}, {"event_name": "mousemove", "timestamp": "1694040763089", "position": {"x": 696, "y": 22}}, {"event_name": "mousemove", "timestamp": "1694040763107", "position": {"x": 707, "y": 25}}, {"event_name": "mousemove", "timestamp": "1694040763124", "position": {"x": 716, "y": 27}}, {"event_name": "mousemove", "timestamp": "1694040763142", "position": {"x": 726, "y": 29}}, {"event_name": "mouseout", "timestamp": "1694040763160", "position": {"x": 736, "y": 31}}, {"event_name": "mouseover", "timestamp": "1694040763160", "position": {"x": 736, "y": 31}}, {"event_name": "mousemove", "timestamp": "1694040763160", "position": {"x": 736, "y": 31}}, {"event_name": "mousemove", "timestamp": "1694040763178", "position": {"x": 749, "y": 30}}, {"event_name": "mousemove", "timestamp": "1694040763196", "position": {"x": 763, "y": 30}}, {"event_name": "mousemove", "timestamp": "1694040763213", "position": {"x": 775, "y": 30}}, {"event_name": "mousemove", "timestamp": "1694040763231", "position": {"x": 782, "y": 32}}, {"event_name": "mousemove", "timestamp": "1694040763248", "position": {"x": 790, "y": 34}}, {"event_name": "mouseout", "timestamp": "1694040763266", "position": {"x": 798, "y": 36}}, {"event_name": "mouseover", "timestamp": "1694040763266", "position": {"x": 798, "y": 36}}, {"event_name": "mousemove", "timestamp": "1694040763266", "position": {"x": 798, "y": 36}}, {"event_name": "mousemove", "timestamp": "1694040763283", "position": {"x": 808, "y": 36}}, {"event_name": "mousemove", "timestamp": "1694040763301", "position": {"x": 819, "y": 36}}, {"event_name": "mousemove", "timestamp": "1694040763319", "position": {"x": 830, "y": 36}}, {"event_name": "mousemove", "timestamp": "1694040763336", "position": {"x": 839, "y": 37}}, {"event_name": "mousemove", "timestamp": "1694040763354", "position": {"x": 847, "y": 38}}, {"event_name": "mouseout", "timestamp": "1694040763371", "position": {"x": 855, "y": 39}}, {"event_name": "mouseover", "timestamp": "1694040763371", "position": {"x": 855, "y": 39}}, {"event_name": "mousemove", "timestamp": "1694040763371", "position": {"x": 855, "y": 39}}, {"event_name": "mousemove", "timestamp": "1694040763390", "position": {"x": 861, "y": 38}}, {"event_name": "mousemove", "timestamp": "1694040763407", "position": {"x": 867, "y": 38}}, {"event_name": "mousemove", "timestamp": "1694040763425", "position": {"x": 872, "y": 38}}, {"event_name": "mousemove", "timestamp": "1694040763443", "position": {"x": 879, "y": 38}}, {"event_name": "mousemove", "timestamp": "1694040763460", "position": {"x": 887, "y": 38}}, {"event_name": "mousemove", "timestamp": "1694040763478", "position": {"x": 894, "y": 38}}, {"event_name": "mousemove", "timestamp": "1694040763496", "position": {"x": 900, "y": 38}}, {"event_name": "mousemove", "timestamp": "1694040763513", "position": {"x": 907, "y": 38}}, {"event_name": "mousemove", "timestamp": "1694040763532", "position": {"x": 913, "y": 39}}, {"event_name": "mousemove", "timestamp": "1694040763550", "position": {"x": 916, "y": 39}}, {"event_name": "mousemove", "timestamp": "1694040763569", "position": {"x": 920, "y": 40}}, {"event_name": "mousemove", "timestamp": "1694040763587", "position": {"x": 924, "y": 41}}, {"event_name": "mousemove", "timestamp": "1694040763606", "position": {"x": 928, "y": 41}}, {"event_name": "mousemove", "timestamp": "1694040763624", "position": {"x": 932, "y": 41}}, {"event_name": "mousemove", "timestamp": "1694040763643", "position": {"x": 936, "y": 41}}, {"event_name": "mousemove", "timestamp": "1694040763662", "position": {"x": 939, "y": 41}}, {"event_name": "mousemove", "timestamp": "1694040763680", "position": {"x": 943, "y": 41}}, {"event_name": "mousemove", "timestamp": "1694040763699", "position": {"x": 946, "y": 42}}, {"event_name": "mousemove", "timestamp": "1694040763717", "position": {"x": 948, "y": 42}}, {"event_name": "mousemove", "timestamp": "1694040763736", "position": {"x": 950, "y": 42}}, {"event_name": "mousemove", "timestamp": "1694040763755", "position": {"x": 952, "y": 42}}, {"event_name": "mousemove", "timestamp": "1694040763774", "position": {"x": 955, "y": 42}}, {"event_name": "mousemove", "timestamp": "1694040763793", "position": {"x": 959, "y": 42}}, {"event_name": "mouseout", "timestamp": "1694040763811", "position": {"x": 962, "y": 43}}, {"event_name": "mouseover", "timestamp": "1694040763812", "position": {"x": 962, "y": 43}}, {"event_name": "mousemove", "timestamp": "1694040763813", "position": {"x": 962, "y": 43}}, {"event_name": "mousemove", "timestamp": "1694040763849", "position": {"x": 963, "y": 43}}, {"event_name": "mousemove", "timestamp": "1694040763868", "position": {"x": 964, "y": 43}}, {"event_name": "mousedown", "timestamp": "1694040764114", "position": {"x": 964, "y": 43}}, {"event_name": "mouseup", "timestamp": "1694040764224", "position": {"x": 964, "y": 43}}, {"event_name": "click", "timestamp": "1694040764224", "position": {"x": 964, "y": 43}}, {"event_name": "beforeunload", "timestamp": "1694040764229", "position": {"x": 0, "y": 0}}, {"event_name": "focus", "timestamp": "1694040764303", "position": {"x": 0, "y": 0}}, {"event_name": "load", "timestamp": "1694040764304", "position": {"x": 0, "y": 0}}, {"event_name": "pageshow", "timestamp": "1694040764304", "position": {"x": 0, "y": 0}}, {"event_name": "beforeunload", "timestamp": "1694040766792", "position": {"x": 0, "y": 0}}, {"event_name": "load", "timestamp": "1694040766906", "position": {"x": 0, "y": 0}}, {"event_name": "pageshow", "timestamp": "1694040766907", "position": {"x": 0, "y": 0}}, {"event_name": "mouseover", "timestamp": "1694040767179", "position": {"x": 5, "y": 1}}, {"event_name": "mousemove", "timestamp": "1694040767179", "position": {"x": 5, "y": 1}}, {"event_name": "mousemove", "timestamp": "1694040767198", "position": {"x": 11, "y": 2}}, {"event_name": "mousemove", "timestamp": "1694040767215", "position": {"x": 17, "y": 4}}, {"event_name": "mousemove", "timestamp": "1694040767234", "position": {"x": 22, "y": 4}}, {"event_name": "mousemove", "timestamp": "1694040767253", "position": {"x": 27, "y": 4}}, {"event_name": "mousemove", "timestamp": "1694040767272", "position": {"x": 31, "y": 5}}, {"event_name": "mousemove", "timestamp": "1694040767290", "position": {"x": 38, "y": 5}}, {"event_name": "mousemove", "timestamp": "1694040767309", "position": {"x": 46, "y": 5}}, {"event_name": "mousemove", "timestamp": "1694040767328", "position": {"x": 53, "y": 6}}, {"event_name": "mousemove", "timestamp": "1694040767347", "position": {"x": 59, "y": 6}}, {"event_name": "mousemove", "timestamp": "1694040767365", "position": {"x": 67, "y": 6}}, {"event_name": "mouseout", "timestamp": "1694040767384", "position": {"x": 73, "y": 7}}, {"event_name": "mouseover", "timestamp": "1694040767384", "position": {"x": 73, "y": 7}}, {"event_name": "mousemove", "timestamp": "1694040767384", "position": {"x": 73, "y": 7}}, {"event_name": "mousemove", "timestamp": "1694040767402", "position": {"x": 79, "y": 7}}, {"event_name": "mouseout", "timestamp": "1694040767420", "position": {"x": 86, "y": 7}}, {"event_name": "mouseover", "timestamp": "1694040767421", "position": {"x": 86, "y": 7}}, {"event_name": "mousemove", "timestamp": "1694040767421", "position": {"x": 86, "y": 7}}, {"event_name": "mouseout", "timestamp": "1694040767440", "position": {"x": 92, "y": 8}}, {"event_name": "mouseover", "timestamp": "1694040767440", "position": {"x": 92, "y": 8}}, {"event_name": "mousemove", "timestamp": "1694040767441", "position": {"x": 92, "y": 8}}, {"event_name": "mousemove", "timestamp": "1694040767460", "position": {"x": 97, "y": 8}}, {"event_name": "mousemove", "timestamp": "1694040767478", "position": {"x": 103, "y": 8}}, {"event_name": "mousemove", "timestamp": "1694040767497", "position": {"x": 108, "y": 9}}, {"event_name": "mouseout", "timestamp": "1694040767516", "position": {"x": 115, "y": 8}}, {"event_name": "mouseover", "timestamp": "1694040767517", "position": {"x": 115, "y": 8}}, {"event_name": "mousemove", "timestamp": "1694040767517", "position": {"x": 115, "y": 8}}, {"event_name": "mousemove", "timestamp": "1694040767536", "position": {"x": 124, "y": 8}}, {"event_name": "mousemove", "timestamp": "1694040767554", "position": {"x": 130, "y": 8}}, {"event_name": "mousemove", "timestamp": "1694040767572", "position": {"x": 138, "y": 8}}, {"event_name": "mousemove", "timestamp": "1694040767590", "position": {"x": 146, "y": 8}}, {"event_name": "mousemove", "timestamp": "1694040767608", "position": {"x": 153, "y": 9}}, {"event_name": "mousemove", "timestamp": "1694040767625", "position": {"x": 160, "y": 9}}, {"event_name": "mousemove", "timestamp": "1694040767643", "position": {"x": 167, "y": 9}}, {"event_name": "mousemove", "timestamp": "1694040767660", "position": {"x": 174, "y": 9}}, {"event_name": "mousemove", "timestamp": "1694040767678", "position": {"x": 183, "y": 9}}, {"event_name": "mousemove", "timestamp": "1694040767695", "position": {"x": 193, "y": 10}}, {"event_name": "mousemove", "timestamp": "1694040767712", "position": {"x": 203, "y": 11}}, {"event_name": "mousemove", "timestamp": "1694040767730", "position": {"x": 210, "y": 11}}, {"event_name": "mousemove", "timestamp": "1694040767747", "position": {"x": 219, "y": 11}}, {"event_name": "mousemove", "timestamp": "1694040767765", "position": {"x": 226, "y": 12}}, {"event_name": "mousemove", "timestamp": "1694040767782", "position": {"x": 233, "y": 12}}, {"event_name": "mousemove", "timestamp": "1694040767800", "position": {"x": 241, "y": 12}}, {"event_name": "mousemove", "timestamp": "1694040767817", "position": {"x": 249, "y": 12}}, {"event_name": "mousemove", "timestamp": "1694040767835", "position": {"x": 256, "y": 12}}, {"event_name": "mousemove", "timestamp": "1694040767852", "position": {"x": 265, "y": 13}}, {"event_name": "mousemove", "timestamp": "1694040767870", "position": {"x": 272, "y": 14}}, {"event_name": "mousemove", "timestamp": "1694040767887", "position": {"x": 284, "y": 14}}, {"event_name": "mousemove", "timestamp": "1694040767907", "position": {"x": 298, "y": 14}}, {"event_name": "mousemove", "timestamp": "1694040767923", "position": {"x": 309, "y": 14}}, {"event_name": "mousemove", "timestamp": "1694040767941", "position": {"x": 317, "y": 11}}, {"event_name": "mousemove", "timestamp": "1694040767958", "position": {"x": 325, "y": 9}}, {"event_name": "mouseout", "timestamp": "1694040767977", "position": {"x": 332, "y": 7}}, {"event_name": "mouseover", "timestamp": "1694040767977", "position": {"x": 332, "y": 7}}, {"event_name": "mousemove", "timestamp": "1694040767977", "position": {"x": 332, "y": 7}}, {"event_name": "mousemove", "timestamp": "1694040767994", "position": {"x": 342, "y": 5}}, {"event_name": "mousemove", "timestamp": "1694040768012", "position": {"x": 353, "y": 4}}, {"event_name": "mousemove", "timestamp": "1694040768029", "position": {"x": 362, "y": 4}}, {"event_name": "mousemove", "timestamp": "1694040768047", "position": {"x": 370, "y": 6}}, {"event_name": "mousemove", "timestamp": "1694040768064", "position": {"x": 379, "y": 8}}, {"event_name": "mousemove", "timestamp": "1694040768081", "position": {"x": 388, "y": 11}}, {"event_name": "mousemove", "timestamp": "1694040768099", "position": {"x": 398, "y": 11}}, {"event_name": "mousemove", "timestamp": "1694040768117", "position": {"x": 409, "y": 11}}, {"event_name": "mousemove", "timestamp": "1694040768134", "position": {"x": 418, "y": 11}}, {"event_name": "mousemove", "timestamp": "1694040768152", "position": {"x": 430, "y": 9}}, {"event_name": "mousemove", "timestamp": "1694040768170", "position": {"x": 443, "y": 8}}, {"event_name": "mousemove", "timestamp": "1694040768187", "position": {"x": 454, "y": 7}}, {"event_name": "mousemove", "timestamp": "1694040768205", "position": {"x": 466, "y": 6}}, {"event_name": "mousemove", "timestamp": "1694040768221", "position": {"x": 480, "y": 5}}, {"event_name": "mousemove", "timestamp": "1694040768239", "position": {"x": 492, "y": 5}}, {"event_name": "mousemove", "timestamp": "1694040768257", "position": {"x": 503, "y": 3}}, {"event_name": "mousemove", "timestamp": "1694040768275", "position": {"x": 515, "y": 2}}, {"event_name": "mousemove", "timestamp": "1694040768292", "position": {"x": 526, "y": 1}}, {"event_name": "mousemove", "timestamp": "1694040768310", "position": {"x": 538, "y": 1}}, {"event_name": "mousemove", "timestamp": "1694040768327", "position": {"x": 551, "y": 2}}, {"event_name": "mousemove", "timestamp": "1694040768345", "position": {"x": 564, "y": 3}}, {"event_name": "mousemove", "timestamp": "1694040768363", "position": {"x": 576, "y": 2}}, {"event_name": "mousemove", "timestamp": "1694040768380", "position": {"x": 589, "y": 2}}, {"event_name": "mousemove", "timestamp": "1694040768398", "position": {"x": 600, "y": 2}}, {"event_name": "mousemove", "timestamp": "1694040768416", "position": {"x": 659, "y": 1}}, {"event_name": "mousemove", "timestamp": "1694040768433", "position": {"x": 719, "y": 1}}, {"event_name": "mousemove", "timestamp": "1694040768451", "position": {"x": 775, "y": 1}}, {"event_name": "mousemove", "timestamp": "1694040768469", "position": {"x": 787, "y": 6}}, {"event_name": "mouseout", "timestamp": "1694040768488", "position": {"x": 800, "y": 11}}, {"event_name": "mouseover", "timestamp": "1694040768488", "position": {"x": 800, "y": 11}}, {"event_name": "mousemove", "timestamp": "1694040768489", "position": {"x": 800, "y": 11}}, {"event_name": "mousemove", "timestamp": "1694040768508", "position": {"x": 812, "y": 16}}, {"event_name": "mousemove", "timestamp": "1694040768526", "position": {"x": 822, "y": 16}}, {"event_name": "mousemove", "timestamp": "1694040768543", "position": {"x": 834, "y": 16}}, {"event_name": "mousemove", "timestamp": "1694040768561", "position": {"x": 844, "y": 17}}, {"event_name": "mousemove", "timestamp": "1694040768579", "position": {"x": 854, "y": 16}}, {"event_name": "mouseout", "timestamp": "1694040768596", "position": {"x": 865, "y": 16}}, {"event_name": "mouseover", "timestamp": "1694040768596", "position": {"x": 865, "y": 16}}, {"event_name": "mousemove", "timestamp": "1694040768596", "position": {"x": 865, "y": 16}}, {"event_name": "mousemove", "timestamp": "1694040768615", "position": {"x": 876, "y": 16}}, {"event_name": "mousemove", "timestamp": "1694040768632", "position": {"x": 891, "y": 16}}, {"event_name": "mousemove", "timestamp": "1694040768649", "position": {"x": 908, "y": 16}}, {"event_name": "mousemove", "timestamp": "1694040768667", "position": {"x": 922, "y": 17}}, {"event_name": "mousemove", "timestamp": "1694040768684", "position": {"x": 933, "y": 17}}, {"event_name": "mousemove", "timestamp": "1694040768702", "position": {"x": 945, "y": 18}}, {"event_name": "mousemove", "timestamp": "1694040768720", "position": {"x": 956, "y": 19}}, {"event_name": "mouseout", "timestamp": "1694040768737", "position": {"x": 968, "y": 20}}, {"event_name": "mouseover", "timestamp": "1694040768737", "position": {"x": 968, "y": 20}}, {"event_name": "mousemove", "timestamp": "1694040768738", "position": {"x": 968, "y": 20}}, {"event_name": "mousemove", "timestamp": "1694040768755", "position": {"x": 980, "y": 21}}, {"event_name": "mousemove", "timestamp": "1694040768773", "position": {"x": 990, "y": 22}}, {"event_name": "mousemove", "timestamp": "1694040768791", "position": {"x": 997, "y": 20}}, {"event_name": "mousemove", "timestamp": "1694040768808", "position": {"x": 1004, "y": 19}}, {"event_name": "mousemove", "timestamp": "1694040768826", "position": {"x": 1011, "y": 19}}, {"event_name": "mousemove", "timestamp": "1694040768843", "position": {"x": 1019, "y": 19}}, {"event_name": "mousemove", "timestamp": "1694040768861", "position": {"x": 1029, "y": 20}}, {"event_name": "mousemove", "timestamp": "1694040768878", "position": {"x": 1037, "y": 21}}, {"event_name": "mousemove", "timestamp": "1694040768896", "position": {"x": 1044, "y": 21}}, {"event_name": "mousemove", "timestamp": "1694040768914", "position": {"x": 1052, "y": 21}}, {"event_name": "mousemove", "timestamp": "1694040768932", "position": {"x": 1059, "y": 21}}, {"event_name": "mouseout", "timestamp": "1694040768950", "position": {"x": 1065, "y": 22}}, {"event_name": "mouseover", "timestamp": "1694040768950", "position": {"x": 1065, "y": 22}}, {"event_name": "mousemove", "timestamp": "1694040768950", "position": {"x": 1065, "y": 22}}, {"event_name": "mousemove", "timestamp": "1694040768967", "position": {"x": 1071, "y": 23}}, {"event_name": "mousemove", "timestamp": "1694040768985", "position": {"x": 1077, "y": 24}}, {"event_name": "mousemove", "timestamp": "1694040769003", "position": {"x": 1081, "y": 23}}, {"event_name": "mousemove", "timestamp": "1694040769020", "position": {"x": 1085, "y": 23}}, {"event_name": "mousemove", "timestamp": "1694040769038", "position": {"x": 1090, "y": 23}}, {"event_name": "mousemove", "timestamp": "1694040769056", "position": {"x": 1092, "y": 22}}, {"event_name": "mousemove", "timestamp": "1694040769075", "position": {"x": 1094, "y": 21}}, {"event_name": "mousemove", "timestamp": "1694040769094", "position": {"x": 1096, "y": 21}}, {"event_name": "mousemove", "timestamp": "1694040769112", "position": {"x": 1099, "y": 21}}, {"event_name": "mousemove", "timestamp": "1694040769130", "position": {"x": 1103, "y": 22}}, {"event_name": "mousemove", "timestamp": "1694040769147", "position": {"x": 1106, "y": 23}}, {"event_name": "mousemove", "timestamp": "1694040769165", "position": {"x": 1107, "y": 23}}, {"event_name": "mousemove", "timestamp": "1694040769182", "position": {"x": 1109, "y": 23}}, {"event_name": "mousemove", "timestamp": "1694040769200", "position": {"x": 1111, "y": 23}}, {"event_name": "mousemove", "timestamp": "1694040769219", "position": {"x": 1114, "y": 23}}, {"event_name": "mousemove", "timestamp": "1694040769237", "position": {"x": 1117, "y": 24}}, {"event_name": "mousemove", "timestamp": "1694040769256", "position": {"x": 1120, "y": 25}}, {"event_name": "mousemove", "timestamp": "1694040769275", "position": {"x": 1121, "y": 25}}, {"event_name": "mousemove", "timestamp": "1694040769294", "position": {"x": 1123, "y": 25}}, {"event_name": "mousemove", "timestamp": "1694040769317", "position": {"x": 1125, "y": 26}}, {"event_name": "mousemove", "timestamp": "1694040769337", "position": {"x": 1127, "y": 26}}, {"event_name": "mousemove", "timestamp": "1694040769356", "position": {"x": 1129, "y": 26}}, {"event_name": "mousemove", "timestamp": "1694040769374", "position": {"x": 1131, "y": 27}}, {"event_name": "mousemove", "timestamp": "1694040769392", "position": {"x": 1132, "y": 27}}, {"event_name": "mousemove", "timestamp": "1694040769411", "position": {"x": 1133, "y": 27}}, {"event_name": "mousemove", "timestamp": "1694040769430", "position": {"x": 1134, "y": 28}}, {"event_name": "mousedown", "timestamp": "1694040769684", "position": {"x": 1134, "y": 28}}, {"event_name": "mouseup", "timestamp": "1694040769780", "position": {"x": 1134, "y": 28}}, {"event_name": "click", "timestamp": "1694040769780", "position": {"x": 1134, "y": 28}}, {"event_name": "beforeunload", "timestamp": "1694040769782", "position": {"x": 0, "y": 0}}, {"event_name": "load", "timestamp": "1694040772577", "position": {"x": 0, "y": 0}}, {"event_name": "pageshow", "timestamp": "1694040772578", "position": {"x": 0, "y": 0}}, {"event_name": "scroll", "timestamp": "1694040775198", "position": {"x": 0, "y": 0}}, {"event_name": "mouseover", "timestamp": "1694040775372", "position": {"x": 0, "y": 517}}, {"event_name": "mousemove", "timestamp": "1694040775373", "position": {"x": 0, "y": 517}}, {"event_name": "mousemove", "timestamp": "1694040775391", "position": {"x": 1, "y": 523}}, {"event_name": "mousemove", "timestamp": "1694040775409", "position": {"x": 2, "y": 526}}, {"event_name": "mousemove", "timestamp": "1694040775426", "position": {"x": 2, "y": 530}}, {"event_name": "mousemove", "timestamp": "1694040775444", "position": {"x": 3, "y": 534}}, {"event_name": "mousemove", "timestamp": "1694040775461", "position": {"x": 4, "y": 538}}, {"event_name": "mousemove", "timestamp": "1694040775480", "position": {"x": 5, "y": 541}}, {"event_name": "mousemove", "timestamp": "1694040775497", "position": {"x": 6, "y": 544}}, {"event_name": "mousemove", "timestamp": "1694040775515", "position": {"x": 7, "y": 547}}, {"event_name": "mousemove", "timestamp": "1694040775533", "position": {"x": 8, "y": 551}}, {"event_name": "mousemove", "timestamp": "1694040775550", "position": {"x": 9, "y": 555}}, {"event_name": "mousemove", "timestamp": "1694040775567", "position": {"x": 11, "y": 559}}, {"event_name": "mousemove", "timestamp": "1694040775586", "position": {"x": 12, "y": 563}}, {"event_name": "mousemove", "timestamp": "1694040775603", "position": {"x": 14, "y": 567}}, {"event_name": "mouseout", "timestamp": "1694040775620", "position": {"x": 16, "y": 571}}, {"event_name": "mouseover", "timestamp": "1694040775620", "position": {"x": 16, "y": 571}}, {"event_name": "mousemove", "timestamp": "1694040775620", "position": {"x": 16, "y": 571}}, {"event_name": "mousemove", "timestamp": "1694040775639", "position": {"x": 17, "y": 576}}, {"event_name": "mousemove", "timestamp": "1694040775656", "position": {"x": 18, "y": 581}}, {"event_name": "mousemove", "timestamp": "1694040775674", "position": {"x": 20, "y": 586}}, {"event_name": "mousemove", "timestamp": "1694040775692", "position": {"x": 21, "y": 590}}, {"event_name": "mousemove", "timestamp": "1694040775709", "position": {"x": 22, "y": 594}}, {"event_name": "mousemove", "timestamp": "1694040775726", "position": {"x": 23, "y": 599}}, {"event_name": "mousemove", "timestamp": "1694040775744", "position": {"x": 24, "y": 604}}, {"event_name": "mousemove", "timestamp": "1694040775762", "position": {"x": 26, "y": 608}}, {"event_name": "mousemove", "timestamp": "1694040775779", "position": {"x": 28, "y": 613}}, {"event_name": "mousemove", "timestamp": "1694040775797", "position": {"x": 30, "y": 619}}, {"event_name": "mousemove", "timestamp": "1694040775815", "position": {"x": 32, "y": 625}}, {"event_name": "mousemove", "timestamp": "1694040775832", "position": {"x": 35, "y": 631}}, {"event_name": "mousemove", "timestamp": "1694040775850", "position": {"x": 36, "y": 637}}, {"event_name": "mousemove", "timestamp": "1694040775868", "position": {"x": 37, "y": 644}}, {"event_name": "mousemove", "timestamp": "1694040775889", "position": {"x": 39, "y": 650}}, {"event_name": "mousemove", "timestamp": "1694040775907", "position": {"x": 40, "y": 654}}, {"event_name": "mousemove", "timestamp": "1694040775925", "position": {"x": 41, "y": 658}}, {"event_name": "mousemove", "timestamp": "1694040775942", "position": {"x": 43, "y": 662}}, {"event_name": "mousemove", "timestamp": "1694040775960", "position": {"x": 44, "y": 666}}, {"event_name": "mousemove", "timestamp": "1694040775978", "position": {"x": 46, "y": 671}}, {"event_name": "mousemove", "timestamp": "1694040775995", "position": {"x": 48, "y": 676}}, {"event_name": "mousemove", "timestamp": "1694040776013", "position": {"x": 50, "y": 683}}, {"event_name": "mousemove", "timestamp": "1694040776030", "position": {"x": 53, "y": 690}}, {"event_name": "mousemove", "timestamp": "1694040776048", "position": {"x": 56, "y": 697}}, {"event_name": "mousemove", "timestamp": "1694040776065", "position": {"x": 57, "y": 702}}, {"event_name": "mousemove", "timestamp": "1694040776083", "position": {"x": 58, "y": 707}}, {"event_name": "mousemove", "timestamp": "1694040776101", "position": {"x": 60, "y": 712}}, {"event_name": "mousemove", "timestamp": "1694040776119", "position": {"x": 62, "y": 717}}, {"event_name": "mousemove", "timestamp": "1694040776136", "position": {"x": 64, "y": 722}}, {"event_name": "mousemove", "timestamp": "1694040776154", "position": {"x": 67, "y": 727}}, {"event_name": "mousemove", "timestamp": "1694040776172", "position": {"x": 67, "y": 736}}, {"event_name": "mousemove", "timestamp": "1694040776189", "position": {"x": 68, "y": 745}}, {"event_name": "mousemove", "timestamp": "1694040776207", "position": {"x": 69, "y": 754}}, {"event_name": "mouseout", "timestamp": "1694040776224", "position": {"x": 70, "y": 761}}, {"event_name": "mouseover", "timestamp": "1694040776224", "position": {"x": 70, "y": 761}}, {"event_name": "mousemove", "timestamp": "1694040776225", "position": {"x": 70, "y": 761}}, {"event_name": "mousemove", "timestamp": "1694040776242", "position": {"x": 71, "y": 769}}, {"event_name": "mousemove", "timestamp": "1694040776260", "position": {"x": 72, "y": 776}}, {"event_name": "mousemove", "timestamp": "1694040776278", "position": {"x": 75, "y": 784}}, {"event_name": "mousemove", "timestamp": "1694040776295", "position": {"x": 78, "y": 792}}, {"event_name": "mousemove", "timestamp": "1694040776312", "position": {"x": 81, "y": 799}}, {"event_name": "mousemove", "timestamp": "1694040776330", "position": {"x": 84, "y": 807}}, {"event_name": "mouseout", "timestamp": "1694040776347", "position": {"x": 87, "y": 817}}, {"event_name": "mouseover", "timestamp": "1694040776347", "position": {"x": 87, "y": 817}}, {"event_name": "mousemove", "timestamp": "1694040776348", "position": {"x": 87, "y": 817}}, {"event_name": "mousemove", "timestamp": "1694040776365", "position": {"x": 90, "y": 825}}, {"event_name": "mousemove", "timestamp": "1694040776383", "position": {"x": 90, "y": 829}}, {"event_name": "mousemove", "timestamp": "1694040776400", "position": {"x": 90, "y": 834}}, {"event_name": "mousemove", "timestamp": "1694040776418", "position": {"x": 90, "y": 838}}, {"event_name": "mousemove", "timestamp": "1694040776436", "position": {"x": 90, "y": 843}}, {"event_name": "mousemove", "timestamp": "1694040776454", "position": {"x": 91, "y": 849}}, {"event_name": "mousemove", "timestamp": "1694040776472", "position": {"x": 92, "y": 854}}, {"event_name": "mousemove", "timestamp": "1694040776490", "position": {"x": 92, "y": 859}}, {"event_name": "mousemove", "timestamp": "1694040776507", "position": {"x": 93, "y": 864}}, {"event_name": "mousemove", "timestamp": "1694040776525", "position": {"x": 94, "y": 869}}, {"event_name": "mousemove", "timestamp": "1694040776542", "position": {"x": 95, "y": 875}}, {"event_name": "mousemove", "timestamp": "1694040776561", "position": {"x": 96, "y": 881}}, {"event_name": "mousemove", "timestamp": "1694040776578", "position": {"x": 97, "y": 887}}, {"event_name": "mousemove", "timestamp": "1694040776596", "position": {"x": 96, "y": 892}}, {"event_name": "mouseout", "timestamp": "1694040776613", "position": {"x": 95, "y": 897}}, {"event_name": "mouseover", "timestamp": "1694040776613", "position": {"x": 95, "y": 897}}, {"event_name": "mousemove", "timestamp": "1694040776613", "position": {"x": 95, "y": 897}}, {"event_name": "mousemove", "timestamp": "1694040776631", "position": {"x": 95, "y": 903}}, {"event_name": "mousemove", "timestamp": "1694040776649", "position": {"x": 93, "y": 907}}, {"event_name": "mouseout", "timestamp": "1694040776667", "position": {"x": 92, "y": 912}}, {"event_name": "mouseover", "timestamp": "1694040776667", "position": {"x": 92, "y": 912}}, {"event_name": "mousemove", "timestamp": "1694040776667", "position": {"x": 92, "y": 912}}, {"event_name": "mousemove", "timestamp": "1694040776685", "position": {"x": 92, "y": 916}}, {"event_name": "mousemove", "timestamp": "1694040776703", "position": {"x": 92, "y": 917}}, {"event_name": "mousemove", "timestamp": "1694040776720", "position": {"x": 92, "y": 919}}, {"event_name": "mousemove", "timestamp": "1694040776738", "position": {"x": 93, "y": 921}}, {"event_name": "mousedown", "timestamp": "1694040777109", "position": {"x": 93, "y": 921}}, {"event_name": "mouseup", "timestamp": "1694040777197", "position": {"x": 93, "y": 921}}, {"event_name": "click", "timestamp": "1694040777197", "position": {"x": 93, "y": 921}}, {"event_name": "beforeunload", "timestamp": "1694040777203", "position": {"x": 0, "y": 0}}, {"event_name": "load", "timestamp": "1694040777560", "position": {"x": 0, "y": 0}}, {"event_name": "pageshow", "timestamp": "1694040777560", "position": {"x": 0, "y": 0}}, {"event_name": "beforeunload", "timestamp": "1694040779266", "position": {"x": 0, "y": 0}}, {"event_name": "load", "timestamp": "1694040779413", "position": {"x": 0, "y": 0}}, {"event_name": "pageshow", "timestamp": "1694040779413", "position": {"x": 0, "y": 0}}, {"event_name": "scroll", "timestamp": "1694040782198", "position": {"x": 0, "y": 0}}, {"event_name": "scroll", "timestamp": "1694040782239", "position": {"x": 0, "y": 0}}, {"event_name": "mouseover", "timestamp": "1694040784986", "position": {"x": 2, "y": 1544}}, {"event_name": "mousemove", "timestamp": "1694040784987", "position": {"x": 2, "y": 1544}}, {"event_name": "mousemove", "timestamp": "1694040785005", "position": {"x": 5, "y": 1549}}, {"event_name": "mousemove", "timestamp": "1694040785023", "position": {"x": 7, "y": 1554}}, {"event_name": "mousemove", "timestamp": "1694040785041", "position": {"x": 8, "y": 1557}}, {"event_name": "mousemove", "timestamp": "1694040785060", "position": {"x": 9, "y": 1560}}, {"event_name": "mousemove", "timestamp": "1694040785079", "position": {"x": 11, "y": 1563}}, {"event_name": "mousemove", "timestamp": "1694040785099", "position": {"x": 11, "y": 1566}}, {"event_name": "mousemove", "timestamp": "1694040785117", "position": {"x": 12, "y": 1570}}, {"event_name": "mousemove", "timestamp": "1694040785135", "position": {"x": 13, "y": 1574}}, {"event_name": "mousemove", "timestamp": "1694040785155", "position": {"x": 13, "y": 1578}}, {"event_name": "mousemove", "timestamp": "1694040785174", "position": {"x": 14, "y": 1584}}, {"event_name": "mousemove", "timestamp": "1694040785192", "position": {"x": 15, "y": 1588}}, {"event_name": "scroll", "timestamp": "1694040785198", "position": {"x": 0, "y": 0}}, {"event_name": "mousemove", "timestamp": "1694040785211", "position": {"x": 17, "y": 1590}}, {"event_name": "mousemove", "timestamp": "1694040785229", "position": {"x": 19, "y": 1592}}, {"event_name": "mousemove", "timestamp": "1694040785248", "position": {"x": 21, "y": 1595}}, {"event_name": "mouseout", "timestamp": "1694040785266", "position": {"x": 22, "y": 1598}}, {"event_name": "mouseover", "timestamp": "1694040785266", "position": {"x": 22, "y": 1598}}, {"event_name": "mousemove", "timestamp": "1694040785266", "position": {"x": 22, "y": 1598}}, {"event_name": "mousemove", "timestamp": "1694040785284", "position": {"x": 23, "y": 1602}}, {"event_name": "mousemove", "timestamp": "1694040785301", "position": {"x": 25, "y": 1605}}, {"event_name": "mousemove", "timestamp": "1694040785319", "position": {"x": 27, "y": 1610}}, {"event_name": "mousemove", "timestamp": "1694040785338", "position": {"x": 30, "y": 1615}}, {"event_name": "mousemove", "timestamp": "1694040785357", "position": {"x": 33, "y": 1619}}, {"event_name": "mousemove", "timestamp": "1694040785376", "position": {"x": 34, "y": 1622}}, {"event_name": "mousemove", "timestamp": "1694040785394", "position": {"x": 35, "y": 1626}}, {"event_name": "mousemove", "timestamp": "1694040785413", "position": {"x": 36, "y": 1629}}, {"event_name": "mousemove", "timestamp": "1694040785432", "position": {"x": 37, "y": 1634}}, {"event_name": "mousemove", "timestamp": "1694040785451", "position": {"x": 38, "y": 1640}}, {"event_name": "mousemove", "timestamp": "1694040785469", "position": {"x": 40, "y": 1645}}, {"event_name": "mousemove", "timestamp": "1694040785488", "position": {"x": 41, "y": 1651}}, {"event_name": "mousemove", "timestamp": "1694040785506", "position": {"x": 43, "y": 1659}}, {"event_name": "mousemove", "timestamp": "1694040785523", "position": {"x": 45, "y": 1665}}, {"event_name": "mousemove", "timestamp": "1694040785541", "position": {"x": 45, "y": 1669}}, {"event_name": "mousemove", "timestamp": "1694040785560", "position": {"x": 45, "y": 1674}}, {"event_name": "mousemove", "timestamp": "1694040785577", "position": {"x": 46, "y": 1678}}, {"event_name": "mousemove", "timestamp": "1694040785597", "position": {"x": 47, "y": 1682}}, {"event_name": "mousemove", "timestamp": "1694040785615", "position": {"x": 48, "y": 1688}}, {"event_name": "mousemove", "timestamp": "1694040785634", "position": {"x": 50, "y": 1692}}, {"event_name": "mousemove", "timestamp": "1694040785652", "position": {"x": 51, "y": 1698}}, {"event_name": "mousemove", "timestamp": "1694040785670", "position": {"x": 53, "y": 1706}}, {"event_name": "mousemove", "timestamp": "1694040785688", "position": {"x": 55, "y": 1712}}, {"event_name": "mousemove", "timestamp": "1694040785707", "position": {"x": 58, "y": 1719}}, {"event_name": "mousemove", "timestamp": "1694040785725", "position": {"x": 62, "y": 1726}}, {"event_name": "mousemove", "timestamp": "1694040785743", "position": {"x": 65, "y": 1732}}, {"event_name": "mousemove", "timestamp": "1694040785762", "position": {"x": 65, "y": 1739}}, {"event_name": "mousemove", "timestamp": "1694040785780", "position": {"x": 66, "y": 1747}}, {"event_name": "mousemove", "timestamp": "1694040785798", "position": {"x": 67, "y": 1754}}, {"event_name": "mousemove", "timestamp": "1694040785817", "position": {"x": 69, "y": 1760}}, {"event_name": "mouseout", "timestamp": "1694040785836", "position": {"x": 71, "y": 1767}}, {"event_name": "mouseover", "timestamp": "1694040785836", "position": {"x": 71, "y": 1767}}, {"event_name": "mousemove", "timestamp": "1694040785836", "position": {"x": 71, "y": 1767}}, {"event_name": "mousemove", "timestamp": "1694040785855", "position": {"x": 73, "y": 1773}}, {"event_name": "mousemove", "timestamp": "1694040785873", "position": {"x": 74, "y": 1780}}, {"event_name": "mousemove", "timestamp": "1694040785891", "position": {"x": 75, "y": 1788}}, {"event_name": "mousemove", "timestamp": "1694040785908", "position": {"x": 76, "y": 1795}}, {"event_name": "mousemove", "timestamp": "1694040785927", "position": {"x": 77, "y": 1803}}, {"event_name": "mousemove", "timestamp": "1694040785944", "position": {"x": 79, "y": 1813}}, {"event_name": "mousemove", "timestamp": "1694040785962", "position": {"x": 81, "y": 1821}}, {"event_name": "mousemove", "timestamp": "1694040785979", "position": {"x": 82, "y": 1829}}, {"event_name": "mousemove", "timestamp": "1694040785996", "position": {"x": 83, "y": 1838}}, {"event_name": "mousemove", "timestamp": "1694040786014", "position": {"x": 84, "y": 1846}}, {"event_name": "mousemove", "timestamp": "1694040786032", "position": {"x": 83, "y": 1851}}, {"event_name": "mousemove", "timestamp": "1694040786049", "position": {"x": 83, "y": 1857}}, {"event_name": "mousemove", "timestamp": "1694040786068", "position": {"x": 83, "y": 1862}}, {"event_name": "mousemove", "timestamp": "1694040786087", "position": {"x": 84, "y": 1868}}, {"event_name": "mouseout", "timestamp": "1694040786106", "position": {"x": 85, "y": 1876}}, {"event_name": "mouseover", "timestamp": "1694040786106", "position": {"x": 85, "y": 1876}}, {"event_name": "mousemove", "timestamp": "1694040786107", "position": {"x": 85, "y": 1876}}, {"event_name": "mousemove", "timestamp": "1694040786125", "position": {"x": 87, "y": 1882}}, {"event_name": "mousemove", "timestamp": "1694040786144", "position": {"x": 88, "y": 1888}}, {"event_name": "mousemove", "timestamp": "1694040786162", "position": {"x": 89, "y": 1894}}, {"event_name": "mousemove", "timestamp": "1694040786181", "position": {"x": 91, "y": 1900}}, {"event_name": "mousemove", "timestamp": "1694040786200", "position": {"x": 92, "y": 1906}}, {"event_name": "mousemove", "timestamp": "1694040786219", "position": {"x": 93, "y": 1912}}, {"event_name": "mousemove", "timestamp": "1694040786237", "position": {"x": 94, "y": 1918}}, {"event_name": "mousemove", "timestamp": "1694040786256", "position": {"x": 95, "y": 1922}}, {"event_name": "mousemove", "timestamp": "1694040786274", "position": {"x": 97, "y": 1928}}, {"event_name": "mouseout", "timestamp": "1694040786293", "position": {"x": 99, "y": 1932}}, {"event_name": "mouseover", "timestamp": "1694040786293", "position": {"x": 99, "y": 1932}}, {"event_name": "mousemove", "timestamp": "1694040786294", "position": {"x": 99, "y": 1932}}, {"event_name": "mousemove", "timestamp": "1694040786311", "position": {"x": 99, "y": 1935}}, {"event_name": "mousemove", "timestamp": "1694040786330", "position": {"x": 100, "y": 1939}}, {"event_name": "mousemove", "timestamp": "1694040786348", "position": {"x": 101, "y": 1943}}, {"event_name": "mousemove", "timestamp": "1694040786367", "position": {"x": 100, "y": 1946}}, {"event_name": "mouseout", "timestamp": "1694040786385", "position": {"x": 99, "y": 1950}}, {"event_name": "mouseover", "timestamp": "1694040786386", "position": {"x": 99, "y": 1950}}, {"event_name": "mousemove", "timestamp": "1694040786387", "position": {"x": 99, "y": 1950}}, {"event_name": "mousemove", "timestamp": "1694040786405", "position": {"x": 99, "y": 1953}}, {"event_name": "mousemove", "timestamp": "1694040786423", "position": {"x": 99, "y": 1954}}, {"event_name": "mousemove", "timestamp": "1694040786442", "position": {"x": 99, "y": 1955}}, {"event_name": "mousemove", "timestamp": "1694040786462", "position": {"x": 100, "y": 1957}}, {"event_name": "mousedown", "timestamp": "1694040786621", "position": {"x": 100, "y": 1957}}, {"event_name": "mouseup", "timestamp": "1694040786732", "position": {"x": 100, "y": 1957}}, {"event_name": "click", "timestamp": "1694040786732", "position": {"x": 100, "y": 1957}}, {"event_name": "beforeunload", "timestamp": "1694040786734", "position": {"x": 0, "y": 0}}, {"event_name": "focus", "timestamp": "1694040788997", "position": {"x": 0, "y": 0}}, {"event_name": "load", "timestamp": "1694040788998", "position": {"x": 0, "y": 0}}, {"event_name": "pageshow", "timestamp": "1694040788998", "position": {"x": 0, "y": 0}}, {"event_name": "scroll", "timestamp": "1694040791198", "position": {"x": 0, "y": 0}}, {"event_name": "scroll", "timestamp": "1694040791321", "position": {"x": 0, "y": 0}}, {"event_name": "scroll", "timestamp": "1694040794199", "position": {"x": 0, "y": 0}}, {"event_name": "mouseover", "timestamp": "1694040796709", "position": {"x": 1, "y": 2035}}, {"event_name": "mousemove", "timestamp": "1694040796710", "position": {"x": 1, "y": 2035}}, {"event_name": "mousemove", "timestamp": "1694040796728", "position": {"x": 2, "y": 2040}}, {"event_name": "mousemove", "timestamp": "1694040796746", "position": {"x": 3, "y": 2043}}, {"event_name": "mousemove", "timestamp": "1694040796765", "position": {"x": 4, "y": 2044}}, {"event_name": "mousemove", "timestamp": "1694040796783", "position": {"x": 5, "y": 2045}}, {"event_name": "mousemove", "timestamp": "1694040796802", "position": {"x": 6, "y": 2047}}, {"event_name": "mousemove", "timestamp": "1694040796820", "position": {"x": 7, "y": 2051}}, {"event_name": "mousemove", "timestamp": "1694040796839", "position": {"x": 9, "y": 2055}}, {"event_name": "mousemove", "timestamp": "1694040796858", "position": {"x": 11, "y": 2059}}, {"event_name": "mousemove", "timestamp": "1694040796876", "position": {"x": 12, "y": 2062}}, {"event_name": "mousemove", "timestamp": "1694040796896", "position": {"x": 13, "y": 2066}}, {"event_name": "mousemove", "timestamp": "1694040796914", "position": {"x": 15, "y": 2070}}, {"event_name": "mousemove", "timestamp": "1694040796934", "position": {"x": 16, "y": 2074}}, {"event_name": "mousemove", "timestamp": "1694040796952", "position": {"x": 17, "y": 2078}}, {"event_name": "mousemove", "timestamp": "1694040796971", "position": {"x": 18, "y": 2082}}, {"event_name": "mousemove", "timestamp": "1694040796989", "position": {"x": 19, "y": 2087}}, {"event_name": "mouseout", "timestamp": "1694040797011", "position": {"x": 21, "y": 2093}}, {"event_name": "mouseover", "timestamp": "1694040797012", "position": {"x": 21, "y": 2093}}, {"event_name": "mousemove", "timestamp": "1694040797013", "position": {"x": 21, "y": 2093}}, {"event_name": "mousemove", "timestamp": "1694040797030", "position": {"x": 23, "y": 2097}}, {"event_name": "mousemove", "timestamp": "1694040797049", "position": {"x": 23, "y": 2101}}, {"event_name": "mousemove", "timestamp": "1694040797069", "position": {"x": 23, "y": 2106}}, {"event_name": "mousemove", "timestamp": "1694040797087", "position": {"x": 24, "y": 2110}}, {"event_name": "mousemove", "timestamp": "1694040797107", "position": {"x": 25, "y": 2113}}, {"event_name": "mousemove", "timestamp": "1694040797125", "position": {"x": 26, "y": 2117}}, {"event_name": "mousemove", "timestamp": "1694040797144", "position": {"x": 27, "y": 2120}}, {"event_name": "mousemove", "timestamp": "1694040797162", "position": {"x": 28, "y": 2123}}, {"event_name": "mousemove", "timestamp": "1694040797181", "position": {"x": 30, "y": 2127}}, {"event_name": "mousemove", "timestamp": "1694040797199", "position": {"x": 32, "y": 2131}}, {"event_name": "mousemove", "timestamp": "1694040797232", "position": {"x": 32, "y": 2139}}, {"event_name": "mousemove", "timestamp": "1694040797252", "position": {"x": 33, "y": 2146}}, {"event_name": "mousemove", "timestamp": "1694040797272", "position": {"x": 34, "y": 2152}}, {"event_name": "mousemove", "timestamp": "1694040797290", "position": {"x": 36, "y": 2158}}, {"event_name": "mousemove", "timestamp": "1694040797309", "position": {"x": 38, "y": 2164}}, {"event_name": "mousemove", "timestamp": "1694040797329", "position": {"x": 41, "y": 2170}}, {"event_name": "mousemove", "timestamp": "1694040797348", "position": {"x": 44, "y": 2176}}, {"event_name": "mousemove", "timestamp": "1694040797368", "position": {"x": 47, "y": 2181}}, {"event_name": "mousemove", "timestamp": "1694040797386", "position": {"x": 48, "y": 2187}}, {"event_name": "mousemove", "timestamp": "1694040797406", "position": {"x": 49, "y": 2194}}, {"event_name": "mousemove", "timestamp": "1694040797425", "position": {"x": 51, "y": 2200}}, {"event_name": "mousemove", "timestamp": "1694040797444", "position": {"x": 52, "y": 2206}}, {"event_name": "mousemove", "timestamp": "1694040797464", "position": {"x": 54, "y": 2213}}, {"event_name": "mousemove", "timestamp": "1694040797482", "position": {"x": 56, "y": 2218}}, {"event_name": "mousemove", "timestamp": "1694040797501", "position": {"x": 56, "y": 2225}}, {"event_name": "mousemove", "timestamp": "1694040797520", "position": {"x": 56, "y": 2233}}, {"event_name": "mousemove", "timestamp": "1694040797539", "position": {"x": 56, "y": 2240}}, {"event_name": "mousemove", "timestamp": "1694040797557", "position": {"x": 59, "y": 2247}}, {"event_name": "mousemove", "timestamp": "1694040797577", "position": {"x": 62, "y": 2255}}, {"event_name": "mousemove", "timestamp": "1694040797595", "position": {"x": 65, "y": 2262}}, {"event_name": "mousemove", "timestamp": "1694040797614", "position": {"x": 66, "y": 2270}}, {"event_name": "mousemove", "timestamp": "1694040797634", "position": {"x": 68, "y": 2279}}, {"event_name": "mouseout", "timestamp": "1694040797651", "position": {"x": 70, "y": 2285}}, {"event_name": "mouseover", "timestamp": "1694040797653", "position": {"x": 70, "y": 2285}}, {"event_name": "mousemove", "timestamp": "1694040797653", "position": {"x": 70, "y": 2285}}, {"event_name": "mousemove", "timestamp": "1694040797671", "position": {"x": 70, "y": 2292}}, {"event_name": "mousemove", "timestamp": "1694040797688", "position": {"x": 70, "y": 2299}}, {"event_name": "mousemove", "timestamp": "1694040797707", "position": {"x": 71, "y": 2306}}, {"event_name": "mousemove", "timestamp": "1694040797724", "position": {"x": 71, "y": 2315}}, {"event_name": "mousemove", "timestamp": "1694040797742", "position": {"x": 71, "y": 2324}}, {"event_name": "mousemove", "timestamp": "1694040797760", "position": {"x": 72, "y": 2332}}, {"event_name": "mousemove", "timestamp": "1694040797778", "position": {"x": 73, "y": 2342}}, {"event_name": "mousemove", "timestamp": "1694040797795", "position": {"x": 74, "y": 2353}}, {"event_name": "mousemove", "timestamp": "1694040797813", "position": {"x": 76, "y": 2362}}, {"event_name": "mousemove", "timestamp": "1694040797830", "position": {"x": 77, "y": 2372}}, {"event_name": "mousemove", "timestamp": "1694040797848", "position": {"x": 78, "y": 2383}}, {"event_name": "mousemove", "timestamp": "1694040797865", "position": {"x": 80, "y": 2392}}, {"event_name": "mousemove", "timestamp": "1694040797884", "position": {"x": 79, "y": 2401}}, {"event_name": "mousemove", "timestamp": "1694040797901", "position": {"x": 78, "y": 2409}}, {"event_name": "mousemove", "timestamp": "1694040797919", "position": {"x": 78, "y": 2417}}, {"event_name": "mousemove", "timestamp": "1694040797937", "position": {"x": 78, "y": 2426}}, {"event_name": "mousemove", "timestamp": "1694040797958", "position": {"x": 78, "y": 2437}}, {"event_name": "mousemove", "timestamp": "1694040797976", "position": {"x": 79, "y": 2445}}, {"event_name": "mousemove", "timestamp": "1694040797995", "position": {"x": 80, "y": 2457}}, {"event_name": "mousemove", "timestamp": "1694040798014", "position": {"x": 81, "y": 2470}}, {"event_name": "mousemove", "timestamp": "1694040798033", "position": {"x": 83, "y": 2480}}, {"event_name": "mousemove", "timestamp": "1694040798050", "position": {"x": 83, "y": 2491}}, {"event_name": "mousemove", "timestamp": "1694040798068", "position": {"x": 83, "y": 2503}}, {"event_name": "mousemove", "timestamp": "1694040798086", "position": {"x": 84, "y": 2515}}, {"event_name": "mousemove", "timestamp": "1694040798103", "position": {"x": 84, "y": 2525}}, {"event_name": "mousemove", "timestamp": "1694040798121", "position": {"x": 84, "y": 2534}}, {"event_name": "mouseout", "timestamp": "1694040798140", "position": {"x": 85, "y": 2543}}, {"event_name": "mouseover", "timestamp": "1694040798141", "position": {"x": 85, "y": 2543}}, {"event_name": "mousemove", "timestamp": "1694040798141", "position": {"x": 85, "y": 2543}}, {"event_name": "mousemove", "timestamp": "1694040798160", "position": {"x": 86, "y": 2551}}, {"event_name": "mousemove", "timestamp": "1694040798178", "position": {"x": 87, "y": 2560}}, {"event_name": "mousemove", "timestamp": "1694040798197", "position": {"x": 89, "y": 2567}}, {"event_name": "mousemove", "timestamp": "1694040798217", "position": {"x": 90, "y": 2573}}, {"event_name": "mousemove", "timestamp": "1694040798234", "position": {"x": 91, "y": 2579}}, {"event_name": "mousemove", "timestamp": "1694040798254", "position": {"x": 93, "y": 2585}}, {"event_name": "mousemove", "timestamp": "1694040798273", "position": {"x": 94, "y": 2592}}, {"event_name": "mousemove", "timestamp": "1694040798291", "position": {"x": 95, "y": 2600}}, {"event_name": "mousemove", "timestamp": "1694040798309", "position": {"x": 96, "y": 2606}}, {"event_name": "mousemove", "timestamp": "1694040798328", "position": {"x": 98, "y": 2612}}, {"event_name": "mousemove", "timestamp": "1694040798346", "position": {"x": 100, "y": 2619}}, {"event_name": "mousemove", "timestamp": "1694040798364", "position": {"x": 102, "y": 2625}}, {"event_name": "mousemove", "timestamp": "1694040798383", "position": {"x": 103, "y": 2631}}, {"event_name": "mousemove", "timestamp": "1694040798403", "position": {"x": 104, "y": 2637}}, {"event_name": "mousemove", "timestamp": "1694040798420", "position": {"x": 105, "y": 2643}}, {"event_name": "mousemove", "timestamp": "1694040798439", "position": {"x": 105, "y": 2648}}, {"event_name": "mousemove", "timestamp": "1694040798458", "position": {"x": 106, "y": 2654}}, {"event_name": "mouseout", "timestamp": "1694040798477", "position": {"x": 107, "y": 2659}}, {"event_name": "mouseover", "timestamp": "1694040798477", "position": {"x": 107, "y": 2659}}, {"event_name": "mousemove", "timestamp": "1694040798477", "position": {"x": 107, "y": 2659}}, {"event_name": "mousemove", "timestamp": "1694040798496", "position": {"x": 108, "y": 2663}}, {"event_name": "mousemove", "timestamp": "1694040798515", "position": {"x": 109, "y": 2668}}, {"event_name": "mousemove", "timestamp": "1694040798534", "position": {"x": 110, "y": 2672}}, {"event_name": "mousemove", "timestamp": "1694040798552", "position": {"x": 110, "y": 2677}}, {"event_name": "mouseout", "timestamp": "1694040798570", "position": {"x": 110, "y": 2682}}, {"event_name": "mouseover", "timestamp": "1694040798572", "position": {"x": 110, "y": 2682}}, {"event_name": "mousemove", "timestamp": "1694040798573", "position": {"x": 110, "y": 2682}}, {"event_name": "mousemove", "timestamp": "1694040798590", "position": {"x": 110, "y": 2686}}, {"event_name": "mousedown", "timestamp": "1694040799042", "position": {"x": 110, "y": 2686}}, {"event_name": "mouseup", "timestamp": "1694040799125", "position": {"x": 110, "y": 2686}}, {"event_name": "click", "timestamp": "1694040799125", "position": {"x": 110, "y": 2686}}, {"event_name": "beforeunload", "timestamp": "1694040799127", "position": {"x": 0, "y": 0}}]}