{"user_id": "0ebdbdc0-aae9-42f4-ba63-13f8513578fa", "device": "desktop", "trace": [{"event_name": "pageshow", "timestamp": "1694041288304", "position": {"x": 0, "y": 0}}, {"event_name": "load", "timestamp": "1694041288304", "position": {"x": 0, "y": 0}}, {"event_name": "mouseover", "timestamp": "1694041288539", "position": {"x": 9, "y": 0}}, {"event_name": "mousemove", "timestamp": "1694041288540", "position": {"x": 9, "y": 0}}, {"event_name": "mousemove", "timestamp": "1694041288560", "position": {"x": 24, "y": 0}}, {"event_name": "mousemove", "timestamp": "1694041288578", "position": {"x": 29, "y": 0}}, {"event_name": "mousemove", "timestamp": "1694041288595", "position": {"x": 33, "y": 0}}, {"event_name": "mousemove", "timestamp": "1694041288613", "position": {"x": 38, "y": 1}}, {"event_name": "mousemove", "timestamp": "1694041288630", "position": {"x": 42, "y": 2}}, {"event_name": "mousemove", "timestamp": "1694041288648", "position": {"x": 47, "y": 3}}, {"event_name": "mousemove", "timestamp": "1694041288665", "position": {"x": 53, "y": 4}}, {"event_name": "mousemove", "timestamp": "1694041288683", "position": {"x": 59, "y": 5}}, {"event_name": "mousemove", "timestamp": "1694041288701", "position": {"x": 61, "y": 5}}, {"event_name": "mousemove", "timestamp": "1694041288719", "position": {"x": 63, "y": 6}}, {"event_name": "mousemove", "timestamp": "1694041288736", "position": {"x": 66, "y": 7}}, {"event_name": "mouseout", "timestamp": "1694041288754", "position": {"x": 70, "y": 7}}, {"event_name": "mouseover", "timestamp": "1694041288754", "position": {"x": 70, "y": 7}}, {"event_name": "mousemove", "timestamp": "1694041288754", "position": {"x": 70, "y": 7}}, {"event_name": "mousemove", "timestamp": "1694041288771", "position": {"x": 74, "y": 7}}, {"event_name": "mousemove", "timestamp": "1694041288789", "position": {"x": 78, "y": 8}}, {"event_name": "mousemove", "timestamp": "1694041288807", "position": {"x": 80, "y": 8}}, {"event_name": "mousemove", "timestamp": "1694041288825", "position": {"x": 83, "y": 9}}, {"event_name": "mouseout", "timestamp": "1694041288842", "position": {"x": 86, "y": 10}}, {"event_name": "mouseover", "timestamp": "1694041288842", "position": {"x": 86, "y": 10}}, {"event_name": "mousemove", "timestamp": "1694041288843", "position": {"x": 86, "y": 10}}, {"event_name": "mousemove", "timestamp": "1694041288860", "position": {"x": 88, "y": 11}}, {"event_name": "mousemove", "timestamp": "1694041288878", "position": {"x": 91, "y": 12}}, {"event_name": "mousemove", "timestamp": "1694041288895", "position": {"x": 94, "y": 13}}, {"event_name": "mousemove", "timestamp": "1694041288913", "position": {"x": 95, "y": 13}}, {"event_name": "mousemove", "timestamp": "1694041288930", "position": {"x": 96, "y": 14}}, {"event_name": "mousemove", "timestamp": "1694041288948", "position": {"x": 97, "y": 15}}, {"event_name": "mousedown", "timestamp": "1694041289231", "position": {"x": 97, "y": 15}}, {"event_name": "mouseup", "timestamp": "1694041289351", "position": {"x": 97, "y": 15}}, {"event_name": "click", "timestamp": "1694041289351", "position": {"x": 97, "y": 15}}, {"event_name": "beforeunload", "timestamp": "1694041289356", "position": {"x": 0, "y": 0}}, {"event_name": "load", "timestamp": "1694041292101", "position": {"x": 0, "y": 0}}, {"event_name": "pageshow", "timestamp": "1694041292101", "position": {"x": 0, "y": 0}}, {"event_name": "beforeunload", "timestamp": "1694041292109", "position": {"x": 0, "y": 0}}, {"event_name": "load", "timestamp": "1694041292194", "position": {"x": 0, "y": 0}}, {"event_name": "pageshow", "timestamp": "1694041292194", "position": {"x": 0, "y": 0}}, {"event_name": "mouseover", "timestamp": "1694041292524", "position": {"x": 5, "y": 1}}, {"event_name": "mousemove", "timestamp": "1694041292525", "position": {"x": 5, "y": 1}}, {"event_name": "mousemove", "timestamp": "1694041292543", "position": {"x": 13, "y": 3}}, {"event_name": "mousemove", "timestamp": "1694041292560", "position": {"x": 16, "y": 4}}, {"event_name": "mousemove", "timestamp": "1694041292579", "position": {"x": 22, "y": 4}}, {"event_name": "mousemove", "timestamp": "1694041292596", "position": {"x": 28, "y": 4}}, {"event_name": "mousemove", "timestamp": "1694041292615", "position": {"x": 34, "y": 5}}, {"event_name": "mousemove", "timestamp": "1694041292634", "position": {"x": 41, "y": 5}}, {"event_name": "mousemove", "timestamp": "1694041292653", "position": {"x": 48, "y": 6}}, {"event_name": "mousemove", "timestamp": "1694041292672", "position": {"x": 54, "y": 7}}, {"event_name": "mousemove", "timestamp": "1694041292691", "position": {"x": 60, "y": 8}}, {"event_name": "mousemove", "timestamp": "1694041292709", "position": {"x": 68, "y": 9}}, {"event_name": "mouseout", "timestamp": "1694041292728", "position": {"x": 74, "y": 11}}, {"event_name": "mouseover", "timestamp": "1694041292728", "position": {"x": 74, "y": 11}}, {"event_name": "mousemove", "timestamp": "1694041292729", "position": {"x": 74, "y": 11}}, {"event_name": "mousemove", "timestamp": "1694041292747", "position": {"x": 80, "y": 10}}, {"event_name": "mouseout", "timestamp": "1694041292766", "position": {"x": 87, "y": 9}}, {"event_name": "mouseover", "timestamp": "1694041292767", "position": {"x": 87, "y": 9}}, {"event_name": "mousemove", "timestamp": "1694041292768", "position": {"x": 87, "y": 9}}, {"event_name": "mousemove", "timestamp": "1694041292787", "position": {"x": 93, "y": 9}}, {"event_name": "mousemove", "timestamp": "1694041292805", "position": {"x": 99, "y": 9}}, {"event_name": "mousemove", "timestamp": "1694041292824", "position": {"x": 105, "y": 10}}, {"event_name": "mousemove", "timestamp": "1694041292842", "position": {"x": 111, "y": 11}}, {"event_name": "mouseout", "timestamp": "1694041292860", "position": {"x": 119, "y": 12}}, {"event_name": "mouseover", "timestamp": "1694041292860", "position": {"x": 119, "y": 12}}, {"event_name": "mousemove", "timestamp": "1694041292861", "position": {"x": 119, "y": 12}}, {"event_name": "mousemove", "timestamp": "1694041292877", "position": {"x": 127, "y": 13}}, {"event_name": "mousemove", "timestamp": "1694041292896", "position": {"x": 135, "y": 14}}, {"event_name": "mousemove", "timestamp": "1694041292913", "position": {"x": 142, "y": 14}}, {"event_name": "mousemove", "timestamp": "1694041292931", "position": {"x": 149, "y": 15}}, {"event_name": "mousemove", "timestamp": "1694041292950", "position": {"x": 156, "y": 16}}, {"event_name": "mousemove", "timestamp": "1694041292967", "position": {"x": 163, "y": 16}}, {"event_name": "mousemove", "timestamp": "1694041292984", "position": {"x": 171, "y": 16}}, {"event_name": "mousemove", "timestamp": "1694041293002", "position": {"x": 178, "y": 17}}, {"event_name": "mousemove", "timestamp": "1694041293020", "position": {"x": 184, "y": 17}}, {"event_name": "mousemove", "timestamp": "1694041293038", "position": {"x": 192, "y": 18}}, {"event_name": "mousemove", "timestamp": "1694041293056", "position": {"x": 198, "y": 19}}, {"event_name": "mousemove", "timestamp": "1694041293073", "position": {"x": 204, "y": 19}}, {"event_name": "mousemove", "timestamp": "1694041293090", "position": {"x": 212, "y": 19}}, {"event_name": "mousemove", "timestamp": "1694041293109", "position": {"x": 218, "y": 19}}, {"event_name": "mousemove", "timestamp": "1694041293127", "position": {"x": 227, "y": 19}}, {"event_name": "mousemove", "timestamp": "1694041293145", "position": {"x": 235, "y": 19}}, {"event_name": "mousemove", "timestamp": "1694041293162", "position": {"x": 243, "y": 20}}, {"event_name": "mousemove", "timestamp": "1694041293181", "position": {"x": 251, "y": 18}}, {"event_name": "mousemove", "timestamp": "1694041293200", "position": {"x": 259, "y": 17}}, {"event_name": "mousemove", "timestamp": "1694041293220", "position": {"x": 267, "y": 17}}, {"event_name": "mousemove", "timestamp": "1694041293238", "position": {"x": 277, "y": 17}}, {"event_name": "mousemove", "timestamp": "1694041293256", "position": {"x": 289, "y": 17}}, {"event_name": "mousemove", "timestamp": "1694041293274", "position": {"x": 299, "y": 17}}, {"event_name": "mousemove", "timestamp": "1694041293292", "position": {"x": 307, "y": 18}}, {"event_name": "mousemove", "timestamp": "1694041293309", "position": {"x": 315, "y": 20}}, {"event_name": "mousemove", "timestamp": "1694041293328", "position": {"x": 323, "y": 22}}, {"event_name": "mousemove", "timestamp": "1694041293347", "position": {"x": 331, "y": 23}}, {"event_name": "mousemove", "timestamp": "1694041293364", "position": {"x": 339, "y": 24}}, {"event_name": "mousemove", "timestamp": "1694041293383", "position": {"x": 347, "y": 25}}, {"event_name": "mousemove", "timestamp": "1694041293402", "position": {"x": 356, "y": 25}}, {"event_name": "mouseout", "timestamp": "1694041293420", "position": {"x": 367, "y": 25}}, {"event_name": "mouseover", "timestamp": "1694041293421", "position": {"x": 367, "y": 25}}, {"event_name": "mousemove", "timestamp": "1694041293421", "position": {"x": 367, "y": 25}}, {"event_name": "mousemove", "timestamp": "1694041293439", "position": {"x": 375, "y": 26}}, {"event_name": "mousemove", "timestamp": "1694041293457", "position": {"x": 384, "y": 26}}, {"event_name": "mousemove", "timestamp": "1694041293475", "position": {"x": 395, "y": 27}}, {"event_name": "mousemove", "timestamp": "1694041293494", "position": {"x": 403, "y": 28}}, {"event_name": "mousemove", "timestamp": "1694041293513", "position": {"x": 412, "y": 26}}, {"event_name": "mousemove", "timestamp": "1694041293531", "position": {"x": 422, "y": 25}}, {"event_name": "mousemove", "timestamp": "1694041293549", "position": {"x": 430, "y": 25}}, {"event_name": "mousemove", "timestamp": "1694041293568", "position": {"x": 439, "y": 25}}, {"event_name": "mousemove", "timestamp": "1694041293586", "position": {"x": 450, "y": 25}}, {"event_name": "mouseout", "timestamp": "1694041293604", "position": {"x": 459, "y": 26}}, {"event_name": "mouseover", "timestamp": "1694041293604", "position": {"x": 459, "y": 26}}, {"event_name": "mousemove", "timestamp": "1694041293605", "position": {"x": 459, "y": 26}}, {"event_name": "mousemove", "timestamp": "1694041293624", "position": {"x": 467, "y": 26}}, {"event_name": "mousemove", "timestamp": "1694041293642", "position": {"x": 477, "y": 26}}, {"event_name": "mousemove", "timestamp": "1694041293660", "position": {"x": 485, "y": 26}}, {"event_name": "mousemove", "timestamp": "1694041293678", "position": {"x": 495, "y": 25}}, {"event_name": "mousemove", "timestamp": "1694041293696", "position": {"x": 506, "y": 25}}, {"event_name": "mousemove", "timestamp": "1694041293714", "position": {"x": 515, "y": 25}}, {"event_name": "mousemove", "timestamp": "1694041293732", "position": {"x": 523, "y": 25}}, {"event_name": "mousemove", "timestamp": "1694041293751", "position": {"x": 533, "y": 25}}, {"event_name": "mousemove", "timestamp": "1694041293770", "position": {"x": 540, "y": 26}}, {"event_name": "mousemove", "timestamp": "1694041293788", "position": {"x": 549, "y": 27}}, {"event_name": "mousemove", "timestamp": "1694041293807", "position": {"x": 560, "y": 28}}, {"event_name": "mousemove", "timestamp": "1694041293826", "position": {"x": 568, "y": 30}}, {"event_name": "mousemove", "timestamp": "1694041293844", "position": {"x": 579, "y": 30}}, {"event_name": "mousemove", "timestamp": "1694041293862", "position": {"x": 591, "y": 30}}, {"event_name": "mousemove", "timestamp": "1694041293880", "position": {"x": 600, "y": 30}}, {"event_name": "mousemove", "timestamp": "1694041293899", "position": {"x": 608, "y": 31}}, {"event_name": "mousemove", "timestamp": "1694041293917", "position": {"x": 616, "y": 32}}, {"event_name": "mousemove", "timestamp": "1694041293935", "position": {"x": 624, "y": 33}}, {"event_name": "mousemove", "timestamp": "1694041293952", "position": {"x": 633, "y": 32}}, {"event_name": "mousemove", "timestamp": "1694041293970", "position": {"x": 643, "y": 31}}, {"event_name": "mousemove", "timestamp": "1694041293988", "position": {"x": 652, "y": 31}}, {"event_name": "mousemove", "timestamp": "1694041294005", "position": {"x": 658, "y": 31}}, {"event_name": "mousemove", "timestamp": "1694041294023", "position": {"x": 664, "y": 32}}, {"event_name": "mousemove", "timestamp": "1694041294040", "position": {"x": 670, "y": 33}}, {"event_name": "mousemove", "timestamp": "1694041294058", "position": {"x": 676, "y": 33}}, {"event_name": "mousemove", "timestamp": "1694041294077", "position": {"x": 684, "y": 34}}, {"event_name": "mousemove", "timestamp": "1694041294095", "position": {"x": 690, "y": 35}}, {"event_name": "mousemove", "timestamp": "1694041294112", "position": {"x": 695, "y": 35}}, {"event_name": "mousemove", "timestamp": "1694041294130", "position": {"x": 699, "y": 35}}, {"event_name": "mousemove", "timestamp": "1694041294148", "position": {"x": 704, "y": 35}}, {"event_name": "mousemove", "timestamp": "1694041294165", "position": {"x": 706, "y": 36}}, {"event_name": "mousemove", "timestamp": "1694041294183", "position": {"x": 708, "y": 37}}, {"event_name": "mousemove", "timestamp": "1694041294200", "position": {"x": 711, "y": 38}}, {"event_name": "mousemove", "timestamp": "1694041294218", "position": {"x": 716, "y": 38}}, {"event_name": "mousemove", "timestamp": "1694041294235", "position": {"x": 721, "y": 38}}, {"event_name": "mousemove", "timestamp": "1694041294252", "position": {"x": 726, "y": 38}}, {"event_name": "mouseout", "timestamp": "1694041294271", "position": {"x": 728, "y": 38}}, {"event_name": "mouseover", "timestamp": "1694041294271", "position": {"x": 728, "y": 38}}, {"event_name": "mousemove", "timestamp": "1694041294271", "position": {"x": 728, "y": 38}}, {"event_name": "mousemove", "timestamp": "1694041294288", "position": {"x": 731, "y": 39}}, {"event_name": "mousemove", "timestamp": "1694041294305", "position": {"x": 734, "y": 40}}, {"event_name": "mousemove", "timestamp": "1694041294323", "position": {"x": 737, "y": 39}}, {"event_name": "mousemove", "timestamp": "1694041294340", "position": {"x": 741, "y": 39}}, {"event_name": "mousemove", "timestamp": "1694041294359", "position": {"x": 744, "y": 39}}, {"event_name": "mousemove", "timestamp": "1694041294376", "position": {"x": 745, "y": 39}}, {"event_name": "mousemove", "timestamp": "1694041294394", "position": {"x": 747, "y": 40}}, {"event_name": "mousemove", "timestamp": "1694041294412", "position": {"x": 749, "y": 41}}, {"event_name": "mousemove", "timestamp": "1694041294429", "position": {"x": 751, "y": 41}}, {"event_name": "mousemove", "timestamp": "1694041294447", "position": {"x": 753, "y": 41}}, {"event_name": "mousemove", "timestamp": "1694041294465", "position": {"x": 755, "y": 41}}, {"event_name": "mousemove", "timestamp": "1694041294482", "position": {"x": 757, "y": 41}}, {"event_name": "mousemove", "timestamp": "1694041294499", "position": {"x": 759, "y": 41}}, {"event_name": "mousemove", "timestamp": "1694041294517", "position": {"x": 762, "y": 42}}, {"event_name": "mousedown", "timestamp": "1694041294771", "position": {"x": 762, "y": 42}}, {"event_name": "mouseup", "timestamp": "1694041294859", "position": {"x": 762, "y": 42}}, {"event_name": "click", "timestamp": "1694041294859", "position": {"x": 762, "y": 42}}, {"event_name": "beforeunload", "timestamp": "1694041294862", "position": {"x": 0, "y": 0}}, {"event_name": "load", "timestamp": "1694041297574", "position": {"x": 0, "y": 0}}, {"event_name": "pageshow", "timestamp": "1694041297574", "position": {"x": 0, "y": 0}}, {"event_name": "mouseover", "timestamp": "1694041297842", "position": {"x": 6, "y": 0}}, {"event_name": "mousemove", "timestamp": "1694041297842", "position": {"x": 6, "y": 0}}, {"event_name": "mousemove", "timestamp": "1694041297861", "position": {"x": 16, "y": 0}}, {"event_name": "mousemove", "timestamp": "1694041297879", "position": {"x": 20, "y": 1}}, {"event_name": "mousemove", "timestamp": "1694041297897", "position": {"x": 43, "y": 0}}, {"event_name": "mouseout", "timestamp": "1694041297916", "position": {"x": 70, "y": 0}}, {"event_name": "mouseover", "timestamp": "1694041297916", "position": {"x": 70, "y": 0}}, {"event_name": "mousemove", "timestamp": "1694041297916", "position": {"x": 70, "y": 0}}, {"event_name": "mouseout", "timestamp": "1694041297934", "position": {"x": 90, "y": 0}}, {"event_name": "mouseover", "timestamp": "1694041297934", "position": {"x": 90, "y": 0}}, {"event_name": "mousemove", "timestamp": "1694041297935", "position": {"x": 90, "y": 0}}, {"event_name": "mousemove", "timestamp": "1694041297952", "position": {"x": 96, "y": 1}}, {"event_name": "mousemove", "timestamp": "1694041297969", "position": {"x": 103, "y": 2}}, {"event_name": "mousemove", "timestamp": "1694041297987", "position": {"x": 109, "y": 3}}, {"event_name": "mousemove", "timestamp": "1694041298004", "position": {"x": 116, "y": 2}}, {"event_name": "mousemove", "timestamp": "1694041298022", "position": {"x": 123, "y": 1}}, {"event_name": "mousemove", "timestamp": "1694041298040", "position": {"x": 130, "y": 1}}, {"event_name": "mousemove", "timestamp": "1694041298058", "position": {"x": 136, "y": 0}}, {"event_name": "mousemove", "timestamp": "1694041298075", "position": {"x": 142, "y": 0}}, {"event_name": "mousemove", "timestamp": "1694041298093", "position": {"x": 149, "y": 0}}, {"event_name": "mousemove", "timestamp": "1694041298111", "position": {"x": 154, "y": 0}}, {"event_name": "mousemove", "timestamp": "1694041298127", "position": {"x": 160, "y": 0}}, {"event_name": "mousemove", "timestamp": "1694041298145", "position": {"x": 166, "y": 0}}, {"event_name": "mousemove", "timestamp": "1694041298163", "position": {"x": 173, "y": 0}}, {"event_name": "mousemove", "timestamp": "1694041298180", "position": {"x": 181, "y": 0}}, {"event_name": "mousemove", "timestamp": "1694041298198", "position": {"x": 188, "y": 1}}, {"event_name": "mousemove", "timestamp": "1694041298216", "position": {"x": 204, "y": 1}}, {"event_name": "mousemove", "timestamp": "1694041298232", "position": {"x": 220, "y": 1}}, {"event_name": "mousemove", "timestamp": "1694041298251", "position": {"x": 234, "y": 2}}, {"event_name": "mousemove", "timestamp": "1694041298269", "position": {"x": 241, "y": 2}}, {"event_name": "mousemove", "timestamp": "1694041298286", "position": {"x": 249, "y": 2}}, {"event_name": "mousemove", "timestamp": "1694041298304", "position": {"x": 256, "y": 3}}, {"event_name": "mousemove", "timestamp": "1694041298322", "position": {"x": 266, "y": 3}}, {"event_name": "mousemove", "timestamp": "1694041298340", "position": {"x": 277, "y": 3}}, {"event_name": "mousemove", "timestamp": "1694041298357", "position": {"x": 287, "y": 4}}, {"event_name": "mousemove", "timestamp": "1694041298374", "position": {"x": 297, "y": 4}}, {"event_name": "mousemove", "timestamp": "1694041298392", "position": {"x": 308, "y": 4}}, {"event_name": "mousemove", "timestamp": "1694041298411", "position": {"x": 317, "y": 4}}, {"event_name": "mousemove", "timestamp": "1694041298430", "position": {"x": 326, "y": 4}}, {"event_name": "mousemove", "timestamp": "1694041298449", "position": {"x": 336, "y": 4}}, {"event_name": "mousemove", "timestamp": "1694041298466", "position": {"x": 344, "y": 4}}, {"event_name": "mousemove", "timestamp": "1694041298484", "position": {"x": 352, "y": 5}}, {"event_name": "mousemove", "timestamp": "1694041298501", "position": {"x": 361, "y": 6}}, {"event_name": "mousemove", "timestamp": "1694041298519", "position": {"x": 369, "y": 8}}, {"event_name": "mousemove", "timestamp": "1694041298536", "position": {"x": 377, "y": 7}}, {"event_name": "mousemove", "timestamp": "1694041298554", "position": {"x": 385, "y": 6}}, {"event_name": "mousemove", "timestamp": "1694041298571", "position": {"x": 393, "y": 6}}, {"event_name": "mousemove", "timestamp": "1694041298591", "position": {"x": 403, "y": 7}}, {"event_name": "mousemove", "timestamp": "1694041298609", "position": {"x": 413, "y": 8}}, {"event_name": "mousemove", "timestamp": "1694041298626", "position": {"x": 422, "y": 10}}, {"event_name": "mousemove", "timestamp": "1694041298644", "position": {"x": 431, "y": 10}}, {"event_name": "mousemove", "timestamp": "1694041298662", "position": {"x": 441, "y": 11}}, {"event_name": "mousemove", "timestamp": "1694041298679", "position": {"x": 450, "y": 12}}, {"event_name": "mouseout", "timestamp": "1694041298696", "position": {"x": 457, "y": 13}}, {"event_name": "mouseover", "timestamp": "1694041298697", "position": {"x": 457, "y": 13}}, {"event_name": "mousemove", "timestamp": "1694041298697", "position": {"x": 457, "y": 13}}, {"event_name": "mousemove", "timestamp": "1694041298715", "position": {"x": 466, "y": 15}}, {"event_name": "mousemove", "timestamp": "1694041298733", "position": {"x": 473, "y": 17}}, {"event_name": "mousemove", "timestamp": "1694041298749", "position": {"x": 481, "y": 14}}, {"event_name": "mousemove", "timestamp": "1694041298768", "position": {"x": 489, "y": 11}}, {"event_name": "mousemove", "timestamp": "1694041298785", "position": {"x": 497, "y": 9}}, {"event_name": "mouseout", "timestamp": "1694041298802", "position": {"x": 507, "y": 7}}, {"event_name": "mouseover", "timestamp": "1694041298802", "position": {"x": 507, "y": 7}}, {"event_name": "mousemove", "timestamp": "1694041298803", "position": {"x": 507, "y": 7}}, {"event_name": "mousemove", "timestamp": "1694041298821", "position": {"x": 518, "y": 6}}, {"event_name": "mousemove", "timestamp": "1694041298838", "position": {"x": 527, "y": 5}}, {"event_name": "mousemove", "timestamp": "1694041298856", "position": {"x": 536, "y": 3}}, {"event_name": "mousemove", "timestamp": "1694041298874", "position": {"x": 544, "y": 2}}, {"event_name": "mousemove", "timestamp": "1694041298891", "position": {"x": 552, "y": 2}}, {"event_name": "mousemove", "timestamp": "1694041298909", "position": {"x": 561, "y": 1}}, {"event_name": "mousemove", "timestamp": "1694041298926", "position": {"x": 571, "y": 1}}, {"event_name": "mousemove", "timestamp": "1694041298944", "position": {"x": 580, "y": 1}}, {"event_name": "mousemove", "timestamp": "1694041298962", "position": {"x": 590, "y": 2}}, {"event_name": "mousemove", "timestamp": "1694041298979", "position": {"x": 601, "y": 3}}, {"event_name": "mousemove", "timestamp": "1694041298997", "position": {"x": 612, "y": 5}}, {"event_name": "mousemove", "timestamp": "1694041299013", "position": {"x": 621, "y": 3}}, {"event_name": "mousemove", "timestamp": "1694041299031", "position": {"x": 630, "y": 1}}, {"event_name": "mousemove", "timestamp": "1694041299049", "position": {"x": 639, "y": 0}}, {"event_name": "mousemove", "timestamp": "1694041299066", "position": {"x": 650, "y": 1}}, {"event_name": "mousemove", "timestamp": "1694041299085", "position": {"x": 660, "y": 2}}, {"event_name": "mousemove", "timestamp": "1694041299102", "position": {"x": 670, "y": 3}}, {"event_name": "mousemove", "timestamp": "1694041299119", "position": {"x": 681, "y": 4}}, {"event_name": "mousemove", "timestamp": "1694041299136", "position": {"x": 691, "y": 6}}, {"event_name": "mouseout", "timestamp": "1694041299155", "position": {"x": 701, "y": 8}}, {"event_name": "mouseover", "timestamp": "1694041299155", "position": {"x": 701, "y": 8}}, {"event_name": "mousemove", "timestamp": "1694041299155", "position": {"x": 701, "y": 8}}, {"event_name": "mouseout", "timestamp": "1694041299172", "position": {"x": 710, "y": 7}}, {"event_name": "mouseover", "timestamp": "1694041299172", "position": {"x": 710, "y": 7}}, {"event_name": "mousemove", "timestamp": "1694041299172", "position": {"x": 710, "y": 7}}, {"event_name": "mousemove", "timestamp": "1694041299190", "position": {"x": 719, "y": 6}}, {"event_name": "mousemove", "timestamp": "1694041299208", "position": {"x": 728, "y": 6}}, {"event_name": "mousemove", "timestamp": "1694041299225", "position": {"x": 734, "y": 6}}, {"event_name": "mousemove", "timestamp": "1694041299242", "position": {"x": 742, "y": 7}}, {"event_name": "mouseout", "timestamp": "1694041299260", "position": {"x": 748, "y": 8}}, {"event_name": "mouseover", "timestamp": "1694041299260", "position": {"x": 748, "y": 8}}, {"event_name": "mousemove", "timestamp": "1694041299260", "position": {"x": 748, "y": 8}}, {"event_name": "mousemove", "timestamp": "1694041299278", "position": {"x": 752, "y": 8}}, {"event_name": "mousemove", "timestamp": "1694041299295", "position": {"x": 756, "y": 9}}, {"event_name": "mousemove", "timestamp": "1694041299313", "position": {"x": 760, "y": 10}}, {"event_name": "mousemove", "timestamp": "1694041299333", "position": {"x": 765, "y": 12}}, {"event_name": "mousemove", "timestamp": "1694041299351", "position": {"x": 770, "y": 15}}, {"event_name": "mousemove", "timestamp": "1694041299369", "position": {"x": 775, "y": 17}}, {"event_name": "mousemove", "timestamp": "1694041299388", "position": {"x": 778, "y": 18}}, {"event_name": "mousemove", "timestamp": "1694041299406", "position": {"x": 781, "y": 20}}, {"event_name": "mousemove", "timestamp": "1694041299424", "position": {"x": 784, "y": 22}}, {"event_name": "mousemove", "timestamp": "1694041299443", "position": {"x": 787, "y": 20}}, {"event_name": "mouseout", "timestamp": "1694041299463", "position": {"x": 791, "y": 19}}, {"event_name": "mouseover", "timestamp": "1694041299463", "position": {"x": 791, "y": 19}}, {"event_name": "mousemove", "timestamp": "1694041299463", "position": {"x": 791, "y": 19}}, {"event_name": "mousemove", "timestamp": "1694041299481", "position": {"x": 794, "y": 19}}, {"event_name": "mousemove", "timestamp": "1694041299498", "position": {"x": 795, "y": 20}}, {"event_name": "mousemove", "timestamp": "1694041299515", "position": {"x": 797, "y": 21}}, {"event_name": "mousemove", "timestamp": "1694041299533", "position": {"x": 799, "y": 22}}, {"event_name": "mousemove", "timestamp": "1694041299551", "position": {"x": 801, "y": 22}}, {"event_name": "mousemove", "timestamp": "1694041299568", "position": {"x": 803, "y": 22}}, {"event_name": "mousemove", "timestamp": "1694041299585", "position": {"x": 806, "y": 23}}, {"event_name": "mousemove", "timestamp": "1694041299605", "position": {"x": 807, "y": 23}}, {"event_name": "mousemove", "timestamp": "1694041299623", "position": {"x": 809, "y": 23}}, {"event_name": "mousemove", "timestamp": "1694041299640", "position": {"x": 811, "y": 24}}, {"event_name": "mousedown", "timestamp": "1694041300005", "position": {"x": 811, "y": 24}}, {"event_name": "mouseup", "timestamp": "1694041300120", "position": {"x": 811, "y": 24}}, {"event_name": "click", "timestamp": "1694041300120", "position": {"x": 811, "y": 24}}, {"event_name": "beforeunload", "timestamp": "1694041300125", "position": {"x": 0, "y": 0}}, {"event_name": "focus", "timestamp": "1694041300340", "position": {"x": 0, "y": 0}}, {"event_name": "load", "timestamp": "1694041300341", "position": {"x": 0, "y": 0}}, {"event_name": "pageshow", "timestamp": "1694041300341", "position": {"x": 0, "y": 0}}, {"event_name": "mouseover", "timestamp": "1694041300657", "position": {"x": 5, "y": 0}}, {"event_name": "mousemove", "timestamp": "1694041300658", "position": {"x": 5, "y": 0}}, {"event_name": "mousemove", "timestamp": "1694041300675", "position": {"x": 12, "y": 1}}, {"event_name": "mousemove", "timestamp": "1694041300693", "position": {"x": 16, "y": 2}}, {"event_name": "mousemove", "timestamp": "1694041300711", "position": {"x": 22, "y": 2}}, {"event_name": "mousemove", "timestamp": "1694041300729", "position": {"x": 28, "y": 2}}, {"event_name": "mousemove", "timestamp": "1694041300748", "position": {"x": 34, "y": 2}}, {"event_name": "mousemove", "timestamp": "1694041300767", "position": {"x": 40, "y": 3}}, {"event_name": "mousemove", "timestamp": "1694041300785", "position": {"x": 46, "y": 4}}, {"event_name": "mousemove", "timestamp": "1694041300804", "position": {"x": 52, "y": 6}}, {"event_name": "mousemove", "timestamp": "1694041300823", "position": {"x": 57, "y": 6}}, {"event_name": "mousemove", "timestamp": "1694041300842", "position": {"x": 64, "y": 6}}, {"event_name": "mousemove", "timestamp": "1694041300861", "position": {"x": 69, "y": 7}}, {"event_name": "mouseout", "timestamp": "1694041300880", "position": {"x": 77, "y": 7}}, {"event_name": "mouseover", "timestamp": "1694041300880", "position": {"x": 77, "y": 7}}, {"event_name": "mousemove", "timestamp": "1694041300880", "position": {"x": 77, "y": 7}}, {"event_name": "mouseout", "timestamp": "1694041300899", "position": {"x": 86, "y": 8}}, {"event_name": "mouseover", "timestamp": "1694041300899", "position": {"x": 86, "y": 8}}, {"event_name": "mousemove", "timestamp": "1694041300900", "position": {"x": 86, "y": 8}}, {"event_name": "mousemove", "timestamp": "1694041300919", "position": {"x": 93, "y": 9}}, {"event_name": "mousemove", "timestamp": "1694041300938", "position": {"x": 99, "y": 11}}, {"event_name": "mousemove", "timestamp": "1694041300956", "position": {"x": 106, "y": 14}}, {"event_name": "mouseout", "timestamp": "1694041300974", "position": {"x": 112, "y": 16}}, {"event_name": "mouseover", "timestamp": "1694041300975", "position": {"x": 112, "y": 16}}, {"event_name": "mousemove", "timestamp": "1694041300975", "position": {"x": 112, "y": 16}}, {"event_name": "mouseout", "timestamp": "1694041300992", "position": {"x": 118, "y": 16}}, {"event_name": "mouseover", "timestamp": "1694041300992", "position": {"x": 118, "y": 16}}, {"event_name": "mousemove", "timestamp": "1694041300993", "position": {"x": 118, "y": 16}}, {"event_name": "mousemove", "timestamp": "1694041301010", "position": {"x": 124, "y": 16}}, {"event_name": "mousemove", "timestamp": "1694041301027", "position": {"x": 129, "y": 17}}, {"event_name": "mousemove", "timestamp": "1694041301046", "position": {"x": 136, "y": 17}}, {"event_name": "mousemove", "timestamp": "1694041301064", "position": {"x": 143, "y": 17}}, {"event_name": "mousemove", "timestamp": "1694041301081", "position": {"x": 151, "y": 18}}, {"event_name": "mousemove", "timestamp": "1694041301098", "position": {"x": 156, "y": 18}}, {"event_name": "mousemove", "timestamp": "1694041301116", "position": {"x": 162, "y": 18}}, {"event_name": "mousemove", "timestamp": "1694041301134", "position": {"x": 168, "y": 18}}, {"event_name": "mousemove", "timestamp": "1694041301152", "position": {"x": 175, "y": 17}}, {"event_name": "mousemove", "timestamp": "1694041301169", "position": {"x": 183, "y": 16}}, {"event_name": "mousemove", "timestamp": "1694041301187", "position": {"x": 191, "y": 16}}, {"event_name": "mousemove", "timestamp": "1694041301206", "position": {"x": 198, "y": 16}}, {"event_name": "mousemove", "timestamp": "1694041301224", "position": {"x": 206, "y": 16}}, {"event_name": "mousemove", "timestamp": "1694041301242", "position": {"x": 213, "y": 16}}, {"event_name": "mousemove", "timestamp": "1694041301265", "position": {"x": 220, "y": 15}}, {"event_name": "mousemove", "timestamp": "1694041301284", "position": {"x": 230, "y": 15}}, {"event_name": "mousemove", "timestamp": "1694041301302", "position": {"x": 236, "y": 15}}, {"event_name": "mousemove", "timestamp": "1694041301321", "position": {"x": 245, "y": 13}}, {"event_name": "mousemove", "timestamp": "1694041301339", "position": {"x": 256, "y": 12}}, {"event_name": "mousemove", "timestamp": "1694041301357", "position": {"x": 264, "y": 11}}, {"event_name": "mousemove", "timestamp": "1694041301375", "position": {"x": 272, "y": 10}}, {"event_name": "mousemove", "timestamp": "1694041301393", "position": {"x": 280, "y": 10}}, {"event_name": "mousemove", "timestamp": "1694041301411", "position": {"x": 288, "y": 10}}, {"event_name": "mousemove", "timestamp": "1694041301428", "position": {"x": 298, "y": 10}}, {"event_name": "mousemove", "timestamp": "1694041301445", "position": {"x": 309, "y": 10}}, {"event_name": "mousemove", "timestamp": "1694041301464", "position": {"x": 318, "y": 10}}, {"event_name": "mousemove", "timestamp": "1694041301481", "position": {"x": 325, "y": 8}}, {"event_name": "mouseout", "timestamp": "1694041301499", "position": {"x": 334, "y": 7}}, {"event_name": "mouseover", "timestamp": "1694041301499", "position": {"x": 334, "y": 7}}, {"event_name": "mousemove", "timestamp": "1694041301499", "position": {"x": 334, "y": 7}}, {"event_name": "mousemove", "timestamp": "1694041301517", "position": {"x": 341, "y": 6}}, {"event_name": "mousemove", "timestamp": "1694041301534", "position": {"x": 349, "y": 5}}, {"event_name": "mousemove", "timestamp": "1694041301552", "position": {"x": 359, "y": 5}}, {"event_name": "mousemove", "timestamp": "1694041301569", "position": {"x": 367, "y": 5}}, {"event_name": "mousemove", "timestamp": "1694041301587", "position": {"x": 378, "y": 8}}, {"event_name": "mousemove", "timestamp": "1694041301605", "position": {"x": 390, "y": 11}}, {"event_name": "mousemove", "timestamp": "1694041301622", "position": {"x": 400, "y": 14}}, {"event_name": "mousemove", "timestamp": "1694041301640", "position": {"x": 408, "y": 13}}, {"event_name": "mousemove", "timestamp": "1694041301658", "position": {"x": 418, "y": 12}}, {"event_name": "mousemove", "timestamp": "1694041301675", "position": {"x": 426, "y": 12}}, {"event_name": "mousemove", "timestamp": "1694041301693", "position": {"x": 435, "y": 13}}, {"event_name": "mousemove", "timestamp": "1694041301710", "position": {"x": 444, "y": 14}}, {"event_name": "mousemove", "timestamp": "1694041301728", "position": {"x": 453, "y": 15}}, {"event_name": "mouseout", "timestamp": "1694041301746", "position": {"x": 463, "y": 16}}, {"event_name": "mouseover", "timestamp": "1694041301746", "position": {"x": 463, "y": 16}}, {"event_name": "mousemove", "timestamp": "1694041301746", "position": {"x": 463, "y": 16}}, {"event_name": "mousemove", "timestamp": "1694041301763", "position": {"x": 475, "y": 17}}, {"event_name": "mousemove", "timestamp": "1694041301781", "position": {"x": 485, "y": 19}}, {"event_name": "mousemove", "timestamp": "1694041301798", "position": {"x": 497, "y": 16}}, {"event_name": "mousemove", "timestamp": "1694041301816", "position": {"x": 508, "y": 14}}, {"event_name": "mousemove", "timestamp": "1694041301834", "position": {"x": 519, "y": 13}}, {"event_name": "mousemove", "timestamp": "1694041301851", "position": {"x": 531, "y": 14}}, {"event_name": "mousemove", "timestamp": "1694041301868", "position": {"x": 544, "y": 15}}, {"event_name": "mousemove", "timestamp": "1694041301886", "position": {"x": 555, "y": 16}}, {"event_name": "mousemove", "timestamp": "1694041301904", "position": {"x": 565, "y": 17}}, {"event_name": "mousemove", "timestamp": "1694041301921", "position": {"x": 575, "y": 19}}, {"event_name": "mousemove", "timestamp": "1694041301938", "position": {"x": 585, "y": 21}}, {"event_name": "mousemove", "timestamp": "1694041301956", "position": {"x": 595, "y": 22}}, {"event_name": "mousemove", "timestamp": "1694041301973", "position": {"x": 606, "y": 23}}, {"event_name": "mousemove", "timestamp": "1694041301992", "position": {"x": 615, "y": 24}}, {"event_name": "mousemove", "timestamp": "1694041302009", "position": {"x": 625, "y": 24}}, {"event_name": "mousemove", "timestamp": "1694041302027", "position": {"x": 637, "y": 25}}, {"event_name": "mousemove", "timestamp": "1694041302044", "position": {"x": 647, "y": 26}}, {"event_name": "mousemove", "timestamp": "1694041302062", "position": {"x": 658, "y": 26}}, {"event_name": "mousemove", "timestamp": "1694041302080", "position": {"x": 670, "y": 27}}, {"event_name": "mousemove", "timestamp": "1694041302099", "position": {"x": 681, "y": 28}}, {"event_name": "mousemove", "timestamp": "1694041302116", "position": {"x": 690, "y": 29}}, {"event_name": "mousemove", "timestamp": "1694041302135", "position": {"x": 701, "y": 30}}, {"event_name": "mousemove", "timestamp": "1694041302153", "position": {"x": 710, "y": 32}}, {"event_name": "mousemove", "timestamp": "1694041302172", "position": {"x": 724, "y": 34}}, {"event_name": "mouseout", "timestamp": "1694041302191", "position": {"x": 738, "y": 36}}, {"event_name": "mouseover", "timestamp": "1694041302192", "position": {"x": 738, "y": 36}}, {"event_name": "mousemove", "timestamp": "1694041302193", "position": {"x": 738, "y": 36}}, {"event_name": "mousemove", "timestamp": "1694041302212", "position": {"x": 749, "y": 38}}, {"event_name": "mousemove", "timestamp": "1694041302230", "position": {"x": 761, "y": 39}}, {"event_name": "mousemove", "timestamp": "1694041302249", "position": {"x": 776, "y": 40}}, {"event_name": "mousemove", "timestamp": "1694041302267", "position": {"x": 787, "y": 41}}, {"event_name": "mouseout", "timestamp": "1694041302286", "position": {"x": 791, "y": 39}}, {"event_name": "mouseover", "timestamp": "1694041302286", "position": {"x": 791, "y": 39}}, {"event_name": "mousemove", "timestamp": "1694041302287", "position": {"x": 791, "y": 39}}, {"event_name": "mousemove", "timestamp": "1694041302304", "position": {"x": 796, "y": 38}}, {"event_name": "mousemove", "timestamp": "1694041302321", "position": {"x": 800, "y": 38}}, {"event_name": "mousemove", "timestamp": "1694041302339", "position": {"x": 806, "y": 38}}, {"event_name": "mousemove", "timestamp": "1694041302357", "position": {"x": 813, "y": 39}}, {"event_name": "mousemove", "timestamp": "1694041302375", "position": {"x": 819, "y": 40}}, {"event_name": "mousemove", "timestamp": "1694041302394", "position": {"x": 825, "y": 40}}, {"event_name": "mousemove", "timestamp": "1694041302413", "position": {"x": 831, "y": 40}}, {"event_name": "mousemove", "timestamp": "1694041302431", "position": {"x": 836, "y": 41}}, {"event_name": "mousemove", "timestamp": "1694041302451", "position": {"x": 842, "y": 40}}, {"event_name": "mousemove", "timestamp": "1694041302470", "position": {"x": 848, "y": 39}}, {"event_name": "mousemove", "timestamp": "1694041302487", "position": {"x": 853, "y": 39}}, {"event_name": "mouseout", "timestamp": "1694041302505", "position": {"x": 857, "y": 37}}, {"event_name": "mouseover", "timestamp": "1694041302505", "position": {"x": 857, "y": 37}}, {"event_name": "mousemove", "timestamp": "1694041302505", "position": {"x": 857, "y": 37}}, {"event_name": "mousemove", "timestamp": "1694041302523", "position": {"x": 862, "y": 36}}, {"event_name": "mousemove", "timestamp": "1694041302540", "position": {"x": 866, "y": 36}}, {"event_name": "mousemove", "timestamp": "1694041302557", "position": {"x": 870, "y": 35}}, {"event_name": "mousemove", "timestamp": "1694041302575", "position": {"x": 874, "y": 35}}, {"event_name": "mousemove", "timestamp": "1694041302593", "position": {"x": 878, "y": 35}}, {"event_name": "mousemove", "timestamp": "1694041302611", "position": {"x": 881, "y": 34}}, {"event_name": "mousemove", "timestamp": "1694041302628", "position": {"x": 885, "y": 34}}, {"event_name": "mousemove", "timestamp": "1694041302645", "position": {"x": 888, "y": 34}}, {"event_name": "mousemove", "timestamp": "1694041302663", "position": {"x": 889, "y": 34}}, {"event_name": "mousemove", "timestamp": "1694041302681", "position": {"x": 890, "y": 34}}, {"event_name": "mousemove", "timestamp": "1694041302698", "position": {"x": 891, "y": 35}}, {"event_name": "mousemove", "timestamp": "1694041302716", "position": {"x": 892, "y": 35}}, {"event_name": "mousemove", "timestamp": "1694041302733", "position": {"x": 893, "y": 35}}, {"event_name": "mousemove", "timestamp": "1694041302751", "position": {"x": 895, "y": 35}}, {"event_name": "mousedown", "timestamp": "1694041303045", "position": {"x": 895, "y": 35}}, {"event_name": "mouseup", "timestamp": "1694041303155", "position": {"x": 895, "y": 35}}, {"event_name": "click", "timestamp": "1694041303155", "position": {"x": 895, "y": 35}}, {"event_name": "beforeunload", "timestamp": "1694041303158", "position": {"x": 0, "y": 0}}, {"event_name": "pageshow", "timestamp": "1694041305918", "position": {"x": 0, "y": 0}}, {"event_name": "load", "timestamp": "1694041305918", "position": {"x": 0, "y": 0}}, {"event_name": "mouseover", "timestamp": "1694041306253", "position": {"x": 5, "y": 0}}, {"event_name": "mousemove", "timestamp": "1694041306253", "position": {"x": 5, "y": 0}}, {"event_name": "mousemove", "timestamp": "1694041306271", "position": {"x": 12, "y": 0}}, {"event_name": "mousemove", "timestamp": "1694041306289", "position": {"x": 16, "y": 1}}, {"event_name": "mousemove", "timestamp": "1694041306307", "position": {"x": 21, "y": 1}}, {"event_name": "mousemove", "timestamp": "1694041306325", "position": {"x": 26, "y": 1}}, {"event_name": "mousemove", "timestamp": "1694041306343", "position": {"x": 31, "y": 1}}, {"event_name": "mousemove", "timestamp": "1694041306362", "position": {"x": 37, "y": 1}}, {"event_name": "mousemove", "timestamp": "1694041306379", "position": {"x": 43, "y": 1}}, {"event_name": "mousemove", "timestamp": "1694041306398", "position": {"x": 49, "y": 2}}, {"event_name": "mousemove", "timestamp": "1694041306417", "position": {"x": 55, "y": 1}}, {"event_name": "mousemove", "timestamp": "1694041306436", "position": {"x": 62, "y": 1}}, {"event_name": "mousemove", "timestamp": "1694041306455", "position": {"x": 68, "y": 1}}, {"event_name": "mouseout", "timestamp": "1694041306474", "position": {"x": 73, "y": 0}}, {"event_name": "mouseover", "timestamp": "1694041306474", "position": {"x": 73, "y": 0}}, {"event_name": "mousemove", "timestamp": "1694041306474", "position": {"x": 73, "y": 0}}, {"event_name": "mousemove", "timestamp": "1694041306492", "position": {"x": 79, "y": 0}}, {"event_name": "mousemove", "timestamp": "1694041306509", "position": {"x": 84, "y": 0}}, {"event_name": "mouseout", "timestamp": "1694041306527", "position": {"x": 98, "y": 0}}, {"event_name": "mouseover", "timestamp": "1694041306527", "position": {"x": 98, "y": 0}}, {"event_name": "mousemove", "timestamp": "1694041306527", "position": {"x": 98, "y": 0}}, {"event_name": "mousemove", "timestamp": "1694041306546", "position": {"x": 113, "y": 0}}, {"event_name": "mousemove", "timestamp": "1694041306563", "position": {"x": 126, "y": 0}}, {"event_name": "mousemove", "timestamp": "1694041306580", "position": {"x": 139, "y": 0}}, {"event_name": "mousemove", "timestamp": "1694041306599", "position": {"x": 153, "y": 1}}, {"event_name": "mousemove", "timestamp": "1694041306617", "position": {"x": 165, "y": 2}}, {"event_name": "mousemove", "timestamp": "1694041306636", "position": {"x": 174, "y": 3}}, {"event_name": "mousemove", "timestamp": "1694041306653", "position": {"x": 184, "y": 4}}, {"event_name": "mousemove", "timestamp": "1694041306671", "position": {"x": 192, "y": 5}}, {"event_name": "mousemove", "timestamp": "1694041306689", "position": {"x": 200, "y": 4}}, {"event_name": "mousemove", "timestamp": "1694041306707", "position": {"x": 208, "y": 4}}, {"event_name": "mousemove", "timestamp": "1694041306725", "position": {"x": 215, "y": 4}}, {"event_name": "mousemove", "timestamp": "1694041306742", "position": {"x": 221, "y": 4}}, {"event_name": "mousemove", "timestamp": "1694041306760", "position": {"x": 226, "y": 4}}, {"event_name": "mousemove", "timestamp": "1694041306778", "position": {"x": 232, "y": 5}}, {"event_name": "mousemove", "timestamp": "1694041306795", "position": {"x": 241, "y": 6}}, {"event_name": "mousemove", "timestamp": "1694041306813", "position": {"x": 250, "y": 7}}, {"event_name": "mouseout", "timestamp": "1694041306830", "position": {"x": 259, "y": 9}}, {"event_name": "mouseover", "timestamp": "1694041306830", "position": {"x": 259, "y": 9}}, {"event_name": "mousemove", "timestamp": "1694041306831", "position": {"x": 259, "y": 9}}, {"event_name": "mouseout", "timestamp": "1694041306849", "position": {"x": 267, "y": 6}}, {"event_name": "mouseover", "timestamp": "1694041306849", "position": {"x": 267, "y": 6}}, {"event_name": "mousemove", "timestamp": "1694041306849", "position": {"x": 267, "y": 6}}, {"event_name": "mousemove", "timestamp": "1694041306866", "position": {"x": 277, "y": 4}}, {"event_name": "mousemove", "timestamp": "1694041306884", "position": {"x": 285, "y": 2}}, {"event_name": "mousemove", "timestamp": "1694041306902", "position": {"x": 293, "y": 1}}, {"event_name": "mousemove", "timestamp": "1694041306919", "position": {"x": 302, "y": 1}}, {"event_name": "mousemove", "timestamp": "1694041306937", "position": {"x": 311, "y": 1}}, {"event_name": "mousemove", "timestamp": "1694041306955", "position": {"x": 321, "y": 2}}, {"event_name": "mousemove", "timestamp": "1694041306972", "position": {"x": 331, "y": 3}}, {"event_name": "mousemove", "timestamp": "1694041306989", "position": {"x": 340, "y": 4}}, {"event_name": "mousemove", "timestamp": "1694041307007", "position": {"x": 351, "y": 3}}, {"event_name": "mousemove", "timestamp": "1694041307024", "position": {"x": 363, "y": 3}}, {"event_name": "mousemove", "timestamp": "1694041307041", "position": {"x": 373, "y": 3}}, {"event_name": "mousemove", "timestamp": "1694041307060", "position": {"x": 382, "y": 3}}, {"event_name": "mousemove", "timestamp": "1694041307077", "position": {"x": 392, "y": 4}}, {"event_name": "mousemove", "timestamp": "1694041307095", "position": {"x": 402, "y": 5}}, {"event_name": "mousemove", "timestamp": "1694041307112", "position": {"x": 410, "y": 4}}, {"event_name": "mousemove", "timestamp": "1694041307130", "position": {"x": 418, "y": 3}}, {"event_name": "mousemove", "timestamp": "1694041307147", "position": {"x": 426, "y": 3}}, {"event_name": "mousemove", "timestamp": "1694041307164", "position": {"x": 437, "y": 2}}, {"event_name": "mousemove", "timestamp": "1694041307182", "position": {"x": 449, "y": 1}}, {"event_name": "mousemove", "timestamp": "1694041307200", "position": {"x": 459, "y": 1}}, {"event_name": "mousemove", "timestamp": "1694041307217", "position": {"x": 469, "y": 0}}, {"event_name": "mousemove", "timestamp": "1694041307235", "position": {"x": 480, "y": 0}}, {"event_name": "mousemove", "timestamp": "1694041307252", "position": {"x": 489, "y": 0}}, {"event_name": "mousemove", "timestamp": "1694041307270", "position": {"x": 501, "y": 0}}, {"event_name": "mousemove", "timestamp": "1694041307287", "position": {"x": 514, "y": 1}}, {"event_name": "mousemove", "timestamp": "1694041307305", "position": {"x": 525, "y": 2}}, {"event_name": "mousemove", "timestamp": "1694041307323", "position": {"x": 539, "y": 1}}, {"event_name": "mousemove", "timestamp": "1694041307340", "position": {"x": 552, "y": 0}}, {"event_name": "mousemove", "timestamp": "1694041307358", "position": {"x": 564, "y": 0}}, {"event_name": "mousemove", "timestamp": "1694041307377", "position": {"x": 576, "y": 1}}, {"event_name": "mousemove", "timestamp": "1694041307395", "position": {"x": 589, "y": 2}}, {"event_name": "mousemove", "timestamp": "1694041307414", "position": {"x": 600, "y": 3}}, {"event_name": "mousemove", "timestamp": "1694041307432", "position": {"x": 621, "y": 2}}, {"event_name": "mousemove", "timestamp": "1694041307451", "position": {"x": 645, "y": 1}}, {"event_name": "mousemove", "timestamp": "1694041307469", "position": {"x": 663, "y": 1}}, {"event_name": "mousemove", "timestamp": "1694041307488", "position": {"x": 675, "y": 1}}, {"event_name": "mousemove", "timestamp": "1694041307507", "position": {"x": 690, "y": 1}}, {"event_name": "mousemove", "timestamp": "1694041307525", "position": {"x": 701, "y": 1}}, {"event_name": "mousemove", "timestamp": "1694041307544", "position": {"x": 713, "y": 1}}, {"event_name": "mousemove", "timestamp": "1694041307562", "position": {"x": 726, "y": 2}}, {"event_name": "mousemove", "timestamp": "1694041307580", "position": {"x": 736, "y": 3}}, {"event_name": "mousemove", "timestamp": "1694041307598", "position": {"x": 746, "y": 2}}, {"event_name": "mousemove", "timestamp": "1694041307616", "position": {"x": 758, "y": 1}}, {"event_name": "mousemove", "timestamp": "1694041307635", "position": {"x": 768, "y": 1}}, {"event_name": "mousemove", "timestamp": "1694041307653", "position": {"x": 845, "y": 1}}, {"event_name": "mousemove", "timestamp": "1694041307672", "position": {"x": 927, "y": 1}}, {"event_name": "mousemove", "timestamp": "1694041307691", "position": {"x": 984, "y": 1}}, {"event_name": "mousemove", "timestamp": "1694041307710", "position": {"x": 986, "y": 5}}, {"event_name": "mouseout", "timestamp": "1694041307729", "position": {"x": 989, "y": 10}}, {"event_name": "mouseover", "timestamp": "1694041307729", "position": {"x": 989, "y": 10}}, {"event_name": "mousemove", "timestamp": "1694041307730", "position": {"x": 989, "y": 10}}, {"event_name": "mousemove", "timestamp": "1694041307750", "position": {"x": 992, "y": 14}}, {"event_name": "mousemove", "timestamp": "1694041307769", "position": {"x": 993, "y": 15}}, {"event_name": "mousemove", "timestamp": "1694041307787", "position": {"x": 994, "y": 16}}, {"event_name": "mousemove", "timestamp": "1694041307805", "position": {"x": 996, "y": 17}}, {"event_name": "mousedown", "timestamp": "1694041308091", "position": {"x": 996, "y": 17}}, {"event_name": "mouseup", "timestamp": "1694041308192", "position": {"x": 996, "y": 17}}, {"event_name": "click", "timestamp": "1694041308192", "position": {"x": 996, "y": 17}}, {"event_name": "beforeunload", "timestamp": "1694041308196", "position": {"x": 0, "y": 0}}, {"event_name": "focus", "timestamp": "1694041308250", "position": {"x": 0, "y": 0}}, {"event_name": "load", "timestamp": "1694041308251", "position": {"x": 0, "y": 0}}, {"event_name": "pageshow", "timestamp": "1694041308251", "position": {"x": 0, "y": 0}}, {"event_name": "beforeunload", "timestamp": "1694041310737", "position": {"x": 0, "y": 0}}, {"event_name": "load", "timestamp": "1694041310892", "position": {"x": 0, "y": 0}}, {"event_name": "pageshow", "timestamp": "1694041310893", "position": {"x": 0, "y": 0}}, {"event_name": "mouseover", "timestamp": "1694041311226", "position": {"x": 17, "y": 0}}, {"event_name": "mousemove", "timestamp": "1694041311226", "position": {"x": 17, "y": 0}}, {"event_name": "mousemove", "timestamp": "1694041311244", "position": {"x": 35, "y": 0}}, {"event_name": "mousemove", "timestamp": "1694041311261", "position": {"x": 51, "y": 1}}, {"event_name": "mousemove", "timestamp": "1694041311278", "position": {"x": 57, "y": 1}}, {"event_name": "mousemove", "timestamp": "1694041311296", "position": {"x": 64, "y": 1}}, {"event_name": "mouseout", "timestamp": "1694041311313", "position": {"x": 70, "y": 1}}, {"event_name": "mouseover", "timestamp": "1694041311314", "position": {"x": 70, "y": 1}}, {"event_name": "mousemove", "timestamp": "1694041311314", "position": {"x": 70, "y": 1}}, {"event_name": "mouseout", "timestamp": "1694041311331", "position": {"x": 112, "y": 1}}, {"event_name": "mouseover", "timestamp": "1694041311331", "position": {"x": 112, "y": 1}}, {"event_name": "mousemove", "timestamp": "1694041311331", "position": {"x": 112, "y": 1}}, {"event_name": "mousemove", "timestamp": "1694041311349", "position": {"x": 156, "y": 1}}, {"event_name": "mousemove", "timestamp": "1694041311367", "position": {"x": 194, "y": 1}}, {"event_name": "mousemove", "timestamp": "1694041311384", "position": {"x": 201, "y": 0}}, {"event_name": "mousemove", "timestamp": "1694041311401", "position": {"x": 208, "y": 0}}, {"event_name": "mousemove", "timestamp": "1694041311419", "position": {"x": 216, "y": 0}}, {"event_name": "mousemove", "timestamp": "1694041311437", "position": {"x": 242, "y": 0}}, {"event_name": "mousemove", "timestamp": "1694041311454", "position": {"x": 269, "y": 0}}, {"event_name": "mousemove", "timestamp": "1694041311472", "position": {"x": 294, "y": 1}}, {"event_name": "mousemove", "timestamp": "1694041311489", "position": {"x": 302, "y": 2}}, {"event_name": "mousemove", "timestamp": "1694041311507", "position": {"x": 311, "y": 3}}, {"event_name": "mousemove", "timestamp": "1694041311524", "position": {"x": 319, "y": 4}}, {"event_name": "mousemove", "timestamp": "1694041311542", "position": {"x": 327, "y": 4}}, {"event_name": "mousemove", "timestamp": "1694041311559", "position": {"x": 337, "y": 4}}, {"event_name": "mousemove", "timestamp": "1694041311577", "position": {"x": 345, "y": 5}}, {"event_name": "mousemove", "timestamp": "1694041311595", "position": {"x": 355, "y": 4}}, {"event_name": "mousemove", "timestamp": "1694041311612", "position": {"x": 364, "y": 3}}, {"event_name": "mousemove", "timestamp": "1694041311630", "position": {"x": 373, "y": 3}}, {"event_name": "mousemove", "timestamp": "1694041311648", "position": {"x": 383, "y": 2}}, {"event_name": "mousemove", "timestamp": "1694041311666", "position": {"x": 394, "y": 1}}, {"event_name": "mousemove", "timestamp": "1694041311685", "position": {"x": 403, "y": 1}}, {"event_name": "mousemove", "timestamp": "1694041311702", "position": {"x": 413, "y": 1}}, {"event_name": "mousemove", "timestamp": "1694041311721", "position": {"x": 424, "y": 1}}, {"event_name": "mousemove", "timestamp": "1694041311740", "position": {"x": 433, "y": 1}}, {"event_name": "mousemove", "timestamp": "1694041311758", "position": {"x": 456, "y": 2}}, {"event_name": "mousemove", "timestamp": "1694041311777", "position": {"x": 481, "y": 3}}, {"event_name": "mousemove", "timestamp": "1694041311795", "position": {"x": 498, "y": 5}}, {"event_name": "mousemove", "timestamp": "1694041311814", "position": {"x": 510, "y": 3}}, {"event_name": "mousemove", "timestamp": "1694041311832", "position": {"x": 523, "y": 2}}, {"event_name": "mousemove", "timestamp": "1694041311850", "position": {"x": 534, "y": 1}}, {"event_name": "mousemove", "timestamp": "1694041311869", "position": {"x": 546, "y": 1}}, {"event_name": "mousemove", "timestamp": "1694041311887", "position": {"x": 560, "y": 1}}, {"event_name": "mousemove", "timestamp": "1694041311906", "position": {"x": 572, "y": 2}}, {"event_name": "mousemove", "timestamp": "1694041311924", "position": {"x": 598, "y": 1}}, {"event_name": "mousemove", "timestamp": "1694041311941", "position": {"x": 625, "y": 1}}, {"event_name": "mousemove", "timestamp": "1694041311959", "position": {"x": 649, "y": 1}}, {"event_name": "mousemove", "timestamp": "1694041311977", "position": {"x": 662, "y": 1}}, {"event_name": "mousemove", "timestamp": "1694041311995", "position": {"x": 677, "y": 2}}, {"event_name": "mousemove", "timestamp": "1694041312012", "position": {"x": 690, "y": 3}}, {"event_name": "mousemove", "timestamp": "1694041312030", "position": {"x": 714, "y": 3}}, {"event_name": "mousemove", "timestamp": "1694041312048", "position": {"x": 739, "y": 3}}, {"event_name": "mousemove", "timestamp": "1694041312066", "position": {"x": 761, "y": 4}}, {"event_name": "mousemove", "timestamp": "1694041312084", "position": {"x": 772, "y": 4}}, {"event_name": "mousemove", "timestamp": "1694041312103", "position": {"x": 785, "y": 4}}, {"event_name": "mousemove", "timestamp": "1694041312120", "position": {"x": 796, "y": 4}}, {"event_name": "mousemove", "timestamp": "1694041312137", "position": {"x": 811, "y": 4}}, {"event_name": "mousemove", "timestamp": "1694041312156", "position": {"x": 827, "y": 5}}, {"event_name": "mousemove", "timestamp": "1694041312172", "position": {"x": 841, "y": 6}}, {"event_name": "mouseout", "timestamp": "1694041312190", "position": {"x": 855, "y": 8}}, {"event_name": "mouseover", "timestamp": "1694041312191", "position": {"x": 855, "y": 8}}, {"event_name": "mousemove", "timestamp": "1694041312191", "position": {"x": 855, "y": 8}}, {"event_name": "mousemove", "timestamp": "1694041312209", "position": {"x": 871, "y": 10}}, {"event_name": "mousemove", "timestamp": "1694041312226", "position": {"x": 885, "y": 12}}, {"event_name": "mousemove", "timestamp": "1694041312244", "position": {"x": 895, "y": 14}}, {"event_name": "mousemove", "timestamp": "1694041312261", "position": {"x": 905, "y": 16}}, {"event_name": "mousemove", "timestamp": "1694041312279", "position": {"x": 915, "y": 19}}, {"event_name": "mousemove", "timestamp": "1694041312298", "position": {"x": 926, "y": 19}}, {"event_name": "mousemove", "timestamp": "1694041312316", "position": {"x": 940, "y": 19}}, {"event_name": "mousemove", "timestamp": "1694041312335", "position": {"x": 950, "y": 19}}, {"event_name": "mousemove", "timestamp": "1694041312353", "position": {"x": 959, "y": 20}}, {"event_name": "mouseout", "timestamp": "1694041312370", "position": {"x": 969, "y": 21}}, {"event_name": "mouseover", "timestamp": "1694041312370", "position": {"x": 969, "y": 21}}, {"event_name": "mousemove", "timestamp": "1694041312371", "position": {"x": 969, "y": 21}}, {"event_name": "mousemove", "timestamp": "1694041312388", "position": {"x": 978, "y": 23}}, {"event_name": "mousemove", "timestamp": "1694041312406", "position": {"x": 986, "y": 24}}, {"event_name": "mousemove", "timestamp": "1694041312424", "position": {"x": 994, "y": 26}}, {"event_name": "mousemove", "timestamp": "1694041312442", "position": {"x": 1002, "y": 28}}, {"event_name": "mousemove", "timestamp": "1694041312460", "position": {"x": 1007, "y": 25}}, {"event_name": "mousemove", "timestamp": "1694041312477", "position": {"x": 1013, "y": 23}}, {"event_name": "mousemove", "timestamp": "1694041312496", "position": {"x": 1018, "y": 21}}, {"event_name": "mousemove", "timestamp": "1694041312515", "position": {"x": 1023, "y": 19}}, {"event_name": "mousemove", "timestamp": "1694041312532", "position": {"x": 1029, "y": 18}}, {"event_name": "mousemove", "timestamp": "1694041312550", "position": {"x": 1035, "y": 18}}, {"event_name": "mousemove", "timestamp": "1694041312569", "position": {"x": 1041, "y": 19}}, {"event_name": "mousemove", "timestamp": "1694041312586", "position": {"x": 1047, "y": 20}}, {"event_name": "mousemove", "timestamp": "1694041312604", "position": {"x": 1053, "y": 21}}, {"event_name": "mousemove", "timestamp": "1694041312622", "position": {"x": 1057, "y": 22}}, {"event_name": "mouseout", "timestamp": "1694041312640", "position": {"x": 1062, "y": 23}}, {"event_name": "mouseover", "timestamp": "1694041312640", "position": {"x": 1062, "y": 23}}, {"event_name": "mousemove", "timestamp": "1694041312640", "position": {"x": 1062, "y": 23}}, {"event_name": "mousemove", "timestamp": "1694041312658", "position": {"x": 1067, "y": 25}}, {"event_name": "mousemove", "timestamp": "1694041312676", "position": {"x": 1069, "y": 26}}, {"event_name": "mousemove", "timestamp": "1694041312694", "position": {"x": 1072, "y": 27}}, {"event_name": "mousemove", "timestamp": "1694041312712", "position": {"x": 1075, "y": 28}}, {"event_name": "mousemove", "timestamp": "1694041312732", "position": {"x": 1077, "y": 26}}, {"event_name": "mousemove", "timestamp": "1694041312750", "position": {"x": 1079, "y": 25}}, {"event_name": "mousemove", "timestamp": "1694041312768", "position": {"x": 1082, "y": 25}}, {"event_name": "mousemove", "timestamp": "1694041312787", "position": {"x": 1085, "y": 26}}, {"event_name": "mousemove", "timestamp": "1694041312805", "position": {"x": 1088, "y": 27}}, {"event_name": "mousemove", "timestamp": "1694041312823", "position": {"x": 1091, "y": 29}}, {"event_name": "mousemove", "timestamp": "1694041312842", "position": {"x": 1092, "y": 28}}, {"event_name": "mousemove", "timestamp": "1694041312860", "position": {"x": 1094, "y": 27}}, {"event_name": "mousemove", "timestamp": "1694041312878", "position": {"x": 1096, "y": 27}}, {"event_name": "mousemove", "timestamp": "1694041312933", "position": {"x": 1097, "y": 28}}, {"event_name": "mousedown", "timestamp": "1694041313281", "position": {"x": 1097, "y": 28}}, {"event_name": "mouseup", "timestamp": "1694041313356", "position": {"x": 1097, "y": 28}}, {"event_name": "click", "timestamp": "1694041313358", "position": {"x": 1097, "y": 28}}, {"event_name": "beforeunload", "timestamp": "1694041313360", "position": {"x": 0, "y": 0}}, {"event_name": "load", "timestamp": "1694041316151", "position": {"x": 0, "y": 0}}, {"event_name": "pageshow", "timestamp": "1694041316152", "position": {"x": 0, "y": 0}}, {"event_name": "scroll", "timestamp": "1694041318603", "position": {"x": 0, "y": 0}}, {"event_name": "mouseover", "timestamp": "1694041319432", "position": {"x": 2, "y": 516}}, {"event_name": "mousemove", "timestamp": "1694041319432", "position": {"x": 2, "y": 516}}, {"event_name": "mousemove", "timestamp": "1694041319451", "position": {"x": 5, "y": 520}}, {"event_name": "mousemove", "timestamp": "1694041319468", "position": {"x": 7, "y": 522}}, {"event_name": "mousemove", "timestamp": "1694041319486", "position": {"x": 8, "y": 525}}, {"event_name": "mousemove", "timestamp": "1694041319504", "position": {"x": 9, "y": 529}}, {"event_name": "mousemove", "timestamp": "1694041319521", "position": {"x": 10, "y": 533}}, {"event_name": "mousemove", "timestamp": "1694041319539", "position": {"x": 11, "y": 536}}, {"event_name": "mousemove", "timestamp": "1694041319557", "position": {"x": 12, "y": 540}}, {"event_name": "mousemove", "timestamp": "1694041319576", "position": {"x": 13, "y": 544}}, {"event_name": "mousemove", "timestamp": "1694041319593", "position": {"x": 15, "y": 547}}, {"event_name": "mousemove", "timestamp": "1694041319610", "position": {"x": 17, "y": 550}}, {"event_name": "mousemove", "timestamp": "1694041319629", "position": {"x": 19, "y": 554}}, {"event_name": "mousemove", "timestamp": "1694041319645", "position": {"x": 19, "y": 556}}, {"event_name": "mousemove", "timestamp": "1694041319663", "position": {"x": 20, "y": 559}}, {"event_name": "mousemove", "timestamp": "1694041319681", "position": {"x": 21, "y": 562}}, {"event_name": "mousemove", "timestamp": "1694041319699", "position": {"x": 22, "y": 566}}, {"event_name": "mouseout", "timestamp": "1694041319717", "position": {"x": 23, "y": 570}}, {"event_name": "mouseover", "timestamp": "1694041319717", "position": {"x": 23, "y": 570}}, {"event_name": "mousemove", "timestamp": "1694041319717", "position": {"x": 23, "y": 570}}, {"event_name": "mousemove", "timestamp": "1694041319734", "position": {"x": 24, "y": 575}}, {"event_name": "mousemove", "timestamp": "1694041319752", "position": {"x": 26, "y": 578}}, {"event_name": "mousemove", "timestamp": "1694041319770", "position": {"x": 28, "y": 581}}, {"event_name": "mousemove", "timestamp": "1694041319787", "position": {"x": 31, "y": 584}}, {"event_name": "mousemove", "timestamp": "1694041319805", "position": {"x": 31, "y": 588}}, {"event_name": "mousemove", "timestamp": "1694041319822", "position": {"x": 32, "y": 592}}, {"event_name": "mousemove", "timestamp": "1694041319840", "position": {"x": 33, "y": 596}}, {"event_name": "mousemove", "timestamp": "1694041319858", "position": {"x": 36, "y": 601}}, {"event_name": "mousemove", "timestamp": "1694041319875", "position": {"x": 39, "y": 605}}, {"event_name": "mousemove", "timestamp": "1694041319893", "position": {"x": 42, "y": 610}}, {"event_name": "mousemove", "timestamp": "1694041319910", "position": {"x": 44, "y": 614}}, {"event_name": "mousemove", "timestamp": "1694041319928", "position": {"x": 46, "y": 619}}, {"event_name": "mousemove", "timestamp": "1694041319945", "position": {"x": 49, "y": 624}}, {"event_name": "mousemove", "timestamp": "1694041319962", "position": {"x": 51, "y": 630}}, {"event_name": "mousemove", "timestamp": "1694041319980", "position": {"x": 53, "y": 638}}, {"event_name": "mousemove", "timestamp": "1694041319997", "position": {"x": 56, "y": 644}}, {"event_name": "mousemove", "timestamp": "1694041320015", "position": {"x": 57, "y": 649}}, {"event_name": "mousemove", "timestamp": "1694041320032", "position": {"x": 58, "y": 654}}, {"event_name": "mousemove", "timestamp": "1694041320051", "position": {"x": 59, "y": 659}}, {"event_name": "mousemove", "timestamp": "1694041320067", "position": {"x": 62, "y": 665}}, {"event_name": "mousemove", "timestamp": "1694041320085", "position": {"x": 65, "y": 673}}, {"event_name": "mousemove", "timestamp": "1694041320102", "position": {"x": 68, "y": 679}}, {"event_name": "mouseout", "timestamp": "1694041320120", "position": {"x": 71, "y": 686}}, {"event_name": "mouseover", "timestamp": "1694041320120", "position": {"x": 71, "y": 686}}, {"event_name": "mousemove", "timestamp": "1694041320120", "position": {"x": 71, "y": 686}}, {"event_name": "mousemove", "timestamp": "1694041320138", "position": {"x": 74, "y": 693}}, {"event_name": "mousemove", "timestamp": "1694041320156", "position": {"x": 77, "y": 700}}, {"event_name": "mousemove", "timestamp": "1694041320176", "position": {"x": 77, "y": 708}}, {"event_name": "mousemove", "timestamp": "1694041320196", "position": {"x": 78, "y": 716}}, {"event_name": "mousemove", "timestamp": "1694041320213", "position": {"x": 79, "y": 722}}, {"event_name": "mousemove", "timestamp": "1694041320233", "position": {"x": 80, "y": 727}}, {"event_name": "mousemove", "timestamp": "1694041320250", "position": {"x": 81, "y": 733}}, {"event_name": "mousemove", "timestamp": "1694041320269", "position": {"x": 82, "y": 738}}, {"event_name": "mouseout", "timestamp": "1694041320287", "position": {"x": 85, "y": 745}}, {"event_name": "mouseover", "timestamp": "1694041320289", "position": {"x": 85, "y": 745}}, {"event_name": "mousemove", "timestamp": "1694041320289", "position": {"x": 85, "y": 745}}, {"event_name": "mousemove", "timestamp": "1694041320307", "position": {"x": 88, "y": 754}}, {"event_name": "mousemove", "timestamp": "1694041320325", "position": {"x": 91, "y": 760}}, {"event_name": "mousemove", "timestamp": "1694041320345", "position": {"x": 91, "y": 766}}, {"event_name": "mousemove", "timestamp": "1694041320363", "position": {"x": 91, "y": 772}}, {"event_name": "mousemove", "timestamp": "1694041320381", "position": {"x": 91, "y": 778}}, {"event_name": "mousemove", "timestamp": "1694041320399", "position": {"x": 93, "y": 785}}, {"event_name": "mousemove", "timestamp": "1694041320417", "position": {"x": 95, "y": 793}}, {"event_name": "mousemove", "timestamp": "1694041320435", "position": {"x": 98, "y": 800}}, {"event_name": "mousemove", "timestamp": "1694041320451", "position": {"x": 100, "y": 807}}, {"event_name": "mousemove", "timestamp": "1694041320469", "position": {"x": 103, "y": 814}}, {"event_name": "mousemove", "timestamp": "1694041320486", "position": {"x": 106, "y": 821}}, {"event_name": "mousemove", "timestamp": "1694041320504", "position": {"x": 106, "y": 829}}, {"event_name": "mousemove", "timestamp": "1694041320522", "position": {"x": 107, "y": 837}}, {"event_name": "mousemove", "timestamp": "1694041320539", "position": {"x": 108, "y": 844}}, {"event_name": "mousemove", "timestamp": "1694041320557", "position": {"x": 108, "y": 850}}, {"event_name": "mousemove", "timestamp": "1694041320575", "position": {"x": 108, "y": 858}}, {"event_name": "mousemove", "timestamp": "1694041320592", "position": {"x": 108, "y": 864}}, {"event_name": "mousemove", "timestamp": "1694041320610", "position": {"x": 107, "y": 869}}, {"event_name": "mousemove", "timestamp": "1694041320627", "position": {"x": 107, "y": 875}}, {"event_name": "mousemove", "timestamp": "1694041320645", "position": {"x": 107, "y": 880}}, {"event_name": "mousemove", "timestamp": "1694041320662", "position": {"x": 106, "y": 885}}, {"event_name": "mousemove", "timestamp": "1694041320680", "position": {"x": 106, "y": 891}}, {"event_name": "mouseout", "timestamp": "1694041320698", "position": {"x": 106, "y": 897}}, {"event_name": "mouseover", "timestamp": "1694041320698", "position": {"x": 106, "y": 897}}, {"event_name": "mousemove", "timestamp": "1694041320698", "position": {"x": 106, "y": 897}}, {"event_name": "mousemove", "timestamp": "1694041320715", "position": {"x": 106, "y": 902}}, {"event_name": "mousemove", "timestamp": "1694041320733", "position": {"x": 107, "y": 907}}, {"event_name": "mouseout", "timestamp": "1694041320750", "position": {"x": 108, "y": 912}}, {"event_name": "mouseover", "timestamp": "1694041320750", "position": {"x": 108, "y": 912}}, {"event_name": "mousemove", "timestamp": "1694041320750", "position": {"x": 108, "y": 912}}, {"event_name": "mousemove", "timestamp": "1694041320769", "position": {"x": 108, "y": 916}}, {"event_name": "mousemove", "timestamp": "1694041320786", "position": {"x": 108, "y": 920}}, {"event_name": "mousemove", "timestamp": "1694041320803", "position": {"x": 108, "y": 924}}, {"event_name": "mousedown", "timestamp": "1694041322617", "position": {"x": 108, "y": 924}}, {"event_name": "mouseup", "timestamp": "1694041322737", "position": {"x": 108, "y": 924}}, {"event_name": "click", "timestamp": "1694041322737", "position": {"x": 108, "y": 924}}, {"event_name": "beforeunload", "timestamp": "1694041322742", "position": {"x": 0, "y": 0}}, {"event_name": "load", "timestamp": "1694041323241", "position": {"x": 0, "y": 0}}, {"event_name": "pageshow", "timestamp": "1694041323242", "position": {"x": 0, "y": 0}}, {"event_name": "beforeunload", "timestamp": "1694041324832", "position": {"x": 0, "y": 0}}, {"event_name": "load", "timestamp": "1694041325044", "position": {"x": 0, "y": 0}}, {"event_name": "pageshow", "timestamp": "1694041325045", "position": {"x": 0, "y": 0}}, {"event_name": "scroll", "timestamp": "1694041326604", "position": {"x": 0, "y": 0}}, {"event_name": "scroll", "timestamp": "1694041326643", "position": {"x": 0, "y": 0}}, {"event_name": "mouseover", "timestamp": "1694041329151", "position": {"x": 1, "y": 1542}}, {"event_name": "mousemove", "timestamp": "1694041329152", "position": {"x": 1, "y": 1542}}, {"event_name": "mousemove", "timestamp": "1694041329169", "position": {"x": 2, "y": 1546}}, {"event_name": "mousemove", "timestamp": "1694041329188", "position": {"x": 4, "y": 1550}}, {"event_name": "mousemove", "timestamp": "1694041329206", "position": {"x": 6, "y": 1554}}, {"event_name": "mousemove", "timestamp": "1694041329224", "position": {"x": 8, "y": 1560}}, {"event_name": "mousemove", "timestamp": "1694041329250", "position": {"x": 10, "y": 1564}}, {"event_name": "mousemove", "timestamp": "1694041329269", "position": {"x": 10, "y": 1567}}, {"event_name": "mousemove", "timestamp": "1694041329287", "position": {"x": 10, "y": 1571}}, {"event_name": "mousemove", "timestamp": "1694041329305", "position": {"x": 10, "y": 1574}}, {"event_name": "mousemove", "timestamp": "1694041329324", "position": {"x": 12, "y": 1579}}, {"event_name": "mousemove", "timestamp": "1694041329342", "position": {"x": 14, "y": 1584}}, {"event_name": "mousemove", "timestamp": "1694041329360", "position": {"x": 16, "y": 1589}}, {"event_name": "mousemove", "timestamp": "1694041329378", "position": {"x": 16, "y": 1593}}, {"event_name": "mouseout", "timestamp": "1694041329396", "position": {"x": 17, "y": 1597}}, {"event_name": "mouseover", "timestamp": "1694041329396", "position": {"x": 17, "y": 1597}}, {"event_name": "mousemove", "timestamp": "1694041329396", "position": {"x": 17, "y": 1597}}, {"event_name": "mousemove", "timestamp": "1694041329414", "position": {"x": 18, "y": 1601}}, {"event_name": "mousemove", "timestamp": "1694041329431", "position": {"x": 19, "y": 1604}}, {"event_name": "mousemove", "timestamp": "1694041329450", "position": {"x": 20, "y": 1608}}, {"event_name": "mousemove", "timestamp": "1694041329468", "position": {"x": 21, "y": 1611}}, {"event_name": "mousemove", "timestamp": "1694041329487", "position": {"x": 23, "y": 1614}}, {"event_name": "mousemove", "timestamp": "1694041329515", "position": {"x": 26, "y": 1621}}, {"event_name": "mousemove", "timestamp": "1694041329533", "position": {"x": 27, "y": 1622}}, {"event_name": "mousemove", "timestamp": "1694041329552", "position": {"x": 29, "y": 1627}}, {"event_name": "mousemove", "timestamp": "1694041329570", "position": {"x": 32, "y": 1632}}, {"event_name": "mousemove", "timestamp": "1694041329588", "position": {"x": 34, "y": 1637}}, {"event_name": "scroll", "timestamp": "1694041329603", "position": {"x": 0, "y": 0}}, {"event_name": "mousemove", "timestamp": "1694041329605", "position": {"x": 37, "y": 1642}}, {"event_name": "mousemove", "timestamp": "1694041329623", "position": {"x": 41, "y": 1647}}, {"event_name": "mousemove", "timestamp": "1694041329640", "position": {"x": 44, "y": 1652}}, {"event_name": "mousemove", "timestamp": "1694041329658", "position": {"x": 47, "y": 1657}}, {"event_name": "mousemove", "timestamp": "1694041329675", "position": {"x": 50, "y": 1663}}, {"event_name": "mousemove", "timestamp": "1694041329693", "position": {"x": 53, "y": 1668}}, {"event_name": "mousemove", "timestamp": "1694041329711", "position": {"x": 53, "y": 1673}}, {"event_name": "mousemove", "timestamp": "1694041329729", "position": {"x": 54, "y": 1678}}, {"event_name": "mousemove", "timestamp": "1694041329746", "position": {"x": 55, "y": 1683}}, {"event_name": "mousemove", "timestamp": "1694041329765", "position": {"x": 57, "y": 1686}}, {"event_name": "mousemove", "timestamp": "1694041329783", "position": {"x": 59, "y": 1690}}, {"event_name": "mousemove", "timestamp": "1694041329801", "position": {"x": 61, "y": 1694}}, {"event_name": "mousemove", "timestamp": "1694041329820", "position": {"x": 63, "y": 1701}}, {"event_name": "mousemove", "timestamp": "1694041329838", "position": {"x": 65, "y": 1708}}, {"event_name": "mousemove", "timestamp": "1694041329857", "position": {"x": 67, "y": 1714}}, {"event_name": "mouseout", "timestamp": "1694041329876", "position": {"x": 70, "y": 1718}}, {"event_name": "mouseover", "timestamp": "1694041329876", "position": {"x": 70, "y": 1718}}, {"event_name": "mousemove", "timestamp": "1694041329876", "position": {"x": 70, "y": 1718}}, {"event_name": "mousemove", "timestamp": "1694041329895", "position": {"x": 74, "y": 1723}}, {"event_name": "mousemove", "timestamp": "1694041329913", "position": {"x": 77, "y": 1727}}, {"event_name": "mousemove", "timestamp": "1694041329932", "position": {"x": 78, "y": 1735}}, {"event_name": "mousemove", "timestamp": "1694041329950", "position": {"x": 80, "y": 1744}}, {"event_name": "mousemove", "timestamp": "1694041329969", "position": {"x": 82, "y": 1751}}, {"event_name": "mousemove", "timestamp": "1694041329988", "position": {"x": 83, "y": 1758}}, {"event_name": "mousemove", "timestamp": "1694041330006", "position": {"x": 84, "y": 1766}}, {"event_name": "mouseout", "timestamp": "1694041330025", "position": {"x": 86, "y": 1772}}, {"event_name": "mouseover", "timestamp": "1694041330025", "position": {"x": 86, "y": 1772}}, {"event_name": "mousemove", "timestamp": "1694041330026", "position": {"x": 86, "y": 1772}}, {"event_name": "mousemove", "timestamp": "1694041330045", "position": {"x": 89, "y": 1777}}, {"event_name": "mousemove", "timestamp": "1694041330067", "position": {"x": 93, "y": 1785}}, {"event_name": "mousemove", "timestamp": "1694041330085", "position": {"x": 95, "y": 1789}}, {"event_name": "mousemove", "timestamp": "1694041330102", "position": {"x": 98, "y": 1795}}, {"event_name": "mousemove", "timestamp": "1694041330120", "position": {"x": 102, "y": 1801}}, {"event_name": "mousemove", "timestamp": "1694041330138", "position": {"x": 105, "y": 1807}}, {"event_name": "mousemove", "timestamp": "1694041330155", "position": {"x": 106, "y": 1813}}, {"event_name": "mousemove", "timestamp": "1694041330173", "position": {"x": 108, "y": 1820}}, {"event_name": "mouseout", "timestamp": "1694041330191", "position": {"x": 110, "y": 1826}}, {"event_name": "mouseover", "timestamp": "1694041330192", "position": {"x": 110, "y": 1826}}, {"event_name": "mousemove", "timestamp": "1694041330192", "position": {"x": 110, "y": 1826}}, {"event_name": "mouseout", "timestamp": "1694041330212", "position": {"x": 112, "y": 1831}}, {"event_name": "mouseover", "timestamp": "1694041330212", "position": {"x": 112, "y": 1831}}, {"event_name": "mousemove", "timestamp": "1694041330212", "position": {"x": 112, "y": 1831}}, {"event_name": "mousemove", "timestamp": "1694041330230", "position": {"x": 114, "y": 1837}}, {"event_name": "mousemove", "timestamp": "1694041330249", "position": {"x": 116, "y": 1842}}, {"event_name": "mousemove", "timestamp": "1694041330268", "position": {"x": 116, "y": 1849}}, {"event_name": "mouseout", "timestamp": "1694041330287", "position": {"x": 117, "y": 1856}}, {"event_name": "mouseover", "timestamp": "1694041330287", "position": {"x": 117, "y": 1856}}, {"event_name": "mousemove", "timestamp": "1694041330287", "position": {"x": 117, "y": 1856}}, {"event_name": "mousemove", "timestamp": "1694041330306", "position": {"x": 118, "y": 1862}}, {"event_name": "mousemove", "timestamp": "1694041330325", "position": {"x": 118, "y": 1867}}, {"event_name": "mousemove", "timestamp": "1694041330343", "position": {"x": 119, "y": 1873}}, {"event_name": "mousemove", "timestamp": "1694041330362", "position": {"x": 120, "y": 1878}}, {"event_name": "mouseout", "timestamp": "1694041330380", "position": {"x": 120, "y": 1882}}, {"event_name": "mouseover", "timestamp": "1694041330381", "position": {"x": 120, "y": 1882}}, {"event_name": "mousemove", "timestamp": "1694041330381", "position": {"x": 120, "y": 1882}}, {"event_name": "mousemove", "timestamp": "1694041330400", "position": {"x": 121, "y": 1888}}, {"event_name": "mousemove", "timestamp": "1694041330418", "position": {"x": 122, "y": 1892}}, {"event_name": "mousemove", "timestamp": "1694041330436", "position": {"x": 122, "y": 1897}}, {"event_name": "mousemove", "timestamp": "1694041330454", "position": {"x": 123, "y": 1903}}, {"event_name": "mouseout", "timestamp": "1694041330472", "position": {"x": 124, "y": 1908}}, {"event_name": "mouseover", "timestamp": "1694041330472", "position": {"x": 124, "y": 1908}}, {"event_name": "mousemove", "timestamp": "1694041330472", "position": {"x": 124, "y": 1908}}, {"event_name": "mousemove", "timestamp": "1694041330491", "position": {"x": 124, "y": 1914}}, {"event_name": "mousemove", "timestamp": "1694041330509", "position": {"x": 125, "y": 1921}}, {"event_name": "mousemove", "timestamp": "1694041330528", "position": {"x": 126, "y": 1927}}, {"event_name": "mouseout", "timestamp": "1694041330546", "position": {"x": 126, "y": 1931}}, {"event_name": "mouseover", "timestamp": "1694041330547", "position": {"x": 126, "y": 1931}}, {"event_name": "mousemove", "timestamp": "1694041330547", "position": {"x": 126, "y": 1931}}, {"event_name": "mousemove", "timestamp": "1694041330566", "position": {"x": 126, "y": 1937}}, {"event_name": "mousemove", "timestamp": "1694041330584", "position": {"x": 126, "y": 1941}}, {"event_name": "mousemove", "timestamp": "1694041330604", "position": {"x": 126, "y": 1945}}, {"event_name": "mouseout", "timestamp": "1694041330623", "position": {"x": 127, "y": 1950}}, {"event_name": "mouseover", "timestamp": "1694041330623", "position": {"x": 127, "y": 1950}}, {"event_name": "mousemove", "timestamp": "1694041330624", "position": {"x": 127, "y": 1950}}, {"event_name": "mousemove", "timestamp": "1694041330643", "position": {"x": 128, "y": 1954}}, {"event_name": "mousemove", "timestamp": "1694041330679", "position": {"x": 128, "y": 1955}}, {"event_name": "mousemove", "timestamp": "1694041330698", "position": {"x": 128, "y": 1956}}, {"event_name": "mousedown", "timestamp": "1694041331075", "position": {"x": 128, "y": 1956}}, {"event_name": "mouseup", "timestamp": "1694041331184", "position": {"x": 128, "y": 1956}}, {"event_name": "click", "timestamp": "1694041331184", "position": {"x": 128, "y": 1956}}, {"event_name": "beforeunload", "timestamp": "1694041331187", "position": {"x": 0, "y": 0}}, {"event_name": "focus", "timestamp": "1694041333402", "position": {"x": 0, "y": 0}}, {"event_name": "load", "timestamp": "1694041333403", "position": {"x": 0, "y": 0}}, {"event_name": "pageshow", "timestamp": "1694041333403", "position": {"x": 0, "y": 0}}, {"event_name": "scroll", "timestamp": "1694041334603", "position": {"x": 0, "y": 0}}, {"event_name": "scroll", "timestamp": "1694041334812", "position": {"x": 0, "y": 0}}, {"event_name": "scroll", "timestamp": "1694041336603", "position": {"x": 0, "y": 0}}, {"event_name": "scroll", "timestamp": "1694041337602", "position": {"x": 0, "y": 0}}, {"event_name": "scroll", "timestamp": "1694041338603", "position": {"x": 0, "y": 0}}, {"event_name": "mouseover", "timestamp": "1694041339952", "position": {"x": 0, "y": 2036}}, {"event_name": "mousemove", "timestamp": "1694041339952", "position": {"x": 0, "y": 2036}}, {"event_name": "mousemove", "timestamp": "1694041339970", "position": {"x": 1, "y": 2042}}, {"event_name": "mousemove", "timestamp": "1694041339987", "position": {"x": 2, "y": 2045}}, {"event_name": "mousemove", "timestamp": "1694041340005", "position": {"x": 2, "y": 2049}}, {"event_name": "mousemove", "timestamp": "1694041340022", "position": {"x": 3, "y": 2053}}, {"event_name": "mousemove", "timestamp": "1694041340040", "position": {"x": 4, "y": 2057}}, {"event_name": "mousemove", "timestamp": "1694041340058", "position": {"x": 3, "y": 2061}}, {"event_name": "mousemove", "timestamp": "1694041340075", "position": {"x": 2, "y": 2065}}, {"event_name": "mousemove", "timestamp": "1694041340093", "position": {"x": 2, "y": 2070}}, {"event_name": "mousemove", "timestamp": "1694041340110", "position": {"x": 4, "y": 2074}}, {"event_name": "mousemove", "timestamp": "1694041340128", "position": {"x": 6, "y": 2079}}, {"event_name": "mousemove", "timestamp": "1694041340145", "position": {"x": 9, "y": 2084}}, {"event_name": "mousemove", "timestamp": "1694041340163", "position": {"x": 10, "y": 2087}}, {"event_name": "mouseout", "timestamp": "1694041340181", "position": {"x": 11, "y": 2091}}, {"event_name": "mouseover", "timestamp": "1694041340181", "position": {"x": 11, "y": 2091}}, {"event_name": "mousemove", "timestamp": "1694041340181", "position": {"x": 11, "y": 2091}}, {"event_name": "mousemove", "timestamp": "1694041340198", "position": {"x": 13, "y": 2094}}, {"event_name": "mousemove", "timestamp": "1694041340216", "position": {"x": 12, "y": 2096}}, {"event_name": "mousemove", "timestamp": "1694041340233", "position": {"x": 12, "y": 2098}}, {"event_name": "mousemove", "timestamp": "1694041340251", "position": {"x": 12, "y": 2100}}, {"event_name": "mousemove", "timestamp": "1694041340268", "position": {"x": 13, "y": 2105}}, {"event_name": "mousemove", "timestamp": "1694041340286", "position": {"x": 15, "y": 2110}}, {"event_name": "mousemove", "timestamp": "1694041340303", "position": {"x": 17, "y": 2115}}, {"event_name": "mousemove", "timestamp": "1694041340321", "position": {"x": 18, "y": 2119}}, {"event_name": "mousemove", "timestamp": "1694041340338", "position": {"x": 20, "y": 2124}}, {"event_name": "mousemove", "timestamp": "1694041340356", "position": {"x": 22, "y": 2129}}, {"event_name": "mousemove", "timestamp": "1694041340373", "position": {"x": 23, "y": 2134}}, {"event_name": "mousemove", "timestamp": "1694041340391", "position": {"x": 24, "y": 2139}}, {"event_name": "mousemove", "timestamp": "1694041340408", "position": {"x": 25, "y": 2144}}, {"event_name": "mousemove", "timestamp": "1694041340426", "position": {"x": 26, "y": 2147}}, {"event_name": "mousemove", "timestamp": "1694041340443", "position": {"x": 28, "y": 2150}}, {"event_name": "mousemove", "timestamp": "1694041340461", "position": {"x": 30, "y": 2153}}, {"event_name": "mousemove", "timestamp": "1694041340479", "position": {"x": 31, "y": 2159}}, {"event_name": "mousemove", "timestamp": "1694041340497", "position": {"x": 32, "y": 2165}}, {"event_name": "mousemove", "timestamp": "1694041340515", "position": {"x": 34, "y": 2171}}, {"event_name": "mousemove", "timestamp": "1694041340533", "position": {"x": 35, "y": 2176}}, {"event_name": "mousemove", "timestamp": "1694041340551", "position": {"x": 36, "y": 2181}}, {"event_name": "mousemove", "timestamp": "1694041340569", "position": {"x": 37, "y": 2186}}, {"event_name": "mousemove", "timestamp": "1694041340588", "position": {"x": 38, "y": 2192}}, {"event_name": "mousemove", "timestamp": "1694041340606", "position": {"x": 39, "y": 2198}}, {"event_name": "mousemove", "timestamp": "1694041340624", "position": {"x": 40, "y": 2203}}, {"event_name": "mousemove", "timestamp": "1694041340642", "position": {"x": 42, "y": 2208}}, {"event_name": "mousemove", "timestamp": "1694041340659", "position": {"x": 44, "y": 2214}}, {"event_name": "mousemove", "timestamp": "1694041340676", "position": {"x": 47, "y": 2220}}, {"event_name": "mousemove", "timestamp": "1694041340694", "position": {"x": 48, "y": 2225}}, {"event_name": "mousemove", "timestamp": "1694041340711", "position": {"x": 49, "y": 2231}}, {"event_name": "mousemove", "timestamp": "1694041340729", "position": {"x": 50, "y": 2237}}, {"event_name": "mousemove", "timestamp": "1694041340747", "position": {"x": 52, "y": 2244}}, {"event_name": "mousemove", "timestamp": "1694041340765", "position": {"x": 55, "y": 2251}}, {"event_name": "mousemove", "timestamp": "1694041340783", "position": {"x": 58, "y": 2257}}, {"event_name": "mousemove", "timestamp": "1694041340801", "position": {"x": 57, "y": 2264}}, {"event_name": "mousemove", "timestamp": "1694041340818", "position": {"x": 56, "y": 2271}}, {"event_name": "mousemove", "timestamp": "1694041340836", "position": {"x": 56, "y": 2279}}, {"event_name": "mousemove", "timestamp": "1694041340853", "position": {"x": 58, "y": 2286}}, {"event_name": "mousemove", "timestamp": "1694041340871", "position": {"x": 61, "y": 2293}}, {"event_name": "mousemove", "timestamp": "1694041340888", "position": {"x": 64, "y": 2300}}, {"event_name": "mousemove", "timestamp": "1694041340906", "position": {"x": 63, "y": 2308}}, {"event_name": "mousemove", "timestamp": "1694041340923", "position": {"x": 63, "y": 2316}}, {"event_name": "mousemove", "timestamp": "1694041340941", "position": {"x": 63, "y": 2324}}, {"event_name": "mousemove", "timestamp": "1694041340958", "position": {"x": 65, "y": 2333}}, {"event_name": "mousemove", "timestamp": "1694041340975", "position": {"x": 67, "y": 2344}}, {"event_name": "mouseout", "timestamp": "1694041340993", "position": {"x": 70, "y": 2353}}, {"event_name": "mouseover", "timestamp": "1694041340993", "position": {"x": 70, "y": 2353}}, {"event_name": "mousemove", "timestamp": "1694041340993", "position": {"x": 70, "y": 2353}}, {"event_name": "mousemove", "timestamp": "1694041341011", "position": {"x": 70, "y": 2362}}, {"event_name": "mousemove", "timestamp": "1694041341028", "position": {"x": 70, "y": 2371}}, {"event_name": "mousemove", "timestamp": "1694041341046", "position": {"x": 71, "y": 2380}}, {"event_name": "mousemove", "timestamp": "1694041341063", "position": {"x": 71, "y": 2392}}, {"event_name": "mousemove", "timestamp": "1694041341080", "position": {"x": 71, "y": 2404}}, {"event_name": "mousemove", "timestamp": "1694041341098", "position": {"x": 72, "y": 2416}}, {"event_name": "mousemove", "timestamp": "1694041341115", "position": {"x": 73, "y": 2425}}, {"event_name": "mousemove", "timestamp": "1694041341133", "position": {"x": 74, "y": 2436}}, {"event_name": "mousemove", "timestamp": "1694041341150", "position": {"x": 75, "y": 2445}}, {"event_name": "mousemove", "timestamp": "1694041341168", "position": {"x": 76, "y": 2455}}, {"event_name": "mousemove", "timestamp": "1694041341185", "position": {"x": 78, "y": 2466}}, {"event_name": "mousemove", "timestamp": "1694041341203", "position": {"x": 80, "y": 2476}}, {"event_name": "mousemove", "timestamp": "1694041341220", "position": {"x": 83, "y": 2486}}, {"event_name": "mouseout", "timestamp": "1694041341238", "position": {"x": 87, "y": 2497}}, {"event_name": "mouseover", "timestamp": "1694041341238", "position": {"x": 87, "y": 2497}}, {"event_name": "mousemove", "timestamp": "1694041341238", "position": {"x": 87, "y": 2497}}, {"event_name": "mousemove", "timestamp": "1694041341256", "position": {"x": 90, "y": 2507}}, {"event_name": "mousemove", "timestamp": "1694041341273", "position": {"x": 91, "y": 2517}}, {"event_name": "mousemove", "timestamp": "1694041341291", "position": {"x": 92, "y": 2528}}, {"event_name": "mousemove", "timestamp": "1694041341308", "position": {"x": 93, "y": 2538}}, {"event_name": "mousemove", "timestamp": "1694041341326", "position": {"x": 94, "y": 2546}}, {"event_name": "mousemove", "timestamp": "1694041341343", "position": {"x": 96, "y": 2555}}, {"event_name": "mousemove", "timestamp": "1694041341361", "position": {"x": 98, "y": 2563}}, {"event_name": "mousemove", "timestamp": "1694041341378", "position": {"x": 99, "y": 2570}}, {"event_name": "mousemove", "timestamp": "1694041341396", "position": {"x": 100, "y": 2577}}, {"event_name": "mousemove", "timestamp": "1694041341413", "position": {"x": 101, "y": 2584}}, {"event_name": "mousemove", "timestamp": "1694041341431", "position": {"x": 101, "y": 2592}}, {"event_name": "mousemove", "timestamp": "1694041341448", "position": {"x": 102, "y": 2601}}, {"event_name": "mousemove", "timestamp": "1694041341466", "position": {"x": 103, "y": 2610}}, {"event_name": "mousemove", "timestamp": "1694041341483", "position": {"x": 103, "y": 2616}}, {"event_name": "mousemove", "timestamp": "1694041341501", "position": {"x": 104, "y": 2622}}, {"event_name": "mousemove", "timestamp": "1694041341518", "position": {"x": 105, "y": 2628}}, {"event_name": "mousemove", "timestamp": "1694041341535", "position": {"x": 105, "y": 2633}}, {"event_name": "mousemove", "timestamp": "1694041341553", "position": {"x": 105, "y": 2639}}, {"event_name": "mousemove", "timestamp": "1694041341571", "position": {"x": 106, "y": 2644}}, {"event_name": "mousemove", "timestamp": "1694041341587", "position": {"x": 106, "y": 2649}}, {"event_name": "mousemove", "timestamp": "1694041341607", "position": {"x": 106, "y": 2656}}, {"event_name": "mouseout", "timestamp": "1694041341625", "position": {"x": 106, "y": 2661}}, {"event_name": "mouseover", "timestamp": "1694041341625", "position": {"x": 106, "y": 2661}}, {"event_name": "mousemove", "timestamp": "1694041341625", "position": {"x": 106, "y": 2661}}, {"event_name": "mousemove", "timestamp": "1694041341642", "position": {"x": 106, "y": 2665}}, {"event_name": "mousemove", "timestamp": "1694041341660", "position": {"x": 107, "y": 2670}}, {"event_name": "mousemove", "timestamp": "1694041341677", "position": {"x": 108, "y": 2674}}, {"event_name": "mousemove", "timestamp": "1694041341695", "position": {"x": 108, "y": 2677}}, {"event_name": "mouseout", "timestamp": "1694041341712", "position": {"x": 109, "y": 2681}}, {"event_name": "mouseover", "timestamp": "1694041341712", "position": {"x": 109, "y": 2681}}, {"event_name": "mousemove", "timestamp": "1694041341713", "position": {"x": 109, "y": 2681}}, {"event_name": "mousemove", "timestamp": "1694041341730", "position": {"x": 110, "y": 2685}}, {"event_name": "mousedown", "timestamp": "1694041342142", "position": {"x": 110, "y": 2685}}, {"event_name": "mouseup", "timestamp": "1694041342250", "position": {"x": 110, "y": 2685}}, {"event_name": "click", "timestamp": "1694041342250", "position": {"x": 110, "y": 2685}}, {"event_name": "beforeunload", "timestamp": "1694041342251", "position": {"x": 0, "y": 0}}]}